solid OpenSCAD_Model
  facet normal 1 0 0
    outer loop
      vertex 79.8 -60.7 12
      vertex 79.8 -63.1 12
      vertex 79.8 -60.7 5
    endloop
  endfacet
  facet normal 1 0 0
    outer loop
      vertex 79.8 65.5 12
      vertex 79.8 63.1 12
      vertex 79.8 65.5 6
    endloop
  endfacet
  facet normal 1 0 0
    outer loop
      vertex 79.8 65.7 6
      vertex 79.8 65.5 6
      vertex 79.8 65.7 5
    endloop
  endfacet
  facet normal 1 -0 0
    outer loop
      vertex 79.8 65.7 5
      vertex 79.8 77.8 0
      vertex 79.8 77.8 5
    endloop
  endfacet
  facet normal 1 0 0
    outer loop
      vertex 79.8 60.7 5
      vertex 79.8 65.5 6
      vertex 79.8 63.1 12
    endloop
  endfacet
  facet normal 1 0 0
    outer loop
      vertex 79.8 60.7 5
      vertex 79.8 63.1 12
      vertex 79.8 60.7 12
    endloop
  endfacet
  facet normal 1 0 0
    outer loop
      vertex 79.8 65.5 6
      vertex 79.8 60.7 5
      vertex 79.8 65.7 5
    endloop
  endfacet
  facet normal 1 -0 0
    outer loop
      vertex 79.8 60.7 5
      vertex 79.8 77.8 0
      vertex 79.8 65.7 5
    endloop
  endfacet
  facet normal 1 -0 0
    outer loop
      vertex 79.8 -60.7 5
      vertex 79.8 77.8 0
      vertex 79.8 60.7 5
    endloop
  endfacet
  facet normal 1 0 0
    outer loop
      vertex 79.8 -65.5 6
      vertex 79.8 -63.1 12
      vertex 79.8 -65.5 12
    endloop
  endfacet
  facet normal 1 0 0
    outer loop
      vertex 79.8 -63.1 12
      vertex 79.8 -65.5 6
      vertex 79.8 -60.7 5
    endloop
  endfacet
  facet normal 1 0 0
    outer loop
      vertex 79.8 -65.7 5
      vertex 79.8 -65.5 6
      vertex 79.8 -65.7 6
    endloop
  endfacet
  facet normal 1 0 0
    outer loop
      vertex 79.8 -65.5 6
      vertex 79.8 -65.7 5
      vertex 79.8 -60.7 5
    endloop
  endfacet
  facet normal 1 0 0
    outer loop
      vertex 79.8 -77.8 0
      vertex 79.8 -60.7 5
      vertex 79.8 -65.7 5
    endloop
  endfacet
  facet normal 1 0 0
    outer loop
      vertex 79.8 -77.8 0
      vertex 79.8 -65.7 5
      vertex 79.8 -77.8 5
    endloop
  endfacet
  facet normal 1 0 0
    outer loop
      vertex 79.8 -60.7 5
      vertex 79.8 -77.8 0
      vertex 79.8 77.8 0
    endloop
  endfacet
  facet normal 0 0 1
    outer loop
      vertex 65.7 79.8 6
      vertex -65.7 79.8 6
      vertex 65.7 65.7 6
    endloop
  endfacet
  facet normal -0 0 1
    outer loop
      vertex 65.7 65.7 6
      vertex 79.8 65.5 6
      vertex 79.8 65.7 6
    endloop
  endfacet
  facet normal 0 0 1
    outer loop
      vertex -65.7 65.7 6
      vertex 65.7 65.7 6
      vertex -65.7 79.8 6
    endloop
  endfacet
  facet normal -0 0 1
    outer loop
      vertex -65.7 65.7 6
      vertex 79.8 65.5 6
      vertex 65.7 65.7 6
    endloop
  endfacet
  facet normal 0 0 1
    outer loop
      vertex -79.8 65.5 6
      vertex -65.7 65.7 6
      vertex -79.8 65.7 6
    endloop
  endfacet
  facet normal 0 0 1
    outer loop
      vertex -65.7 65.7 6
      vertex -79.8 65.5 6
      vertex 79.8 65.5 6
    endloop
  endfacet
  facet normal 0 0 1
    outer loop
      vertex 79.8 -65.5 6
      vertex 65.7 -65.7 6
      vertex 79.8 -65.7 6
    endloop
  endfacet
  facet normal 0 0 1
    outer loop
      vertex 65.7 -65.7 6
      vertex -65.7 -65.7 6
      vertex 65.7 -79.8 6
    endloop
  endfacet
  facet normal 0 0 1
    outer loop
      vertex 79.8 -65.5 6
      vertex -65.7 -65.7 6
      vertex 65.7 -65.7 6
    endloop
  endfacet
  facet normal -0 0 1
    outer loop
      vertex -79.8 -65.5 6
      vertex -65.7 -65.7 6
      vertex 79.8 -65.5 6
    endloop
  endfacet
  facet normal 0 0 1
    outer loop
      vertex -65.7 -65.7 6
      vertex -79.8 -65.5 6
      vertex -79.8 -65.7 6
    endloop
  endfacet
  facet normal 0 0 1
    outer loop
      vertex 65.7 -79.8 6
      vertex -65.7 -65.7 6
      vertex -65.7 -79.8 6
    endloop
  endfacet
  facet normal 0 0 -1
    outer loop
      vertex 65.5 -65.5 0
      vertex 60.5 -50.5 0
      vertex 65.5 65.5 0
    endloop
  endfacet
  facet normal 0 0 -1
    outer loop
      vertex 65.5 -65.5 0
      vertex -60.5 -50.5 0
      vertex 60.5 -50.5 0
    endloop
  endfacet
  facet normal -0 0 -1
    outer loop
      vertex -60.5 -50.5 0
      vertex -65.5 -65.5 0
      vertex -60.5 50.5 0
    endloop
  endfacet
  facet normal 0 0 -1
    outer loop
      vertex -65.5 -65.5 0
      vertex -60.5 -50.5 0
      vertex 65.5 -65.5 0
    endloop
  endfacet
  facet normal 0 0 -1
    outer loop
      vertex 60.5 50.5 0
      vertex 65.5 65.5 0
      vertex 60.5 -50.5 0
    endloop
  endfacet
  facet normal 0 0 -1
    outer loop
      vertex -60.5 50.5 0
      vertex 65.5 65.5 0
      vertex 60.5 50.5 0
    endloop
  endfacet
  facet normal 0 0 -1
    outer loop
      vertex -60.5 50.5 0
      vertex -65.5 65.5 0
      vertex 65.5 65.5 0
    endloop
  endfacet
  facet normal 0 0 -1
    outer loop
      vertex -65.5 65.5 0
      vertex -60.5 50.5 0
      vertex -65.5 -65.5 0
    endloop
  endfacet
  facet normal 0 0 -1
    outer loop
      vertex 68 -68 0
      vertex 79.8 -77.8 0
      vertex 77.8 -79.8 0
    endloop
  endfacet
  facet normal 0 0 -1
    outer loop
      vertex 79.8 -77.8 0
      vertex 68 -68 0
      vertex 79.8 77.8 0
    endloop
  endfacet
  facet normal 0 0 -1
    outer loop
      vertex 68 68 0
      vertex 79.8 77.8 0
      vertex 68 -68 0
    endloop
  endfacet
  facet normal 0 0 -1
    outer loop
      vertex 77.8 -79.8 0
      vertex -68 -68 0
      vertex 68 -68 0
    endloop
  endfacet
  facet normal 0 0 -1
    outer loop
      vertex -79.8 -77.8 0
      vertex -68 -68 0
      vertex -77.8 -79.8 0
    endloop
  endfacet
  facet normal 0 0 -1
    outer loop
      vertex -77.8 -79.8 0
      vertex -68 -68 0
      vertex 77.8 -79.8 0
    endloop
  endfacet
  facet normal -0 0 -1
    outer loop
      vertex 79.8 77.8 0
      vertex 68 68 0
      vertex 77.8 79.8 0
    endloop
  endfacet
  facet normal 0 0 -1
    outer loop
      vertex -68 68 0
      vertex 77.8 79.8 0
      vertex 68 68 0
    endloop
  endfacet
  facet normal 0 0 -1
    outer loop
      vertex -68 68 0
      vertex -77.8 79.8 0
      vertex 77.8 79.8 0
    endloop
  endfacet
  facet normal -0 0 -1
    outer loop
      vertex -68 -68 0
      vertex -79.8 -77.8 0
      vertex -68 68 0
    endloop
  endfacet
  facet normal 0 0 -1
    outer loop
      vertex -79.8 77.8 0
      vertex -68 68 0
      vertex -79.8 -77.8 0
    endloop
  endfacet
  facet normal 0 0 -1
    outer loop
      vertex -68 68 0
      vertex -79.8 77.8 0
      vertex -77.8 79.8 0
    endloop
  endfacet
  facet normal -1 0 0
    outer loop
      vertex -79.8 77.8 0
      vertex -79.8 65.7 5
      vertex -79.8 77.8 5
    endloop
  endfacet
  facet normal -1 0 0
    outer loop
      vertex -79.8 65.5 6
      vertex -79.8 65.7 5
      vertex -79.8 65.5 4.67206
    endloop
  endfacet
  facet normal -1 0 0
    outer loop
      vertex -79.8 77.8 0
      vertex -79.8 65.5 4.67206
      vertex -79.8 65.7 5
    endloop
  endfacet
  facet normal -1 0 0
    outer loop
      vertex -79.8 77.8 0
      vertex -79.8 -65.5 4.67206
      vertex -79.8 65.5 4.67206
    endloop
  endfacet
  facet normal -1 0 0
    outer loop
      vertex -79.8 -65.5 4.67206
      vertex -79.8 -65.7 5
      vertex -79.8 -65.5 6
    endloop
  endfacet
  facet normal -1 0 0
    outer loop
      vertex -79.8 -77.8 0
      vertex -79.8 -65.5 4.67206
      vertex -79.8 77.8 0
    endloop
  endfacet
  facet normal -1 0 0
    outer loop
      vertex -79.8 -77.8 0
      vertex -79.8 -65.7 5
      vertex -79.8 -65.5 4.67206
    endloop
  endfacet
  facet normal -1 -0 0
    outer loop
      vertex -79.8 -65.7 5
      vertex -79.8 -77.8 0
      vertex -79.8 -77.8 5
    endloop
  endfacet
  facet normal -1 0 0
    outer loop
      vertex -79.8 65.7 5
      vertex -79.8 65.5 6
      vertex -79.8 65.7 6
    endloop
  endfacet
  facet normal -1 -0 0
    outer loop
      vertex -79.8 -65.5 6
      vertex -79.8 -65.7 5
      vertex -79.8 -65.7 6
    endloop
  endfacet
  facet normal 0 1 -0
    outer loop
      vertex 77.8 79.8 0
      vertex 65.7 79.8 5
      vertex 77.8 79.8 5
    endloop
  endfacet
  facet normal 0 1 0
    outer loop
      vertex 65.7 79.8 5
      vertex 77.8 79.8 0
      vertex -65.7 79.8 5
    endloop
  endfacet
  facet normal 0 1 0
    outer loop
      vertex -77.8 79.8 0
      vertex -65.7 79.8 5
      vertex 77.8 79.8 0
    endloop
  endfacet
  facet normal 0 1 0
    outer loop
      vertex -65.7 79.8 5
      vertex -77.8 79.8 0
      vertex -77.8 79.8 5
    endloop
  endfacet
  facet normal 0 1 -0
    outer loop
      vertex 65.7 79.8 5
      vertex -65.7 79.8 6
      vertex 65.7 79.8 6
    endloop
  endfacet
  facet normal 0 1 0
    outer loop
      vertex -65.7 79.8 6
      vertex 65.7 79.8 5
      vertex -65.7 79.8 5
    endloop
  endfacet
  facet normal 0 -1 0
    outer loop
      vertex -77.8 -79.8 0
      vertex -65.7 -79.8 5
      vertex -77.8 -79.8 5
    endloop
  endfacet
  facet normal 0 -1 -0
    outer loop
      vertex -65.7 -79.8 5
      vertex -77.8 -79.8 0
      vertex 65.7 -79.8 5
    endloop
  endfacet
  facet normal 0 -1 0
    outer loop
      vertex 77.8 -79.8 0
      vertex 65.7 -79.8 5
      vertex -77.8 -79.8 0
    endloop
  endfacet
  facet normal 0 -1 0
    outer loop
      vertex 65.7 -79.8 5
      vertex 77.8 -79.8 0
      vertex 77.8 -79.8 5
    endloop
  endfacet
  facet normal 0 -1 0
    outer loop
      vertex -65.7 -79.8 5
      vertex 65.7 -79.8 6
      vertex -65.7 -79.8 6
    endloop
  endfacet
  facet normal 0 -1 -0
    outer loop
      vertex 65.7 -79.8 6
      vertex -65.7 -79.8 5
      vertex 65.7 -79.8 5
    endloop
  endfacet
  facet normal -0 0 1
    outer loop
      vertex -58.3 65.5 12
      vertex 55.8026 63.1 12
      vertex 55.8026 65.5 12
    endloop
  endfacet
  facet normal 0 0 1
    outer loop
      vertex 55.8026 63.1 12
      vertex -58.3 65.5 12
      vertex -58.3 63.1 12
    endloop
  endfacet
  facet normal -0 0 1
    outer loop
      vertex -58.3 -63.1 12
      vertex 55.8026 -65.5 12
      vertex 55.8026 -63.1 12
    endloop
  endfacet
  facet normal 0 0 1
    outer loop
      vertex 55.8026 -65.5 12
      vertex -58.3 -63.1 12
      vertex -58.3 -65.5 12
    endloop
  endfacet
  facet normal -0 0 1
    outer loop
      vertex -58.3 63.1 12
      vertex 55.8026 60.7 12
      vertex 55.8026 63.1 12
    endloop
  endfacet
  facet normal 0 0 1
    outer loop
      vertex 55.8026 60.7 12
      vertex -58.3 63.1 12
      vertex -58.3 60.7 12
    endloop
  endfacet
  facet normal -0 0 1
    outer loop
      vertex -58.3 -60.7 12
      vertex 55.8026 -63.1 12
      vertex 55.8026 -60.7 12
    endloop
  endfacet
  facet normal 0 0 1
    outer loop
      vertex 55.8026 -63.1 12
      vertex -58.3 -60.7 12
      vertex -58.3 -63.1 12
    endloop
  endfacet
  facet normal 0 1 0
    outer loop
      vertex 68.1744 65.5 23.9942
      vertex 67.1761 65.5 23.9838
      vertex 67.6752 65.5 23.9994
    endloop
  endfacet
  facet normal 0 1 0
    outer loop
      vertex 68.673 65.5 23.9682
      vertex 67.1761 65.5 23.9838
      vertex 68.1744 65.5 23.9942
    endloop
  endfacet
  facet normal 0 1 0
    outer loop
      vertex 68.673 65.5 23.9682
      vertex 66.6782 65.5 23.9474
      vertex 67.1761 65.5 23.9838
    endloop
  endfacet
  facet normal 0 1 0
    outer loop
      vertex 69.1702 65.5 23.9215
      vertex 66.6782 65.5 23.9474
      vertex 68.673 65.5 23.9682
    endloop
  endfacet
  facet normal 0 1 0
    outer loop
      vertex 69.1702 65.5 23.9215
      vertex 66.1821 65.5 23.8904
      vertex 66.6782 65.5 23.9474
    endloop
  endfacet
  facet normal 0 1 0
    outer loop
      vertex 69.6649 65.5 23.8542
      vertex 66.1821 65.5 23.8904
      vertex 69.1702 65.5 23.9215
    endloop
  endfacet
  facet normal 0 1 0
    outer loop
      vertex 69.6649 65.5 23.8542
      vertex 65.6889 65.5 23.8128
      vertex 66.1821 65.5 23.8904
    endloop
  endfacet
  facet normal 0 1 0
    outer loop
      vertex 70.1564 65.5 23.7664
      vertex 65.6889 65.5 23.8128
      vertex 69.6649 65.5 23.8542
    endloop
  endfacet
  facet normal 0 1 0
    outer loop
      vertex 70.1564 65.5 23.7664
      vertex 65.1993 65.5 23.7148
      vertex 65.6889 65.5 23.8128
    endloop
  endfacet
  facet normal 0 1 0
    outer loop
      vertex 70.6438 65.5 23.6582
      vertex 65.1993 65.5 23.7148
      vertex 70.1564 65.5 23.7664
    endloop
  endfacet
  facet normal 0 1 0
    outer loop
      vertex 70.6438 65.5 23.6582
      vertex 64.7143 65.5 23.5965
      vertex 65.1993 65.5 23.7148
    endloop
  endfacet
  facet normal 0 1 0
    outer loop
      vertex 71.1263 65.5 23.5298
      vertex 64.7143 65.5 23.5965
      vertex 70.6438 65.5 23.6582
    endloop
  endfacet
  facet normal 0 1 0
    outer loop
      vertex 71.1263 65.5 23.5298
      vertex 64.2345 65.5 23.4581
      vertex 64.7143 65.5 23.5965
    endloop
  endfacet
  facet normal 0 1 0
    outer loop
      vertex 71.6031 65.5 23.3814
      vertex 64.2345 65.5 23.4581
      vertex 71.1263 65.5 23.5298
    endloop
  endfacet
  facet normal 0 1 0
    outer loop
      vertex 71.6031 65.5 23.3814
      vertex 63.761 65.5 23.2998
      vertex 64.2345 65.5 23.4581
    endloop
  endfacet
  facet normal 0 1 0
    outer loop
      vertex 72.0732 65.5 23.2134
      vertex 63.761 65.5 23.2998
      vertex 71.6031 65.5 23.3814
    endloop
  endfacet
  facet normal 0 1 0
    outer loop
      vertex 72.0732 65.5 23.2134
      vertex 63.2944 65.5 23.122
      vertex 63.761 65.5 23.2998
    endloop
  endfacet
  facet normal 0 1 0
    outer loop
      vertex 72.536 65.5 23.0259
      vertex 63.2944 65.5 23.122
      vertex 72.0732 65.5 23.2134
    endloop
  endfacet
  facet normal 0 1 0
    outer loop
      vertex 72.536 65.5 23.0259
      vertex 62.8357 65.5 22.925
      vertex 63.2944 65.5 23.122
    endloop
  endfacet
  facet normal 0 1 0
    outer loop
      vertex 72.9905 65.5 22.8194
      vertex 62.8357 65.5 22.925
      vertex 72.536 65.5 23.0259
    endloop
  endfacet
  facet normal 0 1 0
    outer loop
      vertex 72.9905 65.5 22.8194
      vertex 62.3855 65.5 22.709
      vertex 62.8357 65.5 22.925
    endloop
  endfacet
  facet normal 0 1 0
    outer loop
      vertex 73.4361 65.5 22.5941
      vertex 62.3855 65.5 22.709
      vertex 72.9905 65.5 22.8194
    endloop
  endfacet
  facet normal 0 1 0
    outer loop
      vertex 73.4361 65.5 22.5941
      vertex 61.9447 65.5 22.4745
      vertex 62.3855 65.5 22.709
    endloop
  endfacet
  facet normal 0 1 0
    outer loop
      vertex 73.8719 65.5 22.3504
      vertex 61.9447 65.5 22.4745
      vertex 73.4361 65.5 22.5941
    endloop
  endfacet
  facet normal 0 1 0
    outer loop
      vertex 73.8719 65.5 22.3504
      vertex 61.5141 65.5 22.2219
      vertex 61.9447 65.5 22.4745
    endloop
  endfacet
  facet normal 0 1 0
    outer loop
      vertex 74.2972 65.5 22.0889
      vertex 61.5141 65.5 22.2219
      vertex 73.8719 65.5 22.3504
    endloop
  endfacet
  facet normal 0 1 0
    outer loop
      vertex 74.2972 65.5 22.0889
      vertex 61.0943 65.5 21.9516
      vertex 61.5141 65.5 22.2219
    endloop
  endfacet
  facet normal 0 1 0
    outer loop
      vertex 74.7113 65.5 21.8099
      vertex 61.0943 65.5 21.9516
      vertex 74.2972 65.5 22.0889
    endloop
  endfacet
  facet normal 0 1 0
    outer loop
      vertex 74.7113 65.5 21.8099
      vertex 60.6861 65.5 21.664
      vertex 61.0943 65.5 21.9516
    endloop
  endfacet
  facet normal 0 1 0
    outer loop
      vertex 75.1134 65.5 21.5139
      vertex 60.6861 65.5 21.664
      vertex 74.7113 65.5 21.8099
    endloop
  endfacet
  facet normal 0 1 0
    outer loop
      vertex 75.1134 65.5 21.5139
      vertex 60.2903 65.5 21.3597
      vertex 60.6861 65.5 21.664
    endloop
  endfacet
  facet normal 0 1 0
    outer loop
      vertex 75.5028 65.5 21.2014
      vertex 60.2903 65.5 21.3597
      vertex 75.1134 65.5 21.5139
    endloop
  endfacet
  facet normal 0 1 0
    outer loop
      vertex 75.5028 65.5 21.2014
      vertex 59.9074 65.5 21.0392
      vertex 60.2903 65.5 21.3597
    endloop
  endfacet
  facet normal 0 1 0
    outer loop
      vertex 75.8789 65.5 20.8731
      vertex 59.9074 65.5 21.0392
      vertex 75.5028 65.5 21.2014
    endloop
  endfacet
  facet normal 0 1 0
    outer loop
      vertex 75.8789 65.5 20.8731
      vertex 59.5382 65.5 20.7031
      vertex 59.9074 65.5 21.0392
    endloop
  endfacet
  facet normal 0 1 0
    outer loop
      vertex 76.241 65.5 20.5293
      vertex 59.5382 65.5 20.7031
      vertex 75.8789 65.5 20.8731
    endloop
  endfacet
  facet normal 0 1 0
    outer loop
      vertex 76.241 65.5 20.5293
      vertex 59.1834 65.5 20.3518
      vertex 59.5382 65.5 20.7031
    endloop
  endfacet
  facet normal 0 1 0
    outer loop
      vertex 76.5885 65.5 20.1708
      vertex 59.1834 65.5 20.3518
      vertex 76.241 65.5 20.5293
    endloop
  endfacet
  facet normal 0 1 0
    outer loop
      vertex 76.5885 65.5 20.1708
      vertex 58.8434 65.5 19.9862
      vertex 59.1834 65.5 20.3518
    endloop
  endfacet
  facet normal 0 1 0
    outer loop
      vertex 76.9208 65.5 19.7981
      vertex 58.8434 65.5 19.9862
      vertex 76.5885 65.5 20.1708
    endloop
  endfacet
  facet normal 0 1 0
    outer loop
      vertex 76.9208 65.5 19.7981
      vertex 58.5189 65.5 19.6067
      vertex 58.8434 65.5 19.9862
    endloop
  endfacet
  facet normal 0 1 0
    outer loop
      vertex 77.2373 65.5 19.412
      vertex 58.5189 65.5 19.6067
      vertex 76.9208 65.5 19.7981
    endloop
  endfacet
  facet normal 0 1 0
    outer loop
      vertex 77.2373 65.5 19.412
      vertex 58.2105 65.5 19.214
      vertex 58.5189 65.5 19.6067
    endloop
  endfacet
  facet normal 0 1 0
    outer loop
      vertex 77.5375 65.5 19.013
      vertex 58.2105 65.5 19.214
      vertex 77.2373 65.5 19.412
    endloop
  endfacet
  facet normal 0 1 0
    outer loop
      vertex 77.5375 65.5 19.013
      vertex 57.9187 65.5 18.8089
      vertex 58.2105 65.5 19.214
    endloop
  endfacet
  facet normal 0 1 0
    outer loop
      vertex 77.8208 65.5 18.6018
      vertex 57.9187 65.5 18.8089
      vertex 77.5375 65.5 19.013
    endloop
  endfacet
  facet normal 0 1 0
    outer loop
      vertex 77.8208 65.5 18.6018
      vertex 57.6441 65.5 18.3919
      vertex 57.9187 65.5 18.8089
    endloop
  endfacet
  facet normal 0 1 0
    outer loop
      vertex 78.0867 65.5 18.1793
      vertex 57.6441 65.5 18.3919
      vertex 77.8208 65.5 18.6018
    endloop
  endfacet
  facet normal 0 1 0
    outer loop
      vertex 78.0867 65.5 18.1793
      vertex 57.387 65.5 17.9639
      vertex 57.6441 65.5 18.3919
    endloop
  endfacet
  facet normal 0 1 0
    outer loop
      vertex 78.3349 65.5 17.746
      vertex 57.387 65.5 17.9639
      vertex 78.0867 65.5 18.1793
    endloop
  endfacet
  facet normal 0 1 0
    outer loop
      vertex 78.3349 65.5 17.746
      vertex 57.1479 65.5 17.5256
      vertex 57.387 65.5 17.9639
    endloop
  endfacet
  facet normal 0 1 0
    outer loop
      vertex 78.5648 65.5 17.3028
      vertex 57.1479 65.5 17.5256
      vertex 78.3349 65.5 17.746
    endloop
  endfacet
  facet normal 0 1 0
    outer loop
      vertex 78.5648 65.5 17.3028
      vertex 56.9272 65.5 17.0777
      vertex 57.1479 65.5 17.5256
    endloop
  endfacet
  facet normal 0 1 0
    outer loop
      vertex 78.776 65.5 16.8504
      vertex 56.9272 65.5 17.0777
      vertex 78.5648 65.5 17.3028
    endloop
  endfacet
  facet normal 0 1 0
    outer loop
      vertex 78.776 65.5 16.8504
      vertex 56.7254 65.5 16.621
      vertex 56.9272 65.5 17.0777
    endloop
  endfacet
  facet normal 0 1 0
    outer loop
      vertex 78.9683 65.5 16.3896
      vertex 56.7254 65.5 16.621
      vertex 78.776 65.5 16.8504
    endloop
  endfacet
  facet normal 0 1 0
    outer loop
      vertex 78.9683 65.5 16.3896
      vertex 56.5428 65.5 16.1563
      vertex 56.7254 65.5 16.621
    endloop
  endfacet
  facet normal 0 1 0
    outer loop
      vertex 79.1412 65.5 15.9212
      vertex 56.5428 65.5 16.1563
      vertex 78.9683 65.5 16.3896
    endloop
  endfacet
  facet normal 0 1 0
    outer loop
      vertex 79.1412 65.5 15.9212
      vertex 56.3796 65.5 15.6845
      vertex 56.5428 65.5 16.1563
    endloop
  endfacet
  facet normal 0 1 0
    outer loop
      vertex 79.2945 65.5 15.4461
      vertex 56.3796 65.5 15.6845
      vertex 79.1412 65.5 15.9212
    endloop
  endfacet
  facet normal 0 1 0
    outer loop
      vertex 79.2945 65.5 15.4461
      vertex 56.2362 65.5 15.2062
      vertex 56.3796 65.5 15.6845
    endloop
  endfacet
  facet normal 0 1 0
    outer loop
      vertex 79.4279 65.5 14.9649
      vertex 56.2362 65.5 15.2062
      vertex 79.2945 65.5 15.4461
    endloop
  endfacet
  facet normal 0 1 0
    outer loop
      vertex 79.4279 65.5 14.9649
      vertex 56.1129 65.5 14.7224
      vertex 56.2362 65.5 15.2062
    endloop
  endfacet
  facet normal 0 1 0
    outer loop
      vertex 79.5412 65.5 14.4787
      vertex 56.1129 65.5 14.7224
      vertex 79.4279 65.5 14.9649
    endloop
  endfacet
  facet normal 0 1 0
    outer loop
      vertex 79.5412 65.5 14.4787
      vertex 56.0098 65.5 14.2339
      vertex 56.1129 65.5 14.7224
    endloop
  endfacet
  facet normal 0 1 0
    outer loop
      vertex 79.6342 65.5 13.9881
      vertex 56.0098 65.5 14.2339
      vertex 79.5412 65.5 14.4787
    endloop
  endfacet
  facet normal 0 1 0
    outer loop
      vertex 79.6342 65.5 13.9881
      vertex 55.927 65.5 13.7415
      vertex 56.0098 65.5 14.2339
    endloop
  endfacet
  facet normal 0 1 0
    outer loop
      vertex 79.7066 65.5 13.4941
      vertex 55.927 65.5 13.7415
      vertex 79.6342 65.5 13.9881
    endloop
  endfacet
  facet normal 0 1 0
    outer loop
      vertex 79.7066 65.5 13.4941
      vertex 55.8649 65.5 13.2461
      vertex 55.927 65.5 13.7415
    endloop
  endfacet
  facet normal 0 1 0
    outer loop
      vertex 79.7585 65.5 12.9975
      vertex 55.8649 65.5 13.2461
      vertex 79.7066 65.5 13.4941
    endloop
  endfacet
  facet normal 0 1 0
    outer loop
      vertex 79.7585 65.5 12.9975
      vertex 55.8234 65.5 12.7485
      vertex 55.8649 65.5 13.2461
    endloop
  endfacet
  facet normal 0 1 0
    outer loop
      vertex 79.7896 65.5 12.4992
      vertex 55.8234 65.5 12.7485
      vertex 79.7585 65.5 12.9975
    endloop
  endfacet
  facet normal 0 1 0
    outer loop
      vertex 55.8026 65.5 12
      vertex 55.8234 65.5 12.7485
      vertex 79.7896 65.5 12.4992
    endloop
  endfacet
  facet normal 0 1 0
    outer loop
      vertex 55.8026 65.5 12
      vertex 79.7896 65.5 12.4992
      vertex 79.8 65.5 12
    endloop
  endfacet
  facet normal 0 1 0
    outer loop
      vertex 55.8234 65.5 12.7485
      vertex 55.8026 65.5 12
      vertex 55.8026 65.5 12.2496
    endloop
  endfacet
  facet normal 0 1 -0
    outer loop
      vertex 79.8 65.5 6
      vertex 55.8026 65.5 12
      vertex 79.8 65.5 12
    endloop
  endfacet
  facet normal 0 1 0
    outer loop
      vertex -79.8 65.5 6
      vertex 55.8026 65.5 12
      vertex 79.8 65.5 6
    endloop
  endfacet
  facet normal 0 1 0
    outer loop
      vertex -58.3 65.5 12
      vertex -79.8 65.5 6
      vertex -82.2974 65.5 11.7504
    endloop
  endfacet
  facet normal 0 1 0
    outer loop
      vertex -82.2974 65.5 11.7504
      vertex -79.8 65.5 6
      vertex -82.2766 65.5 11.2515
    endloop
  endfacet
  facet normal 0 1 0
    outer loop
      vertex -82.2766 65.5 11.2515
      vertex -79.8 65.5 6
      vertex -82.2351 65.5 10.7539
    endloop
  endfacet
  facet normal 0 1 0
    outer loop
      vertex -82.2351 65.5 10.7539
      vertex -79.8 65.5 6
      vertex -82.173 65.5 10.2585
    endloop
  endfacet
  facet normal 0 1 0
    outer loop
      vertex -82.173 65.5 10.2585
      vertex -79.8 65.5 6
      vertex -82.0902 65.5 9.76614
    endloop
  endfacet
  facet normal 0 1 0
    outer loop
      vertex -82.0902 65.5 9.76614
      vertex -79.8 65.5 6
      vertex -81.9871 65.5 9.27762
    endloop
  endfacet
  facet normal 0 1 0
    outer loop
      vertex -81.9871 65.5 9.27762
      vertex -79.8 65.5 6
      vertex -81.8638 65.5 8.79381
    endloop
  endfacet
  facet normal 0 1 0
    outer loop
      vertex -81.8638 65.5 8.79381
      vertex -79.8 65.5 6
      vertex -81.7204 65.5 8.31555
    endloop
  endfacet
  facet normal 0 1 0
    outer loop
      vertex -81.7204 65.5 8.31555
      vertex -79.8 65.5 6
      vertex -81.5572 65.5 7.84367
    endloop
  endfacet
  facet normal 0 1 0
    outer loop
      vertex -81.5572 65.5 7.84367
      vertex -79.8 65.5 6
      vertex -81.3746 65.5 7.37898
    endloop
  endfacet
  facet normal 0 1 0
    outer loop
      vertex -81.3746 65.5 7.37898
      vertex -79.8 65.5 6
      vertex -81.1728 65.5 6.9223
    endloop
  endfacet
  facet normal 0 1 0
    outer loop
      vertex -81.1728 65.5 6.9223
      vertex -79.8 65.5 6
      vertex -80.9521 65.5 6.4744
    endloop
  endfacet
  facet normal 0 1 0
    outer loop
      vertex 55.8026 65.5 12
      vertex -79.8 65.5 6
      vertex -58.3 65.5 12
    endloop
  endfacet
  facet normal 0 1 0
    outer loop
      vertex -80.9521 65.5 6.4744
      vertex -79.8 65.5 6
      vertex -80.713 65.5 6.03607
    endloop
  endfacet
  facet normal 0 1 0
    outer loop
      vertex -79.8 65.5 6
      vertex -80.4559 65.5 5.60807
      vertex -80.713 65.5 6.03607
    endloop
  endfacet
  facet normal 0 1 0
    outer loop
      vertex -79.8 65.5 6
      vertex -80.1813 65.5 5.19113
      vertex -80.4559 65.5 5.60807
    endloop
  endfacet
  facet normal 0 1 0
    outer loop
      vertex -79.8 65.5 6
      vertex -79.8895 65.5 4.78598
      vertex -80.1813 65.5 5.19113
    endloop
  endfacet
  facet normal -0 1 0
    outer loop
      vertex -79.8895 65.5 4.78598
      vertex -79.8 65.5 6
      vertex -79.8 65.5 4.67206
    endloop
  endfacet
  facet normal 0 1 0
    outer loop
      vertex -69.9256 65.5 23.9942
      vertex -70.9239 65.5 23.9838
      vertex -70.4248 65.5 23.9994
    endloop
  endfacet
  facet normal 0 1 0
    outer loop
      vertex -69.4269 65.5 23.9682
      vertex -70.9239 65.5 23.9838
      vertex -69.9256 65.5 23.9942
    endloop
  endfacet
  facet normal 0 1 0
    outer loop
      vertex -69.4269 65.5 23.9682
      vertex -71.4218 65.5 23.9474
      vertex -70.9239 65.5 23.9838
    endloop
  endfacet
  facet normal 0 1 0
    outer loop
      vertex -68.9298 65.5 23.9215
      vertex -71.4218 65.5 23.9474
      vertex -69.4269 65.5 23.9682
    endloop
  endfacet
  facet normal 0 1 0
    outer loop
      vertex -68.9298 65.5 23.9215
      vertex -71.9179 65.5 23.8904
      vertex -71.4218 65.5 23.9474
    endloop
  endfacet
  facet normal 0 1 0
    outer loop
      vertex -68.4351 65.5 23.8542
      vertex -71.9179 65.5 23.8904
      vertex -68.9298 65.5 23.9215
    endloop
  endfacet
  facet normal 0 1 0
    outer loop
      vertex -68.4351 65.5 23.8542
      vertex -72.4111 65.5 23.8128
      vertex -71.9179 65.5 23.8904
    endloop
  endfacet
  facet normal 0 1 0
    outer loop
      vertex -67.9436 65.5 23.7664
      vertex -72.4111 65.5 23.8128
      vertex -68.4351 65.5 23.8542
    endloop
  endfacet
  facet normal 0 1 0
    outer loop
      vertex -67.9436 65.5 23.7664
      vertex -72.9007 65.5 23.7148
      vertex -72.4111 65.5 23.8128
    endloop
  endfacet
  facet normal 0 1 0
    outer loop
      vertex -67.4562 65.5 23.6582
      vertex -72.9007 65.5 23.7148
      vertex -67.9436 65.5 23.7664
    endloop
  endfacet
  facet normal 0 1 0
    outer loop
      vertex -67.4562 65.5 23.6582
      vertex -73.3857 65.5 23.5965
      vertex -72.9007 65.5 23.7148
    endloop
  endfacet
  facet normal 0 1 0
    outer loop
      vertex -66.9737 65.5 23.5298
      vertex -73.3857 65.5 23.5965
      vertex -67.4562 65.5 23.6582
    endloop
  endfacet
  facet normal 0 1 0
    outer loop
      vertex -66.9737 65.5 23.5298
      vertex -73.8654 65.5 23.4581
      vertex -73.3857 65.5 23.5965
    endloop
  endfacet
  facet normal 0 1 0
    outer loop
      vertex -66.4969 65.5 23.3814
      vertex -73.8654 65.5 23.4581
      vertex -66.9737 65.5 23.5298
    endloop
  endfacet
  facet normal 0 1 0
    outer loop
      vertex -66.4969 65.5 23.3814
      vertex -74.339 65.5 23.2998
      vertex -73.8654 65.5 23.4581
    endloop
  endfacet
  facet normal 0 1 0
    outer loop
      vertex -66.0268 65.5 23.2134
      vertex -74.339 65.5 23.2998
      vertex -66.4969 65.5 23.3814
    endloop
  endfacet
  facet normal 0 1 0
    outer loop
      vertex -66.0268 65.5 23.2134
      vertex -74.8056 65.5 23.122
      vertex -74.339 65.5 23.2998
    endloop
  endfacet
  facet normal 0 1 0
    outer loop
      vertex -65.564 65.5 23.0259
      vertex -74.8056 65.5 23.122
      vertex -66.0268 65.5 23.2134
    endloop
  endfacet
  facet normal 0 1 0
    outer loop
      vertex -65.564 65.5 23.0259
      vertex -75.2643 65.5 22.925
      vertex -74.8056 65.5 23.122
    endloop
  endfacet
  facet normal 0 1 0
    outer loop
      vertex -65.1095 65.5 22.8194
      vertex -75.2643 65.5 22.925
      vertex -65.564 65.5 23.0259
    endloop
  endfacet
  facet normal 0 1 0
    outer loop
      vertex -65.1095 65.5 22.8194
      vertex -75.7145 65.5 22.709
      vertex -75.2643 65.5 22.925
    endloop
  endfacet
  facet normal 0 1 0
    outer loop
      vertex -64.6639 65.5 22.5941
      vertex -75.7145 65.5 22.709
      vertex -65.1095 65.5 22.8194
    endloop
  endfacet
  facet normal 0 1 0
    outer loop
      vertex -64.6639 65.5 22.5941
      vertex -76.1553 65.5 22.4745
      vertex -75.7145 65.5 22.709
    endloop
  endfacet
  facet normal 0 1 0
    outer loop
      vertex -64.2281 65.5 22.3504
      vertex -76.1553 65.5 22.4745
      vertex -64.6639 65.5 22.5941
    endloop
  endfacet
  facet normal 0 1 0
    outer loop
      vertex -64.2281 65.5 22.3504
      vertex -76.5859 65.5 22.2219
      vertex -76.1553 65.5 22.4745
    endloop
  endfacet
  facet normal 0 1 0
    outer loop
      vertex -63.8028 65.5 22.0889
      vertex -76.5859 65.5 22.2219
      vertex -64.2281 65.5 22.3504
    endloop
  endfacet
  facet normal 0 1 0
    outer loop
      vertex -63.8028 65.5 22.0889
      vertex -77.0057 65.5 21.9516
      vertex -76.5859 65.5 22.2219
    endloop
  endfacet
  facet normal 0 1 0
    outer loop
      vertex -63.3887 65.5 21.8099
      vertex -77.0057 65.5 21.9516
      vertex -63.8028 65.5 22.0889
    endloop
  endfacet
  facet normal 0 1 0
    outer loop
      vertex -63.3887 65.5 21.8099
      vertex -77.4139 65.5 21.664
      vertex -77.0057 65.5 21.9516
    endloop
  endfacet
  facet normal 0 1 0
    outer loop
      vertex -62.9866 65.5 21.5139
      vertex -77.4139 65.5 21.664
      vertex -63.3887 65.5 21.8099
    endloop
  endfacet
  facet normal 0 1 0
    outer loop
      vertex -62.9866 65.5 21.5139
      vertex -77.8097 65.5 21.3597
      vertex -77.4139 65.5 21.664
    endloop
  endfacet
  facet normal 0 1 0
    outer loop
      vertex -62.5972 65.5 21.2014
      vertex -77.8097 65.5 21.3597
      vertex -62.9866 65.5 21.5139
    endloop
  endfacet
  facet normal 0 1 0
    outer loop
      vertex -62.5972 65.5 21.2014
      vertex -78.1926 65.5 21.0392
      vertex -77.8097 65.5 21.3597
    endloop
  endfacet
  facet normal 0 1 0
    outer loop
      vertex -62.2211 65.5 20.8731
      vertex -78.1926 65.5 21.0392
      vertex -62.5972 65.5 21.2014
    endloop
  endfacet
  facet normal 0 1 0
    outer loop
      vertex -62.2211 65.5 20.8731
      vertex -78.5618 65.5 20.7031
      vertex -78.1926 65.5 21.0392
    endloop
  endfacet
  facet normal 0 1 0
    outer loop
      vertex -61.859 65.5 20.5293
      vertex -78.5618 65.5 20.7031
      vertex -62.2211 65.5 20.8731
    endloop
  endfacet
  facet normal 0 1 0
    outer loop
      vertex -61.859 65.5 20.5293
      vertex -78.9166 65.5 20.3518
      vertex -78.5618 65.5 20.7031
    endloop
  endfacet
  facet normal 0 1 0
    outer loop
      vertex -61.5115 65.5 20.1708
      vertex -78.9166 65.5 20.3518
      vertex -61.859 65.5 20.5293
    endloop
  endfacet
  facet normal 0 1 0
    outer loop
      vertex -61.5115 65.5 20.1708
      vertex -79.2566 65.5 19.9862
      vertex -78.9166 65.5 20.3518
    endloop
  endfacet
  facet normal 0 1 0
    outer loop
      vertex -61.1792 65.5 19.7981
      vertex -79.2566 65.5 19.9862
      vertex -61.5115 65.5 20.1708
    endloop
  endfacet
  facet normal 0 1 0
    outer loop
      vertex -61.1792 65.5 19.7981
      vertex -79.5811 65.5 19.6067
      vertex -79.2566 65.5 19.9862
    endloop
  endfacet
  facet normal 0 1 0
    outer loop
      vertex -60.8627 65.5 19.412
      vertex -79.5811 65.5 19.6067
      vertex -61.1792 65.5 19.7981
    endloop
  endfacet
  facet normal 0 1 0
    outer loop
      vertex -60.8627 65.5 19.412
      vertex -79.8895 65.5 19.214
      vertex -79.5811 65.5 19.6067
    endloop
  endfacet
  facet normal 0 1 0
    outer loop
      vertex -60.5625 65.5 19.013
      vertex -79.8895 65.5 19.214
      vertex -60.8627 65.5 19.412
    endloop
  endfacet
  facet normal 0 1 0
    outer loop
      vertex -60.5625 65.5 19.013
      vertex -80.1813 65.5 18.8089
      vertex -79.8895 65.5 19.214
    endloop
  endfacet
  facet normal 0 1 0
    outer loop
      vertex -60.2792 65.5 18.6018
      vertex -80.1813 65.5 18.8089
      vertex -60.5625 65.5 19.013
    endloop
  endfacet
  facet normal 0 1 0
    outer loop
      vertex -60.2792 65.5 18.6018
      vertex -80.4559 65.5 18.3919
      vertex -80.1813 65.5 18.8089
    endloop
  endfacet
  facet normal 0 1 0
    outer loop
      vertex -60.0133 65.5 18.1793
      vertex -80.4559 65.5 18.3919
      vertex -60.2792 65.5 18.6018
    endloop
  endfacet
  facet normal 0 1 0
    outer loop
      vertex -60.0133 65.5 18.1793
      vertex -80.713 65.5 17.9639
      vertex -80.4559 65.5 18.3919
    endloop
  endfacet
  facet normal 0 1 0
    outer loop
      vertex -59.7651 65.5 17.746
      vertex -80.713 65.5 17.9639
      vertex -60.0133 65.5 18.1793
    endloop
  endfacet
  facet normal 0 1 0
    outer loop
      vertex -59.7651 65.5 17.746
      vertex -80.9521 65.5 17.5256
      vertex -80.713 65.5 17.9639
    endloop
  endfacet
  facet normal 0 1 0
    outer loop
      vertex -59.5352 65.5 17.3028
      vertex -80.9521 65.5 17.5256
      vertex -59.7651 65.5 17.746
    endloop
  endfacet
  facet normal 0 1 0
    outer loop
      vertex -59.5352 65.5 17.3028
      vertex -81.1728 65.5 17.0777
      vertex -80.9521 65.5 17.5256
    endloop
  endfacet
  facet normal 0 1 0
    outer loop
      vertex -59.324 65.5 16.8504
      vertex -81.1728 65.5 17.0777
      vertex -59.5352 65.5 17.3028
    endloop
  endfacet
  facet normal 0 1 0
    outer loop
      vertex -59.324 65.5 16.8504
      vertex -81.3746 65.5 16.621
      vertex -81.1728 65.5 17.0777
    endloop
  endfacet
  facet normal 0 1 0
    outer loop
      vertex -59.1317 65.5 16.3896
      vertex -81.3746 65.5 16.621
      vertex -59.324 65.5 16.8504
    endloop
  endfacet
  facet normal 0 1 0
    outer loop
      vertex -59.1317 65.5 16.3896
      vertex -81.5572 65.5 16.1563
      vertex -81.3746 65.5 16.621
    endloop
  endfacet
  facet normal 0 1 0
    outer loop
      vertex -58.9588 65.5 15.9212
      vertex -81.5572 65.5 16.1563
      vertex -59.1317 65.5 16.3896
    endloop
  endfacet
  facet normal 0 1 0
    outer loop
      vertex -58.9588 65.5 15.9212
      vertex -81.7204 65.5 15.6845
      vertex -81.5572 65.5 16.1563
    endloop
  endfacet
  facet normal 0 1 0
    outer loop
      vertex -58.8055 65.5 15.4461
      vertex -81.7204 65.5 15.6845
      vertex -58.9588 65.5 15.9212
    endloop
  endfacet
  facet normal 0 1 0
    outer loop
      vertex -58.8055 65.5 15.4461
      vertex -81.8638 65.5 15.2062
      vertex -81.7204 65.5 15.6845
    endloop
  endfacet
  facet normal 0 1 0
    outer loop
      vertex -58.6721 65.5 14.9649
      vertex -81.8638 65.5 15.2062
      vertex -58.8055 65.5 15.4461
    endloop
  endfacet
  facet normal 0 1 0
    outer loop
      vertex -58.6721 65.5 14.9649
      vertex -81.9871 65.5 14.7224
      vertex -81.8638 65.5 15.2062
    endloop
  endfacet
  facet normal 0 1 0
    outer loop
      vertex -58.5588 65.5 14.4787
      vertex -81.9871 65.5 14.7224
      vertex -58.6721 65.5 14.9649
    endloop
  endfacet
  facet normal 0 1 0
    outer loop
      vertex -58.5588 65.5 14.4787
      vertex -82.0902 65.5 14.2339
      vertex -81.9871 65.5 14.7224
    endloop
  endfacet
  facet normal 0 1 0
    outer loop
      vertex -58.4658 65.5 13.9881
      vertex -82.0902 65.5 14.2339
      vertex -58.5588 65.5 14.4787
    endloop
  endfacet
  facet normal 0 1 0
    outer loop
      vertex -58.4658 65.5 13.9881
      vertex -82.173 65.5 13.7415
      vertex -82.0902 65.5 14.2339
    endloop
  endfacet
  facet normal 0 1 0
    outer loop
      vertex -58.3934 65.5 13.4941
      vertex -82.173 65.5 13.7415
      vertex -58.4658 65.5 13.9881
    endloop
  endfacet
  facet normal 0 1 0
    outer loop
      vertex -58.3934 65.5 13.4941
      vertex -82.2351 65.5 13.2461
      vertex -82.173 65.5 13.7415
    endloop
  endfacet
  facet normal 0 1 0
    outer loop
      vertex -58.3415 65.5 12.9975
      vertex -82.2351 65.5 13.2461
      vertex -58.3934 65.5 13.4941
    endloop
  endfacet
  facet normal 0 1 0
    outer loop
      vertex -58.3415 65.5 12.9975
      vertex -82.2766 65.5 12.7485
      vertex -82.2351 65.5 13.2461
    endloop
  endfacet
  facet normal 0 1 0
    outer loop
      vertex -58.3104 65.5 12.4992
      vertex -82.2766 65.5 12.7485
      vertex -58.3415 65.5 12.9975
    endloop
  endfacet
  facet normal 0 1 0
    outer loop
      vertex -58.3104 65.5 12.4992
      vertex -82.2974 65.5 12.2496
      vertex -82.2766 65.5 12.7485
    endloop
  endfacet
  facet normal 0 1 0
    outer loop
      vertex -58.3 65.5 12
      vertex -82.2974 65.5 12.2496
      vertex -58.3104 65.5 12.4992
    endloop
  endfacet
  facet normal 0 1 0
    outer loop
      vertex -82.2974 65.5 12.2496
      vertex -58.3 65.5 12
      vertex -82.2974 65.5 11.7504
    endloop
  endfacet
  facet normal 0 -1 0
    outer loop
      vertex -80.4559 -65.5 5.60807
      vertex -79.8 -65.5 6
      vertex -80.713 -65.5 6.03607
    endloop
  endfacet
  facet normal 0 -1 0
    outer loop
      vertex -80.1813 -65.5 5.19113
      vertex -79.8 -65.5 6
      vertex -80.4559 -65.5 5.60807
    endloop
  endfacet
  facet normal 0 -1 0
    outer loop
      vertex -79.8895 -65.5 4.78598
      vertex -79.8 -65.5 6
      vertex -80.1813 -65.5 5.19113
    endloop
  endfacet
  facet normal 0 -1 -0
    outer loop
      vertex -79.8 -65.5 6
      vertex -79.8895 -65.5 4.78598
      vertex -79.8 -65.5 4.67206
    endloop
  endfacet
  facet normal 0 -1 0
    outer loop
      vertex -70.9239 -65.5 23.9838
      vertex -69.9256 -65.5 23.9942
      vertex -70.4248 -65.5 23.9994
    endloop
  endfacet
  facet normal 0 -1 0
    outer loop
      vertex -70.9239 -65.5 23.9838
      vertex -69.4269 -65.5 23.9682
      vertex -69.9256 -65.5 23.9942
    endloop
  endfacet
  facet normal 0 -1 0
    outer loop
      vertex -71.4218 -65.5 23.9474
      vertex -69.4269 -65.5 23.9682
      vertex -70.9239 -65.5 23.9838
    endloop
  endfacet
  facet normal 0 -1 0
    outer loop
      vertex -71.4218 -65.5 23.9474
      vertex -68.9298 -65.5 23.9215
      vertex -69.4269 -65.5 23.9682
    endloop
  endfacet
  facet normal 0 -1 0
    outer loop
      vertex -71.9179 -65.5 23.8904
      vertex -68.9298 -65.5 23.9215
      vertex -71.4218 -65.5 23.9474
    endloop
  endfacet
  facet normal 0 -1 0
    outer loop
      vertex -71.9179 -65.5 23.8904
      vertex -68.4351 -65.5 23.8542
      vertex -68.9298 -65.5 23.9215
    endloop
  endfacet
  facet normal 0 -1 0
    outer loop
      vertex -72.4111 -65.5 23.8128
      vertex -68.4351 -65.5 23.8542
      vertex -71.9179 -65.5 23.8904
    endloop
  endfacet
  facet normal 0 -1 0
    outer loop
      vertex -72.4111 -65.5 23.8128
      vertex -67.9436 -65.5 23.7664
      vertex -68.4351 -65.5 23.8542
    endloop
  endfacet
  facet normal 0 -1 0
    outer loop
      vertex -72.9007 -65.5 23.7148
      vertex -67.9436 -65.5 23.7664
      vertex -72.4111 -65.5 23.8128
    endloop
  endfacet
  facet normal 0 -1 0
    outer loop
      vertex -72.9007 -65.5 23.7148
      vertex -67.4562 -65.5 23.6582
      vertex -67.9436 -65.5 23.7664
    endloop
  endfacet
  facet normal 0 -1 0
    outer loop
      vertex -79.8 -65.5 6
      vertex -72.9007 -65.5 23.7148
      vertex -73.3857 -65.5 23.5965
    endloop
  endfacet
  facet normal 0 -1 -0
    outer loop
      vertex -72.9007 -65.5 23.7148
      vertex -79.8 -65.5 6
      vertex -67.4562 -65.5 23.6582
    endloop
  endfacet
  facet normal 0 -1 0
    outer loop
      vertex -79.8 -65.5 6
      vertex -73.3857 -65.5 23.5965
      vertex -73.8654 -65.5 23.4581
    endloop
  endfacet
  facet normal 0 -1 -0
    outer loop
      vertex -67.4562 -65.5 23.6582
      vertex -79.8 -65.5 6
      vertex -66.9737 -65.5 23.5298
    endloop
  endfacet
  facet normal 0 -1 0
    outer loop
      vertex -79.8 -65.5 6
      vertex -73.8654 -65.5 23.4581
      vertex -74.339 -65.5 23.2998
    endloop
  endfacet
  facet normal 0 -1 -0
    outer loop
      vertex -66.9737 -65.5 23.5298
      vertex -79.8 -65.5 6
      vertex -66.4969 -65.5 23.3814
    endloop
  endfacet
  facet normal 0 -1 0
    outer loop
      vertex -79.8 -65.5 6
      vertex -74.339 -65.5 23.2998
      vertex -74.8056 -65.5 23.122
    endloop
  endfacet
  facet normal 0 -1 -0
    outer loop
      vertex -66.4969 -65.5 23.3814
      vertex -79.8 -65.5 6
      vertex -66.0268 -65.5 23.2134
    endloop
  endfacet
  facet normal 0 -1 0
    outer loop
      vertex -79.8 -65.5 6
      vertex -74.8056 -65.5 23.122
      vertex -75.2643 -65.5 22.925
    endloop
  endfacet
  facet normal 0 -1 -0
    outer loop
      vertex -66.0268 -65.5 23.2134
      vertex -79.8 -65.5 6
      vertex -65.564 -65.5 23.0259
    endloop
  endfacet
  facet normal 0 -1 0
    outer loop
      vertex -79.8 -65.5 6
      vertex -75.2643 -65.5 22.925
      vertex -75.7145 -65.5 22.709
    endloop
  endfacet
  facet normal 0 -1 -0
    outer loop
      vertex -65.564 -65.5 23.0259
      vertex -79.8 -65.5 6
      vertex -65.1095 -65.5 22.8194
    endloop
  endfacet
  facet normal 0 -1 0
    outer loop
      vertex -79.8 -65.5 6
      vertex -75.7145 -65.5 22.709
      vertex -76.1553 -65.5 22.4745
    endloop
  endfacet
  facet normal 0 -1 -0
    outer loop
      vertex -65.1095 -65.5 22.8194
      vertex -79.8 -65.5 6
      vertex -64.6639 -65.5 22.5941
    endloop
  endfacet
  facet normal 0 -1 0
    outer loop
      vertex -79.8 -65.5 6
      vertex -76.1553 -65.5 22.4745
      vertex -76.5859 -65.5 22.2219
    endloop
  endfacet
  facet normal 0 -1 -0
    outer loop
      vertex -64.6639 -65.5 22.5941
      vertex -79.8 -65.5 6
      vertex -64.2281 -65.5 22.3504
    endloop
  endfacet
  facet normal 0 -1 0
    outer loop
      vertex -79.8 -65.5 6
      vertex -76.5859 -65.5 22.2219
      vertex -77.0057 -65.5 21.9516
    endloop
  endfacet
  facet normal 0 -1 -0
    outer loop
      vertex -64.2281 -65.5 22.3504
      vertex -79.8 -65.5 6
      vertex -63.8028 -65.5 22.0889
    endloop
  endfacet
  facet normal 0 -1 0
    outer loop
      vertex -79.8 -65.5 6
      vertex -77.0057 -65.5 21.9516
      vertex -77.4139 -65.5 21.664
    endloop
  endfacet
  facet normal 0 -1 -0
    outer loop
      vertex -63.8028 -65.5 22.0889
      vertex -79.8 -65.5 6
      vertex -63.3887 -65.5 21.8099
    endloop
  endfacet
  facet normal 0 -1 0
    outer loop
      vertex -79.8 -65.5 6
      vertex -77.4139 -65.5 21.664
      vertex -77.8097 -65.5 21.3597
    endloop
  endfacet
  facet normal 0 -1 -0
    outer loop
      vertex -63.3887 -65.5 21.8099
      vertex -79.8 -65.5 6
      vertex -62.9866 -65.5 21.5139
    endloop
  endfacet
  facet normal 0 -1 0
    outer loop
      vertex -79.8 -65.5 6
      vertex -77.8097 -65.5 21.3597
      vertex -78.1926 -65.5 21.0392
    endloop
  endfacet
  facet normal 0 -1 -0
    outer loop
      vertex -62.9866 -65.5 21.5139
      vertex -79.8 -65.5 6
      vertex -62.5972 -65.5 21.2014
    endloop
  endfacet
  facet normal 0 -1 0
    outer loop
      vertex -79.8 -65.5 6
      vertex -78.1926 -65.5 21.0392
      vertex -78.5618 -65.5 20.7031
    endloop
  endfacet
  facet normal 0 -1 -0
    outer loop
      vertex -62.5972 -65.5 21.2014
      vertex -79.8 -65.5 6
      vertex -62.2211 -65.5 20.8731
    endloop
  endfacet
  facet normal 0 -1 0
    outer loop
      vertex -79.8 -65.5 6
      vertex -78.5618 -65.5 20.7031
      vertex -78.9166 -65.5 20.3518
    endloop
  endfacet
  facet normal 0 -1 -0
    outer loop
      vertex -62.2211 -65.5 20.8731
      vertex -79.8 -65.5 6
      vertex -61.859 -65.5 20.5293
    endloop
  endfacet
  facet normal 0 -1 0
    outer loop
      vertex -79.8 -65.5 6
      vertex -78.9166 -65.5 20.3518
      vertex -79.2566 -65.5 19.9862
    endloop
  endfacet
  facet normal 0 -1 -0
    outer loop
      vertex -61.859 -65.5 20.5293
      vertex -79.8 -65.5 6
      vertex -61.5115 -65.5 20.1708
    endloop
  endfacet
  facet normal 0 -1 0
    outer loop
      vertex -79.8 -65.5 6
      vertex -79.2566 -65.5 19.9862
      vertex -79.5811 -65.5 19.6067
    endloop
  endfacet
  facet normal 0 -1 -0
    outer loop
      vertex -61.5115 -65.5 20.1708
      vertex -79.8 -65.5 6
      vertex -61.1792 -65.5 19.7981
    endloop
  endfacet
  facet normal 0 -1 0
    outer loop
      vertex -79.8 -65.5 6
      vertex -79.5811 -65.5 19.6067
      vertex -79.8895 -65.5 19.214
    endloop
  endfacet
  facet normal 0 -1 -0
    outer loop
      vertex -61.1792 -65.5 19.7981
      vertex -79.8 -65.5 6
      vertex -60.8627 -65.5 19.412
    endloop
  endfacet
  facet normal 0 -1 0
    outer loop
      vertex -79.8 -65.5 6
      vertex -79.8895 -65.5 19.214
      vertex -80.1813 -65.5 18.8089
    endloop
  endfacet
  facet normal 0 -1 -0
    outer loop
      vertex -60.8627 -65.5 19.412
      vertex -79.8 -65.5 6
      vertex -60.5625 -65.5 19.013
    endloop
  endfacet
  facet normal 0 -1 0
    outer loop
      vertex -79.8 -65.5 6
      vertex -80.1813 -65.5 18.8089
      vertex -80.4559 -65.5 18.3919
    endloop
  endfacet
  facet normal 0 -1 -0
    outer loop
      vertex -60.5625 -65.5 19.013
      vertex -79.8 -65.5 6
      vertex -60.2792 -65.5 18.6018
    endloop
  endfacet
  facet normal 0 -1 0
    outer loop
      vertex -79.8 -65.5 6
      vertex -80.4559 -65.5 18.3919
      vertex -80.713 -65.5 17.9639
    endloop
  endfacet
  facet normal 0 -1 -0
    outer loop
      vertex -60.2792 -65.5 18.6018
      vertex -79.8 -65.5 6
      vertex -60.0133 -65.5 18.1793
    endloop
  endfacet
  facet normal 0 -1 0
    outer loop
      vertex -79.8 -65.5 6
      vertex -80.713 -65.5 17.9639
      vertex -80.9521 -65.5 17.5256
    endloop
  endfacet
  facet normal 0 -1 -0
    outer loop
      vertex -60.0133 -65.5 18.1793
      vertex -79.8 -65.5 6
      vertex -59.7651 -65.5 17.746
    endloop
  endfacet
  facet normal 0 -1 0
    outer loop
      vertex -79.8 -65.5 6
      vertex -80.9521 -65.5 17.5256
      vertex -81.1728 -65.5 17.0777
    endloop
  endfacet
  facet normal 0 -1 -0
    outer loop
      vertex -59.7651 -65.5 17.746
      vertex -79.8 -65.5 6
      vertex -59.5352 -65.5 17.3028
    endloop
  endfacet
  facet normal 0 -1 0
    outer loop
      vertex -79.8 -65.5 6
      vertex -81.1728 -65.5 17.0777
      vertex -81.3746 -65.5 16.621
    endloop
  endfacet
  facet normal 0 -1 -0
    outer loop
      vertex -59.5352 -65.5 17.3028
      vertex -79.8 -65.5 6
      vertex -59.324 -65.5 16.8504
    endloop
  endfacet
  facet normal 0 -1 0
    outer loop
      vertex -79.8 -65.5 6
      vertex -81.3746 -65.5 16.621
      vertex -81.5572 -65.5 16.1563
    endloop
  endfacet
  facet normal 0 -1 -0
    outer loop
      vertex -59.324 -65.5 16.8504
      vertex -79.8 -65.5 6
      vertex -59.1317 -65.5 16.3896
    endloop
  endfacet
  facet normal 0 -1 0
    outer loop
      vertex -79.8 -65.5 6
      vertex -81.5572 -65.5 16.1563
      vertex -81.7204 -65.5 15.6845
    endloop
  endfacet
  facet normal 0 -1 -0
    outer loop
      vertex -59.1317 -65.5 16.3896
      vertex -79.8 -65.5 6
      vertex -58.9588 -65.5 15.9212
    endloop
  endfacet
  facet normal 0 -1 0
    outer loop
      vertex -79.8 -65.5 6
      vertex -81.7204 -65.5 15.6845
      vertex -81.8638 -65.5 15.2062
    endloop
  endfacet
  facet normal 0 -1 -0
    outer loop
      vertex -58.9588 -65.5 15.9212
      vertex -79.8 -65.5 6
      vertex -58.8055 -65.5 15.4461
    endloop
  endfacet
  facet normal 0 -1 0
    outer loop
      vertex -79.8 -65.5 6
      vertex -81.8638 -65.5 15.2062
      vertex -81.9871 -65.5 14.7224
    endloop
  endfacet
  facet normal 0 -1 -0
    outer loop
      vertex -58.8055 -65.5 15.4461
      vertex -79.8 -65.5 6
      vertex -58.6721 -65.5 14.9649
    endloop
  endfacet
  facet normal 0 -1 0
    outer loop
      vertex -79.8 -65.5 6
      vertex -81.9871 -65.5 14.7224
      vertex -82.0902 -65.5 14.2339
    endloop
  endfacet
  facet normal 0 -1 -0
    outer loop
      vertex -58.6721 -65.5 14.9649
      vertex -79.8 -65.5 6
      vertex -58.5588 -65.5 14.4787
    endloop
  endfacet
  facet normal 0 -1 0
    outer loop
      vertex -79.8 -65.5 6
      vertex -82.0902 -65.5 14.2339
      vertex -82.173 -65.5 13.7415
    endloop
  endfacet
  facet normal 0 -1 -0
    outer loop
      vertex -58.5588 -65.5 14.4787
      vertex -79.8 -65.5 6
      vertex -58.4658 -65.5 13.9881
    endloop
  endfacet
  facet normal 0 -1 0
    outer loop
      vertex -79.8 -65.5 6
      vertex -82.173 -65.5 13.7415
      vertex -82.2351 -65.5 13.2461
    endloop
  endfacet
  facet normal 0 -1 -0
    outer loop
      vertex -58.4658 -65.5 13.9881
      vertex -79.8 -65.5 6
      vertex -58.3934 -65.5 13.4941
    endloop
  endfacet
  facet normal 0 -1 0
    outer loop
      vertex -79.8 -65.5 6
      vertex -82.2351 -65.5 13.2461
      vertex -82.2766 -65.5 12.7485
    endloop
  endfacet
  facet normal 0 -1 -0
    outer loop
      vertex -58.3934 -65.5 13.4941
      vertex -79.8 -65.5 6
      vertex -58.3415 -65.5 12.9975
    endloop
  endfacet
  facet normal 0 -1 0
    outer loop
      vertex -79.8 -65.5 6
      vertex -82.2766 -65.5 12.7485
      vertex -82.2974 -65.5 12.2496
    endloop
  endfacet
  facet normal 0 -1 -0
    outer loop
      vertex -58.3415 -65.5 12.9975
      vertex -79.8 -65.5 6
      vertex -58.3104 -65.5 12.4992
    endloop
  endfacet
  facet normal 0 -1 0
    outer loop
      vertex -79.8 -65.5 6
      vertex 55.8026 -65.5 12
      vertex -58.3 -65.5 12
    endloop
  endfacet
  facet normal 0 -1 0
    outer loop
      vertex -79.8 -65.5 6
      vertex -82.2974 -65.5 12.2496
      vertex -82.2974 -65.5 11.7504
    endloop
  endfacet
  facet normal 0 -1 -0
    outer loop
      vertex -58.3104 -65.5 12.4992
      vertex -79.8 -65.5 6
      vertex -58.3 -65.5 12
    endloop
  endfacet
  facet normal 0 -1 0
    outer loop
      vertex -79.8 -65.5 6
      vertex -82.2974 -65.5 11.7504
      vertex -82.2766 -65.5 11.2515
    endloop
  endfacet
  facet normal 0 -1 0
    outer loop
      vertex -79.8 -65.5 6
      vertex -82.2766 -65.5 11.2515
      vertex -82.2351 -65.5 10.7539
    endloop
  endfacet
  facet normal 0 -1 0
    outer loop
      vertex -79.8 -65.5 6
      vertex -82.2351 -65.5 10.7539
      vertex -82.173 -65.5 10.2585
    endloop
  endfacet
  facet normal 0 -1 0
    outer loop
      vertex -79.8 -65.5 6
      vertex -82.173 -65.5 10.2585
      vertex -82.0902 -65.5 9.76614
    endloop
  endfacet
  facet normal 0 -1 0
    outer loop
      vertex -79.8 -65.5 6
      vertex -82.0902 -65.5 9.76614
      vertex -81.9871 -65.5 9.27762
    endloop
  endfacet
  facet normal 0 -1 0
    outer loop
      vertex -79.8 -65.5 6
      vertex -81.9871 -65.5 9.27762
      vertex -81.8638 -65.5 8.79381
    endloop
  endfacet
  facet normal 0 -1 0
    outer loop
      vertex -79.8 -65.5 6
      vertex -81.8638 -65.5 8.79381
      vertex -81.7204 -65.5 8.31555
    endloop
  endfacet
  facet normal 0 -1 0
    outer loop
      vertex -79.8 -65.5 6
      vertex -81.7204 -65.5 8.31555
      vertex -81.5572 -65.5 7.84367
    endloop
  endfacet
  facet normal 0 -1 0
    outer loop
      vertex -79.8 -65.5 6
      vertex -81.5572 -65.5 7.84367
      vertex -81.3746 -65.5 7.37898
    endloop
  endfacet
  facet normal 0 -1 0
    outer loop
      vertex -79.8 -65.5 6
      vertex -81.3746 -65.5 7.37898
      vertex -81.1728 -65.5 6.9223
    endloop
  endfacet
  facet normal 0 -1 0
    outer loop
      vertex -79.8 -65.5 6
      vertex -81.1728 -65.5 6.9223
      vertex -80.9521 -65.5 6.4744
    endloop
  endfacet
  facet normal 0 -1 0
    outer loop
      vertex -79.8 -65.5 6
      vertex -80.9521 -65.5 6.4744
      vertex -80.713 -65.5 6.03607
    endloop
  endfacet
  facet normal 0 -1 -0
    outer loop
      vertex 55.8026 -65.5 12
      vertex -79.8 -65.5 6
      vertex 79.8 -65.5 6
    endloop
  endfacet
  facet normal 0 -1 0
    outer loop
      vertex 55.8026 -65.5 12
      vertex 79.8 -65.5 6
      vertex 79.8 -65.5 12
    endloop
  endfacet
  facet normal 0 -1 0
    outer loop
      vertex 67.1761 -65.5 23.9838
      vertex 68.1744 -65.5 23.9942
      vertex 67.6752 -65.5 23.9994
    endloop
  endfacet
  facet normal 0 -1 0
    outer loop
      vertex 67.1761 -65.5 23.9838
      vertex 68.673 -65.5 23.9682
      vertex 68.1744 -65.5 23.9942
    endloop
  endfacet
  facet normal 0 -1 0
    outer loop
      vertex 66.6782 -65.5 23.9474
      vertex 68.673 -65.5 23.9682
      vertex 67.1761 -65.5 23.9838
    endloop
  endfacet
  facet normal 0 -1 0
    outer loop
      vertex 66.6782 -65.5 23.9474
      vertex 69.1702 -65.5 23.9215
      vertex 68.673 -65.5 23.9682
    endloop
  endfacet
  facet normal 0 -1 0
    outer loop
      vertex 66.1821 -65.5 23.8904
      vertex 69.1702 -65.5 23.9215
      vertex 66.6782 -65.5 23.9474
    endloop
  endfacet
  facet normal 0 -1 0
    outer loop
      vertex 66.1821 -65.5 23.8904
      vertex 69.6649 -65.5 23.8542
      vertex 69.1702 -65.5 23.9215
    endloop
  endfacet
  facet normal 0 -1 0
    outer loop
      vertex 65.6889 -65.5 23.8128
      vertex 69.6649 -65.5 23.8542
      vertex 66.1821 -65.5 23.8904
    endloop
  endfacet
  facet normal 0 -1 0
    outer loop
      vertex 65.6889 -65.5 23.8128
      vertex 70.1564 -65.5 23.7664
      vertex 69.6649 -65.5 23.8542
    endloop
  endfacet
  facet normal 0 -1 0
    outer loop
      vertex 65.1993 -65.5 23.7148
      vertex 70.1564 -65.5 23.7664
      vertex 65.6889 -65.5 23.8128
    endloop
  endfacet
  facet normal 0 -1 0
    outer loop
      vertex 65.1993 -65.5 23.7148
      vertex 70.6438 -65.5 23.6582
      vertex 70.1564 -65.5 23.7664
    endloop
  endfacet
  facet normal 0 -1 0
    outer loop
      vertex 64.7143 -65.5 23.5965
      vertex 70.6438 -65.5 23.6582
      vertex 65.1993 -65.5 23.7148
    endloop
  endfacet
  facet normal 0 -1 0
    outer loop
      vertex 64.7143 -65.5 23.5965
      vertex 71.1263 -65.5 23.5298
      vertex 70.6438 -65.5 23.6582
    endloop
  endfacet
  facet normal 0 -1 0
    outer loop
      vertex 64.2345 -65.5 23.4581
      vertex 71.1263 -65.5 23.5298
      vertex 64.7143 -65.5 23.5965
    endloop
  endfacet
  facet normal 0 -1 0
    outer loop
      vertex 64.2345 -65.5 23.4581
      vertex 71.6031 -65.5 23.3814
      vertex 71.1263 -65.5 23.5298
    endloop
  endfacet
  facet normal 0 -1 0
    outer loop
      vertex 63.761 -65.5 23.2998
      vertex 71.6031 -65.5 23.3814
      vertex 64.2345 -65.5 23.4581
    endloop
  endfacet
  facet normal 0 -1 0
    outer loop
      vertex 63.761 -65.5 23.2998
      vertex 72.0732 -65.5 23.2134
      vertex 71.6031 -65.5 23.3814
    endloop
  endfacet
  facet normal 0 -1 0
    outer loop
      vertex 63.2944 -65.5 23.122
      vertex 72.0732 -65.5 23.2134
      vertex 63.761 -65.5 23.2998
    endloop
  endfacet
  facet normal 0 -1 0
    outer loop
      vertex 63.2944 -65.5 23.122
      vertex 72.536 -65.5 23.0259
      vertex 72.0732 -65.5 23.2134
    endloop
  endfacet
  facet normal 0 -1 0
    outer loop
      vertex 62.8357 -65.5 22.925
      vertex 72.536 -65.5 23.0259
      vertex 63.2944 -65.5 23.122
    endloop
  endfacet
  facet normal 0 -1 0
    outer loop
      vertex 62.8357 -65.5 22.925
      vertex 72.9905 -65.5 22.8194
      vertex 72.536 -65.5 23.0259
    endloop
  endfacet
  facet normal 0 -1 0
    outer loop
      vertex 62.3855 -65.5 22.709
      vertex 72.9905 -65.5 22.8194
      vertex 62.8357 -65.5 22.925
    endloop
  endfacet
  facet normal 0 -1 0
    outer loop
      vertex 62.3855 -65.5 22.709
      vertex 73.4361 -65.5 22.5941
      vertex 72.9905 -65.5 22.8194
    endloop
  endfacet
  facet normal 0 -1 0
    outer loop
      vertex 61.9447 -65.5 22.4745
      vertex 73.4361 -65.5 22.5941
      vertex 62.3855 -65.5 22.709
    endloop
  endfacet
  facet normal 0 -1 0
    outer loop
      vertex 61.9447 -65.5 22.4745
      vertex 73.8719 -65.5 22.3504
      vertex 73.4361 -65.5 22.5941
    endloop
  endfacet
  facet normal 0 -1 0
    outer loop
      vertex 61.5141 -65.5 22.2219
      vertex 73.8719 -65.5 22.3504
      vertex 61.9447 -65.5 22.4745
    endloop
  endfacet
  facet normal 0 -1 0
    outer loop
      vertex 61.5141 -65.5 22.2219
      vertex 74.2972 -65.5 22.0889
      vertex 73.8719 -65.5 22.3504
    endloop
  endfacet
  facet normal 0 -1 0
    outer loop
      vertex 61.0943 -65.5 21.9516
      vertex 74.2972 -65.5 22.0889
      vertex 61.5141 -65.5 22.2219
    endloop
  endfacet
  facet normal 0 -1 0
    outer loop
      vertex 61.0943 -65.5 21.9516
      vertex 74.7113 -65.5 21.8099
      vertex 74.2972 -65.5 22.0889
    endloop
  endfacet
  facet normal 0 -1 0
    outer loop
      vertex 60.6861 -65.5 21.664
      vertex 74.7113 -65.5 21.8099
      vertex 61.0943 -65.5 21.9516
    endloop
  endfacet
  facet normal 0 -1 0
    outer loop
      vertex 60.6861 -65.5 21.664
      vertex 75.1134 -65.5 21.5139
      vertex 74.7113 -65.5 21.8099
    endloop
  endfacet
  facet normal 0 -1 0
    outer loop
      vertex 60.2903 -65.5 21.3597
      vertex 75.1134 -65.5 21.5139
      vertex 60.6861 -65.5 21.664
    endloop
  endfacet
  facet normal 0 -1 0
    outer loop
      vertex 60.2903 -65.5 21.3597
      vertex 75.5028 -65.5 21.2014
      vertex 75.1134 -65.5 21.5139
    endloop
  endfacet
  facet normal 0 -1 0
    outer loop
      vertex 59.9074 -65.5 21.0392
      vertex 75.5028 -65.5 21.2014
      vertex 60.2903 -65.5 21.3597
    endloop
  endfacet
  facet normal 0 -1 0
    outer loop
      vertex 59.9074 -65.5 21.0392
      vertex 75.8789 -65.5 20.8731
      vertex 75.5028 -65.5 21.2014
    endloop
  endfacet
  facet normal 0 -1 0
    outer loop
      vertex 59.5382 -65.5 20.7031
      vertex 75.8789 -65.5 20.8731
      vertex 59.9074 -65.5 21.0392
    endloop
  endfacet
  facet normal 0 -1 0
    outer loop
      vertex 59.5382 -65.5 20.7031
      vertex 76.241 -65.5 20.5293
      vertex 75.8789 -65.5 20.8731
    endloop
  endfacet
  facet normal 0 -1 0
    outer loop
      vertex 59.1834 -65.5 20.3518
      vertex 76.241 -65.5 20.5293
      vertex 59.5382 -65.5 20.7031
    endloop
  endfacet
  facet normal 0 -1 0
    outer loop
      vertex 59.1834 -65.5 20.3518
      vertex 76.5885 -65.5 20.1708
      vertex 76.241 -65.5 20.5293
    endloop
  endfacet
  facet normal 0 -1 0
    outer loop
      vertex 58.8434 -65.5 19.9862
      vertex 76.5885 -65.5 20.1708
      vertex 59.1834 -65.5 20.3518
    endloop
  endfacet
  facet normal 0 -1 0
    outer loop
      vertex 58.8434 -65.5 19.9862
      vertex 76.9208 -65.5 19.7981
      vertex 76.5885 -65.5 20.1708
    endloop
  endfacet
  facet normal 0 -1 0
    outer loop
      vertex 58.5189 -65.5 19.6067
      vertex 76.9208 -65.5 19.7981
      vertex 58.8434 -65.5 19.9862
    endloop
  endfacet
  facet normal 0 -1 0
    outer loop
      vertex 58.5189 -65.5 19.6067
      vertex 77.2373 -65.5 19.412
      vertex 76.9208 -65.5 19.7981
    endloop
  endfacet
  facet normal 0 -1 0
    outer loop
      vertex 58.2105 -65.5 19.214
      vertex 77.2373 -65.5 19.412
      vertex 58.5189 -65.5 19.6067
    endloop
  endfacet
  facet normal 0 -1 0
    outer loop
      vertex 58.2105 -65.5 19.214
      vertex 77.5375 -65.5 19.013
      vertex 77.2373 -65.5 19.412
    endloop
  endfacet
  facet normal 0 -1 0
    outer loop
      vertex 57.9187 -65.5 18.8089
      vertex 77.5375 -65.5 19.013
      vertex 58.2105 -65.5 19.214
    endloop
  endfacet
  facet normal 0 -1 0
    outer loop
      vertex 57.9187 -65.5 18.8089
      vertex 77.8208 -65.5 18.6018
      vertex 77.5375 -65.5 19.013
    endloop
  endfacet
  facet normal 0 -1 0
    outer loop
      vertex 57.6441 -65.5 18.3919
      vertex 77.8208 -65.5 18.6018
      vertex 57.9187 -65.5 18.8089
    endloop
  endfacet
  facet normal 0 -1 0
    outer loop
      vertex 57.6441 -65.5 18.3919
      vertex 78.0867 -65.5 18.1793
      vertex 77.8208 -65.5 18.6018
    endloop
  endfacet
  facet normal 0 -1 0
    outer loop
      vertex 57.387 -65.5 17.9639
      vertex 78.0867 -65.5 18.1793
      vertex 57.6441 -65.5 18.3919
    endloop
  endfacet
  facet normal 0 -1 0
    outer loop
      vertex 57.387 -65.5 17.9639
      vertex 78.3349 -65.5 17.746
      vertex 78.0867 -65.5 18.1793
    endloop
  endfacet
  facet normal 0 -1 0
    outer loop
      vertex 57.1479 -65.5 17.5256
      vertex 78.3349 -65.5 17.746
      vertex 57.387 -65.5 17.9639
    endloop
  endfacet
  facet normal 0 -1 0
    outer loop
      vertex 57.1479 -65.5 17.5256
      vertex 78.5648 -65.5 17.3028
      vertex 78.3349 -65.5 17.746
    endloop
  endfacet
  facet normal 0 -1 0
    outer loop
      vertex 56.9272 -65.5 17.0777
      vertex 78.5648 -65.5 17.3028
      vertex 57.1479 -65.5 17.5256
    endloop
  endfacet
  facet normal 0 -1 0
    outer loop
      vertex 56.9272 -65.5 17.0777
      vertex 78.776 -65.5 16.8504
      vertex 78.5648 -65.5 17.3028
    endloop
  endfacet
  facet normal 0 -1 0
    outer loop
      vertex 56.7254 -65.5 16.621
      vertex 78.776 -65.5 16.8504
      vertex 56.9272 -65.5 17.0777
    endloop
  endfacet
  facet normal 0 -1 0
    outer loop
      vertex 56.7254 -65.5 16.621
      vertex 78.9683 -65.5 16.3896
      vertex 78.776 -65.5 16.8504
    endloop
  endfacet
  facet normal 0 -1 0
    outer loop
      vertex 56.5428 -65.5 16.1563
      vertex 78.9683 -65.5 16.3896
      vertex 56.7254 -65.5 16.621
    endloop
  endfacet
  facet normal 0 -1 0
    outer loop
      vertex 56.5428 -65.5 16.1563
      vertex 79.1412 -65.5 15.9212
      vertex 78.9683 -65.5 16.3896
    endloop
  endfacet
  facet normal 0 -1 0
    outer loop
      vertex 56.3796 -65.5 15.6845
      vertex 79.1412 -65.5 15.9212
      vertex 56.5428 -65.5 16.1563
    endloop
  endfacet
  facet normal 0 -1 0
    outer loop
      vertex 56.3796 -65.5 15.6845
      vertex 79.2945 -65.5 15.4461
      vertex 79.1412 -65.5 15.9212
    endloop
  endfacet
  facet normal 0 -1 0
    outer loop
      vertex 56.2362 -65.5 15.2062
      vertex 79.2945 -65.5 15.4461
      vertex 56.3796 -65.5 15.6845
    endloop
  endfacet
  facet normal 0 -1 0
    outer loop
      vertex 56.2362 -65.5 15.2062
      vertex 79.4279 -65.5 14.9649
      vertex 79.2945 -65.5 15.4461
    endloop
  endfacet
  facet normal 0 -1 0
    outer loop
      vertex 56.1129 -65.5 14.7224
      vertex 79.4279 -65.5 14.9649
      vertex 56.2362 -65.5 15.2062
    endloop
  endfacet
  facet normal 0 -1 0
    outer loop
      vertex 56.1129 -65.5 14.7224
      vertex 79.5412 -65.5 14.4787
      vertex 79.4279 -65.5 14.9649
    endloop
  endfacet
  facet normal 0 -1 0
    outer loop
      vertex 56.0098 -65.5 14.2339
      vertex 79.5412 -65.5 14.4787
      vertex 56.1129 -65.5 14.7224
    endloop
  endfacet
  facet normal 0 -1 0
    outer loop
      vertex 56.0098 -65.5 14.2339
      vertex 79.6342 -65.5 13.9881
      vertex 79.5412 -65.5 14.4787
    endloop
  endfacet
  facet normal 0 -1 0
    outer loop
      vertex 55.927 -65.5 13.7415
      vertex 79.6342 -65.5 13.9881
      vertex 56.0098 -65.5 14.2339
    endloop
  endfacet
  facet normal 0 -1 0
    outer loop
      vertex 55.927 -65.5 13.7415
      vertex 79.7066 -65.5 13.4941
      vertex 79.6342 -65.5 13.9881
    endloop
  endfacet
  facet normal 0 -1 0
    outer loop
      vertex 55.8649 -65.5 13.2461
      vertex 79.7066 -65.5 13.4941
      vertex 55.927 -65.5 13.7415
    endloop
  endfacet
  facet normal 0 -1 0
    outer loop
      vertex 55.8649 -65.5 13.2461
      vertex 79.7585 -65.5 12.9975
      vertex 79.7066 -65.5 13.4941
    endloop
  endfacet
  facet normal 0 -1 0
    outer loop
      vertex 55.8234 -65.5 12.7485
      vertex 79.7585 -65.5 12.9975
      vertex 55.8649 -65.5 13.2461
    endloop
  endfacet
  facet normal 0 -1 0
    outer loop
      vertex 55.8234 -65.5 12.7485
      vertex 79.7896 -65.5 12.4992
      vertex 79.7585 -65.5 12.9975
    endloop
  endfacet
  facet normal 0 -1 0
    outer loop
      vertex 55.8026 -65.5 12
      vertex 55.8234 -65.5 12.7485
      vertex 55.8026 -65.5 12.2496
    endloop
  endfacet
  facet normal 0 -1 -0
    outer loop
      vertex 55.8234 -65.5 12.7485
      vertex 55.8026 -65.5 12
      vertex 79.7896 -65.5 12.4992
    endloop
  endfacet
  facet normal 0 -1 -0
    outer loop
      vertex 79.7896 -65.5 12.4992
      vertex 55.8026 -65.5 12
      vertex 79.8 -65.5 12
    endloop
  endfacet
  facet normal -0.356079 0 0.934456
    outer loop
      vertex -74.8056 -60.7 23.122
      vertex -74.339 -65.5 23.2998
      vertex -74.339 -60.7 23.2998
    endloop
  endfacet
  facet normal -0.356079 0 0.934456
    outer loop
      vertex -74.339 -65.5 23.2998
      vertex -74.8056 -60.7 23.122
      vertex -74.8056 -65.5 23.122
    endloop
  endfacet
  facet normal -0.356079 0 0.934456
    outer loop
      vertex -74.8056 65.5 23.122
      vertex -74.339 60.7 23.2998
      vertex -74.339 65.5 23.2998
    endloop
  endfacet
  facet normal -0.356079 0 0.934456
    outer loop
      vertex -74.339 60.7 23.2998
      vertex -74.8056 65.5 23.122
      vertex -74.8056 60.7 23.122
    endloop
  endfacet
  facet normal -0.930722 0 -0.365727
    outer loop
      vertex -81.3746 -65.5 7.37898
      vertex -81.5572 65.5 7.84367
      vertex -81.3746 65.5 7.37898
    endloop
  endfacet
  facet normal -0.930722 -0 -0.365727
    outer loop
      vertex -81.5572 65.5 7.84367
      vertex -81.3746 -65.5 7.37898
      vertex -81.5572 -65.5 7.84367
    endloop
  endfacet
  facet normal 0.336527 0 0.941674
    outer loop
      vertex -66.4969 65.5 23.3814
      vertex -66.0268 60.7 23.2134
      vertex -66.0268 65.5 23.2134
    endloop
  endfacet
  facet normal 0.336527 0 0.941674
    outer loop
      vertex -66.0268 60.7 23.2134
      vertex -66.4969 65.5 23.3814
      vertex -66.4969 60.7 23.3814
    endloop
  endfacet
  facet normal 0.336527 0 0.941674
    outer loop
      vertex -66.4969 -60.7 23.3814
      vertex -66.0268 -65.5 23.2134
      vertex -66.0268 -60.7 23.2134
    endloop
  endfacet
  facet normal 0.336527 0 0.941674
    outer loop
      vertex -66.0268 -65.5 23.2134
      vertex -66.4969 -60.7 23.3814
      vertex -66.4969 -65.5 23.3814
    endloop
  endfacet
  facet normal 0.867725 -0 0.497044
    outer loop
      vertex -60.0133 -65.5 18.1793
      vertex -59.7651 -60.7 17.746
      vertex -60.0133 -60.7 18.1793
    endloop
  endfacet
  facet normal 0.867725 0 0.497044
    outer loop
      vertex -59.7651 -60.7 17.746
      vertex -60.0133 -65.5 18.1793
      vertex -59.7651 -65.5 17.746
    endloop
  endfacet
  facet normal 0.867725 -0 0.497044
    outer loop
      vertex -60.0133 60.7 18.1793
      vertex -59.7651 65.5 17.746
      vertex -60.0133 65.5 18.1793
    endloop
  endfacet
  facet normal 0.867725 0 0.497044
    outer loop
      vertex -59.7651 65.5 17.746
      vertex -60.0133 60.7 18.1793
      vertex -59.7651 60.7 17.746
    endloop
  endfacet
  facet normal -1 0 0
    outer loop
      vertex -82.2974 65.5 11.7504
      vertex -82.2974 63.7172 12.2496
      vertex -82.2974 65.5 12.2496
    endloop
  endfacet
  facet normal -1 0 0
    outer loop
      vertex -82.2974 65.5 11.7504
      vertex -82.2974 63.5647 12.1145
      vertex -82.2974 63.7172 12.2496
    endloop
  endfacet
  facet normal -1 0 0
    outer loop
      vertex -82.2974 65.5 11.7504
      vertex -82.2974 63.1 12
      vertex -82.2974 63.5647 12.1145
    endloop
  endfacet
  facet normal -1 -0 0
    outer loop
      vertex -82.2974 62.6353 12.1145
      vertex -82.2974 55.5 12
      vertex -82.2974 62.4828 12.2496
    endloop
  endfacet
  facet normal -1 0 0
    outer loop
      vertex -82.2974 63.1 12
      vertex -82.2974 55.5 12
      vertex -82.2974 62.6353 12.1145
    endloop
  endfacet
  facet normal -1 0 0
    outer loop
      vertex -82.2974 65.5 11.7504
      vertex -82.2974 55.5 12
      vertex -82.2974 63.1 12
    endloop
  endfacet
  facet normal -1 0 0
    outer loop
      vertex -82.2974 65.5 11.7504
      vertex -82.2974 5 12
      vertex -82.2974 55.5 12
    endloop
  endfacet
  facet normal -1 0 0
    outer loop
      vertex -82.2974 65.5 11.7504
      vertex -82.2974 -5 12
      vertex -82.2974 5 12
    endloop
  endfacet
  facet normal -1 0 0
    outer loop
      vertex -82.2974 -65.5 11.7504
      vertex -82.2974 -5 12
      vertex -82.2974 65.5 11.7504
    endloop
  endfacet
  facet normal -1 0 0
    outer loop
      vertex -82.2974 -55.5 12
      vertex -82.2974 -62.4828 12.2496
      vertex -82.2974 -55.5 12.2496
    endloop
  endfacet
  facet normal -1 0 0
    outer loop
      vertex -82.2974 -55.5 12
      vertex -82.2974 -62.6353 12.1145
      vertex -82.2974 -62.4828 12.2496
    endloop
  endfacet
  facet normal -1 0 0
    outer loop
      vertex -82.2974 -55.5 12
      vertex -82.2974 -63.1 12
      vertex -82.2974 -62.6353 12.1145
    endloop
  endfacet
  facet normal -1 -0 0
    outer loop
      vertex -82.2974 -5 12
      vertex -82.2974 -65.5 11.7504
      vertex -82.2974 -55.5 12
    endloop
  endfacet
  facet normal -1 -0 0
    outer loop
      vertex -82.2974 -55.5 12
      vertex -82.2974 -65.5 11.7504
      vertex -82.2974 -63.1 12
    endloop
  endfacet
  facet normal -1 0 0
    outer loop
      vertex -82.2974 -65.5 11.7504
      vertex -82.2974 -63.5647 12.1145
      vertex -82.2974 -63.1 12
    endloop
  endfacet
  facet normal -1 0 0
    outer loop
      vertex -82.2974 -65.5 11.7504
      vertex -82.2974 -63.7172 12.2496
      vertex -82.2974 -63.5647 12.1145
    endloop
  endfacet
  facet normal -1 -0 0
    outer loop
      vertex -82.2974 -63.7172 12.2496
      vertex -82.2974 -65.5 11.7504
      vertex -82.2974 -65.5 12.2496
    endloop
  endfacet
  facet normal -1 -0 0
    outer loop
      vertex -82.2974 62.4828 12.2496
      vertex -82.2974 55.5 12
      vertex -82.2974 55.5 12.2496
    endloop
  endfacet
  facet normal 0.773368 -0 0.633957
    outer loop
      vertex -61.1792 60.7 19.7981
      vertex -60.8627 65.5 19.412
      vertex -61.1792 65.5 19.7981
    endloop
  endfacet
  facet normal 0.773368 0 0.633957
    outer loop
      vertex -60.8627 65.5 19.412
      vertex -61.1792 60.7 19.7981
      vertex -60.8627 60.7 19.412
    endloop
  endfacet
  facet normal 0.773368 -0 0.633957
    outer loop
      vertex -61.1792 -65.5 19.7981
      vertex -60.8627 -60.7 19.412
      vertex -61.1792 -60.7 19.7981
    endloop
  endfacet
  facet normal 0.773368 0 0.633957
    outer loop
      vertex -60.8627 -60.7 19.412
      vertex -61.1792 -65.5 19.7981
      vertex -60.8627 -65.5 19.412
    endloop
  endfacet
  facet normal 0.994583 0 0.103945
    outer loop
      vertex -58.3934 65.5 13.4941
      vertex -58.3415 64.0784 12.9975
      vertex -58.3415 65.5 12.9975
    endloop
  endfacet
  facet normal 0.994589 1.93766e-05 0.10389
    outer loop
      vertex -58.3934 65.5 13.4941
      vertex -58.3788 64.035 13.3546
      vertex -58.3415 64.0784 12.9975
    endloop
  endfacet
  facet normal 0.994568 0 0.104091
    outer loop
      vertex -58.3788 64.035 13.3546
      vertex -58.3934 65.5 13.4941
      vertex -58.3934 63.9387 13.4941
    endloop
  endfacet
  facet normal 0.994568 -0 0.104091
    outer loop
      vertex -58.3934 -65.5 13.4941
      vertex -58.3788 -64.035 13.3546
      vertex -58.3934 -63.9387 13.4941
    endloop
  endfacet
  facet normal 0.994589 -1.93766e-05 0.10389
    outer loop
      vertex -58.3934 -65.5 13.4941
      vertex -58.3415 -64.0784 12.9975
      vertex -58.3788 -64.035 13.3546
    endloop
  endfacet
  facet normal 0.994583 0 0.103945
    outer loop
      vertex -58.3415 -64.0784 12.9975
      vertex -58.3934 -65.5 13.4941
      vertex -58.3415 -65.5 12.9975
    endloop
  endfacet
  facet normal 0.994568 -0 0.104091
    outer loop
      vertex -58.3934 60.7 13.4941
      vertex -58.3788 62.165 13.3546
      vertex -58.3934 62.2613 13.4941
    endloop
  endfacet
  facet normal 0.994589 -1.93766e-05 0.10389
    outer loop
      vertex -58.3934 60.7 13.4941
      vertex -58.3415 62.1216 12.9975
      vertex -58.3788 62.165 13.3546
    endloop
  endfacet
  facet normal 0.994583 0 0.103945
    outer loop
      vertex -58.3415 62.1216 12.9975
      vertex -58.3934 60.7 13.4941
      vertex -58.3415 60.7 12.9975
    endloop
  endfacet
  facet normal 0.994583 0 0.103945
    outer loop
      vertex -58.3934 -60.7 13.4941
      vertex -58.3415 -62.1216 12.9975
      vertex -58.3415 -60.7 12.9975
    endloop
  endfacet
  facet normal 0.994589 1.93766e-05 0.10389
    outer loop
      vertex -58.3934 -60.7 13.4941
      vertex -58.3788 -62.165 13.3546
      vertex -58.3415 -62.1216 12.9975
    endloop
  endfacet
  facet normal 0.994568 0 0.104091
    outer loop
      vertex -58.3788 -62.165 13.3546
      vertex -58.3934 -60.7 13.4941
      vertex -58.3934 -62.2613 13.4941
    endloop
  endfacet
  facet normal 0.0520648 0 0.998644
    outer loop
      vertex -69.9256 65.5 23.9942
      vertex -69.4269 60.7 23.9682
      vertex -69.4269 65.5 23.9682
    endloop
  endfacet
  facet normal 0.0520648 0 0.998644
    outer loop
      vertex -69.4269 60.7 23.9682
      vertex -69.9256 65.5 23.9942
      vertex -69.9256 60.7 23.9942
    endloop
  endfacet
  facet normal 0.0520648 0 0.998644
    outer loop
      vertex -69.9256 -60.7 23.9942
      vertex -69.4269 -65.5 23.9682
      vertex -69.4269 -60.7 23.9682
    endloop
  endfacet
  facet normal 0.0520648 0 0.998644
    outer loop
      vertex -69.4269 -65.5 23.9682
      vertex -69.9256 -60.7 23.9942
      vertex -69.9256 -65.5 23.9942
    endloop
  endfacet
  facet normal -0.609507 0 0.79278
    outer loop
      vertex -77.8097 -55.5 21.3597
      vertex -77.4139 -65.5 21.664
      vertex -77.4139 -55.5 21.664
    endloop
  endfacet
  facet normal -0.609507 0 0.79278
    outer loop
      vertex -77.4139 -65.5 21.664
      vertex -77.8097 -55.5 21.3597
      vertex -77.8097 -65.5 21.3597
    endloop
  endfacet
  facet normal -0.609507 0 0.79278
    outer loop
      vertex -77.8097 65.5 21.3597
      vertex -77.4139 55.5 21.664
      vertex -77.4139 65.5 21.664
    endloop
  endfacet
  facet normal -0.609507 0 0.79278
    outer loop
      vertex -77.4139 55.5 21.664
      vertex -77.8097 65.5 21.3597
      vertex -77.8097 55.5 21.3597
    endloop
  endfacet
  facet normal -0.986153 0 -0.165841
    outer loop
      vertex -82.0902 -65.5 9.76614
      vertex -82.173 65.5 10.2585
      vertex -82.0902 65.5 9.76614
    endloop
  endfacet
  facet normal -0.986153 -0 -0.165841
    outer loop
      vertex -82.173 65.5 10.2585
      vertex -82.0902 -65.5 9.76614
      vertex -82.173 -65.5 10.2585
    endloop
  endfacet
  facet normal -0.031241 0 0.999512
    outer loop
      vertex -70.9239 65.5 23.9838
      vertex -70.4248 60.7 23.9994
      vertex -70.4248 65.5 23.9994
    endloop
  endfacet
  facet normal -0.031241 0 0.999512
    outer loop
      vertex -70.4248 60.7 23.9994
      vertex -70.9239 65.5 23.9838
      vertex -70.9239 60.7 23.9838
    endloop
  endfacet
  facet normal -0.031241 0 0.999512
    outer loop
      vertex -70.9239 -60.7 23.9838
      vertex -70.4248 -65.5 23.9994
      vertex -70.4248 -60.7 23.9994
    endloop
  endfacet
  facet normal -0.031241 0 0.999512
    outer loop
      vertex -70.4248 -65.5 23.9994
      vertex -70.9239 -60.7 23.9838
      vertex -70.9239 -65.5 23.9838
    endloop
  endfacet
  facet normal -0.914685 0 0.404168
    outer loop
      vertex -81.3746 55.5 16.621
      vertex -81.1728 65.5 17.0777
      vertex -81.3746 65.5 16.621
    endloop
  endfacet
  facet normal -0.914685 0 0.404168
    outer loop
      vertex -81.1728 65.5 17.0777
      vertex -81.3746 55.5 16.621
      vertex -81.1728 55.5 17.0777
    endloop
  endfacet
  facet normal -0.914685 0 0.404168
    outer loop
      vertex -81.3746 -65.5 16.621
      vertex -81.1728 -55.5 17.0777
      vertex -81.3746 -55.5 16.621
    endloop
  endfacet
  facet normal -0.914685 0 0.404168
    outer loop
      vertex -81.1728 -55.5 17.0777
      vertex -81.3746 -65.5 16.621
      vertex -81.1728 -65.5 17.0777
    endloop
  endfacet
  facet normal -0.811447 0 -0.584426
    outer loop
      vertex -79.8895 -65.5 4.78598
      vertex -80.1813 65.5 5.19113
      vertex -79.8895 65.5 4.78598
    endloop
  endfacet
  facet normal -0.811447 -0 -0.584426
    outer loop
      vertex -80.1813 65.5 5.19113
      vertex -79.8895 -65.5 4.78598
      vertex -80.1813 -65.5 5.19113
    endloop
  endfacet
  facet normal -0.432575 0 0.901598
    outer loop
      vertex -75.7145 -60.7 22.709
      vertex -75.2643 -65.5 22.925
      vertex -75.2643 -60.7 22.925
    endloop
  endfacet
  facet normal -0.432575 0 0.901598
    outer loop
      vertex -75.2643 -65.5 22.925
      vertex -75.7145 -60.7 22.709
      vertex -75.7145 -65.5 22.709
    endloop
  endfacet
  facet normal -0.432575 0 0.901598
    outer loop
      vertex -75.7145 65.5 22.709
      vertex -75.2643 60.7 22.925
      vertex -75.2643 65.5 22.925
    endloop
  endfacet
  facet normal -0.432575 0 0.901598
    outer loop
      vertex -75.2643 60.7 22.925
      vertex -75.7145 65.5 22.709
      vertex -75.7145 60.7 22.709
    endloop
  endfacet
  facet normal 0.84634 -0 0.532643
    outer loop
      vertex -60.2792 60.7 18.6018
      vertex -60.0133 65.5 18.1793
      vertex -60.2792 65.5 18.6018
    endloop
  endfacet
  facet normal 0.84634 0 0.532643
    outer loop
      vertex -60.0133 65.5 18.1793
      vertex -60.2792 60.7 18.6018
      vertex -60.0133 60.7 18.1793
    endloop
  endfacet
  facet normal 0.84634 -0 0.532643
    outer loop
      vertex -60.2792 -65.5 18.6018
      vertex -60.0133 -60.7 18.1793
      vertex -60.2792 -60.7 18.6018
    endloop
  endfacet
  facet normal 0.84634 0 0.532643
    outer loop
      vertex -60.0133 -60.7 18.1793
      vertex -60.2792 -65.5 18.6018
      vertex -60.0133 -65.5 18.1793
    endloop
  endfacet
  facet normal 0.973906 -0 0.226951
    outer loop
      vertex -58.6721 -65.5 14.9649
      vertex -58.5588 -60.7 14.4787
      vertex -58.6721 -60.7 14.9649
    endloop
  endfacet
  facet normal 0.973906 0 0.226951
    outer loop
      vertex -58.5588 -60.7 14.4787
      vertex -58.6721 -65.5 14.9649
      vertex -58.5588 -65.5 14.4787
    endloop
  endfacet
  facet normal 0.973906 -0 0.226951
    outer loop
      vertex -58.6721 60.7 14.9649
      vertex -58.5588 65.5 14.4787
      vertex -58.6721 65.5 14.9649
    endloop
  endfacet
  facet normal 0.973906 0 0.226951
    outer loop
      vertex -58.5588 65.5 14.4787
      vertex -58.6721 60.7 14.9649
      vertex -58.5588 60.7 14.4787
    endloop
  endfacet
  facet normal 0.29718 0 0.954821
    outer loop
      vertex -66.9737 65.5 23.5298
      vertex -66.4969 60.7 23.3814
      vertex -66.4969 65.5 23.3814
    endloop
  endfacet
  facet normal 0.29718 0 0.954821
    outer loop
      vertex -66.4969 60.7 23.3814
      vertex -66.9737 65.5 23.5298
      vertex -66.9737 60.7 23.5298
    endloop
  endfacet
  facet normal 0.29718 0 0.954821
    outer loop
      vertex -66.9737 -60.7 23.5298
      vertex -66.4969 -65.5 23.3814
      vertex -66.4969 -60.7 23.3814
    endloop
  endfacet
  facet normal 0.29718 0 0.954821
    outer loop
      vertex -66.4969 -65.5 23.3814
      vertex -66.9737 -60.7 23.5298
      vertex -66.9737 -65.5 23.5298
    endloop
  endfacet
  facet normal -0.541365 0 0.840788
    outer loop
      vertex -77.0057 -55.5 21.9516
      vertex -76.5859 -65.5 22.2219
      vertex -76.5859 -55.5 22.2219
    endloop
  endfacet
  facet normal -0.541365 0 0.840788
    outer loop
      vertex -76.5859 -65.5 22.2219
      vertex -77.0057 -55.5 21.9516
      vertex -77.0057 -65.5 21.9516
    endloop
  endfacet
  facet normal -0.541365 0 0.840788
    outer loop
      vertex -77.0057 65.5 21.9516
      vertex -76.5859 55.5 22.2219
      vertex -76.5859 65.5 22.2219
    endloop
  endfacet
  facet normal -0.541365 0 0.840788
    outer loop
      vertex -76.5859 55.5 22.2219
      vertex -77.0057 65.5 21.9516
      vertex -77.0057 55.5 21.9516
    endloop
  endfacet
  facet normal 0.1348 0 0.990873
    outer loop
      vertex -68.9298 65.5 23.9215
      vertex -68.4351 60.7 23.8542
      vertex -68.4351 65.5 23.8542
    endloop
  endfacet
  facet normal 0.1348 0 0.990873
    outer loop
      vertex -68.4351 60.7 23.8542
      vertex -68.9298 65.5 23.9215
      vertex -68.9298 60.7 23.9215
    endloop
  endfacet
  facet normal 0.1348 0 0.990873
    outer loop
      vertex -68.9298 -60.7 23.9215
      vertex -68.4351 -65.5 23.8542
      vertex -68.4351 -60.7 23.8542
    endloop
  endfacet
  facet normal 0.1348 0 0.990873
    outer loop
      vertex -68.4351 -65.5 23.8542
      vertex -68.9298 -60.7 23.9215
      vertex -68.9298 -65.5 23.9215
    endloop
  endfacet
  facet normal 0.999783 -0 0.0208288
    outer loop
      vertex -58.3104 63.9485 12.4992
      vertex -58.3 65.5 12
      vertex -58.3104 65.5 12.4992
    endloop
  endfacet
  facet normal 0.999784 -8.87592e-06 0.0208012
    outer loop
      vertex -58.309 63.923 12.4319
      vertex -58.3 65.5 12
      vertex -58.3104 63.9485 12.4992
    endloop
  endfacet
  facet normal 0.999784 -9.24582e-06 0.0207999
    outer loop
      vertex -58.3024 63.5647 12.1145
      vertex -58.3 65.5 12
      vertex -58.309 63.923 12.4319
    endloop
  endfacet
  facet normal 0.99978 0 0.0209561
    outer loop
      vertex -58.3 65.5 12
      vertex -58.3024 63.5647 12.1145
      vertex -58.3 63.1 12
    endloop
  endfacet
  facet normal 0.999783 0 0.0208288
    outer loop
      vertex -58.3 -65.5 12
      vertex -58.3104 -63.9485 12.4992
      vertex -58.3104 -65.5 12.4992
    endloop
  endfacet
  facet normal 0.999784 8.87592e-06 0.0208012
    outer loop
      vertex -58.3104 -63.9485 12.4992
      vertex -58.3 -65.5 12
      vertex -58.309 -63.923 12.4319
    endloop
  endfacet
  facet normal 0.999784 9.24582e-06 0.0207999
    outer loop
      vertex -58.309 -63.923 12.4319
      vertex -58.3 -65.5 12
      vertex -58.3024 -63.5647 12.1145
    endloop
  endfacet
  facet normal 0.99978 0 0.0209561
    outer loop
      vertex -58.3024 -63.5647 12.1145
      vertex -58.3 -65.5 12
      vertex -58.3 -63.1 12
    endloop
  endfacet
  facet normal 0.999783 0 0.0208288
    outer loop
      vertex -58.3 60.7 12
      vertex -58.3104 62.2515 12.4992
      vertex -58.3104 60.7 12.4992
    endloop
  endfacet
  facet normal 0.999784 8.87592e-06 0.0208012
    outer loop
      vertex -58.3104 62.2515 12.4992
      vertex -58.3 60.7 12
      vertex -58.309 62.277 12.4319
    endloop
  endfacet
  facet normal 0.999784 9.24582e-06 0.0207999
    outer loop
      vertex -58.309 62.277 12.4319
      vertex -58.3 60.7 12
      vertex -58.3024 62.6353 12.1145
    endloop
  endfacet
  facet normal 0.99978 0 0.0209561
    outer loop
      vertex -58.3024 62.6353 12.1145
      vertex -58.3 60.7 12
      vertex -58.3 63.1 12
    endloop
  endfacet
  facet normal 0.999783 -0 0.0208288
    outer loop
      vertex -58.3104 -62.2515 12.4992
      vertex -58.3 -60.7 12
      vertex -58.3104 -60.7 12.4992
    endloop
  endfacet
  facet normal 0.999784 -8.87592e-06 0.0208012
    outer loop
      vertex -58.309 -62.277 12.4319
      vertex -58.3 -60.7 12
      vertex -58.3104 -62.2515 12.4992
    endloop
  endfacet
  facet normal 0.999784 -9.24582e-06 0.0207999
    outer loop
      vertex -58.3024 -62.6353 12.1145
      vertex -58.3 -60.7 12
      vertex -58.309 -62.277 12.4319
    endloop
  endfacet
  facet normal 0.99978 0 0.0209561
    outer loop
      vertex -58.3 -60.7 12
      vertex -58.3024 -62.6353 12.1145
      vertex -58.3 -63.1 12
    endloop
  endfacet
  facet normal 0.523773 0 0.851858
    outer loop
      vertex -64.2281 -60.7 22.3504
      vertex -63.8028 -65.5 22.0889
      vertex -63.8028 -60.7 22.0889
    endloop
  endfacet
  facet normal 0.523773 0 0.851858
    outer loop
      vertex -63.8028 -65.5 22.0889
      vertex -64.2281 -60.7 22.3504
      vertex -64.2281 -65.5 22.3504
    endloop
  endfacet
  facet normal 0.523773 0 0.851858
    outer loop
      vertex -64.2281 65.5 22.3504
      vertex -63.8028 60.7 22.0889
      vertex -63.8028 65.5 22.0889
    endloop
  endfacet
  facet normal 0.523773 0 0.851858
    outer loop
      vertex -63.8028 60.7 22.0889
      vertex -64.2281 65.5 22.3504
      vertex -64.2281 60.7 22.3504
    endloop
  endfacet
  facet normal -0.0729125 0 0.997338
    outer loop
      vertex -71.4218 65.5 23.9474
      vertex -70.9239 60.7 23.9838
      vertex -70.9239 65.5 23.9838
    endloop
  endfacet
  facet normal -0.0729125 0 0.997338
    outer loop
      vertex -70.9239 60.7 23.9838
      vertex -71.4218 65.5 23.9474
      vertex -71.4218 60.7 23.9474
    endloop
  endfacet
  facet normal -0.0729125 0 0.997338
    outer loop
      vertex -71.4218 -60.7 23.9474
      vertex -70.9239 -65.5 23.9838
      vertex -70.9239 -60.7 23.9838
    endloop
  endfacet
  facet normal -0.0729125 0 0.997338
    outer loop
      vertex -70.9239 -65.5 23.9838
      vertex -71.4218 -60.7 23.9474
      vertex -71.4218 -65.5 23.9474
    endloop
  endfacet
  facet normal -0.641857 0 0.766824
    outer loop
      vertex -78.1926 65.5 21.0392
      vertex -77.8097 55.5 21.3597
      vertex -77.8097 65.5 21.3597
    endloop
  endfacet
  facet normal -0.641857 0 0.766824
    outer loop
      vertex -77.8097 55.5 21.3597
      vertex -78.1926 65.5 21.0392
      vertex -78.1926 55.5 21.0392
    endloop
  endfacet
  facet normal -0.641857 0 0.766824
    outer loop
      vertex -78.1926 -55.5 21.0392
      vertex -77.8097 -65.5 21.3597
      vertex -77.8097 -55.5 21.3597
    endloop
  endfacet
  facet normal -0.641857 0 0.766824
    outer loop
      vertex -77.8097 -65.5 21.3597
      vertex -78.1926 -55.5 21.0392
      vertex -78.1926 -65.5 21.0392
    endloop
  endfacet
  facet normal 0.257164 0 0.966368
    outer loop
      vertex -67.4562 -60.7 23.6582
      vertex -66.9737 -65.5 23.5298
      vertex -66.9737 -60.7 23.5298
    endloop
  endfacet
  facet normal 0.257164 0 0.966368
    outer loop
      vertex -66.9737 -65.5 23.5298
      vertex -67.4562 -60.7 23.6582
      vertex -67.4562 -65.5 23.6582
    endloop
  endfacet
  facet normal 0.257164 0 0.966368
    outer loop
      vertex -67.4562 65.5 23.6582
      vertex -66.9737 60.7 23.5298
      vertex -66.9737 65.5 23.5298
    endloop
  endfacet
  facet normal 0.257164 0 0.966368
    outer loop
      vertex -66.9737 60.7 23.5298
      vertex -67.4562 65.5 23.6582
      vertex -67.4562 60.7 23.6582
    endloop
  endfacet
  facet normal -0.930725 0 0.365721
    outer loop
      vertex -81.5572 55.5 16.1563
      vertex -81.3746 65.5 16.621
      vertex -81.5572 65.5 16.1563
    endloop
  endfacet
  facet normal -0.930725 0 0.365721
    outer loop
      vertex -81.3746 65.5 16.621
      vertex -81.5572 55.5 16.1563
      vertex -81.3746 55.5 16.621
    endloop
  endfacet
  facet normal -0.930725 0 0.365721
    outer loop
      vertex -81.5572 -65.5 16.1563
      vertex -81.3746 -55.5 16.621
      vertex -81.5572 -55.5 16.1563
    endloop
  endfacet
  facet normal -0.930725 0 0.365721
    outer loop
      vertex -81.3746 -55.5 16.621
      vertex -81.5572 -65.5 16.1563
      vertex -81.3746 -65.5 16.621
    endloop
  endfacet
  facet normal -0.155428 0 0.987847
    outer loop
      vertex -72.4111 65.5 23.8128
      vertex -71.9179 60.7 23.8904
      vertex -71.9179 65.5 23.8904
    endloop
  endfacet
  facet normal -0.155428 0 0.987847
    outer loop
      vertex -71.9179 60.7 23.8904
      vertex -72.4111 65.5 23.8128
      vertex -72.4111 60.7 23.8128
    endloop
  endfacet
  facet normal -0.155428 0 0.987847
    outer loop
      vertex -72.4111 -60.7 23.8128
      vertex -71.9179 -65.5 23.8904
      vertex -71.9179 -60.7 23.8904
    endloop
  endfacet
  facet normal -0.155428 0 0.987847
    outer loop
      vertex -71.9179 -65.5 23.8904
      vertex -72.4111 -60.7 23.8128
      vertex -72.4111 -65.5 23.8128
    endloop
  endfacet
  facet normal -0.786464 0 0.617636
    outer loop
      vertex -79.8895 55.5 19.214
      vertex -79.5811 65.5 19.6067
      vertex -79.8895 65.5 19.214
    endloop
  endfacet
  facet normal -0.786464 0 0.617636
    outer loop
      vertex -79.5811 65.5 19.6067
      vertex -79.8895 55.5 19.214
      vertex -79.5811 55.5 19.6067
    endloop
  endfacet
  facet normal -0.786464 0 0.617636
    outer loop
      vertex -79.8895 -65.5 19.214
      vertex -79.5811 -55.5 19.6067
      vertex -79.8895 -55.5 19.214
    endloop
  endfacet
  facet normal -0.786464 0 0.617636
    outer loop
      vertex -79.5811 -55.5 19.6067
      vertex -79.8895 -65.5 19.214
      vertex -79.5811 -65.5 19.6067
    endloop
  endfacet
  facet normal 0.718037 -0 0.696005
    outer loop
      vertex -61.859 60.7 20.5293
      vertex -61.5115 65.5 20.1708
      vertex -61.859 65.5 20.5293
    endloop
  endfacet
  facet normal 0.718037 0 0.696005
    outer loop
      vertex -61.5115 65.5 20.1708
      vertex -61.859 60.7 20.5293
      vertex -61.5115 60.7 20.1708
    endloop
  endfacet
  facet normal 0.718037 -0 0.696005
    outer loop
      vertex -61.859 -65.5 20.5293
      vertex -61.5115 -60.7 20.1708
      vertex -61.859 -60.7 20.5293
    endloop
  endfacet
  facet normal 0.718037 0 0.696005
    outer loop
      vertex -61.5115 -60.7 20.1708
      vertex -61.859 -65.5 20.5293
      vertex -61.5115 -65.5 20.1708
    endloop
  endfacet
  facet normal -0.945075 0 -0.326855
    outer loop
      vertex -81.5572 -65.5 7.84367
      vertex -81.7204 65.5 8.31555
      vertex -81.5572 65.5 7.84367
    endloop
  endfacet
  facet normal -0.945075 -0 -0.326855
    outer loop
      vertex -81.7204 65.5 8.31555
      vertex -81.5572 -65.5 7.84367
      vertex -81.7204 -65.5 8.31555
    endloop
  endfacet
  facet normal 0.746403 -0 0.665494
    outer loop
      vertex -61.5115 60.7 20.1708
      vertex -61.1792 65.5 19.7981
      vertex -61.5115 65.5 20.1708
    endloop
  endfacet
  facet normal 0.746403 0 0.665494
    outer loop
      vertex -61.1792 65.5 19.7981
      vertex -61.5115 60.7 20.1708
      vertex -61.1792 60.7 19.7981
    endloop
  endfacet
  facet normal 0.746403 -0 0.665494
    outer loop
      vertex -61.5115 -65.5 20.1708
      vertex -61.1792 -60.7 19.7981
      vertex -61.5115 -60.7 20.1708
    endloop
  endfacet
  facet normal 0.746403 0 0.665494
    outer loop
      vertex -61.1792 -60.7 19.7981
      vertex -61.5115 -65.5 20.1708
      vertex -61.1792 -65.5 19.7981
    endloop
  endfacet
  facet normal -0.114145 0 0.993464
    outer loop
      vertex -71.9179 65.5 23.8904
      vertex -71.4218 60.7 23.9474
      vertex -71.4218 65.5 23.9474
    endloop
  endfacet
  facet normal -0.114145 0 0.993464
    outer loop
      vertex -71.4218 60.7 23.9474
      vertex -71.9179 65.5 23.8904
      vertex -71.9179 60.7 23.8904
    endloop
  endfacet
  facet normal -0.114145 0 0.993464
    outer loop
      vertex -71.9179 -60.7 23.8904
      vertex -71.4218 -65.5 23.9474
      vertex -71.4218 -60.7 23.9474
    endloop
  endfacet
  facet normal -0.114145 0 0.993464
    outer loop
      vertex -71.4218 -65.5 23.9474
      vertex -71.9179 -60.7 23.8904
      vertex -71.9179 -65.5 23.8904
    endloop
  endfacet
  facet normal 0.688544 0 0.725194
    outer loop
      vertex -62.2211 65.5 20.8731
      vertex -61.859 60.7 20.5293
      vertex -61.859 65.5 20.5293
    endloop
  endfacet
  facet normal 0.688544 0 0.725194
    outer loop
      vertex -61.859 60.7 20.5293
      vertex -62.2211 65.5 20.8731
      vertex -62.2211 60.7 20.8731
    endloop
  endfacet
  facet normal 0.688544 0 0.725194
    outer loop
      vertex -62.2211 -60.7 20.8731
      vertex -61.859 -65.5 20.5293
      vertex -61.859 -60.7 20.5293
    endloop
  endfacet
  facet normal 0.688544 0 0.725194
    outer loop
      vertex -61.859 -65.5 20.5293
      vertex -62.2211 -60.7 20.8731
      vertex -62.2211 -65.5 20.8731
    endloop
  endfacet
  facet normal 0.938128 -0 0.34629
    outer loop
      vertex -59.1317 60.7 16.3896
      vertex -58.9588 65.5 15.9212
      vertex -59.1317 65.5 16.3896
    endloop
  endfacet
  facet normal 0.938128 0 0.34629
    outer loop
      vertex -58.9588 65.5 15.9212
      vertex -59.1317 60.7 16.3896
      vertex -58.9588 60.7 15.9212
    endloop
  endfacet
  facet normal 0.938128 -0 0.34629
    outer loop
      vertex -59.1317 -65.5 16.3896
      vertex -58.9588 -60.7 15.9212
      vertex -59.1317 -60.7 16.3896
    endloop
  endfacet
  facet normal 0.938128 0 0.34629
    outer loop
      vertex -58.9588 -60.7 15.9212
      vertex -59.1317 -65.5 16.3896
      vertex -58.9588 -65.5 15.9212
    endloop
  endfacet
  facet normal -0.277207 0 0.96081
    outer loop
      vertex -73.8654 -60.7 23.4581
      vertex -73.3857 -65.5 23.5965
      vertex -73.3857 -60.7 23.5965
    endloop
  endfacet
  facet normal -0.277207 0 0.96081
    outer loop
      vertex -73.3857 -65.5 23.5965
      vertex -73.8654 -60.7 23.4581
      vertex -73.8654 -65.5 23.4581
    endloop
  endfacet
  facet normal -0.277207 0 0.96081
    outer loop
      vertex -73.8654 65.5 23.4581
      vertex -73.3857 60.7 23.5965
      vertex -73.3857 65.5 23.5965
    endloop
  endfacet
  facet normal -0.277207 0 0.96081
    outer loop
      vertex -73.3857 60.7 23.5965
      vertex -73.8654 65.5 23.4581
      vertex -73.8654 60.7 23.4581
    endloop
  endfacet
  facet normal 0.558761 0 0.829329
    outer loop
      vertex -63.8028 -60.7 22.0889
      vertex -63.3887 -65.5 21.8099
      vertex -63.3887 -60.7 21.8099
    endloop
  endfacet
  facet normal 0.558761 0 0.829329
    outer loop
      vertex -63.3887 -65.5 21.8099
      vertex -63.8028 -60.7 22.0889
      vertex -63.8028 -65.5 22.0889
    endloop
  endfacet
  facet normal 0.558761 0 0.829329
    outer loop
      vertex -63.8028 65.5 22.0889
      vertex -63.3887 60.7 21.8099
      vertex -63.3887 65.5 21.8099
    endloop
  endfacet
  facet normal 0.558761 0 0.829329
    outer loop
      vertex -63.3887 60.7 21.8099
      vertex -63.8028 65.5 22.0889
      vertex -63.8028 60.7 22.0889
    endloop
  endfacet
  facet normal -0.57596 0 0.817478
    outer loop
      vertex -77.4139 -55.5 21.664
      vertex -77.0057 -65.5 21.9516
      vertex -77.0057 -55.5 21.9516
    endloop
  endfacet
  facet normal -0.57596 0 0.817478
    outer loop
      vertex -77.0057 -65.5 21.9516
      vertex -77.4139 -55.5 21.664
      vertex -77.4139 -65.5 21.664
    endloop
  endfacet
  facet normal -0.57596 0 0.817478
    outer loop
      vertex -77.4139 65.5 21.664
      vertex -77.0057 55.5 21.9516
      vertex -77.0057 65.5 21.9516
    endloop
  endfacet
  facet normal -0.57596 0 0.817478
    outer loop
      vertex -77.0057 55.5 21.9516
      vertex -77.4139 65.5 21.664
      vertex -77.4139 55.5 21.664
    endloop
  endfacet
  facet normal 0.216718 0 0.976234
    outer loop
      vertex -67.9436 65.5 23.7664
      vertex -67.4562 60.7 23.6582
      vertex -67.4562 65.5 23.6582
    endloop
  endfacet
  facet normal 0.216718 0 0.976234
    outer loop
      vertex -67.4562 60.7 23.6582
      vertex -67.9436 65.5 23.7664
      vertex -67.9436 60.7 23.7664
    endloop
  endfacet
  facet normal 0.216718 0 0.976234
    outer loop
      vertex -67.9436 -60.7 23.7664
      vertex -67.4562 -65.5 23.6582
      vertex -67.4562 -60.7 23.6582
    endloop
  endfacet
  facet normal 0.216718 0 0.976234
    outer loop
      vertex -67.4562 -65.5 23.6582
      vertex -67.9436 -60.7 23.7664
      vertex -67.9436 -65.5 23.7664
    endloop
  endfacet
  facet normal -0.73228 0 0.681004
    outer loop
      vertex -79.2566 55.5 19.9862
      vertex -78.9166 65.5 20.3518
      vertex -79.2566 65.5 19.9862
    endloop
  endfacet
  facet normal -0.73228 0 0.681004
    outer loop
      vertex -78.9166 65.5 20.3518
      vertex -79.2566 55.5 19.9862
      vertex -78.9166 55.5 20.3518
    endloop
  endfacet
  facet normal -0.73228 0 0.681004
    outer loop
      vertex -79.2566 -65.5 19.9862
      vertex -78.9166 -55.5 20.3518
      vertex -79.2566 -55.5 19.9862
    endloop
  endfacet
  facet normal -0.73228 0 0.681004
    outer loop
      vertex -78.9166 -55.5 20.3518
      vertex -79.2566 -65.5 19.9862
      vertex -78.9166 -65.5 20.3518
    endloop
  endfacet
  facet normal -0.877873 0 0.478894
    outer loop
      vertex -80.9521 55.5 17.5256
      vertex -80.713 65.5 17.9639
      vertex -80.9521 65.5 17.5256
    endloop
  endfacet
  facet normal -0.877873 0 0.478894
    outer loop
      vertex -80.713 65.5 17.9639
      vertex -80.9521 55.5 17.5256
      vertex -80.713 55.5 17.9639
    endloop
  endfacet
  facet normal -0.877873 0 0.478894
    outer loop
      vertex -80.9521 -65.5 17.5256
      vertex -80.713 -55.5 17.9639
      vertex -80.9521 -55.5 17.5256
    endloop
  endfacet
  facet normal -0.877873 0 0.478894
    outer loop
      vertex -80.713 -55.5 17.9639
      vertex -80.9521 -65.5 17.5256
      vertex -80.713 -65.5 17.9639
    endloop
  endfacet
  facet normal -0.978446 0 0.206505
    outer loop
      vertex -82.0902 -65.5 14.2339
      vertex -81.9871 -55.5 14.7224
      vertex -82.0902 -55.5 14.2339
    endloop
  endfacet
  facet normal -0.978446 0 0.206505
    outer loop
      vertex -81.9871 -55.5 14.7224
      vertex -82.0902 -65.5 14.2339
      vertex -81.9871 -65.5 14.7224
    endloop
  endfacet
  facet normal -0.978446 0 0.206505
    outer loop
      vertex -82.0902 55.5 14.2339
      vertex -81.9871 65.5 14.7224
      vertex -82.0902 65.5 14.2339
    endloop
  endfacet
  facet normal -0.978446 0 0.206505
    outer loop
      vertex -81.9871 65.5 14.7224
      vertex -82.0902 55.5 14.2339
      vertex -81.9871 55.5 14.7224
    endloop
  endfacet
  facet normal 0.375496 0 0.926824
    outer loop
      vertex -66.0268 -60.7 23.2134
      vertex -65.564 -65.5 23.0259
      vertex -65.564 -60.7 23.0259
    endloop
  endfacet
  facet normal 0.375496 0 0.926824
    outer loop
      vertex -65.564 -65.5 23.0259
      vertex -66.0268 -60.7 23.2134
      vertex -66.0268 -65.5 23.2134
    endloop
  endfacet
  facet normal 0.375496 0 0.926824
    outer loop
      vertex -66.0268 65.5 23.2134
      vertex -65.564 60.7 23.0259
      vertex -65.564 65.5 23.0259
    endloop
  endfacet
  facet normal 0.375496 0 0.926824
    outer loop
      vertex -65.564 60.7 23.0259
      vertex -66.0268 65.5 23.2134
      vertex -66.0268 60.7 23.2134
    endloop
  endfacet
  facet normal 0.951684 -0 0.307079
    outer loop
      vertex -58.9588 60.7 15.9212
      vertex -58.8055 65.5 15.4461
      vertex -58.9588 65.5 15.9212
    endloop
  endfacet
  facet normal 0.951684 0 0.307079
    outer loop
      vertex -58.8055 65.5 15.4461
      vertex -58.9588 60.7 15.9212
      vertex -58.8055 60.7 15.4461
    endloop
  endfacet
  facet normal 0.951684 -0 0.307079
    outer loop
      vertex -58.9588 -65.5 15.9212
      vertex -58.8055 -60.7 15.4461
      vertex -58.9588 -60.7 15.9212
    endloop
  endfacet
  facet normal 0.951684 0 0.307079
    outer loop
      vertex -58.8055 -60.7 15.4461
      vertex -58.9588 -65.5 15.9212
      vertex -58.8055 -65.5 15.4461
    endloop
  endfacet
  facet normal -0.703593 0 0.710603
    outer loop
      vertex -78.9166 -55.5 20.3518
      vertex -78.5618 -65.5 20.7031
      vertex -78.5618 -55.5 20.7031
    endloop
  endfacet
  facet normal -0.703593 0 0.710603
    outer loop
      vertex -78.5618 -65.5 20.7031
      vertex -78.9166 -55.5 20.3518
      vertex -78.9166 -65.5 20.3518
    endloop
  endfacet
  facet normal -0.703593 0 0.710603
    outer loop
      vertex -78.9166 65.5 20.3518
      vertex -78.5618 55.5 20.7031
      vertex -78.5618 65.5 20.7031
    endloop
  endfacet
  facet normal -0.703593 0 0.710603
    outer loop
      vertex -78.5618 55.5 20.7031
      vertex -78.9166 65.5 20.3518
      vertex -78.9166 55.5 20.3518
    endloop
  endfacet
  facet normal -0.999132 0 -0.0416555
    outer loop
      vertex -82.2766 -65.5 11.2515
      vertex -82.2974 65.5 11.7504
      vertex -82.2766 65.5 11.2515
    endloop
  endfacet
  facet normal -0.999132 -0 -0.0416555
    outer loop
      vertex -82.2974 65.5 11.7504
      vertex -82.2766 -65.5 11.2515
      vertex -82.2974 -65.5 11.7504
    endloop
  endfacet
  facet normal 0.799086 -0 0.601217
    outer loop
      vertex -60.8627 -65.5 19.412
      vertex -60.5625 -60.7 19.013
      vertex -60.8627 -60.7 19.412
    endloop
  endfacet
  facet normal 0.799086 0 0.601217
    outer loop
      vertex -60.5625 -60.7 19.013
      vertex -60.8627 -65.5 19.412
      vertex -60.5625 -65.5 19.013
    endloop
  endfacet
  facet normal 0.799086 -0 0.601217
    outer loop
      vertex -60.8627 60.7 19.412
      vertex -60.5625 65.5 19.013
      vertex -60.8627 65.5 19.412
    endloop
  endfacet
  facet normal 0.799086 0 0.601217
    outer loop
      vertex -60.5625 65.5 19.013
      vertex -60.8627 60.7 19.412
      vertex -60.5625 60.7 19.013
    endloop
  endfacet
  facet normal 0.98943 0 0.14501
    outer loop
      vertex -58.4658 65.5 13.9881
      vertex -58.3934 63.9387 13.4941
      vertex -58.3934 65.5 13.4941
    endloop
  endfacet
  facet normal 0.989423 -1.56201e-05 0.145058
    outer loop
      vertex -58.4658 65.5 13.9881
      vertex -58.4307 63.7631 13.7485
      vertex -58.3934 63.9387 13.4941
    endloop
  endfacet
  facet normal 0.989429 -9.57325e-06 0.145015
    outer loop
      vertex -58.4658 65.5 13.9881
      vertex -58.4633 63.3393 13.9709
      vertex -58.4307 63.7631 13.7485
    endloop
  endfacet
  facet normal 0.989601 0 0.143837
    outer loop
      vertex -58.4658 65.5 13.9881
      vertex -58.4633 62.8607 13.9709
      vertex -58.4633 63.3393 13.9709
    endloop
  endfacet
  facet normal 0.989601 -0 0.143837
    outer loop
      vertex -58.4658 60.7 13.9881
      vertex -58.4633 62.8607 13.9709
      vertex -58.4658 65.5 13.9881
    endloop
  endfacet
  facet normal 0.989429 9.57325e-06 0.145015
    outer loop
      vertex -58.4658 60.7 13.9881
      vertex -58.4307 62.4369 13.7485
      vertex -58.4633 62.8607 13.9709
    endloop
  endfacet
  facet normal 0.989423 1.56201e-05 0.145058
    outer loop
      vertex -58.4658 60.7 13.9881
      vertex -58.3934 62.2613 13.4941
      vertex -58.4307 62.4369 13.7485
    endloop
  endfacet
  facet normal 0.98943 0 0.14501
    outer loop
      vertex -58.3934 62.2613 13.4941
      vertex -58.4658 60.7 13.9881
      vertex -58.3934 60.7 13.4941
    endloop
  endfacet
  facet normal 0.98943 0 0.14501
    outer loop
      vertex -58.4658 -60.7 13.9881
      vertex -58.3934 -62.2613 13.4941
      vertex -58.3934 -60.7 13.4941
    endloop
  endfacet
  facet normal 0.989423 -1.56201e-05 0.145058
    outer loop
      vertex -58.4658 -60.7 13.9881
      vertex -58.4307 -62.4369 13.7485
      vertex -58.3934 -62.2613 13.4941
    endloop
  endfacet
  facet normal 0.989429 -9.57325e-06 0.145015
    outer loop
      vertex -58.4658 -60.7 13.9881
      vertex -58.4633 -62.8607 13.9709
      vertex -58.4307 -62.4369 13.7485
    endloop
  endfacet
  facet normal 0.989601 0 0.143837
    outer loop
      vertex -58.4658 -60.7 13.9881
      vertex -58.4633 -63.3393 13.9709
      vertex -58.4633 -62.8607 13.9709
    endloop
  endfacet
  facet normal 0.989601 -0 0.143837
    outer loop
      vertex -58.4658 -65.5 13.9881
      vertex -58.4633 -63.3393 13.9709
      vertex -58.4658 -60.7 13.9881
    endloop
  endfacet
  facet normal 0.989429 9.57325e-06 0.145015
    outer loop
      vertex -58.4658 -65.5 13.9881
      vertex -58.4307 -63.7631 13.7485
      vertex -58.4633 -63.3393 13.9709
    endloop
  endfacet
  facet normal 0.989423 1.56201e-05 0.145058
    outer loop
      vertex -58.4658 -65.5 13.9881
      vertex -58.3934 -63.9387 13.4941
      vertex -58.4307 -63.7631 13.7485
    endloop
  endfacet
  facet normal 0.98943 0 0.14501
    outer loop
      vertex -58.3934 -63.9387 13.4941
      vertex -58.4658 -65.5 13.9881
      vertex -58.3934 -65.5 13.4941
    endloop
  endfacet
  facet normal -0.811413 0 0.584474
    outer loop
      vertex -80.1813 -65.5 18.8089
      vertex -79.8895 -55.5 19.214
      vertex -80.1813 -55.5 18.8089
    endloop
  endfacet
  facet normal -0.811413 0 0.584474
    outer loop
      vertex -79.8895 -55.5 19.214
      vertex -80.1813 -65.5 18.8089
      vertex -79.8895 -65.5 19.214
    endloop
  endfacet
  facet normal -0.811413 0 0.584474
    outer loop
      vertex -80.1813 55.5 18.8089
      vertex -79.8895 65.5 19.214
      vertex -80.1813 65.5 18.8089
    endloop
  endfacet
  facet normal -0.811413 0 0.584474
    outer loop
      vertex -79.8895 65.5 19.214
      vertex -80.1813 55.5 18.8089
      vertex -79.8895 55.5 19.214
    endloop
  endfacet
  facet normal -0.914678 0 -0.404183
    outer loop
      vertex -81.1728 -65.5 6.9223
      vertex -81.3746 65.5 7.37898
      vertex -81.1728 65.5 6.9223
    endloop
  endfacet
  facet normal -0.914678 -0 -0.404183
    outer loop
      vertex -81.3746 65.5 7.37898
      vertex -81.1728 -65.5 6.9223
      vertex -81.3746 -65.5 7.37898
    endloop
  endfacet
  facet normal 0.0104161 0 0.999946
    outer loop
      vertex -70.4248 65.5 23.9994
      vertex -69.9256 60.7 23.9942
      vertex -69.9256 65.5 23.9942
    endloop
  endfacet
  facet normal 0.0104161 0 0.999946
    outer loop
      vertex -69.9256 60.7 23.9942
      vertex -70.4248 65.5 23.9994
      vertex -70.4248 60.7 23.9994
    endloop
  endfacet
  facet normal 0.0104161 0 0.999946
    outer loop
      vertex -70.4248 -60.7 23.9994
      vertex -69.9256 -65.5 23.9942
      vertex -69.9256 -60.7 23.9942
    endloop
  endfacet
  facet normal 0.0104161 0 0.999946
    outer loop
      vertex -69.9256 -65.5 23.9942
      vertex -70.4248 -60.7 23.9994
      vertex -70.4248 -65.5 23.9994
    endloop
  endfacet
  facet normal 0.657611 0 0.753358
    outer loop
      vertex -62.5972 65.5 21.2014
      vertex -62.2211 60.7 20.8731
      vertex -62.2211 65.5 20.8731
    endloop
  endfacet
  facet normal 0.657611 0 0.753358
    outer loop
      vertex -62.2211 60.7 20.8731
      vertex -62.5972 65.5 21.2014
      vertex -62.5972 60.7 21.2014
    endloop
  endfacet
  facet normal 0.657611 0 0.753358
    outer loop
      vertex -62.5972 -60.7 21.2014
      vertex -62.2211 -65.5 20.8731
      vertex -62.2211 -60.7 20.8731
    endloop
  endfacet
  facet normal 0.657611 0 0.753358
    outer loop
      vertex -62.2211 -65.5 20.8731
      vertex -62.5972 -60.7 21.2014
      vertex -62.5972 -65.5 21.2014
    endloop
  endfacet
  facet normal 0.451215 0 0.892415
    outer loop
      vertex -65.1095 -60.7 22.8194
      vertex -64.6639 -65.5 22.5941
      vertex -64.6639 -60.7 22.5941
    endloop
  endfacet
  facet normal 0.451215 0 0.892415
    outer loop
      vertex -64.6639 -65.5 22.5941
      vertex -65.1095 -60.7 22.8194
      vertex -65.1095 -65.5 22.8194
    endloop
  endfacet
  facet normal 0.451215 0 0.892415
    outer loop
      vertex -65.1095 65.5 22.8194
      vertex -64.6639 60.7 22.5941
      vertex -64.6639 65.5 22.5941
    endloop
  endfacet
  facet normal 0.451215 0 0.892415
    outer loop
      vertex -64.6639 60.7 22.5941
      vertex -65.1095 65.5 22.8194
      vertex -65.1095 60.7 22.8194
    endloop
  endfacet
  facet normal -0.969025 0 0.246963
    outer loop
      vertex -81.9871 -65.5 14.7224
      vertex -81.8638 -55.5 15.2062
      vertex -81.9871 -55.5 14.7224
    endloop
  endfacet
  facet normal -0.969025 0 0.246963
    outer loop
      vertex -81.8638 -55.5 15.2062
      vertex -81.9871 -65.5 14.7224
      vertex -81.8638 -65.5 15.2062
    endloop
  endfacet
  facet normal -0.969025 0 0.246963
    outer loop
      vertex -81.9871 55.5 14.7224
      vertex -81.8638 65.5 15.2062
      vertex -81.9871 65.5 14.7224
    endloop
  endfacet
  facet normal -0.969025 0 0.246963
    outer loop
      vertex -81.8638 65.5 15.2062
      vertex -81.9871 55.5 14.7224
      vertex -81.8638 55.5 15.2062
    endloop
  endfacet
  facet normal -0.992236 0 0.124372
    outer loop
      vertex -82.2215 64.035 13.3546
      vertex -82.2351 65.5 13.2461
      vertex -82.2351 64.0482 13.2461
    endloop
  endfacet
  facet normal -0.992235 5.60537e-07 0.12438
    outer loop
      vertex -82.2351 65.5 13.2461
      vertex -82.2215 64.035 13.3546
      vertex -82.173 65.5 13.7415
    endloop
  endfacet
  facet normal -0.992234 0 0.124382
    outer loop
      vertex -82.173 65.5 13.7415
      vertex -82.2215 64.035 13.3546
      vertex -82.173 63.768 13.7415
    endloop
  endfacet
  facet normal -0.992236 0 0.124372
    outer loop
      vertex -82.2351 -65.5 13.2461
      vertex -82.2215 -64.035 13.3546
      vertex -82.2351 -64.0482 13.2461
    endloop
  endfacet
  facet normal -0.992235 -5.60537e-07 0.12438
    outer loop
      vertex -82.173 -65.5 13.7415
      vertex -82.2215 -64.035 13.3546
      vertex -82.2351 -65.5 13.2461
    endloop
  endfacet
  facet normal -0.992234 0 0.124382
    outer loop
      vertex -82.2215 -64.035 13.3546
      vertex -82.173 -65.5 13.7415
      vertex -82.173 -63.768 13.7415
    endloop
  endfacet
  facet normal -0.992235 0 0.12438
    outer loop
      vertex -82.173 55.5 13.7415
      vertex -82.2351 62.1518 13.2461
      vertex -82.2351 55.5 13.2461
    endloop
  endfacet
  facet normal -0.992236 -5.58615e-07 0.124372
    outer loop
      vertex -82.2351 62.1518 13.2461
      vertex -82.173 55.5 13.7415
      vertex -82.2215 62.165 13.3546
    endloop
  endfacet
  facet normal -0.992234 0 0.124382
    outer loop
      vertex -82.2215 62.165 13.3546
      vertex -82.173 55.5 13.7415
      vertex -82.173 62.432 13.7415
    endloop
  endfacet
  facet normal -0.992235 0 0.12438
    outer loop
      vertex -82.2351 -62.1518 13.2461
      vertex -82.173 -55.5 13.7415
      vertex -82.2351 -55.5 13.2461
    endloop
  endfacet
  facet normal -0.992236 5.58615e-07 0.124372
    outer loop
      vertex -82.2215 -62.165 13.3546
      vertex -82.173 -55.5 13.7415
      vertex -82.2351 -62.1518 13.2461
    endloop
  endfacet
  facet normal -0.992234 0 0.124382
    outer loop
      vertex -82.173 -55.5 13.7415
      vertex -82.2215 -62.165 13.3546
      vertex -82.173 -62.432 13.7415
    endloop
  endfacet
  facet normal 0.093533 0 0.995616
    outer loop
      vertex -69.4269 -60.7 23.9682
      vertex -68.9298 -65.5 23.9215
      vertex -68.9298 -60.7 23.9215
    endloop
  endfacet
  facet normal 0.093533 0 0.995616
    outer loop
      vertex -68.9298 -65.5 23.9215
      vertex -69.4269 -60.7 23.9682
      vertex -69.4269 -65.5 23.9682
    endloop
  endfacet
  facet normal 0.093533 0 0.995616
    outer loop
      vertex -69.4269 65.5 23.9682
      vertex -68.9298 60.7 23.9215
      vertex -68.9298 65.5 23.9215
    endloop
  endfacet
  facet normal 0.093533 0 0.995616
    outer loop
      vertex -68.9298 60.7 23.9215
      vertex -69.4269 65.5 23.9682
      vertex -69.4269 60.7 23.9682
    endloop
  endfacet
  facet normal -0.19627 0 0.98055
    outer loop
      vertex -72.9007 65.5 23.7148
      vertex -72.4111 60.7 23.8128
      vertex -72.4111 65.5 23.8128
    endloop
  endfacet
  facet normal -0.19627 0 0.98055
    outer loop
      vertex -72.4111 60.7 23.8128
      vertex -72.9007 65.5 23.7148
      vertex -72.9007 60.7 23.7148
    endloop
  endfacet
  facet normal -0.19627 0 0.98055
    outer loop
      vertex -72.9007 -60.7 23.7148
      vertex -72.4111 -65.5 23.8128
      vertex -72.4111 -60.7 23.8128
    endloop
  endfacet
  facet normal -0.19627 0 0.98055
    outer loop
      vertex -72.4111 -65.5 23.8128
      vertex -72.9007 -60.7 23.7148
      vertex -72.9007 -65.5 23.7148
    endloop
  endfacet
  facet normal -0.857228 0 0.514937
    outer loop
      vertex -80.713 -65.5 17.9639
      vertex -80.4559 -55.5 18.3919
      vertex -80.713 -55.5 17.9639
    endloop
  endfacet
  facet normal -0.857228 0 0.514937
    outer loop
      vertex -80.4559 -55.5 18.3919
      vertex -80.713 -65.5 17.9639
      vertex -80.4559 -65.5 18.3919
    endloop
  endfacet
  facet normal -0.857228 0 0.514937
    outer loop
      vertex -80.713 55.5 17.9639
      vertex -80.4559 65.5 18.3919
      vertex -80.713 65.5 17.9639
    endloop
  endfacet
  facet normal -0.857228 0 0.514937
    outer loop
      vertex -80.4559 65.5 18.3919
      vertex -80.713 55.5 17.9639
      vertex -80.4559 55.5 18.3919
    endloop
  endfacet
  facet normal 0.175853 0 0.984416
    outer loop
      vertex -68.4351 65.5 23.8542
      vertex -67.9436 60.7 23.7664
      vertex -67.9436 65.5 23.7664
    endloop
  endfacet
  facet normal 0.175853 0 0.984416
    outer loop
      vertex -67.9436 60.7 23.7664
      vertex -68.4351 65.5 23.8542
      vertex -68.4351 60.7 23.8542
    endloop
  endfacet
  facet normal 0.175853 0 0.984416
    outer loop
      vertex -68.4351 -60.7 23.8542
      vertex -67.9436 -65.5 23.7664
      vertex -67.9436 -60.7 23.7664
    endloop
  endfacet
  facet normal 0.175853 0 0.984416
    outer loop
      vertex -67.9436 -65.5 23.7664
      vertex -68.4351 -60.7 23.8542
      vertex -68.4351 -65.5 23.8542
    endloop
  endfacet
  facet normal -0.897016 0 0.441999
    outer loop
      vertex -81.1728 55.5 17.0777
      vertex -80.9521 65.5 17.5256
      vertex -81.1728 65.5 17.0777
    endloop
  endfacet
  facet normal -0.897016 0 0.441999
    outer loop
      vertex -80.9521 65.5 17.5256
      vertex -81.1728 55.5 17.0777
      vertex -80.9521 55.5 17.5256
    endloop
  endfacet
  facet normal -0.897016 0 0.441999
    outer loop
      vertex -81.1728 -65.5 17.0777
      vertex -80.9521 -55.5 17.5256
      vertex -81.1728 -55.5 17.0777
    endloop
  endfacet
  facet normal -0.897016 0 0.441999
    outer loop
      vertex -80.9521 -55.5 17.5256
      vertex -81.1728 -65.5 17.0777
      vertex -80.9521 -65.5 17.5256
    endloop
  endfacet
  facet normal -0.835143 0 -0.550032
    outer loop
      vertex -80.1813 -65.5 5.19113
      vertex -80.4559 65.5 5.60807
      vertex -80.1813 65.5 5.19113
    endloop
  endfacet
  facet normal -0.835143 -0 -0.550032
    outer loop
      vertex -80.4559 65.5 5.60807
      vertex -80.1813 -65.5 5.19113
      vertex -80.4559 -65.5 5.60807
    endloop
  endfacet
  facet normal -0.945057 0 0.326904
    outer loop
      vertex -81.7204 55.5 15.6845
      vertex -81.5572 65.5 16.1563
      vertex -81.7204 65.5 15.6845
    endloop
  endfacet
  facet normal -0.945057 0 0.326904
    outer loop
      vertex -81.5572 65.5 16.1563
      vertex -81.7204 55.5 15.6845
      vertex -81.5572 55.5 16.1563
    endloop
  endfacet
  facet normal -0.945057 0 0.326904
    outer loop
      vertex -81.7204 -65.5 15.6845
      vertex -81.5572 -55.5 16.1563
      vertex -81.7204 -55.5 15.6845
    endloop
  endfacet
  facet normal -0.945057 0 0.326904
    outer loop
      vertex -81.5572 -55.5 16.1563
      vertex -81.7204 -65.5 15.6845
      vertex -81.5572 -65.5 16.1563
    endloop
  endfacet
  facet normal -0.317009 0 0.948423
    outer loop
      vertex -74.339 -60.7 23.2998
      vertex -73.8654 -65.5 23.4581
      vertex -73.8654 -60.7 23.4581
    endloop
  endfacet
  facet normal -0.317009 0 0.948423
    outer loop
      vertex -73.8654 -65.5 23.4581
      vertex -74.339 -60.7 23.2998
      vertex -74.339 -65.5 23.2998
    endloop
  endfacet
  facet normal -0.317009 0 0.948423
    outer loop
      vertex -74.339 65.5 23.2998
      vertex -73.8654 60.7 23.4581
      vertex -73.8654 65.5 23.4581
    endloop
  endfacet
  facet normal -0.317009 0 0.948423
    outer loop
      vertex -73.8654 60.7 23.4581
      vertex -74.339 65.5 23.2998
      vertex -74.339 60.7 23.2998
    endloop
  endfacet
  facet normal 0.823481 -0 0.567344
    outer loop
      vertex -60.5625 60.7 19.013
      vertex -60.2792 65.5 18.6018
      vertex -60.5625 65.5 19.013
    endloop
  endfacet
  facet normal 0.823481 0 0.567344
    outer loop
      vertex -60.2792 65.5 18.6018
      vertex -60.5625 60.7 19.013
      vertex -60.2792 60.7 18.6018
    endloop
  endfacet
  facet normal 0.823481 -0 0.567344
    outer loop
      vertex -60.5625 -65.5 19.013
      vertex -60.2792 -60.7 18.6018
      vertex -60.5625 -60.7 19.013
    endloop
  endfacet
  facet normal 0.823481 0 0.567344
    outer loop
      vertex -60.2792 -60.7 18.6018
      vertex -60.5625 -65.5 19.013
      vertex -60.2792 -65.5 18.6018
    endloop
  endfacet
  facet normal 0.963655 -0 0.267148
    outer loop
      vertex -58.8055 60.7 15.4461
      vertex -58.6721 65.5 14.9649
      vertex -58.8055 65.5 15.4461
    endloop
  endfacet
  facet normal 0.963655 0 0.267148
    outer loop
      vertex -58.6721 65.5 14.9649
      vertex -58.8055 60.7 15.4461
      vertex -58.6721 60.7 14.9649
    endloop
  endfacet
  facet normal 0.963655 -0 0.267148
    outer loop
      vertex -58.8055 -65.5 15.4461
      vertex -58.6721 -60.7 14.9649
      vertex -58.8055 -60.7 15.4461
    endloop
  endfacet
  facet normal 0.963655 0 0.267148
    outer loop
      vertex -58.6721 -60.7 14.9649
      vertex -58.8055 -65.5 15.4461
      vertex -58.6721 -65.5 14.9649
    endloop
  endfacet
  facet normal -0.957869 0 -0.287205
    outer loop
      vertex -81.7204 -65.5 8.31555
      vertex -81.8638 65.5 8.79381
      vertex -81.7204 65.5 8.31555
    endloop
  endfacet
  facet normal -0.957869 -0 -0.287205
    outer loop
      vertex -81.8638 65.5 8.79381
      vertex -81.7204 -65.5 8.31555
      vertex -81.8638 -65.5 8.79381
    endloop
  endfacet
  facet normal 0.59283 0 0.805328
    outer loop
      vertex -63.3887 -60.7 21.8099
      vertex -62.9866 -65.5 21.5139
      vertex -62.9866 -60.7 21.5139
    endloop
  endfacet
  facet normal 0.59283 0 0.805328
    outer loop
      vertex -62.9866 -65.5 21.5139
      vertex -63.3887 -60.7 21.8099
      vertex -63.3887 -65.5 21.8099
    endloop
  endfacet
  facet normal 0.59283 0 0.805328
    outer loop
      vertex -63.3887 65.5 21.8099
      vertex -62.9866 60.7 21.5139
      vertex -62.9866 65.5 21.5139
    endloop
  endfacet
  facet normal 0.59283 0 0.805328
    outer loop
      vertex -62.9866 60.7 21.5139
      vertex -63.3887 65.5 21.8099
      vertex -63.3887 60.7 21.8099
    endloop
  endfacet
  facet normal 0.887679 -0 0.460463
    outer loop
      vertex -59.7651 -65.5 17.746
      vertex -59.5352 -60.7 17.3028
      vertex -59.7651 -60.7 17.746
    endloop
  endfacet
  facet normal 0.887679 0 0.460463
    outer loop
      vertex -59.5352 -60.7 17.3028
      vertex -59.7651 -65.5 17.746
      vertex -59.5352 -65.5 17.3028
    endloop
  endfacet
  facet normal 0.887679 -0 0.460463
    outer loop
      vertex -59.7651 60.7 17.746
      vertex -59.5352 65.5 17.3028
      vertex -59.7651 65.5 17.746
    endloop
  endfacet
  facet normal 0.887679 0 0.460463
    outer loop
      vertex -59.5352 65.5 17.3028
      vertex -59.7651 60.7 17.746
      vertex -59.5352 60.7 17.3028
    endloop
  endfacet
  facet normal -0.760034 0 0.649884
    outer loop
      vertex -79.5811 55.5 19.6067
      vertex -79.2566 65.5 19.9862
      vertex -79.5811 65.5 19.6067
    endloop
  endfacet
  facet normal -0.760034 0 0.649884
    outer loop
      vertex -79.2566 65.5 19.9862
      vertex -79.5811 55.5 19.6067
      vertex -79.2566 55.5 19.9862
    endloop
  endfacet
  facet normal -0.760034 0 0.649884
    outer loop
      vertex -79.5811 -65.5 19.6067
      vertex -79.2566 -55.5 19.9862
      vertex -79.5811 -55.5 19.6067
    endloop
  endfacet
  facet normal -0.760034 0 0.649884
    outer loop
      vertex -79.2566 -55.5 19.9862
      vertex -79.5811 -65.5 19.6067
      vertex -79.2566 -65.5 19.9862
    endloop
  endfacet
  facet normal 0.982503 -0 0.186247
    outer loop
      vertex -58.5588 60.7 14.4787
      vertex -58.4658 65.5 13.9881
      vertex -58.5588 65.5 14.4787
    endloop
  endfacet
  facet normal 0.982503 0 0.186247
    outer loop
      vertex -58.4658 65.5 13.9881
      vertex -58.5588 60.7 14.4787
      vertex -58.4658 60.7 13.9881
    endloop
  endfacet
  facet normal 0.982503 -0 0.186247
    outer loop
      vertex -58.5588 -65.5 14.4787
      vertex -58.4658 -60.7 13.9881
      vertex -58.5588 -60.7 14.4787
    endloop
  endfacet
  facet normal 0.982503 0 0.186247
    outer loop
      vertex -58.4658 -60.7 13.9881
      vertex -58.5588 -65.5 14.4787
      vertex -58.4658 -65.5 13.9881
    endloop
  endfacet
  facet normal -0.986155 0 0.165828
    outer loop
      vertex -82.173 63.768 13.7415
      vertex -82.0902 65.5 14.2339
      vertex -82.173 65.5 13.7415
    endloop
  endfacet
  facet normal -0.985711 -0.000764876 0.168444
    outer loop
      vertex -82.1718 63.7631 13.7485
      vertex -82.0902 65.5 14.2339
      vertex -82.173 63.768 13.7415
    endloop
  endfacet
  facet normal -0.986156 -1.01947e-05 0.165818
    outer loop
      vertex -82.1344 63.3393 13.9709
      vertex -82.0902 65.5 14.2339
      vertex -82.1718 63.7631 13.7485
    endloop
  endfacet
  facet normal -0.98617 0 0.165737
    outer loop
      vertex -82.1344 62.8607 13.9709
      vertex -82.0902 65.5 14.2339
      vertex -82.1344 63.3393 13.9709
    endloop
  endfacet
  facet normal -0.986155 0 0.165828
    outer loop
      vertex -82.0902 55.5 14.2339
      vertex -82.173 62.432 13.7415
      vertex -82.173 55.5 13.7415
    endloop
  endfacet
  facet normal -0.985648 0.000218273 0.168815
    outer loop
      vertex -82.173 62.432 13.7415
      vertex -82.0902 55.5 14.2339
      vertex -82.1718 62.4369 13.7485
    endloop
  endfacet
  facet normal -0.986154 3.45172e-06 0.165831
    outer loop
      vertex -82.1718 62.4369 13.7485
      vertex -82.0902 55.5 14.2339
      vertex -82.1344 62.8607 13.9709
    endloop
  endfacet
  facet normal -0.98617 0 0.165737
    outer loop
      vertex -82.1344 62.8607 13.9709
      vertex -82.0902 55.5 14.2339
      vertex -82.0902 65.5 14.2339
    endloop
  endfacet
  facet normal -0.986155 0 0.165828
    outer loop
      vertex -82.173 -62.432 13.7415
      vertex -82.0902 -55.5 14.2339
      vertex -82.173 -55.5 13.7415
    endloop
  endfacet
  facet normal -0.985648 -0.000218273 0.168815
    outer loop
      vertex -82.1718 -62.4369 13.7485
      vertex -82.0902 -55.5 14.2339
      vertex -82.173 -62.432 13.7415
    endloop
  endfacet
  facet normal -0.986154 -3.45172e-06 0.165831
    outer loop
      vertex -82.1344 -62.8607 13.9709
      vertex -82.0902 -55.5 14.2339
      vertex -82.1718 -62.4369 13.7485
    endloop
  endfacet
  facet normal -0.98617 0 0.165737
    outer loop
      vertex -82.0902 -65.5 14.2339
      vertex -82.1344 -62.8607 13.9709
      vertex -82.1344 -63.3393 13.9709
    endloop
  endfacet
  facet normal -0.986155 0 0.165828
    outer loop
      vertex -82.0902 -65.5 14.2339
      vertex -82.173 -63.768 13.7415
      vertex -82.173 -65.5 13.7415
    endloop
  endfacet
  facet normal -0.985711 0.000764876 0.168444
    outer loop
      vertex -82.173 -63.768 13.7415
      vertex -82.0902 -65.5 14.2339
      vertex -82.1718 -63.7631 13.7485
    endloop
  endfacet
  facet normal -0.98617 0 0.165737
    outer loop
      vertex -82.1344 -62.8607 13.9709
      vertex -82.0902 -65.5 14.2339
      vertex -82.0902 -55.5 14.2339
    endloop
  endfacet
  facet normal -0.986156 1.01947e-05 0.165818
    outer loop
      vertex -82.1718 -63.7631 13.7485
      vertex -82.0902 -65.5 14.2339
      vertex -82.1344 -63.3393 13.9709
    endloop
  endfacet
  facet normal 0.998058 -4.58426e-05 0.062291
    outer loop
      vertex -58.3415 65.5 12.9975
      vertex -58.3342 64.0927 12.8795
      vertex -58.3104 65.5 12.4992
    endloop
  endfacet
  facet normal 0.998092 0 0.0617464
    outer loop
      vertex -58.3342 64.0927 12.8795
      vertex -58.3415 65.5 12.9975
      vertex -58.3415 64.0784 12.9975
    endloop
  endfacet
  facet normal 0.998047 0 0.06246
    outer loop
      vertex -58.3104 65.5 12.4992
      vertex -58.3342 64.0927 12.8795
      vertex -58.3104 63.9485 12.4992
    endloop
  endfacet
  facet normal 0.998092 0 0.0617464
    outer loop
      vertex -58.3415 -64.0784 12.9975
      vertex -58.3415 -65.5 12.9975
      vertex -58.3342 -64.0927 12.8795
    endloop
  endfacet
  facet normal 0.998058 4.58426e-05 0.062291
    outer loop
      vertex -58.3104 -65.5 12.4992
      vertex -58.3342 -64.0927 12.8795
      vertex -58.3415 -65.5 12.9975
    endloop
  endfacet
  facet normal 0.998047 0 0.06246
    outer loop
      vertex -58.3342 -64.0927 12.8795
      vertex -58.3104 -65.5 12.4992
      vertex -58.3104 -63.9485 12.4992
    endloop
  endfacet
  facet normal 0.998092 0 0.0617464
    outer loop
      vertex -58.3415 62.1216 12.9975
      vertex -58.3415 60.7 12.9975
      vertex -58.3342 62.1073 12.8795
    endloop
  endfacet
  facet normal 0.998058 4.58426e-05 0.062291
    outer loop
      vertex -58.3104 60.7 12.4992
      vertex -58.3342 62.1073 12.8795
      vertex -58.3415 60.7 12.9975
    endloop
  endfacet
  facet normal 0.998047 0 0.06246
    outer loop
      vertex -58.3342 62.1073 12.8795
      vertex -58.3104 60.7 12.4992
      vertex -58.3104 62.2515 12.4992
    endloop
  endfacet
  facet normal 0.998058 -4.58426e-05 0.062291
    outer loop
      vertex -58.3415 -60.7 12.9975
      vertex -58.3342 -62.1073 12.8795
      vertex -58.3104 -60.7 12.4992
    endloop
  endfacet
  facet normal 0.998092 0 0.0617464
    outer loop
      vertex -58.3342 -62.1073 12.8795
      vertex -58.3415 -60.7 12.9975
      vertex -58.3415 -62.1216 12.9975
    endloop
  endfacet
  facet normal 0.998047 0 0.06246
    outer loop
      vertex -58.3104 -60.7 12.4992
      vertex -58.3342 -62.1073 12.8795
      vertex -58.3104 -62.2515 12.4992
    endloop
  endfacet
  facet normal 0.488073 0 0.872803
    outer loop
      vertex -64.6639 -60.7 22.5941
      vertex -64.2281 -65.5 22.3504
      vertex -64.2281 -60.7 22.3504
    endloop
  endfacet
  facet normal 0.488073 0 0.872803
    outer loop
      vertex -64.2281 -65.5 22.3504
      vertex -64.6639 -60.7 22.5941
      vertex -64.6639 -65.5 22.5941
    endloop
  endfacet
  facet normal 0.488073 0 0.872803
    outer loop
      vertex -64.6639 65.5 22.5941
      vertex -64.2281 60.7 22.3504
      vertex -64.2281 65.5 22.3504
    endloop
  endfacet
  facet normal 0.488073 0 0.872803
    outer loop
      vertex -64.2281 60.7 22.3504
      vertex -64.6639 65.5 22.5941
      vertex -64.6639 60.7 22.5941
    endloop
  endfacet
  facet normal -0.999132 0 0.0416555
    outer loop
      vertex -82.2974 65.5 12.2496
      vertex -82.2766 64.043 12.7485
      vertex -82.2766 65.5 12.7485
    endloop
  endfacet
  facet normal -0.999132 3.8343e-07 0.0416567
    outer loop
      vertex -82.2974 65.5 12.2496
      vertex -82.2898 63.923 12.4319
      vertex -82.2766 64.043 12.7485
    endloop
  endfacet
  facet normal -0.999132 0 0.0416533
    outer loop
      vertex -82.2898 63.923 12.4319
      vertex -82.2974 65.5 12.2496
      vertex -82.2974 63.7172 12.2496
    endloop
  endfacet
  facet normal -0.999132 0 0.0416533
    outer loop
      vertex -82.2974 -65.5 12.2496
      vertex -82.2898 -63.923 12.4319
      vertex -82.2974 -63.7172 12.2496
    endloop
  endfacet
  facet normal -0.999132 -3.8343e-07 0.0416567
    outer loop
      vertex -82.2974 -65.5 12.2496
      vertex -82.2766 -64.043 12.7485
      vertex -82.2898 -63.923 12.4319
    endloop
  endfacet
  facet normal -0.999132 0 0.0416555
    outer loop
      vertex -82.2766 -64.043 12.7485
      vertex -82.2974 -65.5 12.2496
      vertex -82.2766 -65.5 12.7485
    endloop
  endfacet
  facet normal -0.999132 0 0.0416533
    outer loop
      vertex -82.2974 55.5 12.2496
      vertex -82.2898 62.277 12.4319
      vertex -82.2974 62.4828 12.2496
    endloop
  endfacet
  facet normal -0.999132 -9.21932e-08 0.0416568
    outer loop
      vertex -82.2974 55.5 12.2496
      vertex -82.2766 62.157 12.7485
      vertex -82.2898 62.277 12.4319
    endloop
  endfacet
  facet normal -0.999132 0 0.0416555
    outer loop
      vertex -82.2766 62.157 12.7485
      vertex -82.2974 55.5 12.2496
      vertex -82.2766 55.5 12.7485
    endloop
  endfacet
  facet normal -0.999132 0 0.0416555
    outer loop
      vertex -82.2974 -55.5 12.2496
      vertex -82.2766 -62.157 12.7485
      vertex -82.2766 -55.5 12.7485
    endloop
  endfacet
  facet normal -0.999132 9.21932e-08 0.0416568
    outer loop
      vertex -82.2974 -55.5 12.2496
      vertex -82.2898 -62.277 12.4319
      vertex -82.2766 -62.157 12.7485
    endloop
  endfacet
  facet normal -0.999132 0 0.0416533
    outer loop
      vertex -82.2898 -62.277 12.4319
      vertex -82.2974 -55.5 12.2496
      vertex -82.2974 -62.4828 12.2496
    endloop
  endfacet
  facet normal -0.469663 0 0.882846
    outer loop
      vertex -76.1553 65.5 22.4745
      vertex -75.7145 60.7 22.709
      vertex -75.7145 65.5 22.709
    endloop
  endfacet
  facet normal -0.469663 0 0.882846
    outer loop
      vertex -75.7145 60.7 22.709
      vertex -76.1553 65.5 22.4745
      vertex -76.1553 60.7 22.4745
    endloop
  endfacet
  facet normal -0.469663 0 0.882846
    outer loop
      vertex -76.1553 -60.7 22.4745
      vertex -75.7145 -65.5 22.709
      vertex -75.7145 -60.7 22.709
    endloop
  endfacet
  facet normal -0.469663 0 0.882846
    outer loop
      vertex -75.7145 -65.5 22.709
      vertex -76.1553 -60.7 22.4745
      vertex -76.1553 -65.5 22.4745
    endloop
  endfacet
  facet normal -0.786347 0 -0.617785
    outer loop
      vertex -79.8 -65.5 4.67206
      vertex -79.8895 65.5 4.78598
      vertex -79.8 65.5 4.67206
    endloop
  endfacet
  facet normal -0.786347 -0 -0.617785
    outer loop
      vertex -79.8895 65.5 4.78598
      vertex -79.8 -65.5 4.67206
      vertex -79.8895 -65.5 4.78598
    endloop
  endfacet
  facet normal -0.978447 0 -0.206497
    outer loop
      vertex -81.9871 -65.5 9.27762
      vertex -82.0902 65.5 9.76614
      vertex -81.9871 65.5 9.27762
    endloop
  endfacet
  facet normal -0.978447 -0 -0.206497
    outer loop
      vertex -82.0902 65.5 9.76614
      vertex -81.9871 -65.5 9.27762
      vertex -82.0902 -65.5 9.76614
    endloop
  endfacet
  facet normal -0.99654 0 -0.0831118
    outer loop
      vertex -82.2351 -65.5 10.7539
      vertex -82.2766 65.5 11.2515
      vertex -82.2351 65.5 10.7539
    endloop
  endfacet
  facet normal -0.99654 -0 -0.0831118
    outer loop
      vertex -82.2766 65.5 11.2515
      vertex -82.2351 -65.5 10.7539
      vertex -82.2766 -65.5 11.2515
    endloop
  endfacet
  facet normal 0.625891 0 0.77991
    outer loop
      vertex -62.9866 65.5 21.5139
      vertex -62.5972 60.7 21.2014
      vertex -62.5972 65.5 21.2014
    endloop
  endfacet
  facet normal 0.625891 0 0.77991
    outer loop
      vertex -62.5972 60.7 21.2014
      vertex -62.9866 65.5 21.5139
      vertex -62.9866 60.7 21.5139
    endloop
  endfacet
  facet normal 0.625891 0 0.77991
    outer loop
      vertex -62.9866 -60.7 21.5139
      vertex -62.5972 -65.5 21.2014
      vertex -62.5972 -60.7 21.2014
    endloop
  endfacet
  facet normal 0.625891 0 0.77991
    outer loop
      vertex -62.5972 -65.5 21.2014
      vertex -62.9866 -60.7 21.5139
      vertex -62.9866 -65.5 21.5139
    endloop
  endfacet
  facet normal -0.897016 0 -0.441999
    outer loop
      vertex -80.9521 -65.5 6.4744
      vertex -81.1728 65.5 6.9223
      vertex -80.9521 65.5 6.4744
    endloop
  endfacet
  facet normal -0.897016 -0 -0.441999
    outer loop
      vertex -81.1728 65.5 6.9223
      vertex -80.9521 -65.5 6.4744
      vertex -81.1728 -65.5 6.9223
    endloop
  endfacet
  facet normal 0.922863 -0 0.385127
    outer loop
      vertex -59.324 -65.5 16.8504
      vertex -59.1317 -60.7 16.3896
      vertex -59.324 -60.7 16.8504
    endloop
  endfacet
  facet normal 0.922863 0 0.385127
    outer loop
      vertex -59.1317 -60.7 16.3896
      vertex -59.324 -65.5 16.8504
      vertex -59.1317 -65.5 16.3896
    endloop
  endfacet
  facet normal 0.922863 -0 0.385127
    outer loop
      vertex -59.324 60.7 16.8504
      vertex -59.1317 65.5 16.3896
      vertex -59.324 65.5 16.8504
    endloop
  endfacet
  facet normal 0.922863 0 0.385127
    outer loop
      vertex -59.1317 65.5 16.3896
      vertex -59.324 60.7 16.8504
      vertex -59.1317 60.7 16.3896
    endloop
  endfacet
  facet normal -0.992235 0 -0.12438
    outer loop
      vertex -82.173 -65.5 10.2585
      vertex -82.2351 65.5 10.7539
      vertex -82.173 65.5 10.2585
    endloop
  endfacet
  facet normal -0.992235 -0 -0.12438
    outer loop
      vertex -82.2351 65.5 10.7539
      vertex -82.173 -65.5 10.2585
      vertex -82.2351 -65.5 10.7539
    endloop
  endfacet
  facet normal -0.99654 1.80161e-05 0.0831118
    outer loop
      vertex -82.2766 65.5 12.7485
      vertex -82.2657 64.0927 12.8795
      vertex -82.2351 65.5 13.2461
    endloop
  endfacet
  facet normal -0.996556 0 0.0829196
    outer loop
      vertex -82.2657 64.0927 12.8795
      vertex -82.2766 65.5 12.7485
      vertex -82.2766 64.043 12.7485
    endloop
  endfacet
  facet normal -0.996535 0 0.0831805
    outer loop
      vertex -82.2351 65.5 13.2461
      vertex -82.2657 64.0927 12.8795
      vertex -82.2351 64.0482 13.2461
    endloop
  endfacet
  facet normal -0.996556 0 0.0829196
    outer loop
      vertex -82.2766 -64.043 12.7485
      vertex -82.2766 -65.5 12.7485
      vertex -82.2657 -64.0927 12.8795
    endloop
  endfacet
  facet normal -0.99654 -1.80161e-05 0.0831118
    outer loop
      vertex -82.2351 -65.5 13.2461
      vertex -82.2657 -64.0927 12.8795
      vertex -82.2766 -65.5 12.7485
    endloop
  endfacet
  facet normal -0.996535 0 0.0831805
    outer loop
      vertex -82.2657 -64.0927 12.8795
      vertex -82.2351 -65.5 13.2461
      vertex -82.2351 -64.0482 13.2461
    endloop
  endfacet
  facet normal -0.996556 0 0.0829196
    outer loop
      vertex -82.2766 62.157 12.7485
      vertex -82.2766 55.5 12.7485
      vertex -82.2657 62.1073 12.8795
    endloop
  endfacet
  facet normal -0.99654 -3.83729e-06 0.0831118
    outer loop
      vertex -82.2351 55.5 13.2461
      vertex -82.2657 62.1073 12.8795
      vertex -82.2766 55.5 12.7485
    endloop
  endfacet
  facet normal -0.996535 0 0.0831805
    outer loop
      vertex -82.2657 62.1073 12.8795
      vertex -82.2351 55.5 13.2461
      vertex -82.2351 62.1518 13.2461
    endloop
  endfacet
  facet normal -0.99654 3.83729e-06 0.0831118
    outer loop
      vertex -82.2766 -55.5 12.7485
      vertex -82.2657 -62.1073 12.8795
      vertex -82.2351 -55.5 13.2461
    endloop
  endfacet
  facet normal -0.996556 0 0.0829196
    outer loop
      vertex -82.2657 -62.1073 12.8795
      vertex -82.2766 -55.5 12.7485
      vertex -82.2766 -62.157 12.7485
    endloop
  endfacet
  facet normal -0.996535 0 0.0831805
    outer loop
      vertex -82.2351 -55.5 13.2461
      vertex -82.2657 -62.1073 12.8795
      vertex -82.2351 -62.1518 13.2461
    endloop
  endfacet
  facet normal 0.906122 -0 0.423017
    outer loop
      vertex -59.5352 -65.5 17.3028
      vertex -59.324 -60.7 16.8504
      vertex -59.5352 -60.7 17.3028
    endloop
  endfacet
  facet normal 0.906122 0 0.423017
    outer loop
      vertex -59.324 -60.7 16.8504
      vertex -59.5352 -65.5 17.3028
      vertex -59.324 -65.5 16.8504
    endloop
  endfacet
  facet normal 0.906122 -0 0.423017
    outer loop
      vertex -59.5352 60.7 17.3028
      vertex -59.324 65.5 16.8504
      vertex -59.5352 65.5 17.3028
    endloop
  endfacet
  facet normal 0.906122 0 0.423017
    outer loop
      vertex -59.324 65.5 16.8504
      vertex -59.5352 60.7 17.3028
      vertex -59.324 60.7 16.8504
    endloop
  endfacet
  facet normal -0.673181 0 0.739478
    outer loop
      vertex -78.5618 -55.5 20.7031
      vertex -78.1926 -65.5 21.0392
      vertex -78.1926 -55.5 21.0392
    endloop
  endfacet
  facet normal -0.673181 0 0.739478
    outer loop
      vertex -78.1926 -65.5 21.0392
      vertex -78.5618 -55.5 20.7031
      vertex -78.5618 -65.5 20.7031
    endloop
  endfacet
  facet normal -0.673181 0 0.739478
    outer loop
      vertex -78.5618 65.5 20.7031
      vertex -78.1926 55.5 21.0392
      vertex -78.1926 65.5 21.0392
    endloop
  endfacet
  facet normal -0.673181 0 0.739478
    outer loop
      vertex -78.1926 55.5 21.0392
      vertex -78.5618 65.5 20.7031
      vertex -78.5618 55.5 20.7031
    endloop
  endfacet
  facet normal -0.83518 0 0.549977
    outer loop
      vertex -80.4559 -65.5 18.3919
      vertex -80.1813 -55.5 18.8089
      vertex -80.4559 -55.5 18.3919
    endloop
  endfacet
  facet normal -0.83518 0 0.549977
    outer loop
      vertex -80.1813 -55.5 18.8089
      vertex -80.4559 -65.5 18.3919
      vertex -80.1813 -65.5 18.8089
    endloop
  endfacet
  facet normal -0.83518 0 0.549977
    outer loop
      vertex -80.4559 55.5 18.3919
      vertex -80.1813 65.5 18.8089
      vertex -80.4559 65.5 18.3919
    endloop
  endfacet
  facet normal -0.83518 0 0.549977
    outer loop
      vertex -80.1813 65.5 18.8089
      vertex -80.4559 55.5 18.3919
      vertex -80.1813 55.5 18.8089
    endloop
  endfacet
  facet normal 0.413652 0 0.910435
    outer loop
      vertex -65.564 -60.7 23.0259
      vertex -65.1095 -65.5 22.8194
      vertex -65.1095 -60.7 22.8194
    endloop
  endfacet
  facet normal 0.413652 0 0.910435
    outer loop
      vertex -65.1095 -65.5 22.8194
      vertex -65.564 -60.7 23.0259
      vertex -65.564 -65.5 23.0259
    endloop
  endfacet
  facet normal 0.413652 0 0.910435
    outer loop
      vertex -65.564 65.5 23.0259
      vertex -65.1095 60.7 22.8194
      vertex -65.1095 65.5 22.8194
    endloop
  endfacet
  facet normal 0.413652 0 0.910435
    outer loop
      vertex -65.1095 60.7 22.8194
      vertex -65.564 65.5 23.0259
      vertex -65.564 60.7 23.0259
    endloop
  endfacet
  facet normal -0.957876 0 0.287183
    outer loop
      vertex -81.8638 55.5 15.2062
      vertex -81.7204 65.5 15.6845
      vertex -81.8638 65.5 15.2062
    endloop
  endfacet
  facet normal -0.957876 0 0.287183
    outer loop
      vertex -81.7204 65.5 15.6845
      vertex -81.8638 55.5 15.2062
      vertex -81.7204 55.5 15.6845
    endloop
  endfacet
  facet normal -0.957876 0 0.287183
    outer loop
      vertex -81.8638 -65.5 15.2062
      vertex -81.7204 -55.5 15.6845
      vertex -81.8638 -55.5 15.2062
    endloop
  endfacet
  facet normal -0.957876 0 0.287183
    outer loop
      vertex -81.7204 -55.5 15.6845
      vertex -81.8638 -65.5 15.2062
      vertex -81.7204 -65.5 15.6845
    endloop
  endfacet
  facet normal -0.23697 0 0.971517
    outer loop
      vertex -73.3857 -60.7 23.5965
      vertex -72.9007 -65.5 23.7148
      vertex -72.9007 -60.7 23.7148
    endloop
  endfacet
  facet normal -0.23697 0 0.971517
    outer loop
      vertex -72.9007 -65.5 23.7148
      vertex -73.3857 -60.7 23.5965
      vertex -73.3857 -65.5 23.5965
    endloop
  endfacet
  facet normal -0.23697 0 0.971517
    outer loop
      vertex -73.3857 65.5 23.5965
      vertex -72.9007 60.7 23.7148
      vertex -72.9007 65.5 23.7148
    endloop
  endfacet
  facet normal -0.23697 0 0.971517
    outer loop
      vertex -72.9007 60.7 23.7148
      vertex -73.3857 65.5 23.5965
      vertex -73.3857 60.7 23.5965
    endloop
  endfacet
  facet normal -0.506054 0 0.862502
    outer loop
      vertex -76.5 -55.5 22.2723
      vertex -76.5859 -55.5 22.2219
      vertex -76.5 -60.7 22.2723
    endloop
  endfacet
  facet normal -0.50597 0 0.862551
    outer loop
      vertex -76.5 -60.7 22.2723
      vertex -76.1553 -65.5 22.4745
      vertex -76.1553 -60.7 22.4745
    endloop
  endfacet
  facet normal -0.505987 -1.62753e-06 0.862541
    outer loop
      vertex -76.5 -60.7 22.2723
      vertex -76.5859 -65.5 22.2219
      vertex -76.1553 -65.5 22.4745
    endloop
  endfacet
  facet normal -0.506054 0 0.862502
    outer loop
      vertex -76.5859 -65.5 22.2219
      vertex -76.5 -60.7 22.2723
      vertex -76.5859 -55.5 22.2219
    endloop
  endfacet
  facet normal -0.50597 0 0.862551
    outer loop
      vertex -76.1553 65.5 22.4745
      vertex -76.5 60.7 22.2723
      vertex -76.1553 60.7 22.4745
    endloop
  endfacet
  facet normal -0.505987 1.62753e-06 0.862541
    outer loop
      vertex -76.5859 65.5 22.2219
      vertex -76.5 60.7 22.2723
      vertex -76.1553 65.5 22.4745
    endloop
  endfacet
  facet normal -0.506054 0 0.862502
    outer loop
      vertex -76.5859 55.5 22.2219
      vertex -76.5 60.7 22.2723
      vertex -76.5859 65.5 22.2219
    endloop
  endfacet
  facet normal -0.506054 0 0.862502
    outer loop
      vertex -76.5 60.7 22.2723
      vertex -76.5859 55.5 22.2219
      vertex -76.5 55.5 22.2723
    endloop
  endfacet
  facet normal -0.39462 0 0.918844
    outer loop
      vertex -75.2643 -60.7 22.925
      vertex -74.8056 -65.5 23.122
      vertex -74.8056 -60.7 23.122
    endloop
  endfacet
  facet normal -0.39462 0 0.918844
    outer loop
      vertex -74.8056 -65.5 23.122
      vertex -75.2643 -60.7 22.925
      vertex -75.2643 -65.5 22.925
    endloop
  endfacet
  facet normal -0.39462 0 0.918844
    outer loop
      vertex -75.2643 65.5 22.925
      vertex -74.8056 60.7 23.122
      vertex -74.8056 65.5 23.122
    endloop
  endfacet
  facet normal -0.39462 0 0.918844
    outer loop
      vertex -74.8056 60.7 23.122
      vertex -75.2643 65.5 22.925
      vertex -75.2643 60.7 22.925
    endloop
  endfacet
  facet normal -0.877886 0 -0.478869
    outer loop
      vertex -80.713 -65.5 6.03607
      vertex -80.9521 65.5 6.4744
      vertex -80.713 65.5 6.03607
    endloop
  endfacet
  facet normal -0.877886 -0 -0.478869
    outer loop
      vertex -80.9521 65.5 6.4744
      vertex -80.713 -65.5 6.03607
      vertex -80.9521 -65.5 6.4744
    endloop
  endfacet
  facet normal -0.969026 0 -0.246958
    outer loop
      vertex -81.8638 -65.5 8.79381
      vertex -81.9871 65.5 9.27762
      vertex -81.8638 65.5 8.79381
    endloop
  endfacet
  facet normal -0.969026 -0 -0.246958
    outer loop
      vertex -81.9871 65.5 9.27762
      vertex -81.8638 -65.5 8.79381
      vertex -81.9871 -65.5 9.27762
    endloop
  endfacet
  facet normal -0.857228 0 -0.514937
    outer loop
      vertex -80.4559 -65.5 5.60807
      vertex -80.713 65.5 6.03607
      vertex -80.4559 65.5 5.60807
    endloop
  endfacet
  facet normal -0.857228 -0 -0.514937
    outer loop
      vertex -80.713 65.5 6.03607
      vertex -80.4559 -65.5 5.60807
      vertex -80.713 -65.5 6.03607
    endloop
  endfacet
  facet normal 0.688544 0 0.725194
    outer loop
      vertex 75.8789 -60.7 20.8731
      vertex 76.241 -65.5 20.5293
      vertex 76.241 -60.7 20.5293
    endloop
  endfacet
  facet normal 0.688544 0 0.725194
    outer loop
      vertex 76.241 -65.5 20.5293
      vertex 75.8789 -60.7 20.8731
      vertex 75.8789 -65.5 20.8731
    endloop
  endfacet
  facet normal 0.688544 0 0.725194
    outer loop
      vertex 75.8789 65.5 20.8731
      vertex 76.241 60.7 20.5293
      vertex 76.241 65.5 20.5293
    endloop
  endfacet
  facet normal 0.688544 0 0.725194
    outer loop
      vertex 76.241 60.7 20.5293
      vertex 75.8789 65.5 20.8731
      vertex 75.8789 60.7 20.8731
    endloop
  endfacet
  facet normal 0.84634 -0 0.532643
    outer loop
      vertex 77.8208 60.7 18.6018
      vertex 78.0867 65.5 18.1793
      vertex 77.8208 65.5 18.6018
    endloop
  endfacet
  facet normal 0.84634 0 0.532643
    outer loop
      vertex 78.0867 65.5 18.1793
      vertex 77.8208 60.7 18.6018
      vertex 78.0867 60.7 18.1793
    endloop
  endfacet
  facet normal 0.84634 -0 0.532643
    outer loop
      vertex 77.8208 -65.5 18.6018
      vertex 78.0867 -60.7 18.1793
      vertex 77.8208 -60.7 18.6018
    endloop
  endfacet
  facet normal 0.84634 0 0.532643
    outer loop
      vertex 78.0867 -60.7 18.1793
      vertex 77.8208 -65.5 18.6018
      vertex 78.0867 -65.5 18.1793
    endloop
  endfacet
  facet normal 0.773368 -0 0.633957
    outer loop
      vertex 76.9208 -65.5 19.7981
      vertex 77.2373 -60.7 19.412
      vertex 76.9208 -60.7 19.7981
    endloop
  endfacet
  facet normal 0.773368 0 0.633957
    outer loop
      vertex 77.2373 -60.7 19.412
      vertex 76.9208 -65.5 19.7981
      vertex 77.2373 -65.5 19.412
    endloop
  endfacet
  facet normal 0.773368 -0 0.633957
    outer loop
      vertex 76.9208 60.7 19.7981
      vertex 77.2373 65.5 19.412
      vertex 76.9208 65.5 19.7981
    endloop
  endfacet
  facet normal 0.773368 0 0.633957
    outer loop
      vertex 77.2373 65.5 19.412
      vertex 76.9208 60.7 19.7981
      vertex 77.2373 60.7 19.412
    endloop
  endfacet
  facet normal 0.994568 -0 0.104091
    outer loop
      vertex 79.7066 -65.5 13.4941
      vertex 79.7212 -64.035 13.3546
      vertex 79.7066 -63.9387 13.4941
    endloop
  endfacet
  facet normal 0.994589 -1.93766e-05 0.10389
    outer loop
      vertex 79.7066 -65.5 13.4941
      vertex 79.7585 -64.0784 12.9975
      vertex 79.7212 -64.035 13.3546
    endloop
  endfacet
  facet normal 0.994583 0 0.103945
    outer loop
      vertex 79.7585 -64.0784 12.9975
      vertex 79.7066 -65.5 13.4941
      vertex 79.7585 -65.5 12.9975
    endloop
  endfacet
  facet normal 0.994583 0 0.103945
    outer loop
      vertex 79.7066 65.5 13.4941
      vertex 79.7585 64.0784 12.9975
      vertex 79.7585 65.5 12.9975
    endloop
  endfacet
  facet normal 0.994589 1.93766e-05 0.10389
    outer loop
      vertex 79.7066 65.5 13.4941
      vertex 79.7212 64.035 13.3546
      vertex 79.7585 64.0784 12.9975
    endloop
  endfacet
  facet normal 0.994568 0 0.104091
    outer loop
      vertex 79.7212 64.035 13.3546
      vertex 79.7066 65.5 13.4941
      vertex 79.7066 63.9387 13.4941
    endloop
  endfacet
  facet normal 0.994568 -0 0.104091
    outer loop
      vertex 79.7066 60.7 13.4941
      vertex 79.7212 62.165 13.3546
      vertex 79.7066 62.2613 13.4941
    endloop
  endfacet
  facet normal 0.994589 -1.93766e-05 0.10389
    outer loop
      vertex 79.7066 60.7 13.4941
      vertex 79.7585 62.1216 12.9975
      vertex 79.7212 62.165 13.3546
    endloop
  endfacet
  facet normal 0.994583 0 0.103945
    outer loop
      vertex 79.7585 62.1216 12.9975
      vertex 79.7066 60.7 13.4941
      vertex 79.7585 60.7 12.9975
    endloop
  endfacet
  facet normal 0.994583 0 0.103945
    outer loop
      vertex 79.7066 -60.7 13.4941
      vertex 79.7585 -62.1216 12.9975
      vertex 79.7585 -60.7 12.9975
    endloop
  endfacet
  facet normal 0.994589 1.93766e-05 0.10389
    outer loop
      vertex 79.7066 -60.7 13.4941
      vertex 79.7212 -62.165 13.3546
      vertex 79.7585 -62.1216 12.9975
    endloop
  endfacet
  facet normal 0.994568 0 0.104091
    outer loop
      vertex 79.7212 -62.165 13.3546
      vertex 79.7066 -60.7 13.4941
      vertex 79.7066 -62.2613 13.4941
    endloop
  endfacet
  facet normal 0.999783 -0 0.0208288
    outer loop
      vertex 79.7896 63.9485 12.4992
      vertex 79.8 65.5 12
      vertex 79.7896 65.5 12.4992
    endloop
  endfacet
  facet normal 0.999784 -8.87592e-06 0.0208012
    outer loop
      vertex 79.791 63.923 12.4319
      vertex 79.8 65.5 12
      vertex 79.7896 63.9485 12.4992
    endloop
  endfacet
  facet normal 0.999784 -9.24582e-06 0.0207999
    outer loop
      vertex 79.7976 63.5647 12.1145
      vertex 79.8 65.5 12
      vertex 79.791 63.923 12.4319
    endloop
  endfacet
  facet normal 0.99978 0 0.0209561
    outer loop
      vertex 79.8 65.5 12
      vertex 79.7976 63.5647 12.1145
      vertex 79.8 63.1 12
    endloop
  endfacet
  facet normal 0.999783 0 0.0208288
    outer loop
      vertex 79.8 -65.5 12
      vertex 79.7896 -63.9485 12.4992
      vertex 79.7896 -65.5 12.4992
    endloop
  endfacet
  facet normal 0.999784 8.87592e-06 0.0208012
    outer loop
      vertex 79.7896 -63.9485 12.4992
      vertex 79.8 -65.5 12
      vertex 79.791 -63.923 12.4319
    endloop
  endfacet
  facet normal 0.999784 9.24582e-06 0.0207999
    outer loop
      vertex 79.791 -63.923 12.4319
      vertex 79.8 -65.5 12
      vertex 79.7976 -63.5647 12.1145
    endloop
  endfacet
  facet normal 0.99978 0 0.0209561
    outer loop
      vertex 79.7976 -63.5647 12.1145
      vertex 79.8 -65.5 12
      vertex 79.8 -63.1 12
    endloop
  endfacet
  facet normal 0.999783 0 0.0208288
    outer loop
      vertex 79.8 60.7 12
      vertex 79.7896 62.2515 12.4992
      vertex 79.7896 60.7 12.4992
    endloop
  endfacet
  facet normal 0.999784 8.87592e-06 0.0208012
    outer loop
      vertex 79.7896 62.2515 12.4992
      vertex 79.8 60.7 12
      vertex 79.791 62.277 12.4319
    endloop
  endfacet
  facet normal 0.999784 9.24582e-06 0.0207999
    outer loop
      vertex 79.791 62.277 12.4319
      vertex 79.8 60.7 12
      vertex 79.7976 62.6353 12.1145
    endloop
  endfacet
  facet normal 0.99978 0 0.0209561
    outer loop
      vertex 79.7976 62.6353 12.1145
      vertex 79.8 60.7 12
      vertex 79.8 63.1 12
    endloop
  endfacet
  facet normal 0.999783 -0 0.0208288
    outer loop
      vertex 79.7896 -62.2515 12.4992
      vertex 79.8 -60.7 12
      vertex 79.7896 -60.7 12.4992
    endloop
  endfacet
  facet normal 0.999784 -8.87592e-06 0.0208012
    outer loop
      vertex 79.791 -62.277 12.4319
      vertex 79.8 -60.7 12
      vertex 79.7896 -62.2515 12.4992
    endloop
  endfacet
  facet normal 0.999784 -9.24582e-06 0.0207999
    outer loop
      vertex 79.7976 -62.6353 12.1145
      vertex 79.8 -60.7 12
      vertex 79.791 -62.277 12.4319
    endloop
  endfacet
  facet normal 0.99978 0 0.0209561
    outer loop
      vertex 79.8 -60.7 12
      vertex 79.7976 -62.6353 12.1145
      vertex 79.8 -63.1 12
    endloop
  endfacet
  facet normal -0.760034 0 0.649884
    outer loop
      vertex 58.5189 60.7 19.6067
      vertex 58.8434 65.5 19.9862
      vertex 58.5189 65.5 19.6067
    endloop
  endfacet
  facet normal -0.760034 0 0.649884
    outer loop
      vertex 58.8434 65.5 19.9862
      vertex 58.5189 60.7 19.6067
      vertex 58.8434 60.7 19.9862
    endloop
  endfacet
  facet normal -0.760034 0 0.649884
    outer loop
      vertex 58.5189 -65.5 19.6067
      vertex 58.8434 -60.7 19.9862
      vertex 58.5189 -60.7 19.6067
    endloop
  endfacet
  facet normal -0.760034 0 0.649884
    outer loop
      vertex 58.8434 -60.7 19.9862
      vertex 58.5189 -65.5 19.6067
      vertex 58.8434 -65.5 19.9862
    endloop
  endfacet
  facet normal 0.257164 0 0.966368
    outer loop
      vertex 70.6438 -60.7 23.6582
      vertex 71.1263 -65.5 23.5298
      vertex 71.1263 -60.7 23.5298
    endloop
  endfacet
  facet normal 0.257164 0 0.966368
    outer loop
      vertex 71.1263 -65.5 23.5298
      vertex 70.6438 -60.7 23.6582
      vertex 70.6438 -65.5 23.6582
    endloop
  endfacet
  facet normal 0.257164 0 0.966368
    outer loop
      vertex 70.6438 65.5 23.6582
      vertex 71.1263 60.7 23.5298
      vertex 71.1263 65.5 23.5298
    endloop
  endfacet
  facet normal 0.257164 0 0.966368
    outer loop
      vertex 71.1263 60.7 23.5298
      vertex 70.6438 65.5 23.6582
      vertex 70.6438 60.7 23.6582
    endloop
  endfacet
  facet normal -0.986155 0 0.165828
    outer loop
      vertex 55.927 -62.432 13.7415
      vertex 56.0098 -60.7 14.2339
      vertex 55.927 -60.7 13.7415
    endloop
  endfacet
  facet normal -0.985711 -0.000764876 0.168444
    outer loop
      vertex 55.9282 -62.4369 13.7485
      vertex 56.0098 -60.7 14.2339
      vertex 55.927 -62.432 13.7415
    endloop
  endfacet
  facet normal -0.986156 -1.01947e-05 0.165818
    outer loop
      vertex 55.9656 -62.8607 13.9709
      vertex 56.0098 -60.7 14.2339
      vertex 55.9282 -62.4369 13.7485
    endloop
  endfacet
  facet normal -0.98617 0 0.165737
    outer loop
      vertex 55.9656 -63.3393 13.9709
      vertex 56.0098 -60.7 14.2339
      vertex 55.9656 -62.8607 13.9709
    endloop
  endfacet
  facet normal -0.986155 0 0.165828
    outer loop
      vertex 56.0098 -65.5 14.2339
      vertex 55.927 -63.768 13.7415
      vertex 55.927 -65.5 13.7415
    endloop
  endfacet
  facet normal -0.985711 0.000764876 0.168444
    outer loop
      vertex 55.927 -63.768 13.7415
      vertex 56.0098 -65.5 14.2339
      vertex 55.9282 -63.7631 13.7485
    endloop
  endfacet
  facet normal -0.98617 0 0.165737
    outer loop
      vertex 55.9656 -63.3393 13.9709
      vertex 56.0098 -65.5 14.2339
      vertex 56.0098 -60.7 14.2339
    endloop
  endfacet
  facet normal -0.986156 1.01947e-05 0.165818
    outer loop
      vertex 55.9282 -63.7631 13.7485
      vertex 56.0098 -65.5 14.2339
      vertex 55.9656 -63.3393 13.9709
    endloop
  endfacet
  facet normal -0.986155 0 0.165828
    outer loop
      vertex 55.927 63.768 13.7415
      vertex 56.0098 65.5 14.2339
      vertex 55.927 65.5 13.7415
    endloop
  endfacet
  facet normal -0.985711 -0.000764876 0.168444
    outer loop
      vertex 55.9282 63.7631 13.7485
      vertex 56.0098 65.5 14.2339
      vertex 55.927 63.768 13.7415
    endloop
  endfacet
  facet normal -0.986156 -1.01947e-05 0.165818
    outer loop
      vertex 55.9656 63.3393 13.9709
      vertex 56.0098 65.5 14.2339
      vertex 55.9282 63.7631 13.7485
    endloop
  endfacet
  facet normal -0.98617 0 0.165737
    outer loop
      vertex 55.9656 62.8607 13.9709
      vertex 56.0098 65.5 14.2339
      vertex 55.9656 63.3393 13.9709
    endloop
  endfacet
  facet normal -0.986155 0 0.165828
    outer loop
      vertex 56.0098 60.7 14.2339
      vertex 55.927 62.432 13.7415
      vertex 55.927 60.7 13.7415
    endloop
  endfacet
  facet normal -0.985711 0.000764876 0.168444
    outer loop
      vertex 55.927 62.432 13.7415
      vertex 56.0098 60.7 14.2339
      vertex 55.9282 62.4369 13.7485
    endloop
  endfacet
  facet normal -0.98617 0 0.165737
    outer loop
      vertex 55.9656 62.8607 13.9709
      vertex 56.0098 60.7 14.2339
      vertex 56.0098 65.5 14.2339
    endloop
  endfacet
  facet normal -0.986156 1.01947e-05 0.165818
    outer loop
      vertex 55.9282 62.4369 13.7485
      vertex 56.0098 60.7 14.2339
      vertex 55.9656 62.8607 13.9709
    endloop
  endfacet
  facet normal -0.914685 0 0.404168
    outer loop
      vertex 56.7254 60.7 16.621
      vertex 56.9272 65.5 17.0777
      vertex 56.7254 65.5 16.621
    endloop
  endfacet
  facet normal -0.914685 0 0.404168
    outer loop
      vertex 56.9272 65.5 17.0777
      vertex 56.7254 60.7 16.621
      vertex 56.9272 60.7 17.0777
    endloop
  endfacet
  facet normal -0.914685 0 0.404168
    outer loop
      vertex 56.7254 -65.5 16.621
      vertex 56.9272 -60.7 17.0777
      vertex 56.7254 -60.7 16.621
    endloop
  endfacet
  facet normal -0.914685 0 0.404168
    outer loop
      vertex 56.9272 -60.7 17.0777
      vertex 56.7254 -65.5 16.621
      vertex 56.9272 -65.5 17.0777
    endloop
  endfacet
  facet normal 0.657611 0 0.753358
    outer loop
      vertex 75.5028 65.5 21.2014
      vertex 75.8789 60.7 20.8731
      vertex 75.8789 65.5 20.8731
    endloop
  endfacet
  facet normal 0.657611 0 0.753358
    outer loop
      vertex 75.8789 60.7 20.8731
      vertex 75.5028 65.5 21.2014
      vertex 75.5028 60.7 21.2014
    endloop
  endfacet
  facet normal 0.657611 0 0.753358
    outer loop
      vertex 75.5028 -60.7 21.2014
      vertex 75.8789 -65.5 20.8731
      vertex 75.8789 -60.7 20.8731
    endloop
  endfacet
  facet normal 0.657611 0 0.753358
    outer loop
      vertex 75.8789 -65.5 20.8731
      vertex 75.5028 -60.7 21.2014
      vertex 75.5028 -65.5 21.2014
    endloop
  endfacet
  facet normal 0.488073 0 0.872803
    outer loop
      vertex 73.4361 -60.7 22.5941
      vertex 73.8719 -65.5 22.3504
      vertex 73.8719 -60.7 22.3504
    endloop
  endfacet
  facet normal 0.488073 0 0.872803
    outer loop
      vertex 73.8719 -65.5 22.3504
      vertex 73.4361 -60.7 22.5941
      vertex 73.4361 -65.5 22.5941
    endloop
  endfacet
  facet normal 0.488073 0 0.872803
    outer loop
      vertex 73.4361 65.5 22.5941
      vertex 73.8719 60.7 22.3504
      vertex 73.8719 65.5 22.3504
    endloop
  endfacet
  facet normal 0.488073 0 0.872803
    outer loop
      vertex 73.8719 60.7 22.3504
      vertex 73.4361 65.5 22.5941
      vertex 73.4361 60.7 22.5941
    endloop
  endfacet
  facet normal 0.867725 -0 0.497044
    outer loop
      vertex 78.0867 -65.5 18.1793
      vertex 78.3349 -60.7 17.746
      vertex 78.0867 -60.7 18.1793
    endloop
  endfacet
  facet normal 0.867725 0 0.497044
    outer loop
      vertex 78.3349 -60.7 17.746
      vertex 78.0867 -65.5 18.1793
      vertex 78.3349 -65.5 17.746
    endloop
  endfacet
  facet normal 0.867725 -0 0.497044
    outer loop
      vertex 78.0867 60.7 18.1793
      vertex 78.3349 65.5 17.746
      vertex 78.0867 65.5 18.1793
    endloop
  endfacet
  facet normal 0.867725 0 0.497044
    outer loop
      vertex 78.3349 65.5 17.746
      vertex 78.0867 60.7 18.1793
      vertex 78.3349 60.7 17.746
    endloop
  endfacet
  facet normal 0.413652 0 0.910435
    outer loop
      vertex 72.536 -60.7 23.0259
      vertex 72.9905 -65.5 22.8194
      vertex 72.9905 -60.7 22.8194
    endloop
  endfacet
  facet normal 0.413652 0 0.910435
    outer loop
      vertex 72.9905 -65.5 22.8194
      vertex 72.536 -60.7 23.0259
      vertex 72.536 -65.5 23.0259
    endloop
  endfacet
  facet normal 0.413652 0 0.910435
    outer loop
      vertex 72.536 65.5 23.0259
      vertex 72.9905 60.7 22.8194
      vertex 72.9905 65.5 22.8194
    endloop
  endfacet
  facet normal 0.413652 0 0.910435
    outer loop
      vertex 72.9905 60.7 22.8194
      vertex 72.536 65.5 23.0259
      vertex 72.536 60.7 23.0259
    endloop
  endfacet
  facet normal -0.73228 0 0.681004
    outer loop
      vertex 58.8434 60.7 19.9862
      vertex 59.1834 65.5 20.3518
      vertex 58.8434 65.5 19.9862
    endloop
  endfacet
  facet normal -0.73228 0 0.681004
    outer loop
      vertex 59.1834 65.5 20.3518
      vertex 58.8434 60.7 19.9862
      vertex 59.1834 60.7 20.3518
    endloop
  endfacet
  facet normal -0.73228 0 0.681004
    outer loop
      vertex 58.8434 -65.5 19.9862
      vertex 59.1834 -60.7 20.3518
      vertex 58.8434 -60.7 19.9862
    endloop
  endfacet
  facet normal -0.73228 0 0.681004
    outer loop
      vertex 59.1834 -60.7 20.3518
      vertex 58.8434 -65.5 19.9862
      vertex 59.1834 -65.5 20.3518
    endloop
  endfacet
  facet normal 0.982503 -0 0.186247
    outer loop
      vertex 79.5412 60.7 14.4787
      vertex 79.6342 65.5 13.9881
      vertex 79.5412 65.5 14.4787
    endloop
  endfacet
  facet normal 0.982503 0 0.186247
    outer loop
      vertex 79.6342 65.5 13.9881
      vertex 79.5412 60.7 14.4787
      vertex 79.6342 60.7 13.9881
    endloop
  endfacet
  facet normal 0.982503 -0 0.186247
    outer loop
      vertex 79.5412 -65.5 14.4787
      vertex 79.6342 -60.7 13.9881
      vertex 79.5412 -60.7 14.4787
    endloop
  endfacet
  facet normal 0.982503 0 0.186247
    outer loop
      vertex 79.6342 -60.7 13.9881
      vertex 79.5412 -65.5 14.4787
      vertex 79.6342 -65.5 13.9881
    endloop
  endfacet
  facet normal 0.951684 -0 0.307079
    outer loop
      vertex 79.1412 -65.5 15.9212
      vertex 79.2945 -60.7 15.4461
      vertex 79.1412 -60.7 15.9212
    endloop
  endfacet
  facet normal 0.951684 0 0.307079
    outer loop
      vertex 79.2945 -60.7 15.4461
      vertex 79.1412 -65.5 15.9212
      vertex 79.2945 -65.5 15.4461
    endloop
  endfacet
  facet normal 0.951684 -0 0.307079
    outer loop
      vertex 79.1412 60.7 15.9212
      vertex 79.2945 65.5 15.4461
      vertex 79.1412 65.5 15.9212
    endloop
  endfacet
  facet normal 0.951684 0 0.307079
    outer loop
      vertex 79.2945 65.5 15.4461
      vertex 79.1412 60.7 15.9212
      vertex 79.2945 60.7 15.4461
    endloop
  endfacet
  facet normal -0.930725 0 0.365721
    outer loop
      vertex 56.5428 60.7 16.1563
      vertex 56.7254 65.5 16.621
      vertex 56.5428 65.5 16.1563
    endloop
  endfacet
  facet normal -0.930725 0 0.365721
    outer loop
      vertex 56.7254 65.5 16.621
      vertex 56.5428 60.7 16.1563
      vertex 56.7254 60.7 16.621
    endloop
  endfacet
  facet normal -0.930725 0 0.365721
    outer loop
      vertex 56.5428 -65.5 16.1563
      vertex 56.7254 -60.7 16.621
      vertex 56.5428 -60.7 16.1563
    endloop
  endfacet
  facet normal -0.930725 0 0.365721
    outer loop
      vertex 56.7254 -60.7 16.621
      vertex 56.5428 -65.5 16.1563
      vertex 56.7254 -65.5 16.621
    endloop
  endfacet
  facet normal 0.718037 -0 0.696005
    outer loop
      vertex 76.241 -65.5 20.5293
      vertex 76.5885 -60.7 20.1708
      vertex 76.241 -60.7 20.5293
    endloop
  endfacet
  facet normal 0.718037 0 0.696005
    outer loop
      vertex 76.5885 -60.7 20.1708
      vertex 76.241 -65.5 20.5293
      vertex 76.5885 -65.5 20.1708
    endloop
  endfacet
  facet normal 0.718037 -0 0.696005
    outer loop
      vertex 76.241 60.7 20.5293
      vertex 76.5885 65.5 20.1708
      vertex 76.241 65.5 20.5293
    endloop
  endfacet
  facet normal 0.718037 0 0.696005
    outer loop
      vertex 76.5885 65.5 20.1708
      vertex 76.241 60.7 20.5293
      vertex 76.5885 60.7 20.1708
    endloop
  endfacet
  facet normal 0.216718 0 0.976234
    outer loop
      vertex 70.1564 -60.7 23.7664
      vertex 70.6438 -65.5 23.6582
      vertex 70.6438 -60.7 23.6582
    endloop
  endfacet
  facet normal 0.216718 0 0.976234
    outer loop
      vertex 70.6438 -65.5 23.6582
      vertex 70.1564 -60.7 23.7664
      vertex 70.1564 -65.5 23.7664
    endloop
  endfacet
  facet normal 0.216718 0 0.976234
    outer loop
      vertex 70.1564 65.5 23.7664
      vertex 70.6438 60.7 23.6582
      vertex 70.6438 65.5 23.6582
    endloop
  endfacet
  facet normal 0.216718 0 0.976234
    outer loop
      vertex 70.6438 60.7 23.6582
      vertex 70.1564 65.5 23.7664
      vertex 70.1564 60.7 23.7664
    endloop
  endfacet
  facet normal 0.0104161 0 0.999946
    outer loop
      vertex 67.6752 -60.7 23.9994
      vertex 68.1744 -65.5 23.9942
      vertex 68.1744 -60.7 23.9942
    endloop
  endfacet
  facet normal 0.0104161 0 0.999946
    outer loop
      vertex 68.1744 -65.5 23.9942
      vertex 67.6752 -60.7 23.9994
      vertex 67.6752 -65.5 23.9994
    endloop
  endfacet
  facet normal 0.0104161 0 0.999946
    outer loop
      vertex 67.6752 65.5 23.9994
      vertex 68.1744 60.7 23.9942
      vertex 68.1744 65.5 23.9942
    endloop
  endfacet
  facet normal 0.0104161 0 0.999946
    outer loop
      vertex 68.1744 60.7 23.9942
      vertex 67.6752 65.5 23.9994
      vertex 67.6752 60.7 23.9994
    endloop
  endfacet
  facet normal 0.29718 0 0.954821
    outer loop
      vertex 71.1263 -60.7 23.5298
      vertex 71.6031 -65.5 23.3814
      vertex 71.6031 -60.7 23.3814
    endloop
  endfacet
  facet normal 0.29718 0 0.954821
    outer loop
      vertex 71.6031 -65.5 23.3814
      vertex 71.1263 -60.7 23.5298
      vertex 71.1263 -65.5 23.5298
    endloop
  endfacet
  facet normal 0.29718 0 0.954821
    outer loop
      vertex 71.1263 65.5 23.5298
      vertex 71.6031 60.7 23.3814
      vertex 71.6031 65.5 23.3814
    endloop
  endfacet
  facet normal 0.29718 0 0.954821
    outer loop
      vertex 71.6031 60.7 23.3814
      vertex 71.1263 65.5 23.5298
      vertex 71.1263 60.7 23.5298
    endloop
  endfacet
  facet normal -0.031241 0 0.999512
    outer loop
      vertex 67.1761 65.5 23.9838
      vertex 67.6752 60.7 23.9994
      vertex 67.6752 65.5 23.9994
    endloop
  endfacet
  facet normal -0.031241 0 0.999512
    outer loop
      vertex 67.6752 60.7 23.9994
      vertex 67.1761 65.5 23.9838
      vertex 67.1761 60.7 23.9838
    endloop
  endfacet
  facet normal -0.031241 0 0.999512
    outer loop
      vertex 67.1761 -60.7 23.9838
      vertex 67.6752 -65.5 23.9994
      vertex 67.6752 -60.7 23.9994
    endloop
  endfacet
  facet normal -0.031241 0 0.999512
    outer loop
      vertex 67.6752 -65.5 23.9994
      vertex 67.1761 -60.7 23.9838
      vertex 67.1761 -65.5 23.9838
    endloop
  endfacet
  facet normal 0.175853 0 0.984416
    outer loop
      vertex 69.6649 65.5 23.8542
      vertex 70.1564 60.7 23.7664
      vertex 70.1564 65.5 23.7664
    endloop
  endfacet
  facet normal 0.175853 0 0.984416
    outer loop
      vertex 70.1564 60.7 23.7664
      vertex 69.6649 65.5 23.8542
      vertex 69.6649 60.7 23.8542
    endloop
  endfacet
  facet normal 0.175853 0 0.984416
    outer loop
      vertex 69.6649 -60.7 23.8542
      vertex 70.1564 -65.5 23.7664
      vertex 70.1564 -60.7 23.7664
    endloop
  endfacet
  facet normal 0.175853 0 0.984416
    outer loop
      vertex 70.1564 -65.5 23.7664
      vertex 69.6649 -60.7 23.8542
      vertex 69.6649 -65.5 23.8542
    endloop
  endfacet
  facet normal 0.906122 -0 0.423017
    outer loop
      vertex 78.5648 60.7 17.3028
      vertex 78.776 65.5 16.8504
      vertex 78.5648 65.5 17.3028
    endloop
  endfacet
  facet normal 0.906122 0 0.423017
    outer loop
      vertex 78.776 65.5 16.8504
      vertex 78.5648 60.7 17.3028
      vertex 78.776 60.7 16.8504
    endloop
  endfacet
  facet normal 0.906122 -0 0.423017
    outer loop
      vertex 78.5648 -65.5 17.3028
      vertex 78.776 -60.7 16.8504
      vertex 78.5648 -60.7 17.3028
    endloop
  endfacet
  facet normal 0.906122 0 0.423017
    outer loop
      vertex 78.776 -60.7 16.8504
      vertex 78.5648 -65.5 17.3028
      vertex 78.776 -65.5 16.8504
    endloop
  endfacet
  facet normal 0.746403 -0 0.665494
    outer loop
      vertex 76.5885 -65.5 20.1708
      vertex 76.9208 -60.7 19.7981
      vertex 76.5885 -60.7 20.1708
    endloop
  endfacet
  facet normal 0.746403 0 0.665494
    outer loop
      vertex 76.9208 -60.7 19.7981
      vertex 76.5885 -65.5 20.1708
      vertex 76.9208 -65.5 19.7981
    endloop
  endfacet
  facet normal 0.746403 -0 0.665494
    outer loop
      vertex 76.5885 60.7 20.1708
      vertex 76.9208 65.5 19.7981
      vertex 76.5885 65.5 20.1708
    endloop
  endfacet
  facet normal 0.746403 0 0.665494
    outer loop
      vertex 76.9208 65.5 19.7981
      vertex 76.5885 60.7 20.1708
      vertex 76.9208 60.7 19.7981
    endloop
  endfacet
  facet normal -0.317069 0 0.948403
    outer loop
      vertex 63.761 65.5 23.2998
      vertex 64.2345 60.7 23.4581
      vertex 64.2345 65.5 23.4581
    endloop
  endfacet
  facet normal -0.317069 0 0.948403
    outer loop
      vertex 64.2345 60.7 23.4581
      vertex 63.761 65.5 23.2998
      vertex 63.761 60.7 23.2998
    endloop
  endfacet
  facet normal -0.317069 0 0.948403
    outer loop
      vertex 63.761 -60.7 23.2998
      vertex 64.2345 -65.5 23.4581
      vertex 64.2345 -60.7 23.4581
    endloop
  endfacet
  facet normal -0.317069 0 0.948403
    outer loop
      vertex 64.2345 -65.5 23.4581
      vertex 63.761 -60.7 23.2998
      vertex 63.761 -65.5 23.2998
    endloop
  endfacet
  facet normal 0.0520753 0 0.998643
    outer loop
      vertex 68.1744 -60.7 23.9942
      vertex 68.673 -65.5 23.9682
      vertex 68.673 -60.7 23.9682
    endloop
  endfacet
  facet normal 0.0520753 0 0.998643
    outer loop
      vertex 68.673 -65.5 23.9682
      vertex 68.1744 -60.7 23.9942
      vertex 68.1744 -65.5 23.9942
    endloop
  endfacet
  facet normal 0.0520753 0 0.998643
    outer loop
      vertex 68.1744 65.5 23.9942
      vertex 68.673 60.7 23.9682
      vertex 68.673 65.5 23.9682
    endloop
  endfacet
  facet normal 0.0520753 0 0.998643
    outer loop
      vertex 68.673 60.7 23.9682
      vertex 68.1744 65.5 23.9942
      vertex 68.1744 60.7 23.9942
    endloop
  endfacet
  facet normal 0.98943 0 0.14501
    outer loop
      vertex 79.6342 -60.7 13.9881
      vertex 79.7066 -62.2613 13.4941
      vertex 79.7066 -60.7 13.4941
    endloop
  endfacet
  facet normal 0.989423 -1.56201e-05 0.145058
    outer loop
      vertex 79.6342 -60.7 13.9881
      vertex 79.6693 -62.4369 13.7485
      vertex 79.7066 -62.2613 13.4941
    endloop
  endfacet
  facet normal 0.989429 -9.57325e-06 0.145015
    outer loop
      vertex 79.6342 -60.7 13.9881
      vertex 79.6367 -62.8607 13.9709
      vertex 79.6693 -62.4369 13.7485
    endloop
  endfacet
  facet normal 0.989601 0 0.143837
    outer loop
      vertex 79.6342 -60.7 13.9881
      vertex 79.6367 -63.3393 13.9709
      vertex 79.6367 -62.8607 13.9709
    endloop
  endfacet
  facet normal 0.989601 -0 0.143837
    outer loop
      vertex 79.6342 -65.5 13.9881
      vertex 79.6367 -63.3393 13.9709
      vertex 79.6342 -60.7 13.9881
    endloop
  endfacet
  facet normal 0.989429 9.57325e-06 0.145015
    outer loop
      vertex 79.6342 -65.5 13.9881
      vertex 79.6693 -63.7631 13.7485
      vertex 79.6367 -63.3393 13.9709
    endloop
  endfacet
  facet normal 0.989423 1.56201e-05 0.145058
    outer loop
      vertex 79.6342 -65.5 13.9881
      vertex 79.7066 -63.9387 13.4941
      vertex 79.6693 -63.7631 13.7485
    endloop
  endfacet
  facet normal 0.98943 0 0.14501
    outer loop
      vertex 79.7066 -63.9387 13.4941
      vertex 79.6342 -65.5 13.9881
      vertex 79.7066 -65.5 13.4941
    endloop
  endfacet
  facet normal 0.98943 0 0.14501
    outer loop
      vertex 79.6342 65.5 13.9881
      vertex 79.7066 63.9387 13.4941
      vertex 79.7066 65.5 13.4941
    endloop
  endfacet
  facet normal 0.989423 -1.56201e-05 0.145058
    outer loop
      vertex 79.6342 65.5 13.9881
      vertex 79.6693 63.7631 13.7485
      vertex 79.7066 63.9387 13.4941
    endloop
  endfacet
  facet normal 0.989429 -9.57325e-06 0.145015
    outer loop
      vertex 79.6342 65.5 13.9881
      vertex 79.6367 63.3393 13.9709
      vertex 79.6693 63.7631 13.7485
    endloop
  endfacet
  facet normal 0.989601 0 0.143837
    outer loop
      vertex 79.6342 65.5 13.9881
      vertex 79.6367 62.8607 13.9709
      vertex 79.6367 63.3393 13.9709
    endloop
  endfacet
  facet normal 0.989601 -0 0.143837
    outer loop
      vertex 79.6342 60.7 13.9881
      vertex 79.6367 62.8607 13.9709
      vertex 79.6342 65.5 13.9881
    endloop
  endfacet
  facet normal 0.989429 9.57325e-06 0.145015
    outer loop
      vertex 79.6342 60.7 13.9881
      vertex 79.6693 62.4369 13.7485
      vertex 79.6367 62.8607 13.9709
    endloop
  endfacet
  facet normal 0.989423 1.56201e-05 0.145058
    outer loop
      vertex 79.6342 60.7 13.9881
      vertex 79.7066 62.2613 13.4941
      vertex 79.6693 62.4369 13.7485
    endloop
  endfacet
  facet normal 0.98943 0 0.14501
    outer loop
      vertex 79.7066 62.2613 13.4941
      vertex 79.6342 60.7 13.9881
      vertex 79.7066 60.7 13.4941
    endloop
  endfacet
  facet normal 0.523773 0 0.851858
    outer loop
      vertex 73.8719 -60.7 22.3504
      vertex 74.2972 -65.5 22.0889
      vertex 74.2972 -60.7 22.0889
    endloop
  endfacet
  facet normal 0.523773 0 0.851858
    outer loop
      vertex 74.2972 -65.5 22.0889
      vertex 73.8719 -60.7 22.3504
      vertex 73.8719 -65.5 22.3504
    endloop
  endfacet
  facet normal 0.523773 0 0.851858
    outer loop
      vertex 73.8719 65.5 22.3504
      vertex 74.2972 60.7 22.0889
      vertex 74.2972 65.5 22.0889
    endloop
  endfacet
  facet normal 0.523773 0 0.851858
    outer loop
      vertex 74.2972 60.7 22.0889
      vertex 73.8719 65.5 22.3504
      vertex 73.8719 60.7 22.3504
    endloop
  endfacet
  facet normal -0.996556 0 0.0829196
    outer loop
      vertex 55.8234 -64.043 12.7485
      vertex 55.8234 -65.5 12.7485
      vertex 55.8343 -64.0927 12.8795
    endloop
  endfacet
  facet normal -0.99654 -1.80161e-05 0.0831118
    outer loop
      vertex 55.8649 -65.5 13.2461
      vertex 55.8343 -64.0927 12.8795
      vertex 55.8234 -65.5 12.7485
    endloop
  endfacet
  facet normal -0.996535 0 0.0831805
    outer loop
      vertex 55.8343 -64.0927 12.8795
      vertex 55.8649 -65.5 13.2461
      vertex 55.8649 -64.0482 13.2461
    endloop
  endfacet
  facet normal -0.99654 1.80161e-05 0.0831118
    outer loop
      vertex 55.8234 65.5 12.7485
      vertex 55.8343 64.0927 12.8795
      vertex 55.8649 65.5 13.2461
    endloop
  endfacet
  facet normal -0.996556 0 0.0829196
    outer loop
      vertex 55.8343 64.0927 12.8795
      vertex 55.8234 65.5 12.7485
      vertex 55.8234 64.043 12.7485
    endloop
  endfacet
  facet normal -0.996535 0 0.0831805
    outer loop
      vertex 55.8649 65.5 13.2461
      vertex 55.8343 64.0927 12.8795
      vertex 55.8649 64.0482 13.2461
    endloop
  endfacet
  facet normal -0.996556 0 0.0829196
    outer loop
      vertex 55.8234 62.157 12.7485
      vertex 55.8234 60.7 12.7485
      vertex 55.8343 62.1073 12.8795
    endloop
  endfacet
  facet normal -0.99654 -1.80161e-05 0.0831118
    outer loop
      vertex 55.8649 60.7 13.2461
      vertex 55.8343 62.1073 12.8795
      vertex 55.8234 60.7 12.7485
    endloop
  endfacet
  facet normal -0.996535 0 0.0831805
    outer loop
      vertex 55.8343 62.1073 12.8795
      vertex 55.8649 60.7 13.2461
      vertex 55.8649 62.1518 13.2461
    endloop
  endfacet
  facet normal -0.99654 1.80161e-05 0.0831118
    outer loop
      vertex 55.8234 -60.7 12.7485
      vertex 55.8343 -62.1073 12.8795
      vertex 55.8649 -60.7 13.2461
    endloop
  endfacet
  facet normal -0.996556 0 0.0829196
    outer loop
      vertex 55.8343 -62.1073 12.8795
      vertex 55.8234 -60.7 12.7485
      vertex 55.8234 -62.157 12.7485
    endloop
  endfacet
  facet normal -0.996535 0 0.0831805
    outer loop
      vertex 55.8649 -60.7 13.2461
      vertex 55.8343 -62.1073 12.8795
      vertex 55.8649 -62.1518 13.2461
    endloop
  endfacet
  facet normal 0.973906 -0 0.226951
    outer loop
      vertex 79.4279 60.7 14.9649
      vertex 79.5412 65.5 14.4787
      vertex 79.4279 65.5 14.9649
    endloop
  endfacet
  facet normal 0.973906 0 0.226951
    outer loop
      vertex 79.5412 65.5 14.4787
      vertex 79.4279 60.7 14.9649
      vertex 79.5412 60.7 14.4787
    endloop
  endfacet
  facet normal 0.973906 -0 0.226951
    outer loop
      vertex 79.4279 -65.5 14.9649
      vertex 79.5412 -60.7 14.4787
      vertex 79.4279 -60.7 14.9649
    endloop
  endfacet
  facet normal 0.973906 0 0.226951
    outer loop
      vertex 79.5412 -60.7 14.4787
      vertex 79.4279 -65.5 14.9649
      vertex 79.5412 -65.5 14.4787
    endloop
  endfacet
  facet normal -0.114145 0 0.993464
    outer loop
      vertex 66.1821 65.5 23.8904
      vertex 66.6782 60.7 23.9474
      vertex 66.6782 65.5 23.9474
    endloop
  endfacet
  facet normal -0.114145 0 0.993464
    outer loop
      vertex 66.6782 60.7 23.9474
      vertex 66.1821 65.5 23.8904
      vertex 66.1821 60.7 23.8904
    endloop
  endfacet
  facet normal -0.114145 0 0.993464
    outer loop
      vertex 66.1821 -60.7 23.8904
      vertex 66.6782 -65.5 23.9474
      vertex 66.6782 -60.7 23.9474
    endloop
  endfacet
  facet normal -0.114145 0 0.993464
    outer loop
      vertex 66.6782 -65.5 23.9474
      vertex 66.1821 -60.7 23.8904
      vertex 66.1821 -65.5 23.8904
    endloop
  endfacet
  facet normal -0.786464 0 0.617636
    outer loop
      vertex 58.2105 60.7 19.214
      vertex 58.5189 65.5 19.6067
      vertex 58.2105 65.5 19.214
    endloop
  endfacet
  facet normal -0.786464 0 0.617636
    outer loop
      vertex 58.5189 65.5 19.6067
      vertex 58.2105 60.7 19.214
      vertex 58.5189 60.7 19.6067
    endloop
  endfacet
  facet normal -0.786464 0 0.617636
    outer loop
      vertex 58.2105 -65.5 19.214
      vertex 58.5189 -60.7 19.6067
      vertex 58.2105 -60.7 19.214
    endloop
  endfacet
  facet normal -0.786464 0 0.617636
    outer loop
      vertex 58.5189 -60.7 19.6067
      vertex 58.2105 -65.5 19.214
      vertex 58.5189 -65.5 19.6067
    endloop
  endfacet
  facet normal 0.558761 0 0.829329
    outer loop
      vertex 74.2972 -60.7 22.0889
      vertex 74.7113 -65.5 21.8099
      vertex 74.7113 -60.7 21.8099
    endloop
  endfacet
  facet normal 0.558761 0 0.829329
    outer loop
      vertex 74.7113 -65.5 21.8099
      vertex 74.2972 -60.7 22.0889
      vertex 74.2972 -65.5 22.0889
    endloop
  endfacet
  facet normal 0.558761 0 0.829329
    outer loop
      vertex 74.2972 65.5 22.0889
      vertex 74.7113 60.7 21.8099
      vertex 74.7113 65.5 21.8099
    endloop
  endfacet
  facet normal 0.558761 0 0.829329
    outer loop
      vertex 74.7113 60.7 21.8099
      vertex 74.2972 65.5 22.0889
      vertex 74.2972 60.7 22.0889
    endloop
  endfacet
  facet normal -0.39462 0 0.918844
    outer loop
      vertex 62.8357 65.5 22.925
      vertex 63.2944 60.7 23.122
      vertex 63.2944 65.5 23.122
    endloop
  endfacet
  facet normal -0.39462 0 0.918844
    outer loop
      vertex 63.2944 60.7 23.122
      vertex 62.8357 65.5 22.925
      vertex 62.8357 60.7 22.925
    endloop
  endfacet
  facet normal -0.39462 0 0.918844
    outer loop
      vertex 62.8357 -60.7 22.925
      vertex 63.2944 -65.5 23.122
      vertex 63.2944 -60.7 23.122
    endloop
  endfacet
  facet normal -0.39462 0 0.918844
    outer loop
      vertex 63.2944 -65.5 23.122
      vertex 62.8357 -60.7 22.925
      vertex 62.8357 -65.5 22.925
    endloop
  endfacet
  facet normal 0.938128 -0 0.34629
    outer loop
      vertex 78.9683 -65.5 16.3896
      vertex 79.1412 -60.7 15.9212
      vertex 78.9683 -60.7 16.3896
    endloop
  endfacet
  facet normal 0.938128 0 0.34629
    outer loop
      vertex 79.1412 -60.7 15.9212
      vertex 78.9683 -65.5 16.3896
      vertex 79.1412 -65.5 15.9212
    endloop
  endfacet
  facet normal 0.938128 -0 0.34629
    outer loop
      vertex 78.9683 60.7 16.3896
      vertex 79.1412 65.5 15.9212
      vertex 78.9683 65.5 16.3896
    endloop
  endfacet
  facet normal 0.938128 0 0.34629
    outer loop
      vertex 79.1412 65.5 15.9212
      vertex 78.9683 60.7 16.3896
      vertex 79.1412 60.7 15.9212
    endloop
  endfacet
  facet normal 0.998092 0 0.0617464
    outer loop
      vertex 79.7585 -64.0784 12.9975
      vertex 79.7585 -65.5 12.9975
      vertex 79.7658 -64.0927 12.8795
    endloop
  endfacet
  facet normal 0.998058 4.58426e-05 0.062291
    outer loop
      vertex 79.7896 -65.5 12.4992
      vertex 79.7658 -64.0927 12.8795
      vertex 79.7585 -65.5 12.9975
    endloop
  endfacet
  facet normal 0.998047 0 0.06246
    outer loop
      vertex 79.7658 -64.0927 12.8795
      vertex 79.7896 -65.5 12.4992
      vertex 79.7896 -63.9485 12.4992
    endloop
  endfacet
  facet normal 0.998058 -4.58426e-05 0.062291
    outer loop
      vertex 79.7585 65.5 12.9975
      vertex 79.7658 64.0927 12.8795
      vertex 79.7896 65.5 12.4992
    endloop
  endfacet
  facet normal 0.998092 0 0.0617464
    outer loop
      vertex 79.7658 64.0927 12.8795
      vertex 79.7585 65.5 12.9975
      vertex 79.7585 64.0784 12.9975
    endloop
  endfacet
  facet normal 0.998047 0 0.06246
    outer loop
      vertex 79.7896 65.5 12.4992
      vertex 79.7658 64.0927 12.8795
      vertex 79.7896 63.9485 12.4992
    endloop
  endfacet
  facet normal 0.998092 0 0.0617464
    outer loop
      vertex 79.7585 62.1216 12.9975
      vertex 79.7585 60.7 12.9975
      vertex 79.7658 62.1073 12.8795
    endloop
  endfacet
  facet normal 0.998058 4.58426e-05 0.062291
    outer loop
      vertex 79.7896 60.7 12.4992
      vertex 79.7658 62.1073 12.8795
      vertex 79.7585 60.7 12.9975
    endloop
  endfacet
  facet normal 0.998047 0 0.06246
    outer loop
      vertex 79.7658 62.1073 12.8795
      vertex 79.7896 60.7 12.4992
      vertex 79.7896 62.2515 12.4992
    endloop
  endfacet
  facet normal 0.998058 -4.58426e-05 0.062291
    outer loop
      vertex 79.7585 -60.7 12.9975
      vertex 79.7658 -62.1073 12.8795
      vertex 79.7896 -60.7 12.4992
    endloop
  endfacet
  facet normal 0.998092 0 0.0617464
    outer loop
      vertex 79.7658 -62.1073 12.8795
      vertex 79.7585 -60.7 12.9975
      vertex 79.7585 -62.1216 12.9975
    endloop
  endfacet
  facet normal 0.998047 0 0.06246
    outer loop
      vertex 79.7896 -60.7 12.4992
      vertex 79.7658 -62.1073 12.8795
      vertex 79.7896 -62.2515 12.4992
    endloop
  endfacet
  facet normal 0.336527 0 0.941674
    outer loop
      vertex 71.6031 65.5 23.3814
      vertex 72.0732 60.7 23.2134
      vertex 72.0732 65.5 23.2134
    endloop
  endfacet
  facet normal 0.336527 0 0.941674
    outer loop
      vertex 72.0732 60.7 23.2134
      vertex 71.6031 65.5 23.3814
      vertex 71.6031 60.7 23.3814
    endloop
  endfacet
  facet normal 0.336527 0 0.941674
    outer loop
      vertex 71.6031 -60.7 23.3814
      vertex 72.0732 -65.5 23.2134
      vertex 72.0732 -60.7 23.2134
    endloop
  endfacet
  facet normal 0.336527 0 0.941674
    outer loop
      vertex 72.0732 -65.5 23.2134
      vertex 71.6031 -60.7 23.3814
      vertex 71.6031 -65.5 23.3814
    endloop
  endfacet
  facet normal -0.703593 0 0.710603
    outer loop
      vertex 59.1834 -60.7 20.3518
      vertex 59.5382 -65.5 20.7031
      vertex 59.5382 -60.7 20.7031
    endloop
  endfacet
  facet normal -0.703593 0 0.710603
    outer loop
      vertex 59.5382 -65.5 20.7031
      vertex 59.1834 -60.7 20.3518
      vertex 59.1834 -65.5 20.3518
    endloop
  endfacet
  facet normal -0.703593 0 0.710603
    outer loop
      vertex 59.1834 65.5 20.3518
      vertex 59.5382 60.7 20.7031
      vertex 59.5382 65.5 20.7031
    endloop
  endfacet
  facet normal -0.703593 0 0.710603
    outer loop
      vertex 59.5382 60.7 20.7031
      vertex 59.1834 65.5 20.3518
      vertex 59.1834 60.7 20.3518
    endloop
  endfacet
  facet normal 0.963655 -0 0.267148
    outer loop
      vertex 79.2945 -65.5 15.4461
      vertex 79.4279 -60.7 14.9649
      vertex 79.2945 -60.7 15.4461
    endloop
  endfacet
  facet normal 0.963655 0 0.267148
    outer loop
      vertex 79.4279 -60.7 14.9649
      vertex 79.2945 -65.5 15.4461
      vertex 79.4279 -65.5 14.9649
    endloop
  endfacet
  facet normal 0.963655 -0 0.267148
    outer loop
      vertex 79.2945 60.7 15.4461
      vertex 79.4279 65.5 14.9649
      vertex 79.2945 65.5 15.4461
    endloop
  endfacet
  facet normal 0.963655 0 0.267148
    outer loop
      vertex 79.4279 65.5 14.9649
      vertex 79.2945 60.7 15.4461
      vertex 79.4279 60.7 14.9649
    endloop
  endfacet
  facet normal -0.57596 0 0.817478
    outer loop
      vertex 60.6861 65.5 21.664
      vertex 61.0943 60.7 21.9516
      vertex 61.0943 65.5 21.9516
    endloop
  endfacet
  facet normal -0.57596 0 0.817478
    outer loop
      vertex 61.0943 60.7 21.9516
      vertex 60.6861 65.5 21.664
      vertex 60.6861 60.7 21.664
    endloop
  endfacet
  facet normal -0.57596 0 0.817478
    outer loop
      vertex 60.6861 -60.7 21.664
      vertex 61.0943 -65.5 21.9516
      vertex 61.0943 -60.7 21.9516
    endloop
  endfacet
  facet normal -0.57596 0 0.817478
    outer loop
      vertex 61.0943 -65.5 21.9516
      vertex 60.6861 -60.7 21.664
      vertex 60.6861 -65.5 21.664
    endloop
  endfacet
  facet normal -0.877873 0 0.478894
    outer loop
      vertex 57.1479 -65.5 17.5256
      vertex 57.387 -60.7 17.9639
      vertex 57.1479 -60.7 17.5256
    endloop
  endfacet
  facet normal -0.877873 0 0.478894
    outer loop
      vertex 57.387 -60.7 17.9639
      vertex 57.1479 -65.5 17.5256
      vertex 57.387 -65.5 17.9639
    endloop
  endfacet
  facet normal -0.877873 0 0.478894
    outer loop
      vertex 57.1479 60.7 17.5256
      vertex 57.387 65.5 17.9639
      vertex 57.1479 65.5 17.5256
    endloop
  endfacet
  facet normal -0.877873 0 0.478894
    outer loop
      vertex 57.387 65.5 17.9639
      vertex 57.1479 60.7 17.5256
      vertex 57.387 60.7 17.9639
    endloop
  endfacet
  facet normal 0.1348 0 0.990873
    outer loop
      vertex 69.1702 65.5 23.9215
      vertex 69.6649 60.7 23.8542
      vertex 69.6649 65.5 23.8542
    endloop
  endfacet
  facet normal 0.1348 0 0.990873
    outer loop
      vertex 69.6649 60.7 23.8542
      vertex 69.1702 65.5 23.9215
      vertex 69.1702 60.7 23.9215
    endloop
  endfacet
  facet normal 0.1348 0 0.990873
    outer loop
      vertex 69.1702 -60.7 23.9215
      vertex 69.6649 -65.5 23.8542
      vertex 69.6649 -60.7 23.8542
    endloop
  endfacet
  facet normal 0.1348 0 0.990873
    outer loop
      vertex 69.6649 -65.5 23.8542
      vertex 69.1702 -60.7 23.9215
      vertex 69.1702 -65.5 23.9215
    endloop
  endfacet
  facet normal -0.277154 0 0.960826
    outer loop
      vertex 64.2345 65.5 23.4581
      vertex 64.7143 60.7 23.5965
      vertex 64.7143 65.5 23.5965
    endloop
  endfacet
  facet normal -0.277154 0 0.960826
    outer loop
      vertex 64.7143 60.7 23.5965
      vertex 64.2345 65.5 23.4581
      vertex 64.2345 60.7 23.4581
    endloop
  endfacet
  facet normal -0.277154 0 0.960826
    outer loop
      vertex 64.2345 -60.7 23.4581
      vertex 64.7143 -65.5 23.5965
      vertex 64.7143 -60.7 23.5965
    endloop
  endfacet
  facet normal -0.277154 0 0.960826
    outer loop
      vertex 64.7143 -65.5 23.5965
      vertex 64.2345 -60.7 23.4581
      vertex 64.2345 -65.5 23.4581
    endloop
  endfacet
  facet normal -0.673181 0 0.739478
    outer loop
      vertex 59.5382 -60.7 20.7031
      vertex 59.9074 -65.5 21.0392
      vertex 59.9074 -60.7 21.0392
    endloop
  endfacet
  facet normal -0.673181 0 0.739478
    outer loop
      vertex 59.9074 -65.5 21.0392
      vertex 59.5382 -60.7 20.7031
      vertex 59.5382 -65.5 20.7031
    endloop
  endfacet
  facet normal -0.673181 0 0.739478
    outer loop
      vertex 59.5382 65.5 20.7031
      vertex 59.9074 60.7 21.0392
      vertex 59.9074 65.5 21.0392
    endloop
  endfacet
  facet normal -0.673181 0 0.739478
    outer loop
      vertex 59.9074 60.7 21.0392
      vertex 59.5382 65.5 20.7031
      vertex 59.5382 60.7 20.7031
    endloop
  endfacet
  facet normal 0.887679 -0 0.460463
    outer loop
      vertex 78.3349 -65.5 17.746
      vertex 78.5648 -60.7 17.3028
      vertex 78.3349 -60.7 17.746
    endloop
  endfacet
  facet normal 0.887679 0 0.460463
    outer loop
      vertex 78.5648 -60.7 17.3028
      vertex 78.3349 -65.5 17.746
      vertex 78.5648 -65.5 17.3028
    endloop
  endfacet
  facet normal 0.887679 -0 0.460463
    outer loop
      vertex 78.3349 60.7 17.746
      vertex 78.5648 65.5 17.3028
      vertex 78.3349 65.5 17.746
    endloop
  endfacet
  facet normal 0.887679 0 0.460463
    outer loop
      vertex 78.5648 65.5 17.3028
      vertex 78.3349 60.7 17.746
      vertex 78.5648 60.7 17.3028
    endloop
  endfacet
  facet normal -0.641857 0 0.766824
    outer loop
      vertex 59.9074 65.5 21.0392
      vertex 60.2903 60.7 21.3597
      vertex 60.2903 65.5 21.3597
    endloop
  endfacet
  facet normal -0.641857 0 0.766824
    outer loop
      vertex 60.2903 60.7 21.3597
      vertex 59.9074 65.5 21.0392
      vertex 59.9074 60.7 21.0392
    endloop
  endfacet
  facet normal -0.641857 0 0.766824
    outer loop
      vertex 59.9074 -60.7 21.0392
      vertex 60.2903 -65.5 21.3597
      vertex 60.2903 -60.7 21.3597
    endloop
  endfacet
  facet normal -0.641857 0 0.766824
    outer loop
      vertex 60.2903 -65.5 21.3597
      vertex 59.9074 -60.7 21.0392
      vertex 59.9074 -65.5 21.0392
    endloop
  endfacet
  facet normal 0.823481 -0 0.567344
    outer loop
      vertex 77.5375 60.7 19.013
      vertex 77.8208 65.5 18.6018
      vertex 77.5375 65.5 19.013
    endloop
  endfacet
  facet normal 0.823481 0 0.567344
    outer loop
      vertex 77.8208 65.5 18.6018
      vertex 77.5375 60.7 19.013
      vertex 77.8208 60.7 18.6018
    endloop
  endfacet
  facet normal 0.823481 -0 0.567344
    outer loop
      vertex 77.5375 -65.5 19.013
      vertex 77.8208 -60.7 18.6018
      vertex 77.5375 -60.7 19.013
    endloop
  endfacet
  facet normal 0.823481 0 0.567344
    outer loop
      vertex 77.8208 -60.7 18.6018
      vertex 77.5375 -65.5 19.013
      vertex 77.8208 -65.5 18.6018
    endloop
  endfacet
  facet normal -0.957876 0 0.287183
    outer loop
      vertex 56.2362 60.7 15.2062
      vertex 56.3796 65.5 15.6845
      vertex 56.2362 65.5 15.2062
    endloop
  endfacet
  facet normal -0.957876 0 0.287183
    outer loop
      vertex 56.3796 65.5 15.6845
      vertex 56.2362 60.7 15.2062
      vertex 56.3796 60.7 15.6845
    endloop
  endfacet
  facet normal -0.957876 0 0.287183
    outer loop
      vertex 56.2362 -65.5 15.2062
      vertex 56.3796 -60.7 15.6845
      vertex 56.2362 -60.7 15.2062
    endloop
  endfacet
  facet normal -0.957876 0 0.287183
    outer loop
      vertex 56.3796 -60.7 15.6845
      vertex 56.2362 -65.5 15.2062
      vertex 56.3796 -65.5 15.6845
    endloop
  endfacet
  facet normal -0.897016 0 0.441999
    outer loop
      vertex 56.9272 -65.5 17.0777
      vertex 57.1479 -60.7 17.5256
      vertex 56.9272 -60.7 17.0777
    endloop
  endfacet
  facet normal -0.897016 0 0.441999
    outer loop
      vertex 57.1479 -60.7 17.5256
      vertex 56.9272 -65.5 17.0777
      vertex 57.1479 -65.5 17.5256
    endloop
  endfacet
  facet normal -0.897016 0 0.441999
    outer loop
      vertex 56.9272 60.7 17.0777
      vertex 57.1479 65.5 17.5256
      vertex 56.9272 65.5 17.0777
    endloop
  endfacet
  facet normal -0.897016 0 0.441999
    outer loop
      vertex 57.1479 65.5 17.5256
      vertex 56.9272 60.7 17.0777
      vertex 57.1479 60.7 17.5256
    endloop
  endfacet
  facet normal -0.945057 0 0.326904
    outer loop
      vertex 56.3796 60.7 15.6845
      vertex 56.5428 65.5 16.1563
      vertex 56.3796 65.5 15.6845
    endloop
  endfacet
  facet normal -0.945057 0 0.326904
    outer loop
      vertex 56.5428 65.5 16.1563
      vertex 56.3796 60.7 15.6845
      vertex 56.5428 60.7 16.1563
    endloop
  endfacet
  facet normal -0.945057 0 0.326904
    outer loop
      vertex 56.3796 -65.5 15.6845
      vertex 56.5428 -60.7 16.1563
      vertex 56.3796 -60.7 15.6845
    endloop
  endfacet
  facet normal -0.945057 0 0.326904
    outer loop
      vertex 56.5428 -60.7 16.1563
      vertex 56.3796 -65.5 15.6845
      vertex 56.5428 -65.5 16.1563
    endloop
  endfacet
  facet normal -1 0 0
    outer loop
      vertex 55.8026 65.5 12
      vertex 55.8026 63.7172 12.2496
      vertex 55.8026 65.5 12.2496
    endloop
  endfacet
  facet normal -1 0 0
    outer loop
      vertex 55.8026 65.5 12
      vertex 55.8026 63.5647 12.1145
      vertex 55.8026 63.7172 12.2496
    endloop
  endfacet
  facet normal -1 0 -0
    outer loop
      vertex 55.8026 63.5647 12.1145
      vertex 55.8026 65.5 12
      vertex 55.8026 63.1 12
    endloop
  endfacet
  facet normal -1 0 0
    outer loop
      vertex 55.8026 -65.5 12
      vertex 55.8026 -63.5647 12.1145
      vertex 55.8026 -63.1 12
    endloop
  endfacet
  facet normal -1 0 0
    outer loop
      vertex 55.8026 -65.5 12
      vertex 55.8026 -63.7172 12.2496
      vertex 55.8026 -63.5647 12.1145
    endloop
  endfacet
  facet normal -1 -0 0
    outer loop
      vertex 55.8026 -63.7172 12.2496
      vertex 55.8026 -65.5 12
      vertex 55.8026 -65.5 12.2496
    endloop
  endfacet
  facet normal -1 0 0
    outer loop
      vertex 55.8026 60.7 12
      vertex 55.8026 62.6353 12.1145
      vertex 55.8026 63.1 12
    endloop
  endfacet
  facet normal -1 0 0
    outer loop
      vertex 55.8026 60.7 12
      vertex 55.8026 62.4828 12.2496
      vertex 55.8026 62.6353 12.1145
    endloop
  endfacet
  facet normal -1 -0 0
    outer loop
      vertex 55.8026 62.4828 12.2496
      vertex 55.8026 60.7 12
      vertex 55.8026 60.7 12.2496
    endloop
  endfacet
  facet normal -1 0 0
    outer loop
      vertex 55.8026 -60.7 12
      vertex 55.8026 -62.4828 12.2496
      vertex 55.8026 -60.7 12.2496
    endloop
  endfacet
  facet normal -1 0 0
    outer loop
      vertex 55.8026 -60.7 12
      vertex 55.8026 -62.6353 12.1145
      vertex 55.8026 -62.4828 12.2496
    endloop
  endfacet
  facet normal -1 0 -0
    outer loop
      vertex 55.8026 -62.6353 12.1145
      vertex 55.8026 -60.7 12
      vertex 55.8026 -63.1 12
    endloop
  endfacet
  facet normal -0.19627 0 0.98055
    outer loop
      vertex 65.1993 -60.7 23.7148
      vertex 65.6889 -65.5 23.8128
      vertex 65.6889 -60.7 23.8128
    endloop
  endfacet
  facet normal -0.19627 0 0.98055
    outer loop
      vertex 65.6889 -65.5 23.8128
      vertex 65.1993 -60.7 23.7148
      vertex 65.1993 -65.5 23.7148
    endloop
  endfacet
  facet normal -0.19627 0 0.98055
    outer loop
      vertex 65.1993 65.5 23.7148
      vertex 65.6889 60.7 23.8128
      vertex 65.6889 65.5 23.8128
    endloop
  endfacet
  facet normal -0.19627 0 0.98055
    outer loop
      vertex 65.6889 60.7 23.8128
      vertex 65.1993 65.5 23.7148
      vertex 65.1993 60.7 23.7148
    endloop
  endfacet
  facet normal 0.0935144 0 0.995618
    outer loop
      vertex 68.673 -60.7 23.9682
      vertex 69.1702 -65.5 23.9215
      vertex 69.1702 -60.7 23.9215
    endloop
  endfacet
  facet normal 0.0935144 0 0.995618
    outer loop
      vertex 69.1702 -65.5 23.9215
      vertex 68.673 -60.7 23.9682
      vertex 68.673 -65.5 23.9682
    endloop
  endfacet
  facet normal 0.0935144 0 0.995618
    outer loop
      vertex 68.673 65.5 23.9682
      vertex 69.1702 60.7 23.9215
      vertex 69.1702 65.5 23.9215
    endloop
  endfacet
  facet normal 0.0935144 0 0.995618
    outer loop
      vertex 69.1702 60.7 23.9215
      vertex 68.673 65.5 23.9682
      vertex 68.673 60.7 23.9682
    endloop
  endfacet
  facet normal -0.999132 0 0.0416555
    outer loop
      vertex 55.8026 65.5 12.2496
      vertex 55.8234 64.043 12.7485
      vertex 55.8234 65.5 12.7485
    endloop
  endfacet
  facet normal -0.999132 3.8343e-07 0.0416567
    outer loop
      vertex 55.8026 65.5 12.2496
      vertex 55.8102 63.923 12.4319
      vertex 55.8234 64.043 12.7485
    endloop
  endfacet
  facet normal -0.999132 0 0.0416533
    outer loop
      vertex 55.8102 63.923 12.4319
      vertex 55.8026 65.5 12.2496
      vertex 55.8026 63.7172 12.2496
    endloop
  endfacet
  facet normal -0.999132 0 0.0416533
    outer loop
      vertex 55.8026 -65.5 12.2496
      vertex 55.8102 -63.923 12.4319
      vertex 55.8026 -63.7172 12.2496
    endloop
  endfacet
  facet normal -0.999132 -3.8343e-07 0.0416567
    outer loop
      vertex 55.8026 -65.5 12.2496
      vertex 55.8234 -64.043 12.7485
      vertex 55.8102 -63.923 12.4319
    endloop
  endfacet
  facet normal -0.999132 0 0.0416555
    outer loop
      vertex 55.8234 -64.043 12.7485
      vertex 55.8026 -65.5 12.2496
      vertex 55.8234 -65.5 12.7485
    endloop
  endfacet
  facet normal -0.999132 0 0.0416533
    outer loop
      vertex 55.8026 60.7 12.2496
      vertex 55.8102 62.277 12.4319
      vertex 55.8026 62.4828 12.2496
    endloop
  endfacet
  facet normal -0.999132 -3.8343e-07 0.0416567
    outer loop
      vertex 55.8026 60.7 12.2496
      vertex 55.8234 62.157 12.7485
      vertex 55.8102 62.277 12.4319
    endloop
  endfacet
  facet normal -0.999132 0 0.0416555
    outer loop
      vertex 55.8234 62.157 12.7485
      vertex 55.8026 60.7 12.2496
      vertex 55.8234 60.7 12.7485
    endloop
  endfacet
  facet normal -0.999132 0 0.0416555
    outer loop
      vertex 55.8026 -60.7 12.2496
      vertex 55.8234 -62.157 12.7485
      vertex 55.8234 -60.7 12.7485
    endloop
  endfacet
  facet normal -0.999132 3.8343e-07 0.0416567
    outer loop
      vertex 55.8026 -60.7 12.2496
      vertex 55.8102 -62.277 12.4319
      vertex 55.8234 -62.157 12.7485
    endloop
  endfacet
  facet normal -0.999132 0 0.0416533
    outer loop
      vertex 55.8102 -62.277 12.4319
      vertex 55.8026 -60.7 12.2496
      vertex 55.8026 -62.4828 12.2496
    endloop
  endfacet
  facet normal -0.992236 0 0.124372
    outer loop
      vertex 55.8649 -65.5 13.2461
      vertex 55.8785 -64.035 13.3546
      vertex 55.8649 -64.0482 13.2461
    endloop
  endfacet
  facet normal -0.992235 -5.60537e-07 0.12438
    outer loop
      vertex 55.927 -65.5 13.7415
      vertex 55.8785 -64.035 13.3546
      vertex 55.8649 -65.5 13.2461
    endloop
  endfacet
  facet normal -0.992234 0 0.124382
    outer loop
      vertex 55.8785 -64.035 13.3546
      vertex 55.927 -65.5 13.7415
      vertex 55.927 -63.768 13.7415
    endloop
  endfacet
  facet normal -0.992236 0 0.124372
    outer loop
      vertex 55.8785 64.035 13.3546
      vertex 55.8649 65.5 13.2461
      vertex 55.8649 64.0482 13.2461
    endloop
  endfacet
  facet normal -0.992235 5.60537e-07 0.12438
    outer loop
      vertex 55.8649 65.5 13.2461
      vertex 55.8785 64.035 13.3546
      vertex 55.927 65.5 13.7415
    endloop
  endfacet
  facet normal -0.992234 0 0.124382
    outer loop
      vertex 55.927 65.5 13.7415
      vertex 55.8785 64.035 13.3546
      vertex 55.927 63.768 13.7415
    endloop
  endfacet
  facet normal -0.992236 0 0.124372
    outer loop
      vertex 55.8649 60.7 13.2461
      vertex 55.8785 62.165 13.3546
      vertex 55.8649 62.1518 13.2461
    endloop
  endfacet
  facet normal -0.992235 -5.60537e-07 0.12438
    outer loop
      vertex 55.927 60.7 13.7415
      vertex 55.8785 62.165 13.3546
      vertex 55.8649 60.7 13.2461
    endloop
  endfacet
  facet normal -0.992234 0 0.124382
    outer loop
      vertex 55.8785 62.165 13.3546
      vertex 55.927 60.7 13.7415
      vertex 55.927 62.432 13.7415
    endloop
  endfacet
  facet normal -0.992236 0 0.124372
    outer loop
      vertex 55.8785 -62.165 13.3546
      vertex 55.8649 -60.7 13.2461
      vertex 55.8649 -62.1518 13.2461
    endloop
  endfacet
  facet normal -0.992235 5.60537e-07 0.12438
    outer loop
      vertex 55.8649 -60.7 13.2461
      vertex 55.8785 -62.165 13.3546
      vertex 55.927 -60.7 13.7415
    endloop
  endfacet
  facet normal -0.992234 0 0.124382
    outer loop
      vertex 55.927 -60.7 13.7415
      vertex 55.8785 -62.165 13.3546
      vertex 55.927 -62.432 13.7415
    endloop
  endfacet
  facet normal -0.978446 0 0.206505
    outer loop
      vertex 56.0098 -65.5 14.2339
      vertex 56.1129 -60.7 14.7224
      vertex 56.0098 -60.7 14.2339
    endloop
  endfacet
  facet normal -0.978446 0 0.206505
    outer loop
      vertex 56.1129 -60.7 14.7224
      vertex 56.0098 -65.5 14.2339
      vertex 56.1129 -65.5 14.7224
    endloop
  endfacet
  facet normal -0.978446 0 0.206505
    outer loop
      vertex 56.0098 60.7 14.2339
      vertex 56.1129 65.5 14.7224
      vertex 56.0098 65.5 14.2339
    endloop
  endfacet
  facet normal -0.978446 0 0.206505
    outer loop
      vertex 56.1129 65.5 14.7224
      vertex 56.0098 60.7 14.2339
      vertex 56.1129 60.7 14.7224
    endloop
  endfacet
  facet normal -0.969025 0 0.246963
    outer loop
      vertex 56.1129 60.7 14.7224
      vertex 56.2362 65.5 15.2062
      vertex 56.1129 65.5 14.7224
    endloop
  endfacet
  facet normal -0.969025 0 0.246963
    outer loop
      vertex 56.2362 65.5 15.2062
      vertex 56.1129 60.7 14.7224
      vertex 56.2362 60.7 15.2062
    endloop
  endfacet
  facet normal -0.969025 0 0.246963
    outer loop
      vertex 56.1129 -65.5 14.7224
      vertex 56.2362 -60.7 15.2062
      vertex 56.1129 -60.7 14.7224
    endloop
  endfacet
  facet normal -0.969025 0 0.246963
    outer loop
      vertex 56.2362 -60.7 15.2062
      vertex 56.1129 -65.5 14.7224
      vertex 56.2362 -65.5 15.2062
    endloop
  endfacet
  facet normal 0.375496 0 0.926824
    outer loop
      vertex 72.0732 65.5 23.2134
      vertex 72.536 60.7 23.0259
      vertex 72.536 65.5 23.0259
    endloop
  endfacet
  facet normal 0.375496 0 0.926824
    outer loop
      vertex 72.536 60.7 23.0259
      vertex 72.0732 65.5 23.2134
      vertex 72.0732 60.7 23.2134
    endloop
  endfacet
  facet normal 0.375496 0 0.926824
    outer loop
      vertex 72.0732 -60.7 23.2134
      vertex 72.536 -65.5 23.0259
      vertex 72.536 -60.7 23.0259
    endloop
  endfacet
  facet normal 0.375496 0 0.926824
    outer loop
      vertex 72.536 -65.5 23.0259
      vertex 72.0732 -60.7 23.2134
      vertex 72.0732 -65.5 23.2134
    endloop
  endfacet
  facet normal -0.609507 0 0.79278
    outer loop
      vertex 60.2903 65.5 21.3597
      vertex 60.6861 60.7 21.664
      vertex 60.6861 65.5 21.664
    endloop
  endfacet
  facet normal -0.609507 0 0.79278
    outer loop
      vertex 60.6861 60.7 21.664
      vertex 60.2903 65.5 21.3597
      vertex 60.2903 60.7 21.3597
    endloop
  endfacet
  facet normal -0.609507 0 0.79278
    outer loop
      vertex 60.2903 -60.7 21.3597
      vertex 60.6861 -65.5 21.664
      vertex 60.6861 -60.7 21.664
    endloop
  endfacet
  facet normal -0.609507 0 0.79278
    outer loop
      vertex 60.6861 -65.5 21.664
      vertex 60.2903 -60.7 21.3597
      vertex 60.2903 -65.5 21.3597
    endloop
  endfacet
  facet normal -0.505987 0 0.862541
    outer loop
      vertex 61.5141 65.5 22.2219
      vertex 61.9447 60.7 22.4745
      vertex 61.9447 65.5 22.4745
    endloop
  endfacet
  facet normal -0.505987 0 0.862541
    outer loop
      vertex 61.9447 60.7 22.4745
      vertex 61.5141 65.5 22.2219
      vertex 61.5141 60.7 22.2219
    endloop
  endfacet
  facet normal -0.505987 0 0.862541
    outer loop
      vertex 61.5141 -60.7 22.2219
      vertex 61.9447 -65.5 22.4745
      vertex 61.9447 -60.7 22.4745
    endloop
  endfacet
  facet normal -0.505987 0 0.862541
    outer loop
      vertex 61.9447 -65.5 22.4745
      vertex 61.5141 -60.7 22.2219
      vertex 61.5141 -65.5 22.2219
    endloop
  endfacet
  facet normal 0.451215 0 0.892415
    outer loop
      vertex 72.9905 -60.7 22.8194
      vertex 73.4361 -65.5 22.5941
      vertex 73.4361 -60.7 22.5941
    endloop
  endfacet
  facet normal 0.451215 0 0.892415
    outer loop
      vertex 73.4361 -65.5 22.5941
      vertex 72.9905 -60.7 22.8194
      vertex 72.9905 -65.5 22.8194
    endloop
  endfacet
  facet normal 0.451215 0 0.892415
    outer loop
      vertex 72.9905 65.5 22.8194
      vertex 73.4361 60.7 22.5941
      vertex 73.4361 65.5 22.5941
    endloop
  endfacet
  facet normal 0.451215 0 0.892415
    outer loop
      vertex 73.4361 60.7 22.5941
      vertex 72.9905 65.5 22.8194
      vertex 72.9905 60.7 22.8194
    endloop
  endfacet
  facet normal -0.0729125 0 0.997338
    outer loop
      vertex 66.6782 65.5 23.9474
      vertex 67.1761 60.7 23.9838
      vertex 67.1761 65.5 23.9838
    endloop
  endfacet
  facet normal -0.0729125 0 0.997338
    outer loop
      vertex 67.1761 60.7 23.9838
      vertex 66.6782 65.5 23.9474
      vertex 66.6782 60.7 23.9474
    endloop
  endfacet
  facet normal -0.0729125 0 0.997338
    outer loop
      vertex 66.6782 -60.7 23.9474
      vertex 67.1761 -65.5 23.9838
      vertex 67.1761 -60.7 23.9838
    endloop
  endfacet
  facet normal -0.0729125 0 0.997338
    outer loop
      vertex 67.1761 -65.5 23.9838
      vertex 66.6782 -60.7 23.9474
      vertex 66.6782 -65.5 23.9474
    endloop
  endfacet
  facet normal 0.625891 0 0.77991
    outer loop
      vertex 75.1134 65.5 21.5139
      vertex 75.5028 60.7 21.2014
      vertex 75.5028 65.5 21.2014
    endloop
  endfacet
  facet normal 0.625891 0 0.77991
    outer loop
      vertex 75.5028 60.7 21.2014
      vertex 75.1134 65.5 21.5139
      vertex 75.1134 60.7 21.5139
    endloop
  endfacet
  facet normal 0.625891 0 0.77991
    outer loop
      vertex 75.1134 -60.7 21.5139
      vertex 75.5028 -65.5 21.2014
      vertex 75.5028 -60.7 21.2014
    endloop
  endfacet
  facet normal 0.625891 0 0.77991
    outer loop
      vertex 75.5028 -65.5 21.2014
      vertex 75.1134 -60.7 21.5139
      vertex 75.1134 -65.5 21.5139
    endloop
  endfacet
  facet normal -0.811413 0 0.584474
    outer loop
      vertex 57.9187 60.7 18.8089
      vertex 58.2105 65.5 19.214
      vertex 57.9187 65.5 18.8089
    endloop
  endfacet
  facet normal -0.811413 0 0.584474
    outer loop
      vertex 58.2105 65.5 19.214
      vertex 57.9187 60.7 18.8089
      vertex 58.2105 60.7 19.214
    endloop
  endfacet
  facet normal -0.811413 0 0.584474
    outer loop
      vertex 57.9187 -65.5 18.8089
      vertex 58.2105 -60.7 19.214
      vertex 57.9187 -60.7 18.8089
    endloop
  endfacet
  facet normal -0.811413 0 0.584474
    outer loop
      vertex 58.2105 -60.7 19.214
      vertex 57.9187 -65.5 18.8089
      vertex 58.2105 -65.5 19.214
    endloop
  endfacet
  facet normal -0.356079 0 0.934456
    outer loop
      vertex 63.2944 65.5 23.122
      vertex 63.761 60.7 23.2998
      vertex 63.761 65.5 23.2998
    endloop
  endfacet
  facet normal -0.356079 0 0.934456
    outer loop
      vertex 63.761 60.7 23.2998
      vertex 63.2944 65.5 23.122
      vertex 63.2944 60.7 23.122
    endloop
  endfacet
  facet normal -0.356079 0 0.934456
    outer loop
      vertex 63.2944 -60.7 23.122
      vertex 63.761 -65.5 23.2998
      vertex 63.761 -60.7 23.2998
    endloop
  endfacet
  facet normal -0.356079 0 0.934456
    outer loop
      vertex 63.761 -65.5 23.2998
      vertex 63.2944 -60.7 23.122
      vertex 63.2944 -65.5 23.122
    endloop
  endfacet
  facet normal -0.23697 0 0.971517
    outer loop
      vertex 64.7143 -60.7 23.5965
      vertex 65.1993 -65.5 23.7148
      vertex 65.1993 -60.7 23.7148
    endloop
  endfacet
  facet normal -0.23697 0 0.971517
    outer loop
      vertex 65.1993 -65.5 23.7148
      vertex 64.7143 -60.7 23.5965
      vertex 64.7143 -65.5 23.5965
    endloop
  endfacet
  facet normal -0.23697 0 0.971517
    outer loop
      vertex 64.7143 65.5 23.5965
      vertex 65.1993 60.7 23.7148
      vertex 65.1993 65.5 23.7148
    endloop
  endfacet
  facet normal -0.23697 0 0.971517
    outer loop
      vertex 65.1993 60.7 23.7148
      vertex 64.7143 65.5 23.5965
      vertex 64.7143 60.7 23.5965
    endloop
  endfacet
  facet normal -0.83518 0 0.549977
    outer loop
      vertex 57.6441 60.7 18.3919
      vertex 57.9187 65.5 18.8089
      vertex 57.6441 65.5 18.3919
    endloop
  endfacet
  facet normal -0.83518 0 0.549977
    outer loop
      vertex 57.9187 65.5 18.8089
      vertex 57.6441 60.7 18.3919
      vertex 57.9187 60.7 18.8089
    endloop
  endfacet
  facet normal -0.83518 0 0.549977
    outer loop
      vertex 57.6441 -65.5 18.3919
      vertex 57.9187 -60.7 18.8089
      vertex 57.6441 -60.7 18.3919
    endloop
  endfacet
  facet normal -0.83518 0 0.549977
    outer loop
      vertex 57.9187 -60.7 18.8089
      vertex 57.6441 -65.5 18.3919
      vertex 57.9187 -65.5 18.8089
    endloop
  endfacet
  facet normal 0.799086 -0 0.601217
    outer loop
      vertex 77.2373 60.7 19.412
      vertex 77.5375 65.5 19.013
      vertex 77.2373 65.5 19.412
    endloop
  endfacet
  facet normal 0.799086 0 0.601217
    outer loop
      vertex 77.5375 65.5 19.013
      vertex 77.2373 60.7 19.412
      vertex 77.5375 60.7 19.013
    endloop
  endfacet
  facet normal 0.799086 -0 0.601217
    outer loop
      vertex 77.2373 -65.5 19.412
      vertex 77.5375 -60.7 19.013
      vertex 77.2373 -60.7 19.412
    endloop
  endfacet
  facet normal 0.799086 0 0.601217
    outer loop
      vertex 77.5375 -60.7 19.013
      vertex 77.2373 -65.5 19.412
      vertex 77.5375 -65.5 19.013
    endloop
  endfacet
  facet normal 0.922863 -0 0.385127
    outer loop
      vertex 78.776 60.7 16.8504
      vertex 78.9683 65.5 16.3896
      vertex 78.776 65.5 16.8504
    endloop
  endfacet
  facet normal 0.922863 0 0.385127
    outer loop
      vertex 78.9683 65.5 16.3896
      vertex 78.776 60.7 16.8504
      vertex 78.9683 60.7 16.3896
    endloop
  endfacet
  facet normal 0.922863 -0 0.385127
    outer loop
      vertex 78.776 -65.5 16.8504
      vertex 78.9683 -60.7 16.3896
      vertex 78.776 -60.7 16.8504
    endloop
  endfacet
  facet normal 0.922863 0 0.385127
    outer loop
      vertex 78.9683 -60.7 16.3896
      vertex 78.776 -65.5 16.8504
      vertex 78.9683 -65.5 16.3896
    endloop
  endfacet
  facet normal -0.155428 0 0.987847
    outer loop
      vertex 65.6889 -60.7 23.8128
      vertex 66.1821 -65.5 23.8904
      vertex 66.1821 -60.7 23.8904
    endloop
  endfacet
  facet normal -0.155428 0 0.987847
    outer loop
      vertex 66.1821 -65.5 23.8904
      vertex 65.6889 -60.7 23.8128
      vertex 65.6889 -65.5 23.8128
    endloop
  endfacet
  facet normal -0.155428 0 0.987847
    outer loop
      vertex 65.6889 65.5 23.8128
      vertex 66.1821 60.7 23.8904
      vertex 66.1821 65.5 23.8904
    endloop
  endfacet
  facet normal -0.155428 0 0.987847
    outer loop
      vertex 66.1821 60.7 23.8904
      vertex 65.6889 65.5 23.8128
      vertex 65.6889 60.7 23.8128
    endloop
  endfacet
  facet normal -0.541365 0 0.840788
    outer loop
      vertex 61.0943 -60.7 21.9516
      vertex 61.5141 -65.5 22.2219
      vertex 61.5141 -60.7 22.2219
    endloop
  endfacet
  facet normal -0.541365 0 0.840788
    outer loop
      vertex 61.5141 -65.5 22.2219
      vertex 61.0943 -60.7 21.9516
      vertex 61.0943 -65.5 21.9516
    endloop
  endfacet
  facet normal -0.541365 0 0.840788
    outer loop
      vertex 61.0943 65.5 21.9516
      vertex 61.5141 60.7 22.2219
      vertex 61.5141 65.5 22.2219
    endloop
  endfacet
  facet normal -0.541365 0 0.840788
    outer loop
      vertex 61.5141 60.7 22.2219
      vertex 61.0943 65.5 21.9516
      vertex 61.0943 60.7 21.9516
    endloop
  endfacet
  facet normal -0.432575 0 0.901598
    outer loop
      vertex 62.3855 -60.7 22.709
      vertex 62.8357 -65.5 22.925
      vertex 62.8357 -60.7 22.925
    endloop
  endfacet
  facet normal -0.432575 0 0.901598
    outer loop
      vertex 62.8357 -65.5 22.925
      vertex 62.3855 -60.7 22.709
      vertex 62.3855 -65.5 22.709
    endloop
  endfacet
  facet normal -0.432575 0 0.901598
    outer loop
      vertex 62.3855 65.5 22.709
      vertex 62.8357 60.7 22.925
      vertex 62.8357 65.5 22.925
    endloop
  endfacet
  facet normal -0.432575 0 0.901598
    outer loop
      vertex 62.8357 60.7 22.925
      vertex 62.3855 65.5 22.709
      vertex 62.3855 60.7 22.709
    endloop
  endfacet
  facet normal 0.59283 0 0.805328
    outer loop
      vertex 74.7113 -60.7 21.8099
      vertex 75.1134 -65.5 21.5139
      vertex 75.1134 -60.7 21.5139
    endloop
  endfacet
  facet normal 0.59283 0 0.805328
    outer loop
      vertex 75.1134 -65.5 21.5139
      vertex 74.7113 -60.7 21.8099
      vertex 74.7113 -65.5 21.8099
    endloop
  endfacet
  facet normal 0.59283 0 0.805328
    outer loop
      vertex 74.7113 65.5 21.8099
      vertex 75.1134 60.7 21.5139
      vertex 75.1134 65.5 21.5139
    endloop
  endfacet
  facet normal 0.59283 0 0.805328
    outer loop
      vertex 75.1134 60.7 21.5139
      vertex 74.7113 65.5 21.8099
      vertex 74.7113 60.7 21.8099
    endloop
  endfacet
  facet normal -0.469663 0 0.882846
    outer loop
      vertex 61.9447 -60.7 22.4745
      vertex 62.3855 -65.5 22.709
      vertex 62.3855 -60.7 22.709
    endloop
  endfacet
  facet normal -0.469663 0 0.882846
    outer loop
      vertex 62.3855 -65.5 22.709
      vertex 61.9447 -60.7 22.4745
      vertex 61.9447 -65.5 22.4745
    endloop
  endfacet
  facet normal -0.469663 0 0.882846
    outer loop
      vertex 61.9447 65.5 22.4745
      vertex 62.3855 60.7 22.709
      vertex 62.3855 65.5 22.709
    endloop
  endfacet
  facet normal -0.469663 0 0.882846
    outer loop
      vertex 62.3855 60.7 22.709
      vertex 61.9447 65.5 22.4745
      vertex 61.9447 60.7 22.4745
    endloop
  endfacet
  facet normal -0.857228 0 0.514937
    outer loop
      vertex 57.387 60.7 17.9639
      vertex 57.6441 65.5 18.3919
      vertex 57.387 65.5 17.9639
    endloop
  endfacet
  facet normal -0.857228 0 0.514937
    outer loop
      vertex 57.6441 65.5 18.3919
      vertex 57.387 60.7 17.9639
      vertex 57.6441 60.7 18.3919
    endloop
  endfacet
  facet normal -0.857228 0 0.514937
    outer loop
      vertex 57.387 -65.5 17.9639
      vertex 57.6441 -60.7 18.3919
      vertex 57.387 -60.7 17.9639
    endloop
  endfacet
  facet normal -0.857228 0 0.514937
    outer loop
      vertex 57.6441 -60.7 18.3919
      vertex 57.387 -65.5 17.9639
      vertex 57.6441 -65.5 18.3919
    endloop
  endfacet
  facet normal -1 0 0
    outer loop
      vertex 68 -68 0
      vertex 68 68 1.5
      vertex 68 68 0
    endloop
  endfacet
  facet normal -1 -0 0
    outer loop
      vertex 68 68 1.5
      vertex 68 -68 0
      vertex 68 -68 1.5
    endloop
  endfacet
  facet normal 0 0 -1
    outer loop
      vertex 68 -68 1.5
      vertex 65.5 -65.5 1.5
      vertex 68 68 1.5
    endloop
  endfacet
  facet normal 0 0 -1
    outer loop
      vertex 68 -68 1.5
      vertex -65.5 -65.5 1.5
      vertex 65.5 -65.5 1.5
    endloop
  endfacet
  facet normal -0 0 -1
    outer loop
      vertex -65.5 -65.5 1.5
      vertex -68 -68 1.5
      vertex -65.5 65.5 1.5
    endloop
  endfacet
  facet normal 0 0 -1
    outer loop
      vertex -68 -68 1.5
      vertex -65.5 -65.5 1.5
      vertex 68 -68 1.5
    endloop
  endfacet
  facet normal 0 0 -1
    outer loop
      vertex 65.5 65.5 1.5
      vertex 68 68 1.5
      vertex 65.5 -65.5 1.5
    endloop
  endfacet
  facet normal 0 0 -1
    outer loop
      vertex -65.5 65.5 1.5
      vertex 68 68 1.5
      vertex 65.5 65.5 1.5
    endloop
  endfacet
  facet normal 0 0 -1
    outer loop
      vertex -65.5 65.5 1.5
      vertex -68 68 1.5
      vertex 68 68 1.5
    endloop
  endfacet
  facet normal 0 0 -1
    outer loop
      vertex -68 68 1.5
      vertex -65.5 65.5 1.5
      vertex -68 -68 1.5
    endloop
  endfacet
  facet normal 1 -0 0
    outer loop
      vertex -68 -68 1.5
      vertex -68 68 0
      vertex -68 68 1.5
    endloop
  endfacet
  facet normal 1 0 0
    outer loop
      vertex -68 68 0
      vertex -68 -68 1.5
      vertex -68 -68 0
    endloop
  endfacet
  facet normal 0 -1 0
    outer loop
      vertex -68 68 0
      vertex 68 68 1.5
      vertex -68 68 1.5
    endloop
  endfacet
  facet normal 0 -1 -0
    outer loop
      vertex 68 68 1.5
      vertex -68 68 0
      vertex 68 68 0
    endloop
  endfacet
  facet normal 0 1 -0
    outer loop
      vertex 68 -68 0
      vertex -68 -68 1.5
      vertex 68 -68 1.5
    endloop
  endfacet
  facet normal 0 1 0
    outer loop
      vertex -68 -68 1.5
      vertex 68 -68 0
      vertex -68 -68 0
    endloop
  endfacet
  facet normal 1 -0 0
    outer loop
      vertex 65.5 -65.5 1.5
      vertex 65.5 65.5 0
      vertex 65.5 65.5 1.5
    endloop
  endfacet
  facet normal 1 0 0
    outer loop
      vertex 65.5 65.5 0
      vertex 65.5 -65.5 1.5
      vertex 65.5 -65.5 0
    endloop
  endfacet
  facet normal -1 0 0
    outer loop
      vertex -65.5 -65.5 0
      vertex -65.5 65.5 1.5
      vertex -65.5 65.5 0
    endloop
  endfacet
  facet normal -1 -0 0
    outer loop
      vertex -65.5 65.5 1.5
      vertex -65.5 -65.5 0
      vertex -65.5 -65.5 1.5
    endloop
  endfacet
  facet normal 0 1 -0
    outer loop
      vertex 65.5 65.5 0
      vertex -65.5 65.5 1.5
      vertex 65.5 65.5 1.5
    endloop
  endfacet
  facet normal 0 1 0
    outer loop
      vertex -65.5 65.5 1.5
      vertex 65.5 65.5 0
      vertex -65.5 65.5 0
    endloop
  endfacet
  facet normal 0 -1 0
    outer loop
      vertex -65.5 -65.5 0
      vertex 65.5 -65.5 1.5
      vertex -65.5 -65.5 1.5
    endloop
  endfacet
  facet normal 0 -1 -0
    outer loop
      vertex 65.5 -65.5 1.5
      vertex -65.5 -65.5 0
      vertex 65.5 -65.5 0
    endloop
  endfacet
  facet normal -1 0 0
    outer loop
      vertex -65.7 -79.8 5
      vertex -65.7 -65.7 6
      vertex -65.7 -65.7 5
    endloop
  endfacet
  facet normal -1 -0 0
    outer loop
      vertex -65.7 -65.7 6
      vertex -65.7 -79.8 5
      vertex -65.7 -79.8 6
    endloop
  endfacet
  facet normal 0 0 1
    outer loop
      vertex -65.7 -65.7 5
      vertex -77.8 -79.8 5
      vertex -65.7 -79.8 5
    endloop
  endfacet
  facet normal 0 0 1
    outer loop
      vertex -79.8 -77.8 5
      vertex -65.7 -65.7 5
      vertex -79.8 -65.7 5
    endloop
  endfacet
  facet normal 0 0 1
    outer loop
      vertex -65.7 -65.7 5
      vertex -79.8 -77.8 5
      vertex -77.8 -79.8 5
    endloop
  endfacet
  facet normal 0 -1 0
    outer loop
      vertex -79.8 -65.7 5
      vertex -65.7 -65.7 6
      vertex -79.8 -65.7 6
    endloop
  endfacet
  facet normal 0 -1 -0
    outer loop
      vertex -65.7 -65.7 6
      vertex -79.8 -65.7 5
      vertex -65.7 -65.7 5
    endloop
  endfacet
  facet normal 1 -0 0
    outer loop
      vertex 65.7 -79.8 6
      vertex 65.7 -65.7 5
      vertex 65.7 -65.7 6
    endloop
  endfacet
  facet normal 1 0 0
    outer loop
      vertex 65.7 -65.7 5
      vertex 65.7 -79.8 6
      vertex 65.7 -79.8 5
    endloop
  endfacet
  facet normal -0 0 1
    outer loop
      vertex 65.7 -65.7 5
      vertex 79.8 -77.8 5
      vertex 79.8 -65.7 5
    endloop
  endfacet
  facet normal 0 0 1
    outer loop
      vertex 79.8 -77.8 5
      vertex 65.7 -65.7 5
      vertex 77.8 -79.8 5
    endloop
  endfacet
  facet normal 0 0 1
    outer loop
      vertex 77.8 -79.8 5
      vertex 65.7 -65.7 5
      vertex 65.7 -79.8 5
    endloop
  endfacet
  facet normal 0 -1 0
    outer loop
      vertex 65.7 -65.7 5
      vertex 79.8 -65.7 6
      vertex 65.7 -65.7 6
    endloop
  endfacet
  facet normal 0 -1 -0
    outer loop
      vertex 79.8 -65.7 6
      vertex 65.7 -65.7 5
      vertex 79.8 -65.7 5
    endloop
  endfacet
  facet normal 1 -0 0
    outer loop
      vertex 65.7 65.7 6
      vertex 65.7 79.8 5
      vertex 65.7 79.8 6
    endloop
  endfacet
  facet normal 1 0 0
    outer loop
      vertex 65.7 79.8 5
      vertex 65.7 65.7 6
      vertex 65.7 65.7 5
    endloop
  endfacet
  facet normal 0 0 1
    outer loop
      vertex 65.7 65.7 5
      vertex 79.8 77.8 5
      vertex 77.8 79.8 5
    endloop
  endfacet
  facet normal 0 0 1
    outer loop
      vertex 65.7 65.7 5
      vertex 77.8 79.8 5
      vertex 65.7 79.8 5
    endloop
  endfacet
  facet normal 0 0 1
    outer loop
      vertex 79.8 77.8 5
      vertex 65.7 65.7 5
      vertex 79.8 65.7 5
    endloop
  endfacet
  facet normal 0 1 -0
    outer loop
      vertex 79.8 65.7 5
      vertex 65.7 65.7 6
      vertex 79.8 65.7 6
    endloop
  endfacet
  facet normal 0 1 0
    outer loop
      vertex 65.7 65.7 6
      vertex 79.8 65.7 5
      vertex 65.7 65.7 5
    endloop
  endfacet
  facet normal 0 1 -0
    outer loop
      vertex -65.7 65.7 5
      vertex -79.8 65.7 6
      vertex -65.7 65.7 6
    endloop
  endfacet
  facet normal 0 1 0
    outer loop
      vertex -79.8 65.7 6
      vertex -65.7 65.7 5
      vertex -79.8 65.7 5
    endloop
  endfacet
  facet normal -0 0 1
    outer loop
      vertex -77.8 79.8 5
      vertex -65.7 65.7 5
      vertex -65.7 79.8 5
    endloop
  endfacet
  facet normal -0 0 1
    outer loop
      vertex -79.8 77.8 5
      vertex -65.7 65.7 5
      vertex -77.8 79.8 5
    endloop
  endfacet
  facet normal 0 0 1
    outer loop
      vertex -65.7 65.7 5
      vertex -79.8 77.8 5
      vertex -79.8 65.7 5
    endloop
  endfacet
  facet normal -1 0 0
    outer loop
      vertex -65.7 65.7 5
      vertex -65.7 79.8 6
      vertex -65.7 79.8 5
    endloop
  endfacet
  facet normal -1 -0 0
    outer loop
      vertex -65.7 79.8 6
      vertex -65.7 65.7 5
      vertex -65.7 65.7 6
    endloop
  endfacet
  facet normal -0 0 1
    outer loop
      vertex 64.5 60.7 6
      vertex 69.8 -60.7 6
      vertex 69.8 60.7 6
    endloop
  endfacet
  facet normal 0 0 1
    outer loop
      vertex 69.8 -60.7 6
      vertex 64.5 60.7 6
      vertex 64.5 -60.7 6
    endloop
  endfacet
  facet normal 0 0 1
    outer loop
      vertex 61.5 60.7 6
      vertex 60.5 50.5 6
      vertex 61.5 -60.7 6
    endloop
  endfacet
  facet normal 0 0 1
    outer loop
      vertex 61.5 60.7 6
      vertex -60.5 50.5 6
      vertex 60.5 50.5 6
    endloop
  endfacet
  facet normal 0 0 1
    outer loop
      vertex -60.5 50.5 6
      vertex -76.5 60.7 6
      vertex -60.5 -50.5 6
    endloop
  endfacet
  facet normal -0 0 1
    outer loop
      vertex -76.5 60.7 6
      vertex -60.5 50.5 6
      vertex 61.5 60.7 6
    endloop
  endfacet
  facet normal -0 0 1
    outer loop
      vertex 60.5 -50.5 6
      vertex 61.5 -60.7 6
      vertex 60.5 50.5 6
    endloop
  endfacet
  facet normal -0 0 1
    outer loop
      vertex -60.5 -50.5 6
      vertex 61.5 -60.7 6
      vertex 60.5 -50.5 6
    endloop
  endfacet
  facet normal 0 0 1
    outer loop
      vertex -60.5 -50.5 6
      vertex -76.5 -60.7 6
      vertex 61.5 -60.7 6
    endloop
  endfacet
  facet normal 0 0 1
    outer loop
      vertex -76.5 -60.7 6
      vertex -60.5 -50.5 6
      vertex -76.5 60.7 6
    endloop
  endfacet
  facet normal 0 1 -0
    outer loop
      vertex 64.5 -60.7 4
      vertex 61.5 -60.7 6
      vertex 64.5 -60.7 6
    endloop
  endfacet
  facet normal 0 1 0
    outer loop
      vertex 61.5 -60.7 6
      vertex 64.5 -60.7 4
      vertex 61.5 -60.7 4
    endloop
  endfacet
  facet normal 0 1 0
    outer loop
      vertex 69.8 -60.7 6
      vertex 67.6752 -60.7 23.9994
      vertex 68.1744 -60.7 23.9942
    endloop
  endfacet
  facet normal 0 1 0
    outer loop
      vertex 69.8 -60.7 6
      vertex 68.1744 -60.7 23.9942
      vertex 68.673 -60.7 23.9682
    endloop
  endfacet
  facet normal 0 1 0
    outer loop
      vertex 67.6752 -60.7 23.9994
      vertex 69.8 -60.7 6
      vertex 67.1761 -60.7 23.9838
    endloop
  endfacet
  facet normal 0 1 0
    outer loop
      vertex 69.8 -60.7 6
      vertex 68.673 -60.7 23.9682
      vertex 69.1702 -60.7 23.9215
    endloop
  endfacet
  facet normal 0 1 0
    outer loop
      vertex 67.1761 -60.7 23.9838
      vertex 69.8 -60.7 6
      vertex 66.6782 -60.7 23.9474
    endloop
  endfacet
  facet normal 0 1 0
    outer loop
      vertex 69.8 -60.7 6
      vertex 69.1702 -60.7 23.9215
      vertex 69.6649 -60.7 23.8542
    endloop
  endfacet
  facet normal 0 1 0
    outer loop
      vertex 66.6782 -60.7 23.9474
      vertex 69.8 -60.7 6
      vertex 66.1821 -60.7 23.8904
    endloop
  endfacet
  facet normal 0 1 -0
    outer loop
      vertex 69.8 -60.7 6
      vertex 69.6649 -60.7 23.8542
      vertex 70.1564 -60.7 23.7664
    endloop
  endfacet
  facet normal 0 1 0
    outer loop
      vertex 66.1821 -60.7 23.8904
      vertex 69.8 -60.7 6
      vertex 65.6889 -60.7 23.8128
    endloop
  endfacet
  facet normal 0 1 0
    outer loop
      vertex 69.8 -60.7 6
      vertex 70.1564 -60.7 23.7664
      vertex 70.6438 -60.7 23.6582
    endloop
  endfacet
  facet normal 0 1 0
    outer loop
      vertex 65.6889 -60.7 23.8128
      vertex 69.8 -60.7 6
      vertex 65.1993 -60.7 23.7148
    endloop
  endfacet
  facet normal 0 1 0
    outer loop
      vertex 69.8 -60.7 6
      vertex 70.6438 -60.7 23.6582
      vertex 71.1263 -60.7 23.5298
    endloop
  endfacet
  facet normal 0 1 0
    outer loop
      vertex 65.1993 -60.7 23.7148
      vertex 69.8 -60.7 6
      vertex 64.7143 -60.7 23.5965
    endloop
  endfacet
  facet normal 0 1 0
    outer loop
      vertex 69.8 -60.7 6
      vertex 71.1263 -60.7 23.5298
      vertex 71.6031 -60.7 23.3814
    endloop
  endfacet
  facet normal 0 1 0
    outer loop
      vertex 64.5 -60.7 6
      vertex 64.7143 -60.7 23.5965
      vertex 69.8 -60.7 6
    endloop
  endfacet
  facet normal 0 1 0
    outer loop
      vertex 69.8 -60.7 6
      vertex 71.6031 -60.7 23.3814
      vertex 72.0732 -60.7 23.2134
    endloop
  endfacet
  facet normal 0 1 0
    outer loop
      vertex 64.7143 -60.7 23.5965
      vertex 64.5 -60.7 6
      vertex 64.2345 -60.7 23.4581
    endloop
  endfacet
  facet normal 0 1 0
    outer loop
      vertex 69.8 -60.7 6
      vertex 72.0732 -60.7 23.2134
      vertex 72.536 -60.7 23.0259
    endloop
  endfacet
  facet normal 0 1 0
    outer loop
      vertex 64.2345 -60.7 23.4581
      vertex 64.5 -60.7 6
      vertex 63.761 -60.7 23.2998
    endloop
  endfacet
  facet normal 0 1 0
    outer loop
      vertex 69.8 -60.7 6
      vertex 72.536 -60.7 23.0259
      vertex 72.9905 -60.7 22.8194
    endloop
  endfacet
  facet normal 0 1 0
    outer loop
      vertex 63.761 -60.7 23.2998
      vertex 64.5 -60.7 6
      vertex 63.2944 -60.7 23.122
    endloop
  endfacet
  facet normal 0 1 0
    outer loop
      vertex 69.8 -60.7 6
      vertex 72.9905 -60.7 22.8194
      vertex 73.4361 -60.7 22.5941
    endloop
  endfacet
  facet normal 0 1 0
    outer loop
      vertex 63.2944 -60.7 23.122
      vertex 64.5 -60.7 6
      vertex 62.8357 -60.7 22.925
    endloop
  endfacet
  facet normal 0 1 0
    outer loop
      vertex 69.8 -60.7 6
      vertex 73.4361 -60.7 22.5941
      vertex 73.8719 -60.7 22.3504
    endloop
  endfacet
  facet normal 0 1 0
    outer loop
      vertex 62.8357 -60.7 22.925
      vertex 64.5 -60.7 6
      vertex 62.3855 -60.7 22.709
    endloop
  endfacet
  facet normal 0 1 0
    outer loop
      vertex 69.8 -60.7 6
      vertex 73.8719 -60.7 22.3504
      vertex 74.2972 -60.7 22.0889
    endloop
  endfacet
  facet normal 0 1 0
    outer loop
      vertex 62.3855 -60.7 22.709
      vertex 64.5 -60.7 6
      vertex 61.9447 -60.7 22.4745
    endloop
  endfacet
  facet normal 0 1 0
    outer loop
      vertex 69.8 -60.7 6
      vertex 74.2972 -60.7 22.0889
      vertex 74.7113 -60.7 21.8099
    endloop
  endfacet
  facet normal 0 1 0
    outer loop
      vertex 61.9447 -60.7 22.4745
      vertex 64.5 -60.7 6
      vertex 61.5141 -60.7 22.2219
    endloop
  endfacet
  facet normal 0 1 0
    outer loop
      vertex 69.8 -60.7 6
      vertex 74.7113 -60.7 21.8099
      vertex 75.1134 -60.7 21.5139
    endloop
  endfacet
  facet normal 0 1 0
    outer loop
      vertex 61.5141 -60.7 22.2219
      vertex 64.5 -60.7 6
      vertex 61.0943 -60.7 21.9516
    endloop
  endfacet
  facet normal 0 1 0
    outer loop
      vertex 69.8 -60.7 6
      vertex 75.1134 -60.7 21.5139
      vertex 75.5028 -60.7 21.2014
    endloop
  endfacet
  facet normal 0 1 0
    outer loop
      vertex 61.0943 -60.7 21.9516
      vertex 64.5 -60.7 6
      vertex 60.6861 -60.7 21.664
    endloop
  endfacet
  facet normal 0 1 0
    outer loop
      vertex 69.8 -60.7 6
      vertex 75.5028 -60.7 21.2014
      vertex 75.8789 -60.7 20.8731
    endloop
  endfacet
  facet normal 0 1 0
    outer loop
      vertex 60.6861 -60.7 21.664
      vertex 64.5 -60.7 6
      vertex 60.2903 -60.7 21.3597
    endloop
  endfacet
  facet normal 0 1 0
    outer loop
      vertex 69.8 -60.7 6
      vertex 75.8789 -60.7 20.8731
      vertex 76.241 -60.7 20.5293
    endloop
  endfacet
  facet normal 0 1 0
    outer loop
      vertex 60.2903 -60.7 21.3597
      vertex 64.5 -60.7 6
      vertex 59.9074 -60.7 21.0392
    endloop
  endfacet
  facet normal 0 1 0
    outer loop
      vertex 69.8 -60.7 6
      vertex 76.241 -60.7 20.5293
      vertex 76.5885 -60.7 20.1708
    endloop
  endfacet
  facet normal 0 1 0
    outer loop
      vertex 59.9074 -60.7 21.0392
      vertex 64.5 -60.7 6
      vertex 59.5382 -60.7 20.7031
    endloop
  endfacet
  facet normal 0 1 0
    outer loop
      vertex 69.8 -60.7 6
      vertex 76.5885 -60.7 20.1708
      vertex 76.9208 -60.7 19.7981
    endloop
  endfacet
  facet normal 0 1 0
    outer loop
      vertex 59.5382 -60.7 20.7031
      vertex 64.5 -60.7 6
      vertex 59.1834 -60.7 20.3518
    endloop
  endfacet
  facet normal 0 1 0
    outer loop
      vertex 69.8 -60.7 6
      vertex 76.9208 -60.7 19.7981
      vertex 77.2373 -60.7 19.412
    endloop
  endfacet
  facet normal 0 1 0
    outer loop
      vertex 59.1834 -60.7 20.3518
      vertex 64.5 -60.7 6
      vertex 58.8434 -60.7 19.9862
    endloop
  endfacet
  facet normal 0 1 0
    outer loop
      vertex 69.8 -60.7 6
      vertex 77.2373 -60.7 19.412
      vertex 77.5375 -60.7 19.013
    endloop
  endfacet
  facet normal 0 1 0
    outer loop
      vertex 58.8434 -60.7 19.9862
      vertex 64.5 -60.7 6
      vertex 58.5189 -60.7 19.6067
    endloop
  endfacet
  facet normal 0 1 0
    outer loop
      vertex 69.8 -60.7 6
      vertex 77.5375 -60.7 19.013
      vertex 77.8208 -60.7 18.6018
    endloop
  endfacet
  facet normal 0 1 0
    outer loop
      vertex 58.5189 -60.7 19.6067
      vertex 64.5 -60.7 6
      vertex 58.2105 -60.7 19.214
    endloop
  endfacet
  facet normal 0 1 0
    outer loop
      vertex 69.8 -60.7 6
      vertex 77.8208 -60.7 18.6018
      vertex 78.0867 -60.7 18.1793
    endloop
  endfacet
  facet normal 0 1 0
    outer loop
      vertex 58.2105 -60.7 19.214
      vertex 64.5 -60.7 6
      vertex 57.9187 -60.7 18.8089
    endloop
  endfacet
  facet normal 0 1 0
    outer loop
      vertex 69.8 -60.7 6
      vertex 78.0867 -60.7 18.1793
      vertex 78.3349 -60.7 17.746
    endloop
  endfacet
  facet normal 0 1 0
    outer loop
      vertex 57.9187 -60.7 18.8089
      vertex 64.5 -60.7 6
      vertex 57.6441 -60.7 18.3919
    endloop
  endfacet
  facet normal 0 1 0
    outer loop
      vertex 69.8 -60.7 6
      vertex 78.3349 -60.7 17.746
      vertex 78.5648 -60.7 17.3028
    endloop
  endfacet
  facet normal 0 1 0
    outer loop
      vertex 57.6441 -60.7 18.3919
      vertex 64.5 -60.7 6
      vertex 57.387 -60.7 17.9639
    endloop
  endfacet
  facet normal 0 1 0
    outer loop
      vertex 69.8 -60.7 6
      vertex 78.5648 -60.7 17.3028
      vertex 78.776 -60.7 16.8504
    endloop
  endfacet
  facet normal 0 1 0
    outer loop
      vertex 57.387 -60.7 17.9639
      vertex 64.5 -60.7 6
      vertex 57.1479 -60.7 17.5256
    endloop
  endfacet
  facet normal 0 1 0
    outer loop
      vertex 69.8 -60.7 6
      vertex 78.776 -60.7 16.8504
      vertex 78.9683 -60.7 16.3896
    endloop
  endfacet
  facet normal 0 1 0
    outer loop
      vertex 57.1479 -60.7 17.5256
      vertex 64.5 -60.7 6
      vertex 56.9272 -60.7 17.0777
    endloop
  endfacet
  facet normal 0 1 0
    outer loop
      vertex 69.8 -60.7 6
      vertex 78.9683 -60.7 16.3896
      vertex 79.1412 -60.7 15.9212
    endloop
  endfacet
  facet normal 0 1 0
    outer loop
      vertex 56.9272 -60.7 17.0777
      vertex 64.5 -60.7 6
      vertex 56.7254 -60.7 16.621
    endloop
  endfacet
  facet normal 0 1 0
    outer loop
      vertex 69.8 -60.7 6
      vertex 79.1412 -60.7 15.9212
      vertex 79.2945 -60.7 15.4461
    endloop
  endfacet
  facet normal 0 1 0
    outer loop
      vertex 56.7254 -60.7 16.621
      vertex 64.5 -60.7 6
      vertex 56.5428 -60.7 16.1563
    endloop
  endfacet
  facet normal 0 1 0
    outer loop
      vertex 69.8 -60.7 6
      vertex 79.2945 -60.7 15.4461
      vertex 79.4279 -60.7 14.9649
    endloop
  endfacet
  facet normal 0 1 0
    outer loop
      vertex 56.5428 -60.7 16.1563
      vertex 64.5 -60.7 6
      vertex 56.3796 -60.7 15.6845
    endloop
  endfacet
  facet normal 0 1 0
    outer loop
      vertex 69.8 -60.7 6
      vertex 79.4279 -60.7 14.9649
      vertex 79.5412 -60.7 14.4787
    endloop
  endfacet
  facet normal 0 1 0
    outer loop
      vertex 56.3796 -60.7 15.6845
      vertex 64.5 -60.7 6
      vertex 56.2362 -60.7 15.2062
    endloop
  endfacet
  facet normal 0 1 0
    outer loop
      vertex 69.8 -60.7 6
      vertex 79.5412 -60.7 14.4787
      vertex 79.6342 -60.7 13.9881
    endloop
  endfacet
  facet normal 0 1 0
    outer loop
      vertex 56.2362 -60.7 15.2062
      vertex 64.5 -60.7 6
      vertex 56.1129 -60.7 14.7224
    endloop
  endfacet
  facet normal 0 1 0
    outer loop
      vertex 69.8 -60.7 6
      vertex 79.6342 -60.7 13.9881
      vertex 79.7066 -60.7 13.4941
    endloop
  endfacet
  facet normal 0 1 0
    outer loop
      vertex 56.1129 -60.7 14.7224
      vertex 64.5 -60.7 6
      vertex 56.0098 -60.7 14.2339
    endloop
  endfacet
  facet normal 0 1 0
    outer loop
      vertex 69.8 -60.7 6
      vertex 79.7066 -60.7 13.4941
      vertex 79.7585 -60.7 12.9975
    endloop
  endfacet
  facet normal 0 1 -0
    outer loop
      vertex 61.5 -60.7 6
      vertex 56.0098 -60.7 14.2339
      vertex 64.5 -60.7 6
    endloop
  endfacet
  facet normal 0 1 0
    outer loop
      vertex 69.8 -60.7 6
      vertex 79.7585 -60.7 12.9975
      vertex 79.7896 -60.7 12.4992
    endloop
  endfacet
  facet normal 0 1 0
    outer loop
      vertex 56.0098 -60.7 14.2339
      vertex 61.5 -60.7 6
      vertex 55.927 -60.7 13.7415
    endloop
  endfacet
  facet normal 0 1 0
    outer loop
      vertex 69.8 -60.7 6
      vertex 79.7896 -60.7 12.4992
      vertex 79.8 -60.7 12
    endloop
  endfacet
  facet normal 0 1 0
    outer loop
      vertex 55.927 -60.7 13.7415
      vertex 61.5 -60.7 6
      vertex 55.8649 -60.7 13.2461
    endloop
  endfacet
  facet normal 0 1 0
    outer loop
      vertex 55.8649 -60.7 13.2461
      vertex 61.5 -60.7 6
      vertex 55.8234 -60.7 12.7485
    endloop
  endfacet
  facet normal 0 1 0
    outer loop
      vertex 55.8234 -60.7 12.7485
      vertex 61.5 -60.7 6
      vertex 55.8026 -60.7 12.2496
    endloop
  endfacet
  facet normal -0 1 0
    outer loop
      vertex 69.8 -60.7 6
      vertex 79.8 -60.7 12
      vertex 79.8 -60.7 5
    endloop
  endfacet
  facet normal 0 1 0
    outer loop
      vertex -69.9256 -60.7 23.9942
      vertex -70.9239 -60.7 23.9838
      vertex -70.4248 -60.7 23.9994
    endloop
  endfacet
  facet normal 0 1 0
    outer loop
      vertex -76.5 -60.7 6
      vertex -69.9256 -60.7 23.9942
      vertex -69.4269 -60.7 23.9682
    endloop
  endfacet
  facet normal 0 1 0
    outer loop
      vertex -69.9256 -60.7 23.9942
      vertex -76.5 -60.7 6
      vertex -70.9239 -60.7 23.9838
    endloop
  endfacet
  facet normal 0 1 0
    outer loop
      vertex -76.5 -60.7 6
      vertex -69.4269 -60.7 23.9682
      vertex -68.9298 -60.7 23.9215
    endloop
  endfacet
  facet normal 0 1 0
    outer loop
      vertex -70.9239 -60.7 23.9838
      vertex -76.5 -60.7 6
      vertex -71.4218 -60.7 23.9474
    endloop
  endfacet
  facet normal 0 1 0
    outer loop
      vertex -76.5 -60.7 6
      vertex -68.9298 -60.7 23.9215
      vertex -68.4351 -60.7 23.8542
    endloop
  endfacet
  facet normal 0 1 0
    outer loop
      vertex -71.4218 -60.7 23.9474
      vertex -76.5 -60.7 6
      vertex -71.9179 -60.7 23.8904
    endloop
  endfacet
  facet normal 0 1 0
    outer loop
      vertex -76.5 -60.7 6
      vertex -68.4351 -60.7 23.8542
      vertex -67.9436 -60.7 23.7664
    endloop
  endfacet
  facet normal 0 1 0
    outer loop
      vertex -71.9179 -60.7 23.8904
      vertex -76.5 -60.7 6
      vertex -72.4111 -60.7 23.8128
    endloop
  endfacet
  facet normal 0 1 0
    outer loop
      vertex -76.5 -60.7 6
      vertex -67.9436 -60.7 23.7664
      vertex -67.4562 -60.7 23.6582
    endloop
  endfacet
  facet normal 0 1 0
    outer loop
      vertex -72.4111 -60.7 23.8128
      vertex -76.5 -60.7 6
      vertex -72.9007 -60.7 23.7148
    endloop
  endfacet
  facet normal 0 1 0
    outer loop
      vertex -76.5 -60.7 6
      vertex -67.4562 -60.7 23.6582
      vertex -66.9737 -60.7 23.5298
    endloop
  endfacet
  facet normal 0 1 0
    outer loop
      vertex -72.9007 -60.7 23.7148
      vertex -76.5 -60.7 6
      vertex -73.3857 -60.7 23.5965
    endloop
  endfacet
  facet normal 0 1 0
    outer loop
      vertex -76.5 -60.7 6
      vertex -66.9737 -60.7 23.5298
      vertex -66.4969 -60.7 23.3814
    endloop
  endfacet
  facet normal 0 1 0
    outer loop
      vertex -73.3857 -60.7 23.5965
      vertex -76.5 -60.7 6
      vertex -73.8654 -60.7 23.4581
    endloop
  endfacet
  facet normal 0 1 0
    outer loop
      vertex -76.5 -60.7 6
      vertex -66.4969 -60.7 23.3814
      vertex -66.0268 -60.7 23.2134
    endloop
  endfacet
  facet normal 0 1 0
    outer loop
      vertex -73.8654 -60.7 23.4581
      vertex -76.5 -60.7 6
      vertex -74.339 -60.7 23.2998
    endloop
  endfacet
  facet normal 0 1 0
    outer loop
      vertex -76.5 -60.7 6
      vertex -66.0268 -60.7 23.2134
      vertex -65.564 -60.7 23.0259
    endloop
  endfacet
  facet normal 0 1 0
    outer loop
      vertex -74.339 -60.7 23.2998
      vertex -76.5 -60.7 6
      vertex -74.8056 -60.7 23.122
    endloop
  endfacet
  facet normal 0 1 0
    outer loop
      vertex -76.5 -60.7 6
      vertex -65.564 -60.7 23.0259
      vertex -65.1095 -60.7 22.8194
    endloop
  endfacet
  facet normal 0 1 0
    outer loop
      vertex -74.8056 -60.7 23.122
      vertex -76.5 -60.7 6
      vertex -75.2643 -60.7 22.925
    endloop
  endfacet
  facet normal 0 1 0
    outer loop
      vertex -76.5 -60.7 6
      vertex -65.1095 -60.7 22.8194
      vertex -64.6639 -60.7 22.5941
    endloop
  endfacet
  facet normal 0 1 0
    outer loop
      vertex -75.2643 -60.7 22.925
      vertex -76.5 -60.7 6
      vertex -75.7145 -60.7 22.709
    endloop
  endfacet
  facet normal 0 1 0
    outer loop
      vertex -76.5 -60.7 6
      vertex -64.6639 -60.7 22.5941
      vertex -64.2281 -60.7 22.3504
    endloop
  endfacet
  facet normal 0 1 0
    outer loop
      vertex -75.7145 -60.7 22.709
      vertex -76.5 -60.7 6
      vertex -76.1553 -60.7 22.4745
    endloop
  endfacet
  facet normal 0 1 0
    outer loop
      vertex -76.5 -60.7 6
      vertex -64.2281 -60.7 22.3504
      vertex -63.8028 -60.7 22.0889
    endloop
  endfacet
  facet normal 0 1 0
    outer loop
      vertex -76.5 -60.7 6
      vertex -63.8028 -60.7 22.0889
      vertex -63.3887 -60.7 21.8099
    endloop
  endfacet
  facet normal 0 1 0
    outer loop
      vertex -76.5 -60.7 6
      vertex -63.3887 -60.7 21.8099
      vertex -62.9866 -60.7 21.5139
    endloop
  endfacet
  facet normal 0 1 0
    outer loop
      vertex -76.5 -60.7 6
      vertex -62.9866 -60.7 21.5139
      vertex -62.5972 -60.7 21.2014
    endloop
  endfacet
  facet normal 0 1 0
    outer loop
      vertex -76.5 -60.7 6
      vertex -62.5972 -60.7 21.2014
      vertex -62.2211 -60.7 20.8731
    endloop
  endfacet
  facet normal 0 1 0
    outer loop
      vertex -76.5 -60.7 6
      vertex -62.2211 -60.7 20.8731
      vertex -61.859 -60.7 20.5293
    endloop
  endfacet
  facet normal 0 1 0
    outer loop
      vertex -76.5 -60.7 6
      vertex -61.859 -60.7 20.5293
      vertex -61.5115 -60.7 20.1708
    endloop
  endfacet
  facet normal 0 1 0
    outer loop
      vertex -76.5 -60.7 6
      vertex -61.5115 -60.7 20.1708
      vertex -61.1792 -60.7 19.7981
    endloop
  endfacet
  facet normal 0 1 0
    outer loop
      vertex -76.5 -60.7 6
      vertex -61.1792 -60.7 19.7981
      vertex -60.8627 -60.7 19.412
    endloop
  endfacet
  facet normal 0 1 0
    outer loop
      vertex -76.5 -60.7 6
      vertex -60.8627 -60.7 19.412
      vertex -60.5625 -60.7 19.013
    endloop
  endfacet
  facet normal 0 1 0
    outer loop
      vertex -76.5 -60.7 6
      vertex -60.5625 -60.7 19.013
      vertex -60.2792 -60.7 18.6018
    endloop
  endfacet
  facet normal 0 1 0
    outer loop
      vertex -76.5 -60.7 6
      vertex -60.2792 -60.7 18.6018
      vertex -60.0133 -60.7 18.1793
    endloop
  endfacet
  facet normal 0 1 0
    outer loop
      vertex -76.5 -60.7 6
      vertex -60.0133 -60.7 18.1793
      vertex -59.7651 -60.7 17.746
    endloop
  endfacet
  facet normal 0 1 0
    outer loop
      vertex -76.5 -60.7 6
      vertex -59.7651 -60.7 17.746
      vertex -59.5352 -60.7 17.3028
    endloop
  endfacet
  facet normal 0 1 0
    outer loop
      vertex -76.5 -60.7 6
      vertex -59.5352 -60.7 17.3028
      vertex -59.324 -60.7 16.8504
    endloop
  endfacet
  facet normal 0 1 0
    outer loop
      vertex -76.5 -60.7 6
      vertex -59.324 -60.7 16.8504
      vertex -59.1317 -60.7 16.3896
    endloop
  endfacet
  facet normal 0 1 0
    outer loop
      vertex -76.5 -60.7 6
      vertex -59.1317 -60.7 16.3896
      vertex -58.9588 -60.7 15.9212
    endloop
  endfacet
  facet normal 0 1 0
    outer loop
      vertex -76.5 -60.7 6
      vertex -58.9588 -60.7 15.9212
      vertex -58.8055 -60.7 15.4461
    endloop
  endfacet
  facet normal 0 1 0
    outer loop
      vertex -76.5 -60.7 6
      vertex -58.8055 -60.7 15.4461
      vertex -58.6721 -60.7 14.9649
    endloop
  endfacet
  facet normal 0 1 0
    outer loop
      vertex -76.5 -60.7 6
      vertex -58.6721 -60.7 14.9649
      vertex -58.5588 -60.7 14.4787
    endloop
  endfacet
  facet normal 0 1 0
    outer loop
      vertex -76.5 -60.7 6
      vertex -58.5588 -60.7 14.4787
      vertex -58.4658 -60.7 13.9881
    endloop
  endfacet
  facet normal 0 1 0
    outer loop
      vertex -76.5 -60.7 6
      vertex -58.4658 -60.7 13.9881
      vertex -58.3934 -60.7 13.4941
    endloop
  endfacet
  facet normal 0 1 0
    outer loop
      vertex -76.5 -60.7 6
      vertex -58.3934 -60.7 13.4941
      vertex -58.3415 -60.7 12.9975
    endloop
  endfacet
  facet normal 0 1 0
    outer loop
      vertex -76.5 -60.7 6
      vertex -58.3415 -60.7 12.9975
      vertex -58.3104 -60.7 12.4992
    endloop
  endfacet
  facet normal 0 1 0
    outer loop
      vertex -76.5 -60.7 6
      vertex -58.3104 -60.7 12.4992
      vertex -58.3 -60.7 12
    endloop
  endfacet
  facet normal 0 1 0
    outer loop
      vertex 55.8026 -60.7 12.2496
      vertex 61.5 -60.7 6
      vertex 55.8026 -60.7 12
    endloop
  endfacet
  facet normal 0 1 0
    outer loop
      vertex 55.8026 -60.7 12
      vertex 61.5 -60.7 6
      vertex -58.3 -60.7 12
    endloop
  endfacet
  facet normal 0 1 0
    outer loop
      vertex -76.1553 -60.7 22.4745
      vertex -76.5 -60.7 6
      vertex -76.5 -60.7 22.2723
    endloop
  endfacet
  facet normal 0 1 0
    outer loop
      vertex -76.5 -60.7 6
      vertex -58.3 -60.7 12
      vertex 61.5 -60.7 6
    endloop
  endfacet
  facet normal 0.0995037 0 0.995037
    outer loop
      vertex 69.8 60.7 6
      vertex 79.8 -60.7 5
      vertex 79.8 60.7 5
    endloop
  endfacet
  facet normal 0.0995037 0 0.995037
    outer loop
      vertex 79.8 -60.7 5
      vertex 69.8 60.7 6
      vertex 69.8 -60.7 6
    endloop
  endfacet
  facet normal 0 -1 0
    outer loop
      vertex 61.5 60.7 4
      vertex 64.5 60.7 6
      vertex 61.5 60.7 6
    endloop
  endfacet
  facet normal 0 -1 -0
    outer loop
      vertex 64.5 60.7 6
      vertex 61.5 60.7 4
      vertex 64.5 60.7 4
    endloop
  endfacet
  facet normal 0 -1 0
    outer loop
      vertex -70.9239 60.7 23.9838
      vertex -69.9256 60.7 23.9942
      vertex -70.4248 60.7 23.9994
    endloop
  endfacet
  facet normal 0 -1 0
    outer loop
      vertex -76.5 60.7 6
      vertex -69.9256 60.7 23.9942
      vertex -70.9239 60.7 23.9838
    endloop
  endfacet
  facet normal 0 -1 0
    outer loop
      vertex -76.5 60.7 6
      vertex -70.9239 60.7 23.9838
      vertex -71.4218 60.7 23.9474
    endloop
  endfacet
  facet normal 0 -1 -0
    outer loop
      vertex -69.9256 60.7 23.9942
      vertex -76.5 60.7 6
      vertex -69.4269 60.7 23.9682
    endloop
  endfacet
  facet normal 0 -1 0
    outer loop
      vertex -76.5 60.7 6
      vertex -71.4218 60.7 23.9474
      vertex -71.9179 60.7 23.8904
    endloop
  endfacet
  facet normal 0 -1 -0
    outer loop
      vertex -69.4269 60.7 23.9682
      vertex -76.5 60.7 6
      vertex -68.9298 60.7 23.9215
    endloop
  endfacet
  facet normal 0 -1 0
    outer loop
      vertex -76.5 60.7 6
      vertex -71.9179 60.7 23.8904
      vertex -72.4111 60.7 23.8128
    endloop
  endfacet
  facet normal 0 -1 -0
    outer loop
      vertex -68.9298 60.7 23.9215
      vertex -76.5 60.7 6
      vertex -68.4351 60.7 23.8542
    endloop
  endfacet
  facet normal 0 -1 0
    outer loop
      vertex -76.5 60.7 6
      vertex -72.4111 60.7 23.8128
      vertex -72.9007 60.7 23.7148
    endloop
  endfacet
  facet normal 0 -1 -0
    outer loop
      vertex -68.4351 60.7 23.8542
      vertex -76.5 60.7 6
      vertex -67.9436 60.7 23.7664
    endloop
  endfacet
  facet normal 0 -1 0
    outer loop
      vertex -76.5 60.7 6
      vertex -72.9007 60.7 23.7148
      vertex -73.3857 60.7 23.5965
    endloop
  endfacet
  facet normal 0 -1 -0
    outer loop
      vertex -67.9436 60.7 23.7664
      vertex -76.5 60.7 6
      vertex -67.4562 60.7 23.6582
    endloop
  endfacet
  facet normal 0 -1 0
    outer loop
      vertex -76.5 60.7 6
      vertex -73.3857 60.7 23.5965
      vertex -73.8654 60.7 23.4581
    endloop
  endfacet
  facet normal 0 -1 -0
    outer loop
      vertex -67.4562 60.7 23.6582
      vertex -76.5 60.7 6
      vertex -66.9737 60.7 23.5298
    endloop
  endfacet
  facet normal 0 -1 0
    outer loop
      vertex -76.5 60.7 6
      vertex -73.8654 60.7 23.4581
      vertex -74.339 60.7 23.2998
    endloop
  endfacet
  facet normal 0 -1 -0
    outer loop
      vertex -66.9737 60.7 23.5298
      vertex -76.5 60.7 6
      vertex -66.4969 60.7 23.3814
    endloop
  endfacet
  facet normal 0 -1 0
    outer loop
      vertex -76.5 60.7 6
      vertex -74.339 60.7 23.2998
      vertex -74.8056 60.7 23.122
    endloop
  endfacet
  facet normal 0 -1 -0
    outer loop
      vertex -66.4969 60.7 23.3814
      vertex -76.5 60.7 6
      vertex -66.0268 60.7 23.2134
    endloop
  endfacet
  facet normal 0 -1 0
    outer loop
      vertex -76.5 60.7 6
      vertex -74.8056 60.7 23.122
      vertex -75.2643 60.7 22.925
    endloop
  endfacet
  facet normal 0 -1 -0
    outer loop
      vertex -66.0268 60.7 23.2134
      vertex -76.5 60.7 6
      vertex -65.564 60.7 23.0259
    endloop
  endfacet
  facet normal 0 -1 0
    outer loop
      vertex -76.5 60.7 6
      vertex -75.2643 60.7 22.925
      vertex -75.7145 60.7 22.709
    endloop
  endfacet
  facet normal 0 -1 -0
    outer loop
      vertex -65.564 60.7 23.0259
      vertex -76.5 60.7 6
      vertex -65.1095 60.7 22.8194
    endloop
  endfacet
  facet normal 0 -1 0
    outer loop
      vertex -76.5 60.7 6
      vertex -75.7145 60.7 22.709
      vertex -76.1553 60.7 22.4745
    endloop
  endfacet
  facet normal 0 -1 -0
    outer loop
      vertex -65.1095 60.7 22.8194
      vertex -76.5 60.7 6
      vertex -64.6639 60.7 22.5941
    endloop
  endfacet
  facet normal 0 -1 0
    outer loop
      vertex -76.5 60.7 6
      vertex -76.1553 60.7 22.4745
      vertex -76.5 60.7 22.2723
    endloop
  endfacet
  facet normal 0 -1 -0
    outer loop
      vertex -64.6639 60.7 22.5941
      vertex -76.5 60.7 6
      vertex -64.2281 60.7 22.3504
    endloop
  endfacet
  facet normal 0 -1 -0
    outer loop
      vertex -64.2281 60.7 22.3504
      vertex -76.5 60.7 6
      vertex -63.8028 60.7 22.0889
    endloop
  endfacet
  facet normal 0 -1 -0
    outer loop
      vertex -63.8028 60.7 22.0889
      vertex -76.5 60.7 6
      vertex -63.3887 60.7 21.8099
    endloop
  endfacet
  facet normal 0 -1 -0
    outer loop
      vertex -63.3887 60.7 21.8099
      vertex -76.5 60.7 6
      vertex -62.9866 60.7 21.5139
    endloop
  endfacet
  facet normal 0 -1 -0
    outer loop
      vertex -62.9866 60.7 21.5139
      vertex -76.5 60.7 6
      vertex -62.5972 60.7 21.2014
    endloop
  endfacet
  facet normal 0 -1 -0
    outer loop
      vertex -62.5972 60.7 21.2014
      vertex -76.5 60.7 6
      vertex -62.2211 60.7 20.8731
    endloop
  endfacet
  facet normal 0 -1 -0
    outer loop
      vertex -62.2211 60.7 20.8731
      vertex -76.5 60.7 6
      vertex -61.859 60.7 20.5293
    endloop
  endfacet
  facet normal 0 -1 -0
    outer loop
      vertex -61.859 60.7 20.5293
      vertex -76.5 60.7 6
      vertex -61.5115 60.7 20.1708
    endloop
  endfacet
  facet normal 0 -1 -0
    outer loop
      vertex -61.5115 60.7 20.1708
      vertex -76.5 60.7 6
      vertex -61.1792 60.7 19.7981
    endloop
  endfacet
  facet normal 0 -1 -0
    outer loop
      vertex -61.1792 60.7 19.7981
      vertex -76.5 60.7 6
      vertex -60.8627 60.7 19.412
    endloop
  endfacet
  facet normal 0 -1 -0
    outer loop
      vertex -60.8627 60.7 19.412
      vertex -76.5 60.7 6
      vertex -60.5625 60.7 19.013
    endloop
  endfacet
  facet normal 0 -1 -0
    outer loop
      vertex -60.5625 60.7 19.013
      vertex -76.5 60.7 6
      vertex -60.2792 60.7 18.6018
    endloop
  endfacet
  facet normal 0 -1 -0
    outer loop
      vertex -60.2792 60.7 18.6018
      vertex -76.5 60.7 6
      vertex -60.0133 60.7 18.1793
    endloop
  endfacet
  facet normal 0 -1 -0
    outer loop
      vertex -60.0133 60.7 18.1793
      vertex -76.5 60.7 6
      vertex -59.7651 60.7 17.746
    endloop
  endfacet
  facet normal 0 -1 -0
    outer loop
      vertex -59.7651 60.7 17.746
      vertex -76.5 60.7 6
      vertex -59.5352 60.7 17.3028
    endloop
  endfacet
  facet normal 0 -1 -0
    outer loop
      vertex -59.5352 60.7 17.3028
      vertex -76.5 60.7 6
      vertex -59.324 60.7 16.8504
    endloop
  endfacet
  facet normal 0 -1 -0
    outer loop
      vertex -59.324 60.7 16.8504
      vertex -76.5 60.7 6
      vertex -59.1317 60.7 16.3896
    endloop
  endfacet
  facet normal 0 -1 -0
    outer loop
      vertex -59.1317 60.7 16.3896
      vertex -76.5 60.7 6
      vertex -58.9588 60.7 15.9212
    endloop
  endfacet
  facet normal 0 -1 -0
    outer loop
      vertex -58.9588 60.7 15.9212
      vertex -76.5 60.7 6
      vertex -58.8055 60.7 15.4461
    endloop
  endfacet
  facet normal 0 -1 -0
    outer loop
      vertex -58.8055 60.7 15.4461
      vertex -76.5 60.7 6
      vertex -58.6721 60.7 14.9649
    endloop
  endfacet
  facet normal 0 -1 -0
    outer loop
      vertex -58.6721 60.7 14.9649
      vertex -76.5 60.7 6
      vertex -58.5588 60.7 14.4787
    endloop
  endfacet
  facet normal 0 -1 -0
    outer loop
      vertex -58.5588 60.7 14.4787
      vertex -76.5 60.7 6
      vertex -58.4658 60.7 13.9881
    endloop
  endfacet
  facet normal 0 -1 -0
    outer loop
      vertex -58.4658 60.7 13.9881
      vertex -76.5 60.7 6
      vertex -58.3934 60.7 13.4941
    endloop
  endfacet
  facet normal 0 -1 -0
    outer loop
      vertex -58.3934 60.7 13.4941
      vertex -76.5 60.7 6
      vertex -58.3415 60.7 12.9975
    endloop
  endfacet
  facet normal 0 -1 -0
    outer loop
      vertex -58.3415 60.7 12.9975
      vertex -76.5 60.7 6
      vertex -58.3104 60.7 12.4992
    endloop
  endfacet
  facet normal 0 -1 0
    outer loop
      vertex 61.5 60.7 6
      vertex 55.8026 60.7 12
      vertex -58.3 60.7 12
    endloop
  endfacet
  facet normal 0 -1 -0
    outer loop
      vertex -58.3104 60.7 12.4992
      vertex -76.5 60.7 6
      vertex -58.3 60.7 12
    endloop
  endfacet
  facet normal 0 -1 0
    outer loop
      vertex 61.5 60.7 6
      vertex -58.3 60.7 12
      vertex -76.5 60.7 6
    endloop
  endfacet
  facet normal 0 -1 0
    outer loop
      vertex 64.5 60.7 6
      vertex 55.8026 60.7 12
      vertex 61.5 60.7 6
    endloop
  endfacet
  facet normal 0 -1 0
    outer loop
      vertex 69.8 60.7 6
      vertex 55.8026 60.7 12
      vertex 64.5 60.7 6
    endloop
  endfacet
  facet normal 0 -1 0
    outer loop
      vertex 55.8026 60.7 12
      vertex 69.8 60.7 6
      vertex 79.8 60.7 12
    endloop
  endfacet
  facet normal 0 -1 -0
    outer loop
      vertex 79.8 60.7 12
      vertex 69.8 60.7 6
      vertex 79.8 60.7 5
    endloop
  endfacet
  facet normal 0 -1 0
    outer loop
      vertex 67.1761 60.7 23.9838
      vertex 68.1744 60.7 23.9942
      vertex 67.6752 60.7 23.9994
    endloop
  endfacet
  facet normal 0 -1 0
    outer loop
      vertex 67.1761 60.7 23.9838
      vertex 68.673 60.7 23.9682
      vertex 68.1744 60.7 23.9942
    endloop
  endfacet
  facet normal 0 -1 0
    outer loop
      vertex 66.6782 60.7 23.9474
      vertex 68.673 60.7 23.9682
      vertex 67.1761 60.7 23.9838
    endloop
  endfacet
  facet normal 0 -1 0
    outer loop
      vertex 66.6782 60.7 23.9474
      vertex 69.1702 60.7 23.9215
      vertex 68.673 60.7 23.9682
    endloop
  endfacet
  facet normal 0 -1 0
    outer loop
      vertex 66.1821 60.7 23.8904
      vertex 69.1702 60.7 23.9215
      vertex 66.6782 60.7 23.9474
    endloop
  endfacet
  facet normal 0 -1 0
    outer loop
      vertex 66.1821 60.7 23.8904
      vertex 69.6649 60.7 23.8542
      vertex 69.1702 60.7 23.9215
    endloop
  endfacet
  facet normal 0 -1 0
    outer loop
      vertex 65.6889 60.7 23.8128
      vertex 69.6649 60.7 23.8542
      vertex 66.1821 60.7 23.8904
    endloop
  endfacet
  facet normal 0 -1 0
    outer loop
      vertex 65.6889 60.7 23.8128
      vertex 70.1564 60.7 23.7664
      vertex 69.6649 60.7 23.8542
    endloop
  endfacet
  facet normal 0 -1 0
    outer loop
      vertex 65.1993 60.7 23.7148
      vertex 70.1564 60.7 23.7664
      vertex 65.6889 60.7 23.8128
    endloop
  endfacet
  facet normal 0 -1 0
    outer loop
      vertex 65.1993 60.7 23.7148
      vertex 70.6438 60.7 23.6582
      vertex 70.1564 60.7 23.7664
    endloop
  endfacet
  facet normal 0 -1 0
    outer loop
      vertex 64.7143 60.7 23.5965
      vertex 70.6438 60.7 23.6582
      vertex 65.1993 60.7 23.7148
    endloop
  endfacet
  facet normal 0 -1 0
    outer loop
      vertex 64.7143 60.7 23.5965
      vertex 71.1263 60.7 23.5298
      vertex 70.6438 60.7 23.6582
    endloop
  endfacet
  facet normal 0 -1 0
    outer loop
      vertex 64.2345 60.7 23.4581
      vertex 71.1263 60.7 23.5298
      vertex 64.7143 60.7 23.5965
    endloop
  endfacet
  facet normal 0 -1 0
    outer loop
      vertex 64.2345 60.7 23.4581
      vertex 71.6031 60.7 23.3814
      vertex 71.1263 60.7 23.5298
    endloop
  endfacet
  facet normal 0 -1 0
    outer loop
      vertex 63.761 60.7 23.2998
      vertex 71.6031 60.7 23.3814
      vertex 64.2345 60.7 23.4581
    endloop
  endfacet
  facet normal 0 -1 0
    outer loop
      vertex 63.761 60.7 23.2998
      vertex 72.0732 60.7 23.2134
      vertex 71.6031 60.7 23.3814
    endloop
  endfacet
  facet normal 0 -1 0
    outer loop
      vertex 63.2944 60.7 23.122
      vertex 72.0732 60.7 23.2134
      vertex 63.761 60.7 23.2998
    endloop
  endfacet
  facet normal 0 -1 0
    outer loop
      vertex 63.2944 60.7 23.122
      vertex 72.536 60.7 23.0259
      vertex 72.0732 60.7 23.2134
    endloop
  endfacet
  facet normal 0 -1 0
    outer loop
      vertex 62.8357 60.7 22.925
      vertex 72.536 60.7 23.0259
      vertex 63.2944 60.7 23.122
    endloop
  endfacet
  facet normal 0 -1 0
    outer loop
      vertex 62.8357 60.7 22.925
      vertex 72.9905 60.7 22.8194
      vertex 72.536 60.7 23.0259
    endloop
  endfacet
  facet normal 0 -1 0
    outer loop
      vertex 62.3855 60.7 22.709
      vertex 72.9905 60.7 22.8194
      vertex 62.8357 60.7 22.925
    endloop
  endfacet
  facet normal 0 -1 0
    outer loop
      vertex 62.3855 60.7 22.709
      vertex 73.4361 60.7 22.5941
      vertex 72.9905 60.7 22.8194
    endloop
  endfacet
  facet normal 0 -1 0
    outer loop
      vertex 61.9447 60.7 22.4745
      vertex 73.4361 60.7 22.5941
      vertex 62.3855 60.7 22.709
    endloop
  endfacet
  facet normal 0 -1 0
    outer loop
      vertex 61.9447 60.7 22.4745
      vertex 73.8719 60.7 22.3504
      vertex 73.4361 60.7 22.5941
    endloop
  endfacet
  facet normal 0 -1 0
    outer loop
      vertex 61.5141 60.7 22.2219
      vertex 73.8719 60.7 22.3504
      vertex 61.9447 60.7 22.4745
    endloop
  endfacet
  facet normal 0 -1 0
    outer loop
      vertex 61.5141 60.7 22.2219
      vertex 74.2972 60.7 22.0889
      vertex 73.8719 60.7 22.3504
    endloop
  endfacet
  facet normal 0 -1 0
    outer loop
      vertex 61.0943 60.7 21.9516
      vertex 74.2972 60.7 22.0889
      vertex 61.5141 60.7 22.2219
    endloop
  endfacet
  facet normal 0 -1 0
    outer loop
      vertex 61.0943 60.7 21.9516
      vertex 74.7113 60.7 21.8099
      vertex 74.2972 60.7 22.0889
    endloop
  endfacet
  facet normal 0 -1 0
    outer loop
      vertex 60.6861 60.7 21.664
      vertex 74.7113 60.7 21.8099
      vertex 61.0943 60.7 21.9516
    endloop
  endfacet
  facet normal 0 -1 0
    outer loop
      vertex 60.6861 60.7 21.664
      vertex 75.1134 60.7 21.5139
      vertex 74.7113 60.7 21.8099
    endloop
  endfacet
  facet normal 0 -1 0
    outer loop
      vertex 60.2903 60.7 21.3597
      vertex 75.1134 60.7 21.5139
      vertex 60.6861 60.7 21.664
    endloop
  endfacet
  facet normal 0 -1 0
    outer loop
      vertex 60.2903 60.7 21.3597
      vertex 75.5028 60.7 21.2014
      vertex 75.1134 60.7 21.5139
    endloop
  endfacet
  facet normal 0 -1 0
    outer loop
      vertex 59.9074 60.7 21.0392
      vertex 75.5028 60.7 21.2014
      vertex 60.2903 60.7 21.3597
    endloop
  endfacet
  facet normal 0 -1 0
    outer loop
      vertex 59.9074 60.7 21.0392
      vertex 75.8789 60.7 20.8731
      vertex 75.5028 60.7 21.2014
    endloop
  endfacet
  facet normal 0 -1 0
    outer loop
      vertex 59.5382 60.7 20.7031
      vertex 75.8789 60.7 20.8731
      vertex 59.9074 60.7 21.0392
    endloop
  endfacet
  facet normal 0 -1 0
    outer loop
      vertex 59.5382 60.7 20.7031
      vertex 76.241 60.7 20.5293
      vertex 75.8789 60.7 20.8731
    endloop
  endfacet
  facet normal 0 -1 0
    outer loop
      vertex 59.1834 60.7 20.3518
      vertex 76.241 60.7 20.5293
      vertex 59.5382 60.7 20.7031
    endloop
  endfacet
  facet normal 0 -1 0
    outer loop
      vertex 59.1834 60.7 20.3518
      vertex 76.5885 60.7 20.1708
      vertex 76.241 60.7 20.5293
    endloop
  endfacet
  facet normal 0 -1 0
    outer loop
      vertex 58.8434 60.7 19.9862
      vertex 76.5885 60.7 20.1708
      vertex 59.1834 60.7 20.3518
    endloop
  endfacet
  facet normal 0 -1 0
    outer loop
      vertex 58.8434 60.7 19.9862
      vertex 76.9208 60.7 19.7981
      vertex 76.5885 60.7 20.1708
    endloop
  endfacet
  facet normal 0 -1 0
    outer loop
      vertex 58.5189 60.7 19.6067
      vertex 76.9208 60.7 19.7981
      vertex 58.8434 60.7 19.9862
    endloop
  endfacet
  facet normal 0 -1 0
    outer loop
      vertex 58.5189 60.7 19.6067
      vertex 77.2373 60.7 19.412
      vertex 76.9208 60.7 19.7981
    endloop
  endfacet
  facet normal 0 -1 0
    outer loop
      vertex 58.2105 60.7 19.214
      vertex 77.2373 60.7 19.412
      vertex 58.5189 60.7 19.6067
    endloop
  endfacet
  facet normal 0 -1 0
    outer loop
      vertex 58.2105 60.7 19.214
      vertex 77.5375 60.7 19.013
      vertex 77.2373 60.7 19.412
    endloop
  endfacet
  facet normal 0 -1 0
    outer loop
      vertex 57.9187 60.7 18.8089
      vertex 77.5375 60.7 19.013
      vertex 58.2105 60.7 19.214
    endloop
  endfacet
  facet normal 0 -1 0
    outer loop
      vertex 57.9187 60.7 18.8089
      vertex 77.8208 60.7 18.6018
      vertex 77.5375 60.7 19.013
    endloop
  endfacet
  facet normal 0 -1 0
    outer loop
      vertex 57.6441 60.7 18.3919
      vertex 77.8208 60.7 18.6018
      vertex 57.9187 60.7 18.8089
    endloop
  endfacet
  facet normal 0 -1 0
    outer loop
      vertex 57.6441 60.7 18.3919
      vertex 78.0867 60.7 18.1793
      vertex 77.8208 60.7 18.6018
    endloop
  endfacet
  facet normal 0 -1 0
    outer loop
      vertex 57.387 60.7 17.9639
      vertex 78.0867 60.7 18.1793
      vertex 57.6441 60.7 18.3919
    endloop
  endfacet
  facet normal 0 -1 0
    outer loop
      vertex 57.387 60.7 17.9639
      vertex 78.3349 60.7 17.746
      vertex 78.0867 60.7 18.1793
    endloop
  endfacet
  facet normal 0 -1 0
    outer loop
      vertex 57.1479 60.7 17.5256
      vertex 78.3349 60.7 17.746
      vertex 57.387 60.7 17.9639
    endloop
  endfacet
  facet normal 0 -1 0
    outer loop
      vertex 57.1479 60.7 17.5256
      vertex 78.5648 60.7 17.3028
      vertex 78.3349 60.7 17.746
    endloop
  endfacet
  facet normal 0 -1 0
    outer loop
      vertex 56.9272 60.7 17.0777
      vertex 78.5648 60.7 17.3028
      vertex 57.1479 60.7 17.5256
    endloop
  endfacet
  facet normal 0 -1 0
    outer loop
      vertex 56.9272 60.7 17.0777
      vertex 78.776 60.7 16.8504
      vertex 78.5648 60.7 17.3028
    endloop
  endfacet
  facet normal 0 -1 0
    outer loop
      vertex 56.7254 60.7 16.621
      vertex 78.776 60.7 16.8504
      vertex 56.9272 60.7 17.0777
    endloop
  endfacet
  facet normal 0 -1 0
    outer loop
      vertex 56.7254 60.7 16.621
      vertex 78.9683 60.7 16.3896
      vertex 78.776 60.7 16.8504
    endloop
  endfacet
  facet normal 0 -1 0
    outer loop
      vertex 56.5428 60.7 16.1563
      vertex 78.9683 60.7 16.3896
      vertex 56.7254 60.7 16.621
    endloop
  endfacet
  facet normal 0 -1 0
    outer loop
      vertex 56.5428 60.7 16.1563
      vertex 79.1412 60.7 15.9212
      vertex 78.9683 60.7 16.3896
    endloop
  endfacet
  facet normal 0 -1 0
    outer loop
      vertex 56.3796 60.7 15.6845
      vertex 79.1412 60.7 15.9212
      vertex 56.5428 60.7 16.1563
    endloop
  endfacet
  facet normal 0 -1 0
    outer loop
      vertex 56.3796 60.7 15.6845
      vertex 79.2945 60.7 15.4461
      vertex 79.1412 60.7 15.9212
    endloop
  endfacet
  facet normal 0 -1 0
    outer loop
      vertex 56.2362 60.7 15.2062
      vertex 79.2945 60.7 15.4461
      vertex 56.3796 60.7 15.6845
    endloop
  endfacet
  facet normal 0 -1 0
    outer loop
      vertex 56.2362 60.7 15.2062
      vertex 79.4279 60.7 14.9649
      vertex 79.2945 60.7 15.4461
    endloop
  endfacet
  facet normal 0 -1 0
    outer loop
      vertex 56.1129 60.7 14.7224
      vertex 79.4279 60.7 14.9649
      vertex 56.2362 60.7 15.2062
    endloop
  endfacet
  facet normal 0 -1 0
    outer loop
      vertex 56.1129 60.7 14.7224
      vertex 79.5412 60.7 14.4787
      vertex 79.4279 60.7 14.9649
    endloop
  endfacet
  facet normal 0 -1 0
    outer loop
      vertex 56.0098 60.7 14.2339
      vertex 79.5412 60.7 14.4787
      vertex 56.1129 60.7 14.7224
    endloop
  endfacet
  facet normal 0 -1 0
    outer loop
      vertex 56.0098 60.7 14.2339
      vertex 79.6342 60.7 13.9881
      vertex 79.5412 60.7 14.4787
    endloop
  endfacet
  facet normal 0 -1 0
    outer loop
      vertex 55.927 60.7 13.7415
      vertex 79.6342 60.7 13.9881
      vertex 56.0098 60.7 14.2339
    endloop
  endfacet
  facet normal 0 -1 0
    outer loop
      vertex 55.927 60.7 13.7415
      vertex 79.7066 60.7 13.4941
      vertex 79.6342 60.7 13.9881
    endloop
  endfacet
  facet normal 0 -1 0
    outer loop
      vertex 55.8649 60.7 13.2461
      vertex 79.7066 60.7 13.4941
      vertex 55.927 60.7 13.7415
    endloop
  endfacet
  facet normal 0 -1 0
    outer loop
      vertex 55.8649 60.7 13.2461
      vertex 79.7585 60.7 12.9975
      vertex 79.7066 60.7 13.4941
    endloop
  endfacet
  facet normal 0 -1 0
    outer loop
      vertex 55.8234 60.7 12.7485
      vertex 79.7585 60.7 12.9975
      vertex 55.8649 60.7 13.2461
    endloop
  endfacet
  facet normal 0 -1 0
    outer loop
      vertex 55.8234 60.7 12.7485
      vertex 79.7896 60.7 12.4992
      vertex 79.7585 60.7 12.9975
    endloop
  endfacet
  facet normal 0 -1 0
    outer loop
      vertex 55.8026 60.7 12
      vertex 55.8234 60.7 12.7485
      vertex 55.8026 60.7 12.2496
    endloop
  endfacet
  facet normal 0 -1 -0
    outer loop
      vertex 55.8234 60.7 12.7485
      vertex 55.8026 60.7 12
      vertex 79.7896 60.7 12.4992
    endloop
  endfacet
  facet normal 0 -1 -0
    outer loop
      vertex 79.7896 60.7 12.4992
      vertex 55.8026 60.7 12
      vertex 79.8 60.7 12
    endloop
  endfacet
  facet normal -1 0 0
    outer loop
      vertex 60.5 -50.5 0
      vertex 60.5 50.5 6
      vertex 60.5 50.5 0
    endloop
  endfacet
  facet normal -1 -0 0
    outer loop
      vertex 60.5 50.5 6
      vertex 60.5 -50.5 0
      vertex 60.5 -50.5 6
    endloop
  endfacet
  facet normal 1 -0 0
    outer loop
      vertex -60.5 -50.5 6
      vertex -60.5 50.5 0
      vertex -60.5 50.5 6
    endloop
  endfacet
  facet normal 1 0 0
    outer loop
      vertex -60.5 50.5 0
      vertex -60.5 -50.5 6
      vertex -60.5 -50.5 0
    endloop
  endfacet
  facet normal 0 -1 0
    outer loop
      vertex -60.5 50.5 0
      vertex 60.5 50.5 6
      vertex -60.5 50.5 6
    endloop
  endfacet
  facet normal 0 -1 -0
    outer loop
      vertex 60.5 50.5 6
      vertex -60.5 50.5 0
      vertex 60.5 50.5 0
    endloop
  endfacet
  facet normal 0 1 -0
    outer loop
      vertex 60.5 -50.5 0
      vertex -60.5 -50.5 6
      vertex 60.5 -50.5 6
    endloop
  endfacet
  facet normal 0 1 0
    outer loop
      vertex -60.5 -50.5 6
      vertex 60.5 -50.5 0
      vertex -60.5 -50.5 0
    endloop
  endfacet
  facet normal 1 0 0
    outer loop
      vertex -76.5 -55.5 22.2723
      vertex -76.5 -60.7 22.2723
      vertex -76.5 -55.5 12
    endloop
  endfacet
  facet normal 1 0 0
    outer loop
      vertex -76.5 55.5 12
      vertex -76.5 60.7 22.2723
      vertex -76.5 55.5 22.2723
    endloop
  endfacet
  facet normal 1 0 0
    outer loop
      vertex -76.5 60.7 22.2723
      vertex -76.5 55.5 12
      vertex -76.5 60.7 6
    endloop
  endfacet
  facet normal 1 -0 0
    outer loop
      vertex -76.5 -55.5 12
      vertex -76.5 60.7 6
      vertex -76.5 55.5 12
    endloop
  endfacet
  facet normal 1 0 0
    outer loop
      vertex -76.5 -55.5 12
      vertex -76.5 -60.7 6
      vertex -76.5 60.7 6
    endloop
  endfacet
  facet normal 1 0 0
    outer loop
      vertex -76.5 -60.7 6
      vertex -76.5 -55.5 12
      vertex -76.5 -60.7 22.2723
    endloop
  endfacet
  facet normal -1 0 0
    outer loop
      vertex 64.5 -60.7 4
      vertex 64.5 60.7 6
      vertex 64.5 60.7 4
    endloop
  endfacet
  facet normal -1 -0 0
    outer loop
      vertex 64.5 60.7 6
      vertex 64.5 -60.7 4
      vertex 64.5 -60.7 6
    endloop
  endfacet
  facet normal -0 0 1
    outer loop
      vertex 61.5 60.7 4
      vertex 64.5 -60.7 4
      vertex 64.5 60.7 4
    endloop
  endfacet
  facet normal 0 0 1
    outer loop
      vertex 64.5 -60.7 4
      vertex 61.5 60.7 4
      vertex 61.5 -60.7 4
    endloop
  endfacet
  facet normal 1 -0 0
    outer loop
      vertex 61.5 -60.7 6
      vertex 61.5 60.7 4
      vertex 61.5 60.7 6
    endloop
  endfacet
  facet normal 1 0 0
    outer loop
      vertex 61.5 60.7 4
      vertex 61.5 -60.7 6
      vertex 61.5 -60.7 4
    endloop
  endfacet
  facet normal 0 0 1
    outer loop
      vertex -76.5 55.5 12
      vertex -79.3 5 12
      vertex -76.5 -55.5 12
    endloop
  endfacet
  facet normal -0 0 1
    outer loop
      vertex -82.2974 55.5 12
      vertex -79.3 5 12
      vertex -76.5 55.5 12
    endloop
  endfacet
  facet normal 0 0 1
    outer loop
      vertex -79.3 5 12
      vertex -82.2974 55.5 12
      vertex -82.2974 5 12
    endloop
  endfacet
  facet normal -0 0 1
    outer loop
      vertex -79.3 -5 12
      vertex -76.5 -55.5 12
      vertex -79.3 5 12
    endloop
  endfacet
  facet normal 0 0 1
    outer loop
      vertex -82.2974 -55.5 12
      vertex -79.3 -5 12
      vertex -82.2974 -5 12
    endloop
  endfacet
  facet normal 0 0 1
    outer loop
      vertex -79.3 -5 12
      vertex -82.2974 -55.5 12
      vertex -76.5 -55.5 12
    endloop
  endfacet
  facet normal 0 0 -1
    outer loop
      vertex -82.3 -5 12
      vertex -82.2974 5 12
      vertex -82.2974 -5 12
    endloop
  endfacet
  facet normal -0 0 -1
    outer loop
      vertex -82.2974 5 12
      vertex -82.3 -5 12
      vertex -82.3 5 12
    endloop
  endfacet
  facet normal 0 -1 0
    outer loop
      vertex -77.0057 55.5 21.9516
      vertex -76.5 55.5 22.2723
      vertex -76.5859 55.5 22.2219
    endloop
  endfacet
  facet normal 0 -1 0
    outer loop
      vertex -76.5 55.5 12
      vertex -77.0057 55.5 21.9516
      vertex -77.4139 55.5 21.664
    endloop
  endfacet
  facet normal 0 -1 0
    outer loop
      vertex -76.5 55.5 12
      vertex -77.4139 55.5 21.664
      vertex -77.8097 55.5 21.3597
    endloop
  endfacet
  facet normal 0 -1 0
    outer loop
      vertex -76.5 55.5 12
      vertex -77.8097 55.5 21.3597
      vertex -78.1926 55.5 21.0392
    endloop
  endfacet
  facet normal 0 -1 0
    outer loop
      vertex -76.5 55.5 12
      vertex -78.1926 55.5 21.0392
      vertex -78.5618 55.5 20.7031
    endloop
  endfacet
  facet normal 0 -1 0
    outer loop
      vertex -76.5 55.5 12
      vertex -78.5618 55.5 20.7031
      vertex -78.9166 55.5 20.3518
    endloop
  endfacet
  facet normal 0 -1 0
    outer loop
      vertex -76.5 55.5 12
      vertex -78.9166 55.5 20.3518
      vertex -79.2566 55.5 19.9862
    endloop
  endfacet
  facet normal 0 -1 0
    outer loop
      vertex -76.5 55.5 12
      vertex -79.2566 55.5 19.9862
      vertex -79.5811 55.5 19.6067
    endloop
  endfacet
  facet normal 0 -1 0
    outer loop
      vertex -76.5 55.5 12
      vertex -79.5811 55.5 19.6067
      vertex -79.8895 55.5 19.214
    endloop
  endfacet
  facet normal 0 -1 0
    outer loop
      vertex -76.5 55.5 12
      vertex -79.8895 55.5 19.214
      vertex -80.1813 55.5 18.8089
    endloop
  endfacet
  facet normal 0 -1 0
    outer loop
      vertex -76.5 55.5 12
      vertex -80.1813 55.5 18.8089
      vertex -80.4559 55.5 18.3919
    endloop
  endfacet
  facet normal 0 -1 0
    outer loop
      vertex -76.5 55.5 12
      vertex -80.4559 55.5 18.3919
      vertex -80.713 55.5 17.9639
    endloop
  endfacet
  facet normal 0 -1 0
    outer loop
      vertex -76.5 55.5 12
      vertex -80.713 55.5 17.9639
      vertex -80.9521 55.5 17.5256
    endloop
  endfacet
  facet normal 0 -1 0
    outer loop
      vertex -76.5 55.5 12
      vertex -80.9521 55.5 17.5256
      vertex -81.1728 55.5 17.0777
    endloop
  endfacet
  facet normal 0 -1 0
    outer loop
      vertex -76.5 55.5 12
      vertex -81.1728 55.5 17.0777
      vertex -81.3746 55.5 16.621
    endloop
  endfacet
  facet normal 0 -1 0
    outer loop
      vertex -76.5 55.5 12
      vertex -81.3746 55.5 16.621
      vertex -81.5572 55.5 16.1563
    endloop
  endfacet
  facet normal 0 -1 0
    outer loop
      vertex -76.5 55.5 12
      vertex -81.5572 55.5 16.1563
      vertex -81.7204 55.5 15.6845
    endloop
  endfacet
  facet normal 0 -1 0
    outer loop
      vertex -76.5 55.5 12
      vertex -81.7204 55.5 15.6845
      vertex -81.8638 55.5 15.2062
    endloop
  endfacet
  facet normal 0 -1 0
    outer loop
      vertex -76.5 55.5 12
      vertex -81.8638 55.5 15.2062
      vertex -81.9871 55.5 14.7224
    endloop
  endfacet
  facet normal 0 -1 0
    outer loop
      vertex -76.5 55.5 12
      vertex -81.9871 55.5 14.7224
      vertex -82.0902 55.5 14.2339
    endloop
  endfacet
  facet normal 0 -1 0
    outer loop
      vertex -76.5 55.5 12
      vertex -82.0902 55.5 14.2339
      vertex -82.173 55.5 13.7415
    endloop
  endfacet
  facet normal 0 -1 0
    outer loop
      vertex -76.5 55.5 12
      vertex -82.173 55.5 13.7415
      vertex -82.2351 55.5 13.2461
    endloop
  endfacet
  facet normal 0 -1 0
    outer loop
      vertex -76.5 55.5 12
      vertex -82.2351 55.5 13.2461
      vertex -82.2766 55.5 12.7485
    endloop
  endfacet
  facet normal 0 -1 0
    outer loop
      vertex -76.5 55.5 12
      vertex -82.2766 55.5 12.7485
      vertex -82.2974 55.5 12.2496
    endloop
  endfacet
  facet normal 0 -1 0
    outer loop
      vertex -76.5 55.5 12
      vertex -82.2974 55.5 12.2496
      vertex -82.2974 55.5 12
    endloop
  endfacet
  facet normal 0 -1 0
    outer loop
      vertex -77.0057 55.5 21.9516
      vertex -76.5 55.5 12
      vertex -76.5 55.5 22.2723
    endloop
  endfacet
  facet normal 0 1 0
    outer loop
      vertex -76.5 -55.5 22.2723
      vertex -77.0057 -55.5 21.9516
      vertex -76.5859 -55.5 22.2219
    endloop
  endfacet
  facet normal 0 1 -0
    outer loop
      vertex -76.5 -55.5 12
      vertex -77.0057 -55.5 21.9516
      vertex -76.5 -55.5 22.2723
    endloop
  endfacet
  facet normal 0 1 0
    outer loop
      vertex -77.0057 -55.5 21.9516
      vertex -76.5 -55.5 12
      vertex -77.4139 -55.5 21.664
    endloop
  endfacet
  facet normal 0 1 0
    outer loop
      vertex -77.4139 -55.5 21.664
      vertex -76.5 -55.5 12
      vertex -77.8097 -55.5 21.3597
    endloop
  endfacet
  facet normal 0 1 0
    outer loop
      vertex -77.8097 -55.5 21.3597
      vertex -76.5 -55.5 12
      vertex -78.1926 -55.5 21.0392
    endloop
  endfacet
  facet normal 0 1 0
    outer loop
      vertex -78.1926 -55.5 21.0392
      vertex -76.5 -55.5 12
      vertex -78.5618 -55.5 20.7031
    endloop
  endfacet
  facet normal 0 1 0
    outer loop
      vertex -78.5618 -55.5 20.7031
      vertex -76.5 -55.5 12
      vertex -78.9166 -55.5 20.3518
    endloop
  endfacet
  facet normal 0 1 0
    outer loop
      vertex -78.9166 -55.5 20.3518
      vertex -76.5 -55.5 12
      vertex -79.2566 -55.5 19.9862
    endloop
  endfacet
  facet normal 0 1 0
    outer loop
      vertex -79.2566 -55.5 19.9862
      vertex -76.5 -55.5 12
      vertex -79.5811 -55.5 19.6067
    endloop
  endfacet
  facet normal 0 1 0
    outer loop
      vertex -79.5811 -55.5 19.6067
      vertex -76.5 -55.5 12
      vertex -79.8895 -55.5 19.214
    endloop
  endfacet
  facet normal 0 1 0
    outer loop
      vertex -79.8895 -55.5 19.214
      vertex -76.5 -55.5 12
      vertex -80.1813 -55.5 18.8089
    endloop
  endfacet
  facet normal 0 1 0
    outer loop
      vertex -80.1813 -55.5 18.8089
      vertex -76.5 -55.5 12
      vertex -80.4559 -55.5 18.3919
    endloop
  endfacet
  facet normal 0 1 0
    outer loop
      vertex -80.4559 -55.5 18.3919
      vertex -76.5 -55.5 12
      vertex -80.713 -55.5 17.9639
    endloop
  endfacet
  facet normal 0 1 0
    outer loop
      vertex -80.713 -55.5 17.9639
      vertex -76.5 -55.5 12
      vertex -80.9521 -55.5 17.5256
    endloop
  endfacet
  facet normal 0 1 0
    outer loop
      vertex -80.9521 -55.5 17.5256
      vertex -76.5 -55.5 12
      vertex -81.1728 -55.5 17.0777
    endloop
  endfacet
  facet normal 0 1 0
    outer loop
      vertex -81.1728 -55.5 17.0777
      vertex -76.5 -55.5 12
      vertex -81.3746 -55.5 16.621
    endloop
  endfacet
  facet normal 0 1 0
    outer loop
      vertex -81.3746 -55.5 16.621
      vertex -76.5 -55.5 12
      vertex -81.5572 -55.5 16.1563
    endloop
  endfacet
  facet normal 0 1 0
    outer loop
      vertex -81.5572 -55.5 16.1563
      vertex -76.5 -55.5 12
      vertex -81.7204 -55.5 15.6845
    endloop
  endfacet
  facet normal 0 1 0
    outer loop
      vertex -81.7204 -55.5 15.6845
      vertex -76.5 -55.5 12
      vertex -81.8638 -55.5 15.2062
    endloop
  endfacet
  facet normal 0 1 0
    outer loop
      vertex -81.8638 -55.5 15.2062
      vertex -76.5 -55.5 12
      vertex -81.9871 -55.5 14.7224
    endloop
  endfacet
  facet normal 0 1 0
    outer loop
      vertex -81.9871 -55.5 14.7224
      vertex -76.5 -55.5 12
      vertex -82.0902 -55.5 14.2339
    endloop
  endfacet
  facet normal 0 1 0
    outer loop
      vertex -82.0902 -55.5 14.2339
      vertex -76.5 -55.5 12
      vertex -82.173 -55.5 13.7415
    endloop
  endfacet
  facet normal 0 1 0
    outer loop
      vertex -82.173 -55.5 13.7415
      vertex -76.5 -55.5 12
      vertex -82.2351 -55.5 13.2461
    endloop
  endfacet
  facet normal 0 1 0
    outer loop
      vertex -82.2351 -55.5 13.2461
      vertex -76.5 -55.5 12
      vertex -82.2766 -55.5 12.7485
    endloop
  endfacet
  facet normal 0 1 0
    outer loop
      vertex -82.2766 -55.5 12.7485
      vertex -76.5 -55.5 12
      vertex -82.2974 -55.5 12.2496
    endloop
  endfacet
  facet normal 0 1 0
    outer loop
      vertex -82.2974 -55.5 12.2496
      vertex -76.5 -55.5 12
      vertex -82.2974 -55.5 12
    endloop
  endfacet
  facet normal 0 0.935052 0.354509
    outer loop
      vertex -58.309 62.277 12.4319
      vertex -82.2657 62.1073 12.8795
      vertex -58.3342 62.1073 12.8795
    endloop
  endfacet
  facet normal -0.00613043 0.935149 0.354201
    outer loop
      vertex -58.309 62.277 12.4319
      vertex -58.3342 62.1073 12.8795
      vertex -58.3104 62.2515 12.4992
    endloop
  endfacet
  facet normal -0 0.935052 0.354509
    outer loop
      vertex -82.2898 62.277 12.4319
      vertex -82.2657 62.1073 12.8795
      vertex -58.309 62.277 12.4319
    endloop
  endfacet
  facet normal 0.00815815 0.935167 0.354114
    outer loop
      vertex -82.2657 62.1073 12.8795
      vertex -82.2898 62.277 12.4319
      vertex -82.2766 62.157 12.7485
    endloop
  endfacet
  facet normal 0 0.935052 0.354509
    outer loop
      vertex 79.791 62.277 12.4319
      vertex 55.8343 62.1073 12.8795
      vertex 79.7658 62.1073 12.8795
    endloop
  endfacet
  facet normal -0.00613043 0.935149 0.354201
    outer loop
      vertex 79.791 62.277 12.4319
      vertex 79.7658 62.1073 12.8795
      vertex 79.7896 62.2515 12.4992
    endloop
  endfacet
  facet normal -0 0.935052 0.354509
    outer loop
      vertex 55.8102 62.277 12.4319
      vertex 55.8343 62.1073 12.8795
      vertex 79.791 62.277 12.4319
    endloop
  endfacet
  facet normal 0.00815815 0.935167 0.354114
    outer loop
      vertex 55.8343 62.1073 12.8795
      vertex 55.8102 62.277 12.4319
      vertex 55.8234 62.157 12.7485
    endloop
  endfacet
  facet normal 0 0.464678 -0.88548
    outer loop
      vertex -58.4307 62.4369 13.7485
      vertex -82.1344 62.8607 13.9709
      vertex -58.4633 62.8607 13.9709
    endloop
  endfacet
  facet normal 0 0.464678 -0.88548
    outer loop
      vertex -82.1344 62.8607 13.9709
      vertex -58.4307 62.4369 13.7485
      vertex -82.1718 62.4369 13.7485
    endloop
  endfacet
  facet normal 0 0.464678 -0.88548
    outer loop
      vertex 79.6693 62.4369 13.7485
      vertex 55.9656 62.8607 13.9709
      vertex 79.6367 62.8607 13.9709
    endloop
  endfacet
  facet normal 0 0.464678 -0.88548
    outer loop
      vertex 55.9656 62.8607 13.9709
      vertex 79.6693 62.4369 13.7485
      vertex 55.9282 62.4369 13.7485
    endloop
  endfacet
  facet normal 0.00815815 -0.935167 0.354114
    outer loop
      vertex -82.2898 63.923 12.4319
      vertex -82.2657 64.0927 12.8795
      vertex -82.2766 64.043 12.7485
    endloop
  endfacet
  facet normal 0 -0.935052 0.354509
    outer loop
      vertex -82.2657 64.0927 12.8795
      vertex -58.309 63.923 12.4319
      vertex -58.3342 64.0927 12.8795
    endloop
  endfacet
  facet normal 0 -0.935052 0.354509
    outer loop
      vertex -82.2657 64.0927 12.8795
      vertex -82.2898 63.923 12.4319
      vertex -58.309 63.923 12.4319
    endloop
  endfacet
  facet normal -0.00613043 -0.935149 0.354201
    outer loop
      vertex -58.3342 64.0927 12.8795
      vertex -58.309 63.923 12.4319
      vertex -58.3104 63.9485 12.4992
    endloop
  endfacet
  facet normal 0.00815815 -0.935167 0.354114
    outer loop
      vertex 55.8102 63.923 12.4319
      vertex 55.8343 64.0927 12.8795
      vertex 55.8234 64.043 12.7485
    endloop
  endfacet
  facet normal 0 -0.935052 0.354509
    outer loop
      vertex 55.8343 64.0927 12.8795
      vertex 79.791 63.923 12.4319
      vertex 79.7658 64.0927 12.8795
    endloop
  endfacet
  facet normal 0 -0.935052 0.354509
    outer loop
      vertex 55.8343 64.0927 12.8795
      vertex 55.8102 63.923 12.4319
      vertex 79.791 63.923 12.4319
    endloop
  endfacet
  facet normal -0.00613043 -0.935149 0.354201
    outer loop
      vertex 79.7658 64.0927 12.8795
      vertex 79.791 63.923 12.4319
      vertex 79.7896 63.9485 12.4992
    endloop
  endfacet
  facet normal 0 -0.23924 0.97096
    outer loop
      vertex -82.2974 63.5647 12.1145
      vertex -58.3 63.1 12
      vertex -58.3024 63.5647 12.1145
    endloop
  endfacet
  facet normal 0 -0.23924 0.97096
    outer loop
      vertex -58.3 63.1 12
      vertex -82.2974 63.5647 12.1145
      vertex -82.2974 63.1 12
    endloop
  endfacet
  facet normal 0 -0.23924 0.97096
    outer loop
      vertex 55.8026 63.5647 12.1145
      vertex 79.8 63.1 12
      vertex 79.7976 63.5647 12.1145
    endloop
  endfacet
  facet normal 0 -0.23924 0.97096
    outer loop
      vertex 79.8 63.1 12
      vertex 55.8026 63.5647 12.1145
      vertex 55.8026 63.1 12
    endloop
  endfacet
  facet normal -0.00647867 -0.992757 -0.119966
    outer loop
      vertex -82.2657 64.0927 12.8795
      vertex -82.2215 64.035 13.3546
      vertex -82.2351 64.0482 13.2461
    endloop
  endfacet
  facet normal 0 -0.992706 -0.120562
    outer loop
      vertex -82.2215 64.035 13.3546
      vertex -58.3342 64.0927 12.8795
      vertex -58.3788 64.035 13.3546
    endloop
  endfacet
  facet normal 0 -0.992706 -0.120562
    outer loop
      vertex -82.2215 64.035 13.3546
      vertex -82.2657 64.0927 12.8795
      vertex -58.3342 64.0927 12.8795
    endloop
  endfacet
  facet normal 0.00811551 -0.992764 -0.119807
    outer loop
      vertex -58.3788 64.035 13.3546
      vertex -58.3342 64.0927 12.8795
      vertex -58.3415 64.0784 12.9975
    endloop
  endfacet
  facet normal -0.00647867 -0.992757 -0.119966
    outer loop
      vertex 55.8343 64.0927 12.8795
      vertex 55.8785 64.035 13.3546
      vertex 55.8649 64.0482 13.2461
    endloop
  endfacet
  facet normal 0 -0.992706 -0.120562
    outer loop
      vertex 55.8785 64.035 13.3546
      vertex 79.7658 64.0927 12.8795
      vertex 79.7212 64.035 13.3546
    endloop
  endfacet
  facet normal 0 -0.992706 -0.120562
    outer loop
      vertex 55.8785 64.035 13.3546
      vertex 55.8343 64.0927 12.8795
      vertex 79.7658 64.0927 12.8795
    endloop
  endfacet
  facet normal 0.00811551 -0.992764 -0.119807
    outer loop
      vertex 79.7212 64.035 13.3546
      vertex 79.7658 64.0927 12.8795
      vertex 79.7585 64.0784 12.9975
    endloop
  endfacet
  facet normal 0 0 -1
    outer loop
      vertex -82.1344 62.8607 13.9709
      vertex -58.4633 63.3393 13.9709
      vertex -58.4633 62.8607 13.9709
    endloop
  endfacet
  facet normal -0 0 -1
    outer loop
      vertex -58.4633 63.3393 13.9709
      vertex -82.1344 62.8607 13.9709
      vertex -82.1344 63.3393 13.9709
    endloop
  endfacet
  facet normal 0 0 -1
    outer loop
      vertex 55.9656 62.8607 13.9709
      vertex 79.6367 63.3393 13.9709
      vertex 79.6367 62.8607 13.9709
    endloop
  endfacet
  facet normal -0 0 -1
    outer loop
      vertex 79.6367 63.3393 13.9709
      vertex 55.9656 62.8607 13.9709
      vertex 55.9656 63.3393 13.9709
    endloop
  endfacet
  facet normal -0.176258 -0.820346 -0.544027
    outer loop
      vertex -82.2215 64.035 13.3546
      vertex -82.1718 63.7631 13.7485
      vertex -82.173 63.768 13.7415
    endloop
  endfacet
  facet normal 0 -0.822974 -0.56808
    outer loop
      vertex -82.1718 63.7631 13.7485
      vertex -58.3788 64.035 13.3546
      vertex -58.4307 63.7631 13.7485
    endloop
  endfacet
  facet normal 0 -0.822974 -0.56808
    outer loop
      vertex -82.1718 63.7631 13.7485
      vertex -82.2215 64.035 13.3546
      vertex -58.3788 64.035 13.3546
    endloop
  endfacet
  facet normal -0.00139256 -0.822887 -0.568203
    outer loop
      vertex -58.4307 63.7631 13.7485
      vertex -58.3788 64.035 13.3546
      vertex -58.3934 63.9387 13.4941
    endloop
  endfacet
  facet normal -0.176258 -0.820346 -0.544027
    outer loop
      vertex 55.8785 64.035 13.3546
      vertex 55.9282 63.7631 13.7485
      vertex 55.927 63.768 13.7415
    endloop
  endfacet
  facet normal 0 -0.822974 -0.56808
    outer loop
      vertex 55.9282 63.7631 13.7485
      vertex 79.7212 64.035 13.3546
      vertex 79.6693 63.7631 13.7485
    endloop
  endfacet
  facet normal 0 -0.822974 -0.56808
    outer loop
      vertex 55.9282 63.7631 13.7485
      vertex 55.8785 64.035 13.3546
      vertex 79.7212 64.035 13.3546
    endloop
  endfacet
  facet normal -0.00139256 -0.822887 -0.568203
    outer loop
      vertex 79.6693 63.7631 13.7485
      vertex 79.7212 64.035 13.3546
      vertex 79.7066 63.9387 13.4941
    endloop
  endfacet
  facet normal 0 0.663092 0.748538
    outer loop
      vertex -58.3024 62.6353 12.1145
      vertex -82.2898 62.277 12.4319
      vertex -58.309 62.277 12.4319
    endloop
  endfacet
  facet normal -0 0.663092 0.748538
    outer loop
      vertex -82.2974 62.6353 12.1145
      vertex -82.2898 62.277 12.4319
      vertex -58.3024 62.6353 12.1145
    endloop
  endfacet
  facet normal 0.0018277 0.663113 0.748517
    outer loop
      vertex -82.2898 62.277 12.4319
      vertex -82.2974 62.6353 12.1145
      vertex -82.2974 62.4828 12.2496
    endloop
  endfacet
  facet normal 0 0.663092 0.748538
    outer loop
      vertex 79.7976 62.6353 12.1145
      vertex 55.8102 62.277 12.4319
      vertex 79.791 62.277 12.4319
    endloop
  endfacet
  facet normal -0 0.663092 0.748538
    outer loop
      vertex 55.8026 62.6353 12.1145
      vertex 55.8102 62.277 12.4319
      vertex 79.7976 62.6353 12.1145
    endloop
  endfacet
  facet normal 0.0018277 0.663113 0.748517
    outer loop
      vertex 55.8102 62.277 12.4319
      vertex 55.8026 62.6353 12.1145
      vertex 55.8026 62.4828 12.2496
    endloop
  endfacet
  facet normal 0 -0.663092 0.748538
    outer loop
      vertex -82.2898 63.923 12.4319
      vertex -58.3024 63.5647 12.1145
      vertex -58.309 63.923 12.4319
    endloop
  endfacet
  facet normal 0.0018277 -0.663113 0.748517
    outer loop
      vertex -82.2974 63.5647 12.1145
      vertex -82.2898 63.923 12.4319
      vertex -82.2974 63.7172 12.2496
    endloop
  endfacet
  facet normal 0 -0.663092 0.748538
    outer loop
      vertex -82.2898 63.923 12.4319
      vertex -82.2974 63.5647 12.1145
      vertex -58.3024 63.5647 12.1145
    endloop
  endfacet
  facet normal 0 -0.663092 0.748538
    outer loop
      vertex 55.8102 63.923 12.4319
      vertex 79.7976 63.5647 12.1145
      vertex 79.791 63.923 12.4319
    endloop
  endfacet
  facet normal 0.0018277 -0.663113 0.748517
    outer loop
      vertex 55.8026 63.5647 12.1145
      vertex 55.8102 63.923 12.4319
      vertex 55.8026 63.7172 12.2496
    endloop
  endfacet
  facet normal 0 -0.663092 0.748538
    outer loop
      vertex 55.8102 63.923 12.4319
      vertex 55.8026 63.5647 12.1145
      vertex 79.7976 63.5647 12.1145
    endloop
  endfacet
  facet normal -0 0.23924 0.97096
    outer loop
      vertex -82.2974 63.1 12
      vertex -58.3024 62.6353 12.1145
      vertex -58.3 63.1 12
    endloop
  endfacet
  facet normal 0 0.23924 0.97096
    outer loop
      vertex -58.3024 62.6353 12.1145
      vertex -82.2974 63.1 12
      vertex -82.2974 62.6353 12.1145
    endloop
  endfacet
  facet normal -0 0.23924 0.97096
    outer loop
      vertex 55.8026 63.1 12
      vertex 79.7976 62.6353 12.1145
      vertex 79.8 63.1 12
    endloop
  endfacet
  facet normal 0 0.23924 0.97096
    outer loop
      vertex 79.7976 62.6353 12.1145
      vertex 55.8026 63.1 12
      vertex 55.8026 62.6353 12.1145
    endloop
  endfacet
  facet normal 0 0.992706 -0.120562
    outer loop
      vertex -58.3342 62.1073 12.8795
      vertex -82.2215 62.165 13.3546
      vertex -58.3788 62.165 13.3546
    endloop
  endfacet
  facet normal 0.00811551 0.992764 -0.119807
    outer loop
      vertex -58.3342 62.1073 12.8795
      vertex -58.3788 62.165 13.3546
      vertex -58.3415 62.1216 12.9975
    endloop
  endfacet
  facet normal 0 0.992706 -0.120562
    outer loop
      vertex -82.2657 62.1073 12.8795
      vertex -82.2215 62.165 13.3546
      vertex -58.3342 62.1073 12.8795
    endloop
  endfacet
  facet normal -0.00647867 0.992757 -0.119966
    outer loop
      vertex -82.2215 62.165 13.3546
      vertex -82.2657 62.1073 12.8795
      vertex -82.2351 62.1518 13.2461
    endloop
  endfacet
  facet normal 0 0.992706 -0.120562
    outer loop
      vertex 79.7658 62.1073 12.8795
      vertex 55.8785 62.165 13.3546
      vertex 79.7212 62.165 13.3546
    endloop
  endfacet
  facet normal 0.00811551 0.992764 -0.119807
    outer loop
      vertex 79.7658 62.1073 12.8795
      vertex 79.7212 62.165 13.3546
      vertex 79.7585 62.1216 12.9975
    endloop
  endfacet
  facet normal 0 0.992706 -0.120562
    outer loop
      vertex 55.8343 62.1073 12.8795
      vertex 55.8785 62.165 13.3546
      vertex 79.7658 62.1073 12.8795
    endloop
  endfacet
  facet normal -0.00647867 0.992757 -0.119966
    outer loop
      vertex 55.8785 62.165 13.3546
      vertex 55.8343 62.1073 12.8795
      vertex 55.8649 62.1518 13.2461
    endloop
  endfacet
  facet normal 0 -0.464678 -0.88548
    outer loop
      vertex -82.1344 63.3393 13.9709
      vertex -58.4307 63.7631 13.7485
      vertex -58.4633 63.3393 13.9709
    endloop
  endfacet
  facet normal -0 -0.464678 -0.88548
    outer loop
      vertex -58.4307 63.7631 13.7485
      vertex -82.1344 63.3393 13.9709
      vertex -82.1718 63.7631 13.7485
    endloop
  endfacet
  facet normal 0 -0.464678 -0.88548
    outer loop
      vertex 55.9656 63.3393 13.9709
      vertex 79.6693 63.7631 13.7485
      vertex 79.6367 63.3393 13.9709
    endloop
  endfacet
  facet normal -0 -0.464678 -0.88548
    outer loop
      vertex 79.6693 63.7631 13.7485
      vertex 55.9656 63.3393 13.9709
      vertex 55.9282 63.7631 13.7485
    endloop
  endfacet
  facet normal 0 0.822974 -0.56808
    outer loop
      vertex -58.3788 62.165 13.3546
      vertex -82.1718 62.4369 13.7485
      vertex -58.4307 62.4369 13.7485
    endloop
  endfacet
  facet normal -0.00139256 0.822887 -0.568203
    outer loop
      vertex -58.3788 62.165 13.3546
      vertex -58.4307 62.4369 13.7485
      vertex -58.3934 62.2613 13.4941
    endloop
  endfacet
  facet normal 0 0.822974 -0.56808
    outer loop
      vertex -82.2215 62.165 13.3546
      vertex -82.1718 62.4369 13.7485
      vertex -58.3788 62.165 13.3546
    endloop
  endfacet
  facet normal -0.176258 0.820346 -0.544027
    outer loop
      vertex -82.1718 62.4369 13.7485
      vertex -82.2215 62.165 13.3546
      vertex -82.173 62.432 13.7415
    endloop
  endfacet
  facet normal 0 0.822974 -0.56808
    outer loop
      vertex 79.7212 62.165 13.3546
      vertex 55.9282 62.4369 13.7485
      vertex 79.6693 62.4369 13.7485
    endloop
  endfacet
  facet normal -0.00139256 0.822887 -0.568203
    outer loop
      vertex 79.7212 62.165 13.3546
      vertex 79.6693 62.4369 13.7485
      vertex 79.7066 62.2613 13.4941
    endloop
  endfacet
  facet normal 0 0.822974 -0.56808
    outer loop
      vertex 55.8785 62.165 13.3546
      vertex 55.9282 62.4369 13.7485
      vertex 79.7212 62.165 13.3546
    endloop
  endfacet
  facet normal -0.176258 0.820346 -0.544027
    outer loop
      vertex 55.9282 62.4369 13.7485
      vertex 55.8785 62.165 13.3546
      vertex 55.927 62.432 13.7415
    endloop
  endfacet
  facet normal 0.00815815 -0.935167 0.354114
    outer loop
      vertex -82.2898 -62.277 12.4319
      vertex -82.2657 -62.1073 12.8795
      vertex -82.2766 -62.157 12.7485
    endloop
  endfacet
  facet normal 0 -0.935052 0.354509
    outer loop
      vertex -82.2657 -62.1073 12.8795
      vertex -58.309 -62.277 12.4319
      vertex -58.3342 -62.1073 12.8795
    endloop
  endfacet
  facet normal 0 -0.935052 0.354509
    outer loop
      vertex -82.2657 -62.1073 12.8795
      vertex -82.2898 -62.277 12.4319
      vertex -58.309 -62.277 12.4319
    endloop
  endfacet
  facet normal -0.00613043 -0.935149 0.354201
    outer loop
      vertex -58.3342 -62.1073 12.8795
      vertex -58.309 -62.277 12.4319
      vertex -58.3104 -62.2515 12.4992
    endloop
  endfacet
  facet normal 0.00815815 -0.935167 0.354114
    outer loop
      vertex 55.8102 -62.277 12.4319
      vertex 55.8343 -62.1073 12.8795
      vertex 55.8234 -62.157 12.7485
    endloop
  endfacet
  facet normal 0 -0.935052 0.354509
    outer loop
      vertex 55.8343 -62.1073 12.8795
      vertex 79.791 -62.277 12.4319
      vertex 79.7658 -62.1073 12.8795
    endloop
  endfacet
  facet normal 0 -0.935052 0.354509
    outer loop
      vertex 55.8343 -62.1073 12.8795
      vertex 55.8102 -62.277 12.4319
      vertex 79.791 -62.277 12.4319
    endloop
  endfacet
  facet normal -0.00613043 -0.935149 0.354201
    outer loop
      vertex 79.7658 -62.1073 12.8795
      vertex 79.791 -62.277 12.4319
      vertex 79.7896 -62.2515 12.4992
    endloop
  endfacet
  facet normal -0.00647867 -0.992757 -0.119966
    outer loop
      vertex -82.2657 -62.1073 12.8795
      vertex -82.2215 -62.165 13.3546
      vertex -82.2351 -62.1518 13.2461
    endloop
  endfacet
  facet normal 0 -0.992706 -0.120562
    outer loop
      vertex -82.2215 -62.165 13.3546
      vertex -58.3342 -62.1073 12.8795
      vertex -58.3788 -62.165 13.3546
    endloop
  endfacet
  facet normal 0 -0.992706 -0.120562
    outer loop
      vertex -82.2215 -62.165 13.3546
      vertex -82.2657 -62.1073 12.8795
      vertex -58.3342 -62.1073 12.8795
    endloop
  endfacet
  facet normal 0.00811551 -0.992764 -0.119807
    outer loop
      vertex -58.3788 -62.165 13.3546
      vertex -58.3342 -62.1073 12.8795
      vertex -58.3415 -62.1216 12.9975
    endloop
  endfacet
  facet normal -0.00647867 -0.992757 -0.119966
    outer loop
      vertex 55.8343 -62.1073 12.8795
      vertex 55.8785 -62.165 13.3546
      vertex 55.8649 -62.1518 13.2461
    endloop
  endfacet
  facet normal 0 -0.992706 -0.120562
    outer loop
      vertex 55.8785 -62.165 13.3546
      vertex 79.7658 -62.1073 12.8795
      vertex 79.7212 -62.165 13.3546
    endloop
  endfacet
  facet normal 0 -0.992706 -0.120562
    outer loop
      vertex 55.8785 -62.165 13.3546
      vertex 55.8343 -62.1073 12.8795
      vertex 79.7658 -62.1073 12.8795
    endloop
  endfacet
  facet normal 0.00811551 -0.992764 -0.119807
    outer loop
      vertex 79.7212 -62.165 13.3546
      vertex 79.7658 -62.1073 12.8795
      vertex 79.7585 -62.1216 12.9975
    endloop
  endfacet
  facet normal 0 0 -1
    outer loop
      vertex -82.1344 -63.3393 13.9709
      vertex -58.4633 -62.8607 13.9709
      vertex -58.4633 -63.3393 13.9709
    endloop
  endfacet
  facet normal -0 0 -1
    outer loop
      vertex -58.4633 -62.8607 13.9709
      vertex -82.1344 -63.3393 13.9709
      vertex -82.1344 -62.8607 13.9709
    endloop
  endfacet
  facet normal 0 0 -1
    outer loop
      vertex 55.9656 -63.3393 13.9709
      vertex 79.6367 -62.8607 13.9709
      vertex 79.6367 -63.3393 13.9709
    endloop
  endfacet
  facet normal -0 0 -1
    outer loop
      vertex 79.6367 -62.8607 13.9709
      vertex 55.9656 -63.3393 13.9709
      vertex 55.9656 -62.8607 13.9709
    endloop
  endfacet
  facet normal 0 -0.23924 0.97096
    outer loop
      vertex -82.2974 -62.6353 12.1145
      vertex -58.3 -63.1 12
      vertex -58.3024 -62.6353 12.1145
    endloop
  endfacet
  facet normal 0 -0.23924 0.97096
    outer loop
      vertex -58.3 -63.1 12
      vertex -82.2974 -62.6353 12.1145
      vertex -82.2974 -63.1 12
    endloop
  endfacet
  facet normal 0 -0.23924 0.97096
    outer loop
      vertex 55.8026 -62.6353 12.1145
      vertex 79.8 -63.1 12
      vertex 79.7976 -62.6353 12.1145
    endloop
  endfacet
  facet normal 0 -0.23924 0.97096
    outer loop
      vertex 79.8 -63.1 12
      vertex 55.8026 -62.6353 12.1145
      vertex 55.8026 -63.1 12
    endloop
  endfacet
  facet normal -0.176258 -0.820346 -0.544027
    outer loop
      vertex -82.2215 -62.165 13.3546
      vertex -82.1718 -62.4369 13.7485
      vertex -82.173 -62.432 13.7415
    endloop
  endfacet
  facet normal 0 -0.822974 -0.56808
    outer loop
      vertex -82.1718 -62.4369 13.7485
      vertex -58.3788 -62.165 13.3546
      vertex -58.4307 -62.4369 13.7485
    endloop
  endfacet
  facet normal 0 -0.822974 -0.56808
    outer loop
      vertex -82.1718 -62.4369 13.7485
      vertex -82.2215 -62.165 13.3546
      vertex -58.3788 -62.165 13.3546
    endloop
  endfacet
  facet normal -0.00139256 -0.822887 -0.568203
    outer loop
      vertex -58.4307 -62.4369 13.7485
      vertex -58.3788 -62.165 13.3546
      vertex -58.3934 -62.2613 13.4941
    endloop
  endfacet
  facet normal -0.176258 -0.820346 -0.544027
    outer loop
      vertex 55.8785 -62.165 13.3546
      vertex 55.9282 -62.4369 13.7485
      vertex 55.927 -62.432 13.7415
    endloop
  endfacet
  facet normal 0 -0.822974 -0.56808
    outer loop
      vertex 55.9282 -62.4369 13.7485
      vertex 79.7212 -62.165 13.3546
      vertex 79.6693 -62.4369 13.7485
    endloop
  endfacet
  facet normal 0 -0.822974 -0.56808
    outer loop
      vertex 55.9282 -62.4369 13.7485
      vertex 55.8785 -62.165 13.3546
      vertex 79.7212 -62.165 13.3546
    endloop
  endfacet
  facet normal -0.00139256 -0.822887 -0.568203
    outer loop
      vertex 79.6693 -62.4369 13.7485
      vertex 79.7212 -62.165 13.3546
      vertex 79.7066 -62.2613 13.4941
    endloop
  endfacet
  facet normal 0 0.822974 -0.56808
    outer loop
      vertex -58.3788 -64.035 13.3546
      vertex -82.1718 -63.7631 13.7485
      vertex -58.4307 -63.7631 13.7485
    endloop
  endfacet
  facet normal -0.00139256 0.822887 -0.568203
    outer loop
      vertex -58.3788 -64.035 13.3546
      vertex -58.4307 -63.7631 13.7485
      vertex -58.3934 -63.9387 13.4941
    endloop
  endfacet
  facet normal 0 0.822974 -0.56808
    outer loop
      vertex -82.2215 -64.035 13.3546
      vertex -82.1718 -63.7631 13.7485
      vertex -58.3788 -64.035 13.3546
    endloop
  endfacet
  facet normal -0.176258 0.820346 -0.544027
    outer loop
      vertex -82.1718 -63.7631 13.7485
      vertex -82.2215 -64.035 13.3546
      vertex -82.173 -63.768 13.7415
    endloop
  endfacet
  facet normal 0 0.822974 -0.56808
    outer loop
      vertex 79.7212 -64.035 13.3546
      vertex 55.9282 -63.7631 13.7485
      vertex 79.6693 -63.7631 13.7485
    endloop
  endfacet
  facet normal -0.00139256 0.822887 -0.568203
    outer loop
      vertex 79.7212 -64.035 13.3546
      vertex 79.6693 -63.7631 13.7485
      vertex 79.7066 -63.9387 13.4941
    endloop
  endfacet
  facet normal 0 0.822974 -0.56808
    outer loop
      vertex 55.8785 -64.035 13.3546
      vertex 55.9282 -63.7631 13.7485
      vertex 79.7212 -64.035 13.3546
    endloop
  endfacet
  facet normal -0.176258 0.820346 -0.544027
    outer loop
      vertex 55.9282 -63.7631 13.7485
      vertex 55.8785 -64.035 13.3546
      vertex 55.927 -63.768 13.7415
    endloop
  endfacet
  facet normal 0 0.663092 0.748538
    outer loop
      vertex -58.3024 -63.5647 12.1145
      vertex -82.2898 -63.923 12.4319
      vertex -58.309 -63.923 12.4319
    endloop
  endfacet
  facet normal -0 0.663092 0.748538
    outer loop
      vertex -82.2974 -63.5647 12.1145
      vertex -82.2898 -63.923 12.4319
      vertex -58.3024 -63.5647 12.1145
    endloop
  endfacet
  facet normal 0.0018277 0.663113 0.748517
    outer loop
      vertex -82.2898 -63.923 12.4319
      vertex -82.2974 -63.5647 12.1145
      vertex -82.2974 -63.7172 12.2496
    endloop
  endfacet
  facet normal 0 0.663092 0.748538
    outer loop
      vertex 79.7976 -63.5647 12.1145
      vertex 55.8102 -63.923 12.4319
      vertex 79.791 -63.923 12.4319
    endloop
  endfacet
  facet normal -0 0.663092 0.748538
    outer loop
      vertex 55.8026 -63.5647 12.1145
      vertex 55.8102 -63.923 12.4319
      vertex 79.7976 -63.5647 12.1145
    endloop
  endfacet
  facet normal 0.0018277 0.663113 0.748517
    outer loop
      vertex 55.8102 -63.923 12.4319
      vertex 55.8026 -63.5647 12.1145
      vertex 55.8026 -63.7172 12.2496
    endloop
  endfacet
  facet normal 0 0.992706 -0.120562
    outer loop
      vertex -58.3342 -64.0927 12.8795
      vertex -82.2215 -64.035 13.3546
      vertex -58.3788 -64.035 13.3546
    endloop
  endfacet
  facet normal 0.00811551 0.992764 -0.119807
    outer loop
      vertex -58.3342 -64.0927 12.8795
      vertex -58.3788 -64.035 13.3546
      vertex -58.3415 -64.0784 12.9975
    endloop
  endfacet
  facet normal 0 0.992706 -0.120562
    outer loop
      vertex -82.2657 -64.0927 12.8795
      vertex -82.2215 -64.035 13.3546
      vertex -58.3342 -64.0927 12.8795
    endloop
  endfacet
  facet normal -0.00647867 0.992757 -0.119966
    outer loop
      vertex -82.2215 -64.035 13.3546
      vertex -82.2657 -64.0927 12.8795
      vertex -82.2351 -64.0482 13.2461
    endloop
  endfacet
  facet normal 0 0.992706 -0.120562
    outer loop
      vertex 79.7658 -64.0927 12.8795
      vertex 55.8785 -64.035 13.3546
      vertex 79.7212 -64.035 13.3546
    endloop
  endfacet
  facet normal 0.00811551 0.992764 -0.119807
    outer loop
      vertex 79.7658 -64.0927 12.8795
      vertex 79.7212 -64.035 13.3546
      vertex 79.7585 -64.0784 12.9975
    endloop
  endfacet
  facet normal 0 0.992706 -0.120562
    outer loop
      vertex 55.8343 -64.0927 12.8795
      vertex 55.8785 -64.035 13.3546
      vertex 79.7658 -64.0927 12.8795
    endloop
  endfacet
  facet normal -0.00647867 0.992757 -0.119966
    outer loop
      vertex 55.8785 -64.035 13.3546
      vertex 55.8343 -64.0927 12.8795
      vertex 55.8649 -64.0482 13.2461
    endloop
  endfacet
  facet normal 0 0.935052 0.354509
    outer loop
      vertex -58.309 -63.923 12.4319
      vertex -82.2657 -64.0927 12.8795
      vertex -58.3342 -64.0927 12.8795
    endloop
  endfacet
  facet normal -0.00613043 0.935149 0.354201
    outer loop
      vertex -58.309 -63.923 12.4319
      vertex -58.3342 -64.0927 12.8795
      vertex -58.3104 -63.9485 12.4992
    endloop
  endfacet
  facet normal -0 0.935052 0.354509
    outer loop
      vertex -82.2898 -63.923 12.4319
      vertex -82.2657 -64.0927 12.8795
      vertex -58.309 -63.923 12.4319
    endloop
  endfacet
  facet normal 0.00815815 0.935167 0.354114
    outer loop
      vertex -82.2657 -64.0927 12.8795
      vertex -82.2898 -63.923 12.4319
      vertex -82.2766 -64.043 12.7485
    endloop
  endfacet
  facet normal 0 0.935052 0.354509
    outer loop
      vertex 79.791 -63.923 12.4319
      vertex 55.8343 -64.0927 12.8795
      vertex 79.7658 -64.0927 12.8795
    endloop
  endfacet
  facet normal -0.00613043 0.935149 0.354201
    outer loop
      vertex 79.791 -63.923 12.4319
      vertex 79.7658 -64.0927 12.8795
      vertex 79.7896 -63.9485 12.4992
    endloop
  endfacet
  facet normal -0 0.935052 0.354509
    outer loop
      vertex 55.8102 -63.923 12.4319
      vertex 55.8343 -64.0927 12.8795
      vertex 79.791 -63.923 12.4319
    endloop
  endfacet
  facet normal 0.00815815 0.935167 0.354114
    outer loop
      vertex 55.8343 -64.0927 12.8795
      vertex 55.8102 -63.923 12.4319
      vertex 55.8234 -64.043 12.7485
    endloop
  endfacet
  facet normal -0 0.23924 0.97096
    outer loop
      vertex -82.2974 -63.1 12
      vertex -58.3024 -63.5647 12.1145
      vertex -58.3 -63.1 12
    endloop
  endfacet
  facet normal 0 0.23924 0.97096
    outer loop
      vertex -58.3024 -63.5647 12.1145
      vertex -82.2974 -63.1 12
      vertex -82.2974 -63.5647 12.1145
    endloop
  endfacet
  facet normal -0 0.23924 0.97096
    outer loop
      vertex 55.8026 -63.1 12
      vertex 79.7976 -63.5647 12.1145
      vertex 79.8 -63.1 12
    endloop
  endfacet
  facet normal 0 0.23924 0.97096
    outer loop
      vertex 79.7976 -63.5647 12.1145
      vertex 55.8026 -63.1 12
      vertex 55.8026 -63.5647 12.1145
    endloop
  endfacet
  facet normal 0 -0.663092 0.748538
    outer loop
      vertex -82.2898 -62.277 12.4319
      vertex -58.3024 -62.6353 12.1145
      vertex -58.309 -62.277 12.4319
    endloop
  endfacet
  facet normal 0.0018277 -0.663113 0.748517
    outer loop
      vertex -82.2974 -62.6353 12.1145
      vertex -82.2898 -62.277 12.4319
      vertex -82.2974 -62.4828 12.2496
    endloop
  endfacet
  facet normal 0 -0.663092 0.748538
    outer loop
      vertex -82.2898 -62.277 12.4319
      vertex -82.2974 -62.6353 12.1145
      vertex -58.3024 -62.6353 12.1145
    endloop
  endfacet
  facet normal 0 -0.663092 0.748538
    outer loop
      vertex 55.8102 -62.277 12.4319
      vertex 79.7976 -62.6353 12.1145
      vertex 79.791 -62.277 12.4319
    endloop
  endfacet
  facet normal 0.0018277 -0.663113 0.748517
    outer loop
      vertex 55.8026 -62.6353 12.1145
      vertex 55.8102 -62.277 12.4319
      vertex 55.8026 -62.4828 12.2496
    endloop
  endfacet
  facet normal 0 -0.663092 0.748538
    outer loop
      vertex 55.8102 -62.277 12.4319
      vertex 55.8026 -62.6353 12.1145
      vertex 79.7976 -62.6353 12.1145
    endloop
  endfacet
  facet normal 0 0.464678 -0.88548
    outer loop
      vertex -58.4307 -63.7631 13.7485
      vertex -82.1344 -63.3393 13.9709
      vertex -58.4633 -63.3393 13.9709
    endloop
  endfacet
  facet normal 0 0.464678 -0.88548
    outer loop
      vertex -82.1344 -63.3393 13.9709
      vertex -58.4307 -63.7631 13.7485
      vertex -82.1718 -63.7631 13.7485
    endloop
  endfacet
  facet normal 0 0.464678 -0.88548
    outer loop
      vertex 79.6693 -63.7631 13.7485
      vertex 55.9656 -63.3393 13.9709
      vertex 79.6367 -63.3393 13.9709
    endloop
  endfacet
  facet normal 0 0.464678 -0.88548
    outer loop
      vertex 55.9656 -63.3393 13.9709
      vertex 79.6693 -63.7631 13.7485
      vertex 55.9282 -63.7631 13.7485
    endloop
  endfacet
  facet normal 0 -0.464678 -0.88548
    outer loop
      vertex -82.1344 -62.8607 13.9709
      vertex -58.4307 -62.4369 13.7485
      vertex -58.4633 -62.8607 13.9709
    endloop
  endfacet
  facet normal -0 -0.464678 -0.88548
    outer loop
      vertex -58.4307 -62.4369 13.7485
      vertex -82.1344 -62.8607 13.9709
      vertex -82.1718 -62.4369 13.7485
    endloop
  endfacet
  facet normal 0 -0.464678 -0.88548
    outer loop
      vertex 55.9656 -62.8607 13.9709
      vertex 79.6693 -62.4369 13.7485
      vertex 79.6367 -62.8607 13.9709
    endloop
  endfacet
  facet normal -0 -0.464678 -0.88548
    outer loop
      vertex 79.6693 -62.4369 13.7485
      vertex 55.9656 -62.8607 13.9709
      vertex 55.9282 -62.4369 13.7485
    endloop
  endfacet
  facet normal -0.707107 0.707107 0
    outer loop
      vertex -79.8 77.8 0
      vertex -77.8 79.8 5
      vertex -77.8 79.8 0
    endloop
  endfacet
  facet normal -0.707107 0.707107 0
    outer loop
      vertex -77.8 79.8 5
      vertex -79.8 77.8 0
      vertex -79.8 77.8 5
    endloop
  endfacet
  facet normal -0.707107 -0.707107 0
    outer loop
      vertex -77.8 -79.8 0
      vertex -79.8 -77.8 5
      vertex -79.8 -77.8 0
    endloop
  endfacet
  facet normal -0.707107 -0.707107 0
    outer loop
      vertex -79.8 -77.8 5
      vertex -77.8 -79.8 0
      vertex -77.8 -79.8 5
    endloop
  endfacet
  facet normal 0.707107 0.707107 0
    outer loop
      vertex 79.8 77.8 5
      vertex 77.8 79.8 0
      vertex 77.8 79.8 5
    endloop
  endfacet
  facet normal 0.707107 0.707107 0
    outer loop
      vertex 77.8 79.8 0
      vertex 79.8 77.8 5
      vertex 79.8 77.8 0
    endloop
  endfacet
  facet normal 0.707107 -0.707107 0
    outer loop
      vertex 77.8 -79.8 5
      vertex 79.8 -77.8 0
      vertex 79.8 -77.8 5
    endloop
  endfacet
  facet normal 0.707107 -0.707107 0
    outer loop
      vertex 79.8 -77.8 0
      vertex 77.8 -79.8 5
      vertex 77.8 -79.8 0
    endloop
  endfacet
  facet normal 1 -0 0
    outer loop
      vertex -79.3 -5 16
      vertex -79.3 5 12
      vertex -79.3 5 16
    endloop
  endfacet
  facet normal 1 0 0
    outer loop
      vertex -79.3 5 12
      vertex -79.3 -5 16
      vertex -79.3 -5 12
    endloop
  endfacet
  facet normal -0 0 1
    outer loop
      vertex -82.3 5 16
      vertex -79.3 -5 16
      vertex -79.3 5 16
    endloop
  endfacet
  facet normal 0 0 1
    outer loop
      vertex -79.3 -5 16
      vertex -82.3 5 16
      vertex -82.3 -5 16
    endloop
  endfacet
  facet normal -1 0 0
    outer loop
      vertex -82.3 -5 12
      vertex -82.3 5 16
      vertex -82.3 5 12
    endloop
  endfacet
  facet normal -1 -0 0
    outer loop
      vertex -82.3 5 16
      vertex -82.3 -5 12
      vertex -82.3 -5 16
    endloop
  endfacet
  facet normal 0 1 -0
    outer loop
      vertex -79.3 5 12
      vertex -82.3 5 16
      vertex -79.3 5 16
    endloop
  endfacet
  facet normal 0 1 -0
    outer loop
      vertex -82.2974 5 12
      vertex -82.3 5 16
      vertex -79.3 5 12
    endloop
  endfacet
  facet normal 0 1 0
    outer loop
      vertex -82.3 5 16
      vertex -82.2974 5 12
      vertex -82.3 5 12
    endloop
  endfacet
  facet normal 0 -1 0
    outer loop
      vertex -82.2974 -5 12
      vertex -82.3 -5 16
      vertex -82.3 -5 12
    endloop
  endfacet
  facet normal 0 -1 0
    outer loop
      vertex -82.3 -5 16
      vertex -82.2974 -5 12
      vertex -79.3 -5 16
    endloop
  endfacet
  facet normal 0 -1 -0
    outer loop
      vertex -79.3 -5 16
      vertex -82.2974 -5 12
      vertex -79.3 -5 12
    endloop
  endfacet
endsolid OpenSCAD_Model
