solid OpenSCAD_Model
  facet normal 1 0 0
    outer loop
      vertex 52 52 7
      vertex 52 42.3371 3.74564
      vertex 52 52 0
    endloop
  endfacet
  facet normal 1 0 0
    outer loop
      vertex 52 52 7
      vertex 52 42.235 4.22619
      vertex 52 42.3371 3.74564
    endloop
  endfacet
  facet normal 1 0 0
    outer loop
      vertex 52 52 7
      vertex 52 42.0352 4.675
      vertex 52 42.235 4.22619
    endloop
  endfacet
  facet normal 1 0 0
    outer loop
      vertex 52 52 7
      vertex 52 41.7464 5.07246
      vertex 52 42.0352 4.675
    endloop
  endfacet
  facet normal 1 0 0
    outer loop
      vertex 52 52 7
      vertex 52 41.3813 5.40119
      vertex 52 41.7464 5.07246
    endloop
  endfacet
  facet normal 1 0 0
    outer loop
      vertex 52 52 7
      vertex 52 40.9558 5.64683
      vertex 52 41.3813 5.40119
    endloop
  endfacet
  facet normal 1 0 0
    outer loop
      vertex 52 52 7
      vertex 52 40.4886 5.79865
      vertex 52 40.9558 5.64683
    endloop
  endfacet
  facet normal 1 0 0
    outer loop
      vertex 52 52 7
      vertex 52 40 5.85
      vertex 52 40.4886 5.79865
    endloop
  endfacet
  facet normal 1 0 0
    outer loop
      vertex 52 37.6629 3.74564
      vertex 52 24.3371 3.74564
      vertex 52 37.6629 3.25436
    endloop
  endfacet
  facet normal 1 0 0
    outer loop
      vertex 52 37.765 4.22619
      vertex 52 24.3371 3.74564
      vertex 52 37.6629 3.74564
    endloop
  endfacet
  facet normal 1 0 0
    outer loop
      vertex 52 24.235 4.22619
      vertex 52 37.765 4.22619
      vertex 52 37.9648 4.675
    endloop
  endfacet
  facet normal 1 0 0
    outer loop
      vertex 52 24.0352 4.675
      vertex 52 37.9648 4.675
      vertex 52 38.2536 5.07246
    endloop
  endfacet
  facet normal 1 0 0
    outer loop
      vertex 52 23.7464 5.07246
      vertex 52 38.2536 5.07246
      vertex 52 38.6187 5.40119
    endloop
  endfacet
  facet normal 1 0 0
    outer loop
      vertex 52 23.3813 5.40119
      vertex 52 38.6187 5.40119
      vertex 52 39.0442 5.64683
    endloop
  endfacet
  facet normal 1 0 0
    outer loop
      vertex 52 22.9558 5.64683
      vertex 52 39.0442 5.64683
      vertex 52 39.5114 5.79865
    endloop
  endfacet
  facet normal 1 0 0
    outer loop
      vertex 52 37.765 4.22619
      vertex 52 24.235 4.22619
      vertex 52 24.3371 3.74564
    endloop
  endfacet
  facet normal 1 0 0
    outer loop
      vertex 52 22.4886 5.79865
      vertex 52 39.5114 5.79865
      vertex 52 40 5.85
    endloop
  endfacet
  facet normal 1 0 0
    outer loop
      vertex 52 37.9648 4.675
      vertex 52 24.0352 4.675
      vertex 52 24.235 4.22619
    endloop
  endfacet
  facet normal 1 0 0
    outer loop
      vertex 52 22 5.85
      vertex 52 40 5.85
      vertex 52 52 7
    endloop
  endfacet
  facet normal 1 0 0
    outer loop
      vertex 52 38.2536 5.07246
      vertex 52 23.7464 5.07246
      vertex 52 24.0352 4.675
    endloop
  endfacet
  facet normal 1 0 0
    outer loop
      vertex 52 38.6187 5.40119
      vertex 52 23.3813 5.40119
      vertex 52 23.7464 5.07246
    endloop
  endfacet
  facet normal 1 0 0
    outer loop
      vertex 52 39.0442 5.64683
      vertex 52 22.9558 5.64683
      vertex 52 23.3813 5.40119
    endloop
  endfacet
  facet normal 1 0 0
    outer loop
      vertex 52 39.5114 5.79865
      vertex 52 22.4886 5.79865
      vertex 52 22.9558 5.64683
    endloop
  endfacet
  facet normal 1 0 0
    outer loop
      vertex 52 40 5.85
      vertex 52 22 5.85
      vertex 52 22.4886 5.79865
    endloop
  endfacet
  facet normal 1 0 0
    outer loop
      vertex 52 19.6629 3.74564
      vertex 52 -19.6629 3.74564
      vertex 52 19.6629 3.25436
    endloop
  endfacet
  facet normal 1 0 0
    outer loop
      vertex 52 19.765 4.22619
      vertex 52 -19.6629 3.74564
      vertex 52 19.6629 3.74564
    endloop
  endfacet
  facet normal 1 0 0
    outer loop
      vertex 52 -19.765 4.22619
      vertex 52 19.765 4.22619
      vertex 52 19.9648 4.675
    endloop
  endfacet
  facet normal 1 0 0
    outer loop
      vertex 52 -19.9648 4.675
      vertex 52 19.9648 4.675
      vertex 52 20.2536 5.07246
    endloop
  endfacet
  facet normal 1 0 0
    outer loop
      vertex 52 -20.2536 5.07246
      vertex 52 20.2536 5.07246
      vertex 52 20.6187 5.40119
    endloop
  endfacet
  facet normal 1 0 0
    outer loop
      vertex 52 -20.6187 5.40119
      vertex 52 20.6187 5.40119
      vertex 52 21.0442 5.64683
    endloop
  endfacet
  facet normal 1 0 0
    outer loop
      vertex 52 -21.0442 5.64683
      vertex 52 21.0442 5.64683
      vertex 52 21.5114 5.79865
    endloop
  endfacet
  facet normal 1 0 0
    outer loop
      vertex 52 -21.5114 5.79865
      vertex 52 21.5114 5.79865
      vertex 52 22 5.85
    endloop
  endfacet
  facet normal 1 0 0
    outer loop
      vertex 52 19.765 4.22619
      vertex 52 -19.765 4.22619
      vertex 52 -19.6629 3.74564
    endloop
  endfacet
  facet normal 1 0 0
    outer loop
      vertex 52 19.9648 4.675
      vertex 52 -19.9648 4.675
      vertex 52 -19.765 4.22619
    endloop
  endfacet
  facet normal 1 0 0
    outer loop
      vertex 52 -22 5.85
      vertex 52 22 5.85
      vertex 52 52 7
    endloop
  endfacet
  facet normal 1 0 0
    outer loop
      vertex 52 20.2536 5.07246
      vertex 52 -20.2536 5.07246
      vertex 52 -19.9648 4.675
    endloop
  endfacet
  facet normal 1 0 0
    outer loop
      vertex 52 20.6187 5.40119
      vertex 52 -20.6187 5.40119
      vertex 52 -20.2536 5.07246
    endloop
  endfacet
  facet normal 1 0 0
    outer loop
      vertex 52 21.0442 5.64683
      vertex 52 -21.0442 5.64683
      vertex 52 -20.6187 5.40119
    endloop
  endfacet
  facet normal 1 0 0
    outer loop
      vertex 52 21.5114 5.79865
      vertex 52 -21.5114 5.79865
      vertex 52 -21.0442 5.64683
    endloop
  endfacet
  facet normal 1 0 0
    outer loop
      vertex 52 22 5.85
      vertex 52 -22 5.85
      vertex 52 -21.5114 5.79865
    endloop
  endfacet
  facet normal 1 0 0
    outer loop
      vertex 52 -24.3371 3.74564
      vertex 52 -37.6629 3.74564
      vertex 52 -24.3371 3.25436
    endloop
  endfacet
  facet normal 1 0 0
    outer loop
      vertex 52 -24.235 4.22619
      vertex 52 -37.6629 3.74564
      vertex 52 -24.3371 3.74564
    endloop
  endfacet
  facet normal 1 0 0
    outer loop
      vertex 52 -37.765 4.22619
      vertex 52 -24.235 4.22619
      vertex 52 -24.0352 4.675
    endloop
  endfacet
  facet normal 1 0 0
    outer loop
      vertex 52 -37.9648 4.675
      vertex 52 -24.0352 4.675
      vertex 52 -23.7464 5.07246
    endloop
  endfacet
  facet normal 1 0 0
    outer loop
      vertex 52 -38.2536 5.07246
      vertex 52 -23.7464 5.07246
      vertex 52 -23.3813 5.40119
    endloop
  endfacet
  facet normal 1 0 0
    outer loop
      vertex 52 -38.6187 5.40119
      vertex 52 -23.3813 5.40119
      vertex 52 -22.9558 5.64683
    endloop
  endfacet
  facet normal 1 0 0
    outer loop
      vertex 52 -39.0442 5.64683
      vertex 52 -22.9558 5.64683
      vertex 52 -22.4886 5.79865
    endloop
  endfacet
  facet normal 1 0 0
    outer loop
      vertex 52 -24.235 4.22619
      vertex 52 -37.765 4.22619
      vertex 52 -37.6629 3.74564
    endloop
  endfacet
  facet normal 1 0 0
    outer loop
      vertex 52 -39.5114 5.79865
      vertex 52 -22.4886 5.79865
      vertex 52 -22 5.85
    endloop
  endfacet
  facet normal 1 0 0
    outer loop
      vertex 52 -24.0352 4.675
      vertex 52 -37.9648 4.675
      vertex 52 -37.765 4.22619
    endloop
  endfacet
  facet normal 1 0 0
    outer loop
      vertex 52 -23.7464 5.07246
      vertex 52 -38.2536 5.07246
      vertex 52 -37.9648 4.675
    endloop
  endfacet
  facet normal 1 0 0
    outer loop
      vertex 52 -23.3813 5.40119
      vertex 52 -38.6187 5.40119
      vertex 52 -38.2536 5.07246
    endloop
  endfacet
  facet normal 1 0 0
    outer loop
      vertex 52 -22.9558 5.64683
      vertex 52 -39.0442 5.64683
      vertex 52 -38.6187 5.40119
    endloop
  endfacet
  facet normal 1 -0 0
    outer loop
      vertex 52 -52 7
      vertex 52 -22 5.85
      vertex 52 52 7
    endloop
  endfacet
  facet normal 1 0 0
    outer loop
      vertex 52 -22.4886 5.79865
      vertex 52 -39.5114 5.79865
      vertex 52 -39.0442 5.64683
    endloop
  endfacet
  facet normal 1 0 0
    outer loop
      vertex 52 -22 5.85
      vertex 52 -40 5.85
      vertex 52 -39.5114 5.79865
    endloop
  endfacet
  facet normal 1 0 0
    outer loop
      vertex 52 -42.3371 3.74564
      vertex 52 -52 7
      vertex 52 -42.3371 3.25436
    endloop
  endfacet
  facet normal 1 0 0
    outer loop
      vertex 52 -42.235 4.22619
      vertex 52 -52 7
      vertex 52 -42.3371 3.74564
    endloop
  endfacet
  facet normal 1 0 0
    outer loop
      vertex 52 -42.0352 4.675
      vertex 52 -52 7
      vertex 52 -42.235 4.22619
    endloop
  endfacet
  facet normal 1 0 0
    outer loop
      vertex 52 -41.7464 5.07246
      vertex 52 -52 7
      vertex 52 -42.0352 4.675
    endloop
  endfacet
  facet normal 1 0 0
    outer loop
      vertex 52 -41.3813 5.40119
      vertex 52 -52 7
      vertex 52 -41.7464 5.07246
    endloop
  endfacet
  facet normal 1 0 0
    outer loop
      vertex 52 -40.9558 5.64683
      vertex 52 -52 7
      vertex 52 -41.3813 5.40119
    endloop
  endfacet
  facet normal 1 0 0
    outer loop
      vertex 52 -40.4886 5.79865
      vertex 52 -52 7
      vertex 52 -40.9558 5.64683
    endloop
  endfacet
  facet normal 1 0 0
    outer loop
      vertex 52 -40 5.85
      vertex 52 -52 7
      vertex 52 -40.4886 5.79865
    endloop
  endfacet
  facet normal 1 0 0
    outer loop
      vertex 52 -22 5.85
      vertex 52 -52 7
      vertex 52 -40 5.85
    endloop
  endfacet
  facet normal 1 -0 0
    outer loop
      vertex 52 42.3371 3.25436
      vertex 52 52 0
      vertex 52 42.3371 3.74564
    endloop
  endfacet
  facet normal 1 -0 0
    outer loop
      vertex 52 42.235 2.77381
      vertex 52 52 0
      vertex 52 42.3371 3.25436
    endloop
  endfacet
  facet normal 1 -0 0
    outer loop
      vertex 52 42.0352 2.325
      vertex 52 52 0
      vertex 52 42.235 2.77381
    endloop
  endfacet
  facet normal 1 -0 0
    outer loop
      vertex 52 41.7464 1.92754
      vertex 52 52 0
      vertex 52 42.0352 2.325
    endloop
  endfacet
  facet normal 1 -0 0
    outer loop
      vertex 52 41.3813 1.59881
      vertex 52 52 0
      vertex 52 41.7464 1.92754
    endloop
  endfacet
  facet normal 1 -0 0
    outer loop
      vertex 52 40.9558 1.35317
      vertex 52 52 0
      vertex 52 41.3813 1.59881
    endloop
  endfacet
  facet normal 1 -0 0
    outer loop
      vertex 52 40.4886 1.20135
      vertex 52 52 0
      vertex 52 40.9558 1.35317
    endloop
  endfacet
  facet normal 1 -0 0
    outer loop
      vertex 52 40 1.15
      vertex 52 52 0
      vertex 52 40.4886 1.20135
    endloop
  endfacet
  facet normal 1 0 0
    outer loop
      vertex 52 24.3371 3.25436
      vertex 52 37.6629 3.25436
      vertex 52 24.3371 3.74564
    endloop
  endfacet
  facet normal 1 0 0
    outer loop
      vertex 52 37.6629 3.25436
      vertex 52 24.3371 3.25436
      vertex 52 37.765 2.77381
    endloop
  endfacet
  facet normal 1 0 0
    outer loop
      vertex 52 24.235 2.77381
      vertex 52 37.765 2.77381
      vertex 52 24.3371 3.25436
    endloop
  endfacet
  facet normal 1 0 0
    outer loop
      vertex 52 37.765 2.77381
      vertex 52 24.235 2.77381
      vertex 52 37.9648 2.325
    endloop
  endfacet
  facet normal 1 0 0
    outer loop
      vertex 52 24.0352 2.325
      vertex 52 37.9648 2.325
      vertex 52 24.235 2.77381
    endloop
  endfacet
  facet normal 1 0 0
    outer loop
      vertex 52 37.9648 2.325
      vertex 52 24.0352 2.325
      vertex 52 38.2536 1.92754
    endloop
  endfacet
  facet normal 1 0 0
    outer loop
      vertex 52 23.7464 1.92754
      vertex 52 38.2536 1.92754
      vertex 52 24.0352 2.325
    endloop
  endfacet
  facet normal 1 0 0
    outer loop
      vertex 52 38.2536 1.92754
      vertex 52 23.7464 1.92754
      vertex 52 38.6187 1.59881
    endloop
  endfacet
  facet normal 1 0 0
    outer loop
      vertex 52 23.3813 1.59881
      vertex 52 38.6187 1.59881
      vertex 52 23.7464 1.92754
    endloop
  endfacet
  facet normal 1 0 0
    outer loop
      vertex 52 38.6187 1.59881
      vertex 52 23.3813 1.59881
      vertex 52 39.0442 1.35317
    endloop
  endfacet
  facet normal 1 0 0
    outer loop
      vertex 52 22.9558 1.35317
      vertex 52 39.0442 1.35317
      vertex 52 23.3813 1.59881
    endloop
  endfacet
  facet normal 1 0 0
    outer loop
      vertex 52 39.0442 1.35317
      vertex 52 22.9558 1.35317
      vertex 52 39.5114 1.20135
    endloop
  endfacet
  facet normal 1 0 0
    outer loop
      vertex 52 22.4886 1.20135
      vertex 52 39.5114 1.20135
      vertex 52 22.9558 1.35317
    endloop
  endfacet
  facet normal 1 0 0
    outer loop
      vertex 52 39.5114 1.20135
      vertex 52 22.4886 1.20135
      vertex 52 40 1.15
    endloop
  endfacet
  facet normal 1 0 0
    outer loop
      vertex 52 22 1.15
      vertex 52 40 1.15
      vertex 52 22.4886 1.20135
    endloop
  endfacet
  facet normal 1 0 0
    outer loop
      vertex 52 40 1.15
      vertex 52 22 1.15
      vertex 52 52 0
    endloop
  endfacet
  facet normal 1 0 0
    outer loop
      vertex 52 -19.6629 3.25436
      vertex 52 19.6629 3.25436
      vertex 52 -19.6629 3.74564
    endloop
  endfacet
  facet normal 1 0 0
    outer loop
      vertex 52 19.6629 3.25436
      vertex 52 -19.6629 3.25436
      vertex 52 19.765 2.77381
    endloop
  endfacet
  facet normal 1 0 0
    outer loop
      vertex 52 -19.765 2.77381
      vertex 52 19.765 2.77381
      vertex 52 -19.6629 3.25436
    endloop
  endfacet
  facet normal 1 0 0
    outer loop
      vertex 52 19.765 2.77381
      vertex 52 -19.765 2.77381
      vertex 52 19.9648 2.325
    endloop
  endfacet
  facet normal 1 0 0
    outer loop
      vertex 52 -19.9648 2.325
      vertex 52 19.9648 2.325
      vertex 52 -19.765 2.77381
    endloop
  endfacet
  facet normal 1 0 0
    outer loop
      vertex 52 19.9648 2.325
      vertex 52 -19.9648 2.325
      vertex 52 20.2536 1.92754
    endloop
  endfacet
  facet normal 1 0 0
    outer loop
      vertex 52 -20.2536 1.92754
      vertex 52 20.2536 1.92754
      vertex 52 -19.9648 2.325
    endloop
  endfacet
  facet normal 1 0 0
    outer loop
      vertex 52 20.2536 1.92754
      vertex 52 -20.2536 1.92754
      vertex 52 20.6187 1.59881
    endloop
  endfacet
  facet normal 1 0 0
    outer loop
      vertex 52 -20.6187 1.59881
      vertex 52 20.6187 1.59881
      vertex 52 -20.2536 1.92754
    endloop
  endfacet
  facet normal 1 0 0
    outer loop
      vertex 52 20.6187 1.59881
      vertex 52 -20.6187 1.59881
      vertex 52 21.0442 1.35317
    endloop
  endfacet
  facet normal 1 0 0
    outer loop
      vertex 52 -21.0442 1.35317
      vertex 52 21.0442 1.35317
      vertex 52 -20.6187 1.59881
    endloop
  endfacet
  facet normal 1 0 0
    outer loop
      vertex 52 21.0442 1.35317
      vertex 52 -21.0442 1.35317
      vertex 52 21.5114 1.20135
    endloop
  endfacet
  facet normal 1 0 0
    outer loop
      vertex 52 -21.5114 1.20135
      vertex 52 21.5114 1.20135
      vertex 52 -21.0442 1.35317
    endloop
  endfacet
  facet normal 1 0 0
    outer loop
      vertex 52 21.5114 1.20135
      vertex 52 -21.5114 1.20135
      vertex 52 22 1.15
    endloop
  endfacet
  facet normal 1 0 0
    outer loop
      vertex 52 -22 1.15
      vertex 52 22 1.15
      vertex 52 -21.5114 1.20135
    endloop
  endfacet
  facet normal 1 0 0
    outer loop
      vertex 52 22 1.15
      vertex 52 -22 1.15
      vertex 52 52 0
    endloop
  endfacet
  facet normal 1 0 0
    outer loop
      vertex 52 -37.6629 3.25436
      vertex 52 -24.3371 3.25436
      vertex 52 -37.6629 3.74564
    endloop
  endfacet
  facet normal 1 0 0
    outer loop
      vertex 52 -24.3371 3.25436
      vertex 52 -37.6629 3.25436
      vertex 52 -24.235 2.77381
    endloop
  endfacet
  facet normal 1 0 0
    outer loop
      vertex 52 -37.765 2.77381
      vertex 52 -24.235 2.77381
      vertex 52 -37.6629 3.25436
    endloop
  endfacet
  facet normal 1 0 0
    outer loop
      vertex 52 -24.235 2.77381
      vertex 52 -37.765 2.77381
      vertex 52 -24.0352 2.325
    endloop
  endfacet
  facet normal 1 0 0
    outer loop
      vertex 52 -37.9648 2.325
      vertex 52 -24.0352 2.325
      vertex 52 -37.765 2.77381
    endloop
  endfacet
  facet normal 1 0 0
    outer loop
      vertex 52 -24.0352 2.325
      vertex 52 -37.9648 2.325
      vertex 52 -23.7464 1.92754
    endloop
  endfacet
  facet normal 1 0 0
    outer loop
      vertex 52 -38.2536 1.92754
      vertex 52 -23.7464 1.92754
      vertex 52 -37.9648 2.325
    endloop
  endfacet
  facet normal 1 0 0
    outer loop
      vertex 52 -23.7464 1.92754
      vertex 52 -38.2536 1.92754
      vertex 52 -23.3813 1.59881
    endloop
  endfacet
  facet normal 1 0 0
    outer loop
      vertex 52 -38.6187 1.59881
      vertex 52 -23.3813 1.59881
      vertex 52 -38.2536 1.92754
    endloop
  endfacet
  facet normal 1 0 0
    outer loop
      vertex 52 -23.3813 1.59881
      vertex 52 -38.6187 1.59881
      vertex 52 -22.9558 1.35317
    endloop
  endfacet
  facet normal 1 0 0
    outer loop
      vertex 52 -39.0442 1.35317
      vertex 52 -22.9558 1.35317
      vertex 52 -38.6187 1.59881
    endloop
  endfacet
  facet normal 1 0 0
    outer loop
      vertex 52 -22.9558 1.35317
      vertex 52 -39.0442 1.35317
      vertex 52 -22.4886 1.20135
    endloop
  endfacet
  facet normal 1 0 0
    outer loop
      vertex 52 -39.5114 1.20135
      vertex 52 -22.4886 1.20135
      vertex 52 -39.0442 1.35317
    endloop
  endfacet
  facet normal 1 0 0
    outer loop
      vertex 52 -22.4886 1.20135
      vertex 52 -39.5114 1.20135
      vertex 52 -22 1.15
    endloop
  endfacet
  facet normal 1 0 0
    outer loop
      vertex 52 -40 1.15
      vertex 52 -22 1.15
      vertex 52 -39.5114 1.20135
    endloop
  endfacet
  facet normal 1 0 0
    outer loop
      vertex 52 -52 0
      vertex 52 -22 1.15
      vertex 52 -40 1.15
    endloop
  endfacet
  facet normal 1 0 0
    outer loop
      vertex 52 -52 0
      vertex 52 -42.3371 3.25436
      vertex 52 -52 7
    endloop
  endfacet
  facet normal 1 0 0
    outer loop
      vertex 52 -42.3371 3.25436
      vertex 52 -52 0
      vertex 52 -42.235 2.77381
    endloop
  endfacet
  facet normal 1 0 0
    outer loop
      vertex 52 -42.235 2.77381
      vertex 52 -52 0
      vertex 52 -42.0352 2.325
    endloop
  endfacet
  facet normal 1 0 0
    outer loop
      vertex 52 -42.0352 2.325
      vertex 52 -52 0
      vertex 52 -41.7464 1.92754
    endloop
  endfacet
  facet normal 1 0 0
    outer loop
      vertex 52 -41.7464 1.92754
      vertex 52 -52 0
      vertex 52 -41.3813 1.59881
    endloop
  endfacet
  facet normal 1 0 0
    outer loop
      vertex 52 -22 1.15
      vertex 52 -52 0
      vertex 52 52 0
    endloop
  endfacet
  facet normal 1 0 0
    outer loop
      vertex 52 -40.4886 1.20135
      vertex 52 -52 0
      vertex 52 -40 1.15
    endloop
  endfacet
  facet normal 1 0 0
    outer loop
      vertex 52 -40.9558 1.35317
      vertex 52 -52 0
      vertex 52 -40.4886 1.20135
    endloop
  endfacet
  facet normal 1 0 0
    outer loop
      vertex 52 -41.3813 1.59881
      vertex 52 -52 0
      vertex 52 -40.9558 1.35317
    endloop
  endfacet
  facet normal 0 0 -1
    outer loop
      vertex 52 -52 0
      vertex 41 -41 0
      vertex 52 52 0
    endloop
  endfacet
  facet normal 0 0 -1
    outer loop
      vertex 52 -52 0
      vertex -41 -41 0
      vertex 41 -41 0
    endloop
  endfacet
  facet normal -0 0 -1
    outer loop
      vertex -41 -41 0
      vertex -52 -52 0
      vertex -41 41 0
    endloop
  endfacet
  facet normal 0 0 -1
    outer loop
      vertex -52 -52 0
      vertex -41 -41 0
      vertex 52 -52 0
    endloop
  endfacet
  facet normal 0 0 -1
    outer loop
      vertex 41 41 0
      vertex 52 52 0
      vertex 41 -41 0
    endloop
  endfacet
  facet normal 0 0 -1
    outer loop
      vertex -41 41 0
      vertex 52 52 0
      vertex 41 41 0
    endloop
  endfacet
  facet normal 0 0 -1
    outer loop
      vertex -41 41 0
      vertex -52 52 0
      vertex 52 52 0
    endloop
  endfacet
  facet normal 0 0 -1
    outer loop
      vertex -52 52 0
      vertex -41 41 0
      vertex -52 -52 0
    endloop
  endfacet
  facet normal -1 0 0
    outer loop
      vertex -52 52 0
      vertex -52 42.3371 3.25436
      vertex -52 52 7
    endloop
  endfacet
  facet normal -1 0 0
    outer loop
      vertex -52 52 0
      vertex -52 42.235 2.77381
      vertex -52 42.3371 3.25436
    endloop
  endfacet
  facet normal -1 0 0
    outer loop
      vertex -52 52 0
      vertex -52 42.0352 2.325
      vertex -52 42.235 2.77381
    endloop
  endfacet
  facet normal -1 0 0
    outer loop
      vertex -52 52 0
      vertex -52 41.7464 1.92754
      vertex -52 42.0352 2.325
    endloop
  endfacet
  facet normal -1 0 0
    outer loop
      vertex -52 52 0
      vertex -52 41.3813 1.59881
      vertex -52 41.7464 1.92754
    endloop
  endfacet
  facet normal -1 0 0
    outer loop
      vertex -52 52 0
      vertex -52 40.9558 1.35317
      vertex -52 41.3813 1.59881
    endloop
  endfacet
  facet normal -1 0 0
    outer loop
      vertex -52 52 0
      vertex -52 40.4886 1.20135
      vertex -52 40.9558 1.35317
    endloop
  endfacet
  facet normal -1 0 0
    outer loop
      vertex -52 52 0
      vertex -52 40 1.15
      vertex -52 40.4886 1.20135
    endloop
  endfacet
  facet normal -1 0 0
    outer loop
      vertex -52 37.6629 3.25436
      vertex -52 24.3371 3.25436
      vertex -52 37.6629 3.74564
    endloop
  endfacet
  facet normal -1 0 0
    outer loop
      vertex -52 37.765 2.77381
      vertex -52 24.3371 3.25436
      vertex -52 37.6629 3.25436
    endloop
  endfacet
  facet normal -1 0 0
    outer loop
      vertex -52 24.235 2.77381
      vertex -52 37.765 2.77381
      vertex -52 37.9648 2.325
    endloop
  endfacet
  facet normal -1 0 0
    outer loop
      vertex -52 24.0352 2.325
      vertex -52 37.9648 2.325
      vertex -52 38.2536 1.92754
    endloop
  endfacet
  facet normal -1 0 0
    outer loop
      vertex -52 23.7464 1.92754
      vertex -52 38.2536 1.92754
      vertex -52 38.6187 1.59881
    endloop
  endfacet
  facet normal -1 0 0
    outer loop
      vertex -52 23.3813 1.59881
      vertex -52 38.6187 1.59881
      vertex -52 39.0442 1.35317
    endloop
  endfacet
  facet normal -1 0 0
    outer loop
      vertex -52 22.9558 1.35317
      vertex -52 39.0442 1.35317
      vertex -52 39.5114 1.20135
    endloop
  endfacet
  facet normal -1 0 0
    outer loop
      vertex -52 37.765 2.77381
      vertex -52 24.235 2.77381
      vertex -52 24.3371 3.25436
    endloop
  endfacet
  facet normal -1 0 0
    outer loop
      vertex -52 22.4886 1.20135
      vertex -52 39.5114 1.20135
      vertex -52 40 1.15
    endloop
  endfacet
  facet normal -1 0 0
    outer loop
      vertex -52 37.9648 2.325
      vertex -52 24.0352 2.325
      vertex -52 24.235 2.77381
    endloop
  endfacet
  facet normal -1 0 0
    outer loop
      vertex -52 22 1.15
      vertex -52 40 1.15
      vertex -52 52 0
    endloop
  endfacet
  facet normal -1 0 0
    outer loop
      vertex -52 38.2536 1.92754
      vertex -52 23.7464 1.92754
      vertex -52 24.0352 2.325
    endloop
  endfacet
  facet normal -1 0 0
    outer loop
      vertex -52 38.6187 1.59881
      vertex -52 23.3813 1.59881
      vertex -52 23.7464 1.92754
    endloop
  endfacet
  facet normal -1 0 0
    outer loop
      vertex -52 39.0442 1.35317
      vertex -52 22.9558 1.35317
      vertex -52 23.3813 1.59881
    endloop
  endfacet
  facet normal -1 0 0
    outer loop
      vertex -52 39.5114 1.20135
      vertex -52 22.4886 1.20135
      vertex -52 22.9558 1.35317
    endloop
  endfacet
  facet normal -1 0 0
    outer loop
      vertex -52 40 1.15
      vertex -52 22 1.15
      vertex -52 22.4886 1.20135
    endloop
  endfacet
  facet normal -1 0 0
    outer loop
      vertex -52 19.6629 3.25436
      vertex -52 -19.6629 3.25436
      vertex -52 19.6629 3.74564
    endloop
  endfacet
  facet normal -1 0 0
    outer loop
      vertex -52 19.765 2.77381
      vertex -52 -19.6629 3.25436
      vertex -52 19.6629 3.25436
    endloop
  endfacet
  facet normal -1 0 0
    outer loop
      vertex -52 -19.765 2.77381
      vertex -52 19.765 2.77381
      vertex -52 19.9648 2.325
    endloop
  endfacet
  facet normal -1 0 0
    outer loop
      vertex -52 -19.9648 2.325
      vertex -52 19.9648 2.325
      vertex -52 20.2536 1.92754
    endloop
  endfacet
  facet normal -1 0 0
    outer loop
      vertex -52 -20.2536 1.92754
      vertex -52 20.2536 1.92754
      vertex -52 20.6187 1.59881
    endloop
  endfacet
  facet normal -1 0 0
    outer loop
      vertex -52 -20.6187 1.59881
      vertex -52 20.6187 1.59881
      vertex -52 21.0442 1.35317
    endloop
  endfacet
  facet normal -1 0 0
    outer loop
      vertex -52 -21.0442 1.35317
      vertex -52 21.0442 1.35317
      vertex -52 21.5114 1.20135
    endloop
  endfacet
  facet normal -1 0 0
    outer loop
      vertex -52 -21.5114 1.20135
      vertex -52 21.5114 1.20135
      vertex -52 22 1.15
    endloop
  endfacet
  facet normal -1 0 0
    outer loop
      vertex -52 19.765 2.77381
      vertex -52 -19.765 2.77381
      vertex -52 -19.6629 3.25436
    endloop
  endfacet
  facet normal -1 0 0
    outer loop
      vertex -52 19.9648 2.325
      vertex -52 -19.9648 2.325
      vertex -52 -19.765 2.77381
    endloop
  endfacet
  facet normal -1 0 0
    outer loop
      vertex -52 -22 1.15
      vertex -52 22 1.15
      vertex -52 52 0
    endloop
  endfacet
  facet normal -1 0 0
    outer loop
      vertex -52 20.2536 1.92754
      vertex -52 -20.2536 1.92754
      vertex -52 -19.9648 2.325
    endloop
  endfacet
  facet normal -1 0 0
    outer loop
      vertex -52 20.6187 1.59881
      vertex -52 -20.6187 1.59881
      vertex -52 -20.2536 1.92754
    endloop
  endfacet
  facet normal -1 0 0
    outer loop
      vertex -52 21.0442 1.35317
      vertex -52 -21.0442 1.35317
      vertex -52 -20.6187 1.59881
    endloop
  endfacet
  facet normal -1 0 0
    outer loop
      vertex -52 21.5114 1.20135
      vertex -52 -21.5114 1.20135
      vertex -52 -21.0442 1.35317
    endloop
  endfacet
  facet normal -1 0 0
    outer loop
      vertex -52 22 1.15
      vertex -52 -22 1.15
      vertex -52 -21.5114 1.20135
    endloop
  endfacet
  facet normal -1 0 0
    outer loop
      vertex -52 -24.3371 3.25436
      vertex -52 -37.6629 3.25436
      vertex -52 -24.3371 3.74564
    endloop
  endfacet
  facet normal -1 0 0
    outer loop
      vertex -52 -24.235 2.77381
      vertex -52 -37.6629 3.25436
      vertex -52 -24.3371 3.25436
    endloop
  endfacet
  facet normal -1 0 0
    outer loop
      vertex -52 -37.765 2.77381
      vertex -52 -24.235 2.77381
      vertex -52 -24.0352 2.325
    endloop
  endfacet
  facet normal -1 0 0
    outer loop
      vertex -52 -37.9648 2.325
      vertex -52 -24.0352 2.325
      vertex -52 -23.7464 1.92754
    endloop
  endfacet
  facet normal -1 0 0
    outer loop
      vertex -52 -38.2536 1.92754
      vertex -52 -23.7464 1.92754
      vertex -52 -23.3813 1.59881
    endloop
  endfacet
  facet normal -1 0 0
    outer loop
      vertex -52 -38.6187 1.59881
      vertex -52 -23.3813 1.59881
      vertex -52 -22.9558 1.35317
    endloop
  endfacet
  facet normal -1 0 0
    outer loop
      vertex -52 -39.0442 1.35317
      vertex -52 -22.9558 1.35317
      vertex -52 -22.4886 1.20135
    endloop
  endfacet
  facet normal -1 0 0
    outer loop
      vertex -52 -24.235 2.77381
      vertex -52 -37.765 2.77381
      vertex -52 -37.6629 3.25436
    endloop
  endfacet
  facet normal -1 0 0
    outer loop
      vertex -52 -39.5114 1.20135
      vertex -52 -22.4886 1.20135
      vertex -52 -22 1.15
    endloop
  endfacet
  facet normal -1 0 0
    outer loop
      vertex -52 -24.0352 2.325
      vertex -52 -37.9648 2.325
      vertex -52 -37.765 2.77381
    endloop
  endfacet
  facet normal -1 0 0
    outer loop
      vertex -52 -23.7464 1.92754
      vertex -52 -38.2536 1.92754
      vertex -52 -37.9648 2.325
    endloop
  endfacet
  facet normal -1 0 0
    outer loop
      vertex -52 -23.3813 1.59881
      vertex -52 -38.6187 1.59881
      vertex -52 -38.2536 1.92754
    endloop
  endfacet
  facet normal -1 0 0
    outer loop
      vertex -52 -22.9558 1.35317
      vertex -52 -39.0442 1.35317
      vertex -52 -38.6187 1.59881
    endloop
  endfacet
  facet normal -1 0 0
    outer loop
      vertex -52 -52 0
      vertex -52 -22 1.15
      vertex -52 52 0
    endloop
  endfacet
  facet normal -1 0 0
    outer loop
      vertex -52 -22.4886 1.20135
      vertex -52 -39.5114 1.20135
      vertex -52 -39.0442 1.35317
    endloop
  endfacet
  facet normal -1 0 0
    outer loop
      vertex -52 -22 1.15
      vertex -52 -40 1.15
      vertex -52 -39.5114 1.20135
    endloop
  endfacet
  facet normal -1 -0 0
    outer loop
      vertex -52 -42.3371 3.25436
      vertex -52 -52 0
      vertex -52 -42.3371 3.74564
    endloop
  endfacet
  facet normal -1 -0 0
    outer loop
      vertex -52 -42.235 2.77381
      vertex -52 -52 0
      vertex -52 -42.3371 3.25436
    endloop
  endfacet
  facet normal -1 -0 0
    outer loop
      vertex -52 -42.0352 2.325
      vertex -52 -52 0
      vertex -52 -42.235 2.77381
    endloop
  endfacet
  facet normal -1 -0 0
    outer loop
      vertex -52 -41.7464 1.92754
      vertex -52 -52 0
      vertex -52 -42.0352 2.325
    endloop
  endfacet
  facet normal -1 -0 0
    outer loop
      vertex -52 -41.3813 1.59881
      vertex -52 -52 0
      vertex -52 -41.7464 1.92754
    endloop
  endfacet
  facet normal -1 -0 0
    outer loop
      vertex -52 -40.9558 1.35317
      vertex -52 -52 0
      vertex -52 -41.3813 1.59881
    endloop
  endfacet
  facet normal -1 -0 0
    outer loop
      vertex -52 -40.4886 1.20135
      vertex -52 -52 0
      vertex -52 -40.9558 1.35317
    endloop
  endfacet
  facet normal -1 -0 0
    outer loop
      vertex -52 -40 1.15
      vertex -52 -52 0
      vertex -52 -40.4886 1.20135
    endloop
  endfacet
  facet normal -1 -0 0
    outer loop
      vertex -52 -22 1.15
      vertex -52 -52 0
      vertex -52 -40 1.15
    endloop
  endfacet
  facet normal -1 0 0
    outer loop
      vertex -52 42.3371 3.74564
      vertex -52 52 7
      vertex -52 42.3371 3.25436
    endloop
  endfacet
  facet normal -1 0 0
    outer loop
      vertex -52 42.235 4.22619
      vertex -52 52 7
      vertex -52 42.3371 3.74564
    endloop
  endfacet
  facet normal -1 0 0
    outer loop
      vertex -52 42.0352 4.675
      vertex -52 52 7
      vertex -52 42.235 4.22619
    endloop
  endfacet
  facet normal -1 0 0
    outer loop
      vertex -52 41.7464 5.07246
      vertex -52 52 7
      vertex -52 42.0352 4.675
    endloop
  endfacet
  facet normal -1 0 0
    outer loop
      vertex -52 41.3813 5.40119
      vertex -52 52 7
      vertex -52 41.7464 5.07246
    endloop
  endfacet
  facet normal -1 0 0
    outer loop
      vertex -52 40.9558 5.64683
      vertex -52 52 7
      vertex -52 41.3813 5.40119
    endloop
  endfacet
  facet normal -1 0 0
    outer loop
      vertex -52 40.4886 5.79865
      vertex -52 52 7
      vertex -52 40.9558 5.64683
    endloop
  endfacet
  facet normal -1 0 0
    outer loop
      vertex -52 40 5.85
      vertex -52 52 7
      vertex -52 40.4886 5.79865
    endloop
  endfacet
  facet normal -1 0 0
    outer loop
      vertex -52 24.3371 3.74564
      vertex -52 37.6629 3.74564
      vertex -52 24.3371 3.25436
    endloop
  endfacet
  facet normal -1 0 0
    outer loop
      vertex -52 37.6629 3.74564
      vertex -52 24.3371 3.74564
      vertex -52 37.765 4.22619
    endloop
  endfacet
  facet normal -1 0 0
    outer loop
      vertex -52 24.235 4.22619
      vertex -52 37.765 4.22619
      vertex -52 24.3371 3.74564
    endloop
  endfacet
  facet normal -1 0 0
    outer loop
      vertex -52 37.765 4.22619
      vertex -52 24.235 4.22619
      vertex -52 37.9648 4.675
    endloop
  endfacet
  facet normal -1 0 0
    outer loop
      vertex -52 24.0352 4.675
      vertex -52 37.9648 4.675
      vertex -52 24.235 4.22619
    endloop
  endfacet
  facet normal -1 0 0
    outer loop
      vertex -52 37.9648 4.675
      vertex -52 24.0352 4.675
      vertex -52 38.2536 5.07246
    endloop
  endfacet
  facet normal -1 0 0
    outer loop
      vertex -52 23.7464 5.07246
      vertex -52 38.2536 5.07246
      vertex -52 24.0352 4.675
    endloop
  endfacet
  facet normal -1 0 0
    outer loop
      vertex -52 38.2536 5.07246
      vertex -52 23.7464 5.07246
      vertex -52 38.6187 5.40119
    endloop
  endfacet
  facet normal -1 0 0
    outer loop
      vertex -52 23.3813 5.40119
      vertex -52 38.6187 5.40119
      vertex -52 23.7464 5.07246
    endloop
  endfacet
  facet normal -1 0 0
    outer loop
      vertex -52 38.6187 5.40119
      vertex -52 23.3813 5.40119
      vertex -52 39.0442 5.64683
    endloop
  endfacet
  facet normal -1 0 0
    outer loop
      vertex -52 22.9558 5.64683
      vertex -52 39.0442 5.64683
      vertex -52 23.3813 5.40119
    endloop
  endfacet
  facet normal -1 0 0
    outer loop
      vertex -52 39.0442 5.64683
      vertex -52 22.9558 5.64683
      vertex -52 39.5114 5.79865
    endloop
  endfacet
  facet normal -1 0 0
    outer loop
      vertex -52 22.4886 5.79865
      vertex -52 39.5114 5.79865
      vertex -52 22.9558 5.64683
    endloop
  endfacet
  facet normal -1 0 0
    outer loop
      vertex -52 39.5114 5.79865
      vertex -52 22.4886 5.79865
      vertex -52 40 5.85
    endloop
  endfacet
  facet normal -1 0 0
    outer loop
      vertex -52 22 5.85
      vertex -52 40 5.85
      vertex -52 22.4886 5.79865
    endloop
  endfacet
  facet normal -1 0 0
    outer loop
      vertex -52 40 5.85
      vertex -52 22 5.85
      vertex -52 52 7
    endloop
  endfacet
  facet normal -1 0 0
    outer loop
      vertex -52 -19.6629 3.74564
      vertex -52 19.6629 3.74564
      vertex -52 -19.6629 3.25436
    endloop
  endfacet
  facet normal -1 0 0
    outer loop
      vertex -52 19.6629 3.74564
      vertex -52 -19.6629 3.74564
      vertex -52 19.765 4.22619
    endloop
  endfacet
  facet normal -1 0 0
    outer loop
      vertex -52 -19.765 4.22619
      vertex -52 19.765 4.22619
      vertex -52 -19.6629 3.74564
    endloop
  endfacet
  facet normal -1 0 0
    outer loop
      vertex -52 19.765 4.22619
      vertex -52 -19.765 4.22619
      vertex -52 19.9648 4.675
    endloop
  endfacet
  facet normal -1 0 0
    outer loop
      vertex -52 -19.9648 4.675
      vertex -52 19.9648 4.675
      vertex -52 -19.765 4.22619
    endloop
  endfacet
  facet normal -1 0 0
    outer loop
      vertex -52 19.9648 4.675
      vertex -52 -19.9648 4.675
      vertex -52 20.2536 5.07246
    endloop
  endfacet
  facet normal -1 0 0
    outer loop
      vertex -52 -20.2536 5.07246
      vertex -52 20.2536 5.07246
      vertex -52 -19.9648 4.675
    endloop
  endfacet
  facet normal -1 0 0
    outer loop
      vertex -52 20.2536 5.07246
      vertex -52 -20.2536 5.07246
      vertex -52 20.6187 5.40119
    endloop
  endfacet
  facet normal -1 0 0
    outer loop
      vertex -52 -20.6187 5.40119
      vertex -52 20.6187 5.40119
      vertex -52 -20.2536 5.07246
    endloop
  endfacet
  facet normal -1 0 0
    outer loop
      vertex -52 20.6187 5.40119
      vertex -52 -20.6187 5.40119
      vertex -52 21.0442 5.64683
    endloop
  endfacet
  facet normal -1 0 0
    outer loop
      vertex -52 -21.0442 5.64683
      vertex -52 21.0442 5.64683
      vertex -52 -20.6187 5.40119
    endloop
  endfacet
  facet normal -1 0 0
    outer loop
      vertex -52 21.0442 5.64683
      vertex -52 -21.0442 5.64683
      vertex -52 21.5114 5.79865
    endloop
  endfacet
  facet normal -1 0 0
    outer loop
      vertex -52 -21.5114 5.79865
      vertex -52 21.5114 5.79865
      vertex -52 -21.0442 5.64683
    endloop
  endfacet
  facet normal -1 0 0
    outer loop
      vertex -52 21.5114 5.79865
      vertex -52 -21.5114 5.79865
      vertex -52 22 5.85
    endloop
  endfacet
  facet normal -1 0 0
    outer loop
      vertex -52 -22 5.85
      vertex -52 22 5.85
      vertex -52 -21.5114 5.79865
    endloop
  endfacet
  facet normal -1 0 0
    outer loop
      vertex -52 22 5.85
      vertex -52 -22 5.85
      vertex -52 52 7
    endloop
  endfacet
  facet normal -1 0 0
    outer loop
      vertex -52 -37.6629 3.74564
      vertex -52 -24.3371 3.74564
      vertex -52 -37.6629 3.25436
    endloop
  endfacet
  facet normal -1 0 0
    outer loop
      vertex -52 -24.3371 3.74564
      vertex -52 -37.6629 3.74564
      vertex -52 -24.235 4.22619
    endloop
  endfacet
  facet normal -1 0 0
    outer loop
      vertex -52 -37.765 4.22619
      vertex -52 -24.235 4.22619
      vertex -52 -37.6629 3.74564
    endloop
  endfacet
  facet normal -1 0 0
    outer loop
      vertex -52 -24.235 4.22619
      vertex -52 -37.765 4.22619
      vertex -52 -24.0352 4.675
    endloop
  endfacet
  facet normal -1 0 0
    outer loop
      vertex -52 -37.9648 4.675
      vertex -52 -24.0352 4.675
      vertex -52 -37.765 4.22619
    endloop
  endfacet
  facet normal -1 0 0
    outer loop
      vertex -52 -24.0352 4.675
      vertex -52 -37.9648 4.675
      vertex -52 -23.7464 5.07246
    endloop
  endfacet
  facet normal -1 0 0
    outer loop
      vertex -52 -38.2536 5.07246
      vertex -52 -23.7464 5.07246
      vertex -52 -37.9648 4.675
    endloop
  endfacet
  facet normal -1 0 0
    outer loop
      vertex -52 -23.7464 5.07246
      vertex -52 -38.2536 5.07246
      vertex -52 -23.3813 5.40119
    endloop
  endfacet
  facet normal -1 0 0
    outer loop
      vertex -52 -38.6187 5.40119
      vertex -52 -23.3813 5.40119
      vertex -52 -38.2536 5.07246
    endloop
  endfacet
  facet normal -1 0 0
    outer loop
      vertex -52 -23.3813 5.40119
      vertex -52 -38.6187 5.40119
      vertex -52 -22.9558 5.64683
    endloop
  endfacet
  facet normal -1 0 0
    outer loop
      vertex -52 -39.0442 5.64683
      vertex -52 -22.9558 5.64683
      vertex -52 -38.6187 5.40119
    endloop
  endfacet
  facet normal -1 0 0
    outer loop
      vertex -52 -22.9558 5.64683
      vertex -52 -39.0442 5.64683
      vertex -52 -22.4886 5.79865
    endloop
  endfacet
  facet normal -1 0 0
    outer loop
      vertex -52 -39.5114 5.79865
      vertex -52 -22.4886 5.79865
      vertex -52 -39.0442 5.64683
    endloop
  endfacet
  facet normal -1 0 0
    outer loop
      vertex -52 -22.4886 5.79865
      vertex -52 -39.5114 5.79865
      vertex -52 -22 5.85
    endloop
  endfacet
  facet normal -1 0 0
    outer loop
      vertex -52 -40 5.85
      vertex -52 -22 5.85
      vertex -52 -39.5114 5.79865
    endloop
  endfacet
  facet normal -1 0 0
    outer loop
      vertex -52 -52 7
      vertex -52 -22 5.85
      vertex -52 -40 5.85
    endloop
  endfacet
  facet normal -1 0 0
    outer loop
      vertex -52 -52 7
      vertex -52 -42.3371 3.74564
      vertex -52 -52 0
    endloop
  endfacet
  facet normal -1 0 0
    outer loop
      vertex -52 -42.3371 3.74564
      vertex -52 -52 7
      vertex -52 -42.235 4.22619
    endloop
  endfacet
  facet normal -1 0 0
    outer loop
      vertex -52 -42.235 4.22619
      vertex -52 -52 7
      vertex -52 -42.0352 4.675
    endloop
  endfacet
  facet normal -1 0 0
    outer loop
      vertex -52 -42.0352 4.675
      vertex -52 -52 7
      vertex -52 -41.7464 5.07246
    endloop
  endfacet
  facet normal -1 0 0
    outer loop
      vertex -52 -41.7464 5.07246
      vertex -52 -52 7
      vertex -52 -41.3813 5.40119
    endloop
  endfacet
  facet normal -1 0 0
    outer loop
      vertex -52 -22 5.85
      vertex -52 -52 7
      vertex -52 52 7
    endloop
  endfacet
  facet normal -1 0 0
    outer loop
      vertex -52 -40.4886 5.79865
      vertex -52 -52 7
      vertex -52 -40 5.85
    endloop
  endfacet
  facet normal -1 0 0
    outer loop
      vertex -52 -40.9558 5.64683
      vertex -52 -52 7
      vertex -52 -40.4886 5.79865
    endloop
  endfacet
  facet normal -1 0 0
    outer loop
      vertex -52 -41.3813 5.40119
      vertex -52 -52 7
      vertex -52 -40.9558 5.64683
    endloop
  endfacet
  facet normal 0 1 -0
    outer loop
      vertex -22.7262 52 5.73498
      vertex -39.7544 52 5.83713
      vertex -22.2456 52 5.83713
    endloop
  endfacet
  facet normal 0 1 0
    outer loop
      vertex -22.7262 52 5.73498
      vertex -39.2738 52 5.73498
      vertex -39.7544 52 5.83713
    endloop
  endfacet
  facet normal 0 1 -0
    outer loop
      vertex -23.175 52 5.53516
      vertex -39.2738 52 5.73498
      vertex -22.7262 52 5.73498
    endloop
  endfacet
  facet normal 0 1 0
    outer loop
      vertex -23.175 52 5.53516
      vertex -38.825 52 5.53516
      vertex -39.2738 52 5.73498
    endloop
  endfacet
  facet normal 0 1 -0
    outer loop
      vertex -23.5725 52 5.24639
      vertex -38.825 52 5.53516
      vertex -23.175 52 5.53516
    endloop
  endfacet
  facet normal 0 1 0
    outer loop
      vertex -23.5725 52 5.24639
      vertex -38.4275 52 5.24639
      vertex -38.825 52 5.53516
    endloop
  endfacet
  facet normal 0 1 -0
    outer loop
      vertex -23.9012 52 4.8813
      vertex -38.4275 52 5.24639
      vertex -23.5725 52 5.24639
    endloop
  endfacet
  facet normal 0 1 0
    outer loop
      vertex -23.9012 52 4.8813
      vertex -38.0988 52 4.8813
      vertex -38.4275 52 5.24639
    endloop
  endfacet
  facet normal 0 1 -0
    outer loop
      vertex -24.1468 52 4.45583
      vertex -38.0988 52 4.8813
      vertex -23.9012 52 4.8813
    endloop
  endfacet
  facet normal 0 1 0
    outer loop
      vertex -24.1468 52 4.45583
      vertex -37.8532 52 4.45583
      vertex -38.0988 52 4.8813
    endloop
  endfacet
  facet normal 0 1 -0
    outer loop
      vertex -24.2986 52 3.98859
      vertex -37.8532 52 4.45583
      vertex -24.1468 52 4.45583
    endloop
  endfacet
  facet normal 0 1 0
    outer loop
      vertex -24.2986 52 3.98859
      vertex -37.7014 52 3.98859
      vertex -37.8532 52 4.45583
    endloop
  endfacet
  facet normal 0 1 -0
    outer loop
      vertex -24.35 52 3.5
      vertex -37.7014 52 3.98859
      vertex -24.2986 52 3.98859
    endloop
  endfacet
  facet normal 0 1 0
    outer loop
      vertex -24.35 52 3.5
      vertex -37.65 52 3.5
      vertex -37.7014 52 3.98859
    endloop
  endfacet
  facet normal 0 1 0
    outer loop
      vertex -24.2986 52 3.01141
      vertex -37.65 52 3.5
      vertex -24.35 52 3.5
    endloop
  endfacet
  facet normal 0 1 0
    outer loop
      vertex -24.2986 52 3.01141
      vertex -37.7014 52 3.01141
      vertex -37.65 52 3.5
    endloop
  endfacet
  facet normal 0 1 0
    outer loop
      vertex -24.1468 52 2.54417
      vertex -37.7014 52 3.01141
      vertex -24.2986 52 3.01141
    endloop
  endfacet
  facet normal 0 1 0
    outer loop
      vertex -24.1468 52 2.54417
      vertex -37.8532 52 2.54417
      vertex -37.7014 52 3.01141
    endloop
  endfacet
  facet normal 0 1 0
    outer loop
      vertex -23.9012 52 2.1187
      vertex -37.8532 52 2.54417
      vertex -24.1468 52 2.54417
    endloop
  endfacet
  facet normal 0 1 0
    outer loop
      vertex -23.9012 52 2.1187
      vertex -38.0988 52 2.1187
      vertex -37.8532 52 2.54417
    endloop
  endfacet
  facet normal 0 1 0
    outer loop
      vertex -23.5725 52 1.75361
      vertex -38.0988 52 2.1187
      vertex -23.9012 52 2.1187
    endloop
  endfacet
  facet normal 0 1 0
    outer loop
      vertex -23.5725 52 1.75361
      vertex -38.4275 52 1.75361
      vertex -38.0988 52 2.1187
    endloop
  endfacet
  facet normal 0 1 0
    outer loop
      vertex -23.175 52 1.46484
      vertex -38.4275 52 1.75361
      vertex -23.5725 52 1.75361
    endloop
  endfacet
  facet normal 0 1 0
    outer loop
      vertex -23.175 52 1.46484
      vertex -38.825 52 1.46484
      vertex -38.4275 52 1.75361
    endloop
  endfacet
  facet normal 0 1 0
    outer loop
      vertex -22.7262 52 1.26502
      vertex -38.825 52 1.46484
      vertex -23.175 52 1.46484
    endloop
  endfacet
  facet normal 0 1 0
    outer loop
      vertex -22.7262 52 1.26502
      vertex -39.2738 52 1.26502
      vertex -38.825 52 1.46484
    endloop
  endfacet
  facet normal 0 1 0
    outer loop
      vertex -22.2456 52 1.16287
      vertex -39.2738 52 1.26502
      vertex -22.7262 52 1.26502
    endloop
  endfacet
  facet normal 0 1 0
    outer loop
      vertex -39.2738 52 1.26502
      vertex -22.2456 52 1.16287
      vertex -39.7544 52 1.16287
    endloop
  endfacet
  facet normal 0 1 -0
    outer loop
      vertex 21.2738 52 5.73498
      vertex -21.7544 52 5.83713
      vertex 21.7544 52 5.83713
    endloop
  endfacet
  facet normal 0 1 0
    outer loop
      vertex 21.2738 52 5.73498
      vertex -21.2738 52 5.73498
      vertex -21.7544 52 5.83713
    endloop
  endfacet
  facet normal 0 1 -0
    outer loop
      vertex 20.825 52 5.53516
      vertex -21.2738 52 5.73498
      vertex 21.2738 52 5.73498
    endloop
  endfacet
  facet normal 0 1 0
    outer loop
      vertex 20.825 52 5.53516
      vertex -20.825 52 5.53516
      vertex -21.2738 52 5.73498
    endloop
  endfacet
  facet normal 0 1 -0
    outer loop
      vertex 20.4275 52 5.24639
      vertex -20.825 52 5.53516
      vertex 20.825 52 5.53516
    endloop
  endfacet
  facet normal 0 1 0
    outer loop
      vertex 20.4275 52 5.24639
      vertex -20.4275 52 5.24639
      vertex -20.825 52 5.53516
    endloop
  endfacet
  facet normal 0 1 -0
    outer loop
      vertex 20.0988 52 4.8813
      vertex -20.4275 52 5.24639
      vertex 20.4275 52 5.24639
    endloop
  endfacet
  facet normal 0 1 0
    outer loop
      vertex 20.0988 52 4.8813
      vertex -20.0988 52 4.8813
      vertex -20.4275 52 5.24639
    endloop
  endfacet
  facet normal 0 1 -0
    outer loop
      vertex 19.8532 52 4.45583
      vertex -20.0988 52 4.8813
      vertex 20.0988 52 4.8813
    endloop
  endfacet
  facet normal 0 1 0
    outer loop
      vertex 19.8532 52 4.45583
      vertex -19.8532 52 4.45583
      vertex -20.0988 52 4.8813
    endloop
  endfacet
  facet normal 0 1 -0
    outer loop
      vertex 19.7014 52 3.98859
      vertex -19.8532 52 4.45583
      vertex 19.8532 52 4.45583
    endloop
  endfacet
  facet normal 0 1 0
    outer loop
      vertex 19.7014 52 3.98859
      vertex -19.7014 52 3.98859
      vertex -19.8532 52 4.45583
    endloop
  endfacet
  facet normal 0 1 -0
    outer loop
      vertex 19.65 52 3.5
      vertex -19.7014 52 3.98859
      vertex 19.7014 52 3.98859
    endloop
  endfacet
  facet normal 0 1 0
    outer loop
      vertex 19.65 52 3.5
      vertex -19.65 52 3.5
      vertex -19.7014 52 3.98859
    endloop
  endfacet
  facet normal 0 1 0
    outer loop
      vertex 19.7014 52 3.01141
      vertex -19.65 52 3.5
      vertex 19.65 52 3.5
    endloop
  endfacet
  facet normal 0 1 0
    outer loop
      vertex 19.7014 52 3.01141
      vertex -19.7014 52 3.01141
      vertex -19.65 52 3.5
    endloop
  endfacet
  facet normal 0 1 0
    outer loop
      vertex 19.8532 52 2.54417
      vertex -19.7014 52 3.01141
      vertex 19.7014 52 3.01141
    endloop
  endfacet
  facet normal 0 1 0
    outer loop
      vertex 19.8532 52 2.54417
      vertex -19.8532 52 2.54417
      vertex -19.7014 52 3.01141
    endloop
  endfacet
  facet normal 0 1 0
    outer loop
      vertex 20.0988 52 2.1187
      vertex -19.8532 52 2.54417
      vertex 19.8532 52 2.54417
    endloop
  endfacet
  facet normal 0 1 0
    outer loop
      vertex 20.0988 52 2.1187
      vertex -20.0988 52 2.1187
      vertex -19.8532 52 2.54417
    endloop
  endfacet
  facet normal 0 1 0
    outer loop
      vertex 20.4275 52 1.75361
      vertex -20.0988 52 2.1187
      vertex 20.0988 52 2.1187
    endloop
  endfacet
  facet normal 0 1 0
    outer loop
      vertex 20.4275 52 1.75361
      vertex -20.4275 52 1.75361
      vertex -20.0988 52 2.1187
    endloop
  endfacet
  facet normal 0 1 0
    outer loop
      vertex 20.825 52 1.46484
      vertex -20.4275 52 1.75361
      vertex 20.4275 52 1.75361
    endloop
  endfacet
  facet normal 0 1 0
    outer loop
      vertex 20.825 52 1.46484
      vertex -20.825 52 1.46484
      vertex -20.4275 52 1.75361
    endloop
  endfacet
  facet normal 0 1 0
    outer loop
      vertex 21.2738 52 1.26502
      vertex -20.825 52 1.46484
      vertex 20.825 52 1.46484
    endloop
  endfacet
  facet normal 0 1 0
    outer loop
      vertex 21.2738 52 1.26502
      vertex -21.2738 52 1.26502
      vertex -20.825 52 1.46484
    endloop
  endfacet
  facet normal 0 1 0
    outer loop
      vertex 21.7544 52 1.16287
      vertex -21.2738 52 1.26502
      vertex 21.2738 52 1.26502
    endloop
  endfacet
  facet normal 0 1 0
    outer loop
      vertex -21.2738 52 1.26502
      vertex 21.7544 52 1.16287
      vertex -21.7544 52 1.16287
    endloop
  endfacet
  facet normal 0 1 -0
    outer loop
      vertex 39.2738 52 5.73498
      vertex 22.2456 52 5.83713
      vertex 39.7544 52 5.83713
    endloop
  endfacet
  facet normal 0 1 0
    outer loop
      vertex 39.2738 52 5.73498
      vertex 22.7262 52 5.73498
      vertex 22.2456 52 5.83713
    endloop
  endfacet
  facet normal 0 1 -0
    outer loop
      vertex 38.825 52 5.53516
      vertex 22.7262 52 5.73498
      vertex 39.2738 52 5.73498
    endloop
  endfacet
  facet normal 0 1 0
    outer loop
      vertex 38.825 52 5.53516
      vertex 23.175 52 5.53516
      vertex 22.7262 52 5.73498
    endloop
  endfacet
  facet normal 0 1 -0
    outer loop
      vertex 38.4275 52 5.24639
      vertex 23.175 52 5.53516
      vertex 38.825 52 5.53516
    endloop
  endfacet
  facet normal 0 1 0
    outer loop
      vertex 38.4275 52 5.24639
      vertex 23.5725 52 5.24639
      vertex 23.175 52 5.53516
    endloop
  endfacet
  facet normal 0 1 -0
    outer loop
      vertex 38.0988 52 4.8813
      vertex 23.5725 52 5.24639
      vertex 38.4275 52 5.24639
    endloop
  endfacet
  facet normal 0 1 0
    outer loop
      vertex 38.0988 52 4.8813
      vertex 23.9012 52 4.8813
      vertex 23.5725 52 5.24639
    endloop
  endfacet
  facet normal 0 1 -0
    outer loop
      vertex 37.8532 52 4.45583
      vertex 23.9012 52 4.8813
      vertex 38.0988 52 4.8813
    endloop
  endfacet
  facet normal 0 1 0
    outer loop
      vertex 37.8532 52 4.45583
      vertex 24.1468 52 4.45583
      vertex 23.9012 52 4.8813
    endloop
  endfacet
  facet normal 0 1 -0
    outer loop
      vertex 37.7014 52 3.98859
      vertex 24.1468 52 4.45583
      vertex 37.8532 52 4.45583
    endloop
  endfacet
  facet normal 0 1 0
    outer loop
      vertex 37.7014 52 3.98859
      vertex 24.2986 52 3.98859
      vertex 24.1468 52 4.45583
    endloop
  endfacet
  facet normal 0 1 -0
    outer loop
      vertex 37.65 52 3.5
      vertex 24.2986 52 3.98859
      vertex 37.7014 52 3.98859
    endloop
  endfacet
  facet normal 0 1 0
    outer loop
      vertex 37.65 52 3.5
      vertex 24.35 52 3.5
      vertex 24.2986 52 3.98859
    endloop
  endfacet
  facet normal 0 1 0
    outer loop
      vertex 37.7014 52 3.01141
      vertex 24.35 52 3.5
      vertex 37.65 52 3.5
    endloop
  endfacet
  facet normal 0 1 0
    outer loop
      vertex 37.7014 52 3.01141
      vertex 24.2986 52 3.01141
      vertex 24.35 52 3.5
    endloop
  endfacet
  facet normal 0 1 0
    outer loop
      vertex 37.8532 52 2.54417
      vertex 24.2986 52 3.01141
      vertex 37.7014 52 3.01141
    endloop
  endfacet
  facet normal 0 1 0
    outer loop
      vertex 37.8532 52 2.54417
      vertex 24.1468 52 2.54417
      vertex 24.2986 52 3.01141
    endloop
  endfacet
  facet normal 0 1 0
    outer loop
      vertex 38.0988 52 2.1187
      vertex 24.1468 52 2.54417
      vertex 37.8532 52 2.54417
    endloop
  endfacet
  facet normal 0 1 0
    outer loop
      vertex 38.0988 52 2.1187
      vertex 23.9012 52 2.1187
      vertex 24.1468 52 2.54417
    endloop
  endfacet
  facet normal 0 1 0
    outer loop
      vertex 38.4275 52 1.75361
      vertex 23.9012 52 2.1187
      vertex 38.0988 52 2.1187
    endloop
  endfacet
  facet normal 0 1 0
    outer loop
      vertex 38.4275 52 1.75361
      vertex 23.5725 52 1.75361
      vertex 23.9012 52 2.1187
    endloop
  endfacet
  facet normal 0 1 0
    outer loop
      vertex 38.825 52 1.46484
      vertex 23.5725 52 1.75361
      vertex 38.4275 52 1.75361
    endloop
  endfacet
  facet normal 0 1 0
    outer loop
      vertex 38.825 52 1.46484
      vertex 23.175 52 1.46484
      vertex 23.5725 52 1.75361
    endloop
  endfacet
  facet normal 0 1 0
    outer loop
      vertex 39.2738 52 1.26502
      vertex 23.175 52 1.46484
      vertex 38.825 52 1.46484
    endloop
  endfacet
  facet normal 0 1 0
    outer loop
      vertex 39.2738 52 1.26502
      vertex 22.7262 52 1.26502
      vertex 23.175 52 1.46484
    endloop
  endfacet
  facet normal 0 1 0
    outer loop
      vertex 39.7544 52 1.16287
      vertex 22.7262 52 1.26502
      vertex 39.2738 52 1.26502
    endloop
  endfacet
  facet normal 0 1 0
    outer loop
      vertex 22.7262 52 1.26502
      vertex 39.7544 52 1.16287
      vertex 22.2456 52 1.16287
    endloop
  endfacet
  facet normal 0 1 0
    outer loop
      vertex 39.7544 52 5.83713
      vertex 52 52 7
      vertex 40.2456 52 5.83713
    endloop
  endfacet
  facet normal 0 1 0
    outer loop
      vertex 52 52 7
      vertex 40.7262 52 5.73498
      vertex 40.2456 52 5.83713
    endloop
  endfacet
  facet normal 0 1 0
    outer loop
      vertex 52 52 7
      vertex 41.175 52 5.53516
      vertex 40.7262 52 5.73498
    endloop
  endfacet
  facet normal 0 1 0
    outer loop
      vertex 52 52 7
      vertex 41.5725 52 5.24639
      vertex 41.175 52 5.53516
    endloop
  endfacet
  facet normal 0 1 0
    outer loop
      vertex 52 52 7
      vertex 41.9012 52 4.8813
      vertex 41.5725 52 5.24639
    endloop
  endfacet
  facet normal 0 1 0
    outer loop
      vertex 52 52 7
      vertex 42.1468 52 4.45583
      vertex 41.9012 52 4.8813
    endloop
  endfacet
  facet normal 0 1 0
    outer loop
      vertex 52 52 7
      vertex 42.2986 52 3.98859
      vertex 42.1468 52 4.45583
    endloop
  endfacet
  facet normal 0 1 0
    outer loop
      vertex 52 52 7
      vertex 42.35 52 3.5
      vertex 42.2986 52 3.98859
    endloop
  endfacet
  facet normal 0 1 -0
    outer loop
      vertex 52 52 0
      vertex 42.35 52 3.5
      vertex 52 52 7
    endloop
  endfacet
  facet normal 0 1 0
    outer loop
      vertex 42.35 52 3.5
      vertex 52 52 0
      vertex 42.2986 52 3.01141
    endloop
  endfacet
  facet normal 0 1 0
    outer loop
      vertex 42.2986 52 3.01141
      vertex 52 52 0
      vertex 42.1468 52 2.54417
    endloop
  endfacet
  facet normal 0 1 0
    outer loop
      vertex 42.1468 52 2.54417
      vertex 52 52 0
      vertex 41.9012 52 2.1187
    endloop
  endfacet
  facet normal 0 1 0
    outer loop
      vertex 41.9012 52 2.1187
      vertex 52 52 0
      vertex 41.5725 52 1.75361
    endloop
  endfacet
  facet normal 0 1 0
    outer loop
      vertex 52 52 0
      vertex 39.7544 52 1.16287
      vertex 40.2456 52 1.16287
    endloop
  endfacet
  facet normal 0 1 0
    outer loop
      vertex 39.7544 52 1.16287
      vertex 52 52 0
      vertex 22.2456 52 1.16287
    endloop
  endfacet
  facet normal 0 1 0
    outer loop
      vertex 22.2456 52 1.16287
      vertex 52 52 0
      vertex 21.7544 52 1.16287
    endloop
  endfacet
  facet normal 0 1 0
    outer loop
      vertex 21.7544 52 1.16287
      vertex 52 52 0
      vertex -21.7544 52 1.16287
    endloop
  endfacet
  facet normal 0 1 0
    outer loop
      vertex -52 52 0
      vertex -21.7544 52 1.16287
      vertex 52 52 0
    endloop
  endfacet
  facet normal 0 1 0
    outer loop
      vertex -21.7544 52 1.16287
      vertex -52 52 0
      vertex -22.2456 52 1.16287
    endloop
  endfacet
  facet normal 0 1 0
    outer loop
      vertex -22.2456 52 1.16287
      vertex -52 52 0
      vertex -39.7544 52 1.16287
    endloop
  endfacet
  facet normal 0 1 0
    outer loop
      vertex 40.7262 52 1.26502
      vertex 52 52 0
      vertex 40.2456 52 1.16287
    endloop
  endfacet
  facet normal 0 1 0
    outer loop
      vertex 41.175 52 1.46484
      vertex 52 52 0
      vertex 40.7262 52 1.26502
    endloop
  endfacet
  facet normal 0 1 0
    outer loop
      vertex 41.5725 52 1.75361
      vertex 52 52 0
      vertex 41.175 52 1.46484
    endloop
  endfacet
  facet normal 0 1 0
    outer loop
      vertex 22.2456 52 5.83713
      vertex 52 52 7
      vertex 39.7544 52 5.83713
    endloop
  endfacet
  facet normal 0 1 0
    outer loop
      vertex 21.7544 52 5.83713
      vertex 52 52 7
      vertex 22.2456 52 5.83713
    endloop
  endfacet
  facet normal 0 1 0
    outer loop
      vertex 52 52 7
      vertex 21.7544 52 5.83713
      vertex -52 52 7
    endloop
  endfacet
  facet normal 0 1 -0
    outer loop
      vertex -21.7544 52 5.83713
      vertex -52 52 7
      vertex 21.7544 52 5.83713
    endloop
  endfacet
  facet normal 0 1 -0
    outer loop
      vertex -22.2456 52 5.83713
      vertex -52 52 7
      vertex -21.7544 52 5.83713
    endloop
  endfacet
  facet normal 0 1 -0
    outer loop
      vertex -39.7544 52 5.83713
      vertex -52 52 7
      vertex -22.2456 52 5.83713
    endloop
  endfacet
  facet normal 0 1 -0
    outer loop
      vertex -40.2456 52 5.83713
      vertex -52 52 7
      vertex -39.7544 52 5.83713
    endloop
  endfacet
  facet normal 0 1 -0
    outer loop
      vertex -40.7262 52 5.73498
      vertex -52 52 7
      vertex -40.2456 52 5.83713
    endloop
  endfacet
  facet normal 0 1 -0
    outer loop
      vertex -41.175 52 5.53516
      vertex -52 52 7
      vertex -40.7262 52 5.73498
    endloop
  endfacet
  facet normal 0 1 -0
    outer loop
      vertex -41.5725 52 5.24639
      vertex -52 52 7
      vertex -41.175 52 5.53516
    endloop
  endfacet
  facet normal 0 1 -0
    outer loop
      vertex -41.9012 52 4.8813
      vertex -52 52 7
      vertex -41.5725 52 5.24639
    endloop
  endfacet
  facet normal 0 1 -0
    outer loop
      vertex -42.1468 52 4.45583
      vertex -52 52 7
      vertex -41.9012 52 4.8813
    endloop
  endfacet
  facet normal 0 1 -0
    outer loop
      vertex -42.2986 52 3.98859
      vertex -52 52 7
      vertex -42.1468 52 4.45583
    endloop
  endfacet
  facet normal 0 1 -0
    outer loop
      vertex -42.35 52 3.5
      vertex -52 52 7
      vertex -42.2986 52 3.98859
    endloop
  endfacet
  facet normal 0 1 0
    outer loop
      vertex -52 52 0
      vertex -42.35 52 3.5
      vertex -42.2986 52 3.01141
    endloop
  endfacet
  facet normal 0 1 0
    outer loop
      vertex -52 52 0
      vertex -42.2986 52 3.01141
      vertex -42.1468 52 2.54417
    endloop
  endfacet
  facet normal 0 1 0
    outer loop
      vertex -52 52 0
      vertex -42.1468 52 2.54417
      vertex -41.9012 52 2.1187
    endloop
  endfacet
  facet normal 0 1 0
    outer loop
      vertex -52 52 0
      vertex -41.9012 52 2.1187
      vertex -41.5725 52 1.75361
    endloop
  endfacet
  facet normal 0 1 0
    outer loop
      vertex -52 52 0
      vertex -41.5725 52 1.75361
      vertex -41.175 52 1.46484
    endloop
  endfacet
  facet normal 0 1 0
    outer loop
      vertex -42.35 52 3.5
      vertex -52 52 0
      vertex -52 52 7
    endloop
  endfacet
  facet normal 0 1 0
    outer loop
      vertex -40.7262 52 1.26502
      vertex -52 52 0
      vertex -41.175 52 1.46484
    endloop
  endfacet
  facet normal 0 1 0
    outer loop
      vertex -40.2456 52 1.16287
      vertex -52 52 0
      vertex -40.7262 52 1.26502
    endloop
  endfacet
  facet normal 0 1 0
    outer loop
      vertex -39.7544 52 1.16287
      vertex -52 52 0
      vertex -40.2456 52 1.16287
    endloop
  endfacet
  facet normal 0 -1 0
    outer loop
      vertex 22.7262 -52 5.73498
      vertex 39.7544 -52 5.83713
      vertex 22.2456 -52 5.83713
    endloop
  endfacet
  facet normal 0 -1 0
    outer loop
      vertex 22.7262 -52 5.73498
      vertex 39.2738 -52 5.73498
      vertex 39.7544 -52 5.83713
    endloop
  endfacet
  facet normal 0 -1 0
    outer loop
      vertex 23.175 -52 5.53516
      vertex 39.2738 -52 5.73498
      vertex 22.7262 -52 5.73498
    endloop
  endfacet
  facet normal 0 -1 0
    outer loop
      vertex 23.175 -52 5.53516
      vertex 38.825 -52 5.53516
      vertex 39.2738 -52 5.73498
    endloop
  endfacet
  facet normal 0 -1 0
    outer loop
      vertex 23.5725 -52 5.24639
      vertex 38.825 -52 5.53516
      vertex 23.175 -52 5.53516
    endloop
  endfacet
  facet normal 0 -1 0
    outer loop
      vertex 23.5725 -52 5.24639
      vertex 38.4275 -52 5.24639
      vertex 38.825 -52 5.53516
    endloop
  endfacet
  facet normal 0 -1 0
    outer loop
      vertex 23.9012 -52 4.8813
      vertex 38.4275 -52 5.24639
      vertex 23.5725 -52 5.24639
    endloop
  endfacet
  facet normal 0 -1 0
    outer loop
      vertex 23.9012 -52 4.8813
      vertex 38.0988 -52 4.8813
      vertex 38.4275 -52 5.24639
    endloop
  endfacet
  facet normal 0 -1 0
    outer loop
      vertex 24.1468 -52 4.45583
      vertex 38.0988 -52 4.8813
      vertex 23.9012 -52 4.8813
    endloop
  endfacet
  facet normal 0 -1 0
    outer loop
      vertex 24.1468 -52 4.45583
      vertex 37.8532 -52 4.45583
      vertex 38.0988 -52 4.8813
    endloop
  endfacet
  facet normal 0 -1 0
    outer loop
      vertex 24.2986 -52 3.98859
      vertex 37.8532 -52 4.45583
      vertex 24.1468 -52 4.45583
    endloop
  endfacet
  facet normal 0 -1 0
    outer loop
      vertex 24.2986 -52 3.98859
      vertex 37.7014 -52 3.98859
      vertex 37.8532 -52 4.45583
    endloop
  endfacet
  facet normal 0 -1 0
    outer loop
      vertex 24.35 -52 3.5
      vertex 37.7014 -52 3.98859
      vertex 24.2986 -52 3.98859
    endloop
  endfacet
  facet normal 0 -1 0
    outer loop
      vertex 24.35 -52 3.5
      vertex 37.65 -52 3.5
      vertex 37.7014 -52 3.98859
    endloop
  endfacet
  facet normal 0 -1 0
    outer loop
      vertex 24.2986 -52 3.01141
      vertex 37.65 -52 3.5
      vertex 24.35 -52 3.5
    endloop
  endfacet
  facet normal 0 -1 0
    outer loop
      vertex 24.2986 -52 3.01141
      vertex 37.7014 -52 3.01141
      vertex 37.65 -52 3.5
    endloop
  endfacet
  facet normal 0 -1 0
    outer loop
      vertex 24.1468 -52 2.54417
      vertex 37.7014 -52 3.01141
      vertex 24.2986 -52 3.01141
    endloop
  endfacet
  facet normal 0 -1 0
    outer loop
      vertex 24.1468 -52 2.54417
      vertex 37.8532 -52 2.54417
      vertex 37.7014 -52 3.01141
    endloop
  endfacet
  facet normal 0 -1 0
    outer loop
      vertex 23.9012 -52 2.1187
      vertex 37.8532 -52 2.54417
      vertex 24.1468 -52 2.54417
    endloop
  endfacet
  facet normal 0 -1 0
    outer loop
      vertex 23.9012 -52 2.1187
      vertex 38.0988 -52 2.1187
      vertex 37.8532 -52 2.54417
    endloop
  endfacet
  facet normal 0 -1 0
    outer loop
      vertex 23.5725 -52 1.75361
      vertex 38.0988 -52 2.1187
      vertex 23.9012 -52 2.1187
    endloop
  endfacet
  facet normal 0 -1 0
    outer loop
      vertex 23.5725 -52 1.75361
      vertex 38.4275 -52 1.75361
      vertex 38.0988 -52 2.1187
    endloop
  endfacet
  facet normal 0 -1 0
    outer loop
      vertex 23.175 -52 1.46484
      vertex 38.4275 -52 1.75361
      vertex 23.5725 -52 1.75361
    endloop
  endfacet
  facet normal 0 -1 0
    outer loop
      vertex 23.175 -52 1.46484
      vertex 38.825 -52 1.46484
      vertex 38.4275 -52 1.75361
    endloop
  endfacet
  facet normal 0 -1 0
    outer loop
      vertex 22.7262 -52 1.26502
      vertex 38.825 -52 1.46484
      vertex 23.175 -52 1.46484
    endloop
  endfacet
  facet normal 0 -1 0
    outer loop
      vertex 22.7262 -52 1.26502
      vertex 39.2738 -52 1.26502
      vertex 38.825 -52 1.46484
    endloop
  endfacet
  facet normal 0 -1 0
    outer loop
      vertex 22.2456 -52 1.16287
      vertex 39.2738 -52 1.26502
      vertex 22.7262 -52 1.26502
    endloop
  endfacet
  facet normal 0 -1 -0
    outer loop
      vertex 39.2738 -52 1.26502
      vertex 22.2456 -52 1.16287
      vertex 39.7544 -52 1.16287
    endloop
  endfacet
  facet normal 0 -1 0
    outer loop
      vertex -21.2738 -52 5.73498
      vertex 21.7544 -52 5.83713
      vertex -21.7544 -52 5.83713
    endloop
  endfacet
  facet normal 0 -1 0
    outer loop
      vertex -21.2738 -52 5.73498
      vertex 21.2738 -52 5.73498
      vertex 21.7544 -52 5.83713
    endloop
  endfacet
  facet normal 0 -1 0
    outer loop
      vertex -20.825 -52 5.53516
      vertex 21.2738 -52 5.73498
      vertex -21.2738 -52 5.73498
    endloop
  endfacet
  facet normal 0 -1 0
    outer loop
      vertex -20.825 -52 5.53516
      vertex 20.825 -52 5.53516
      vertex 21.2738 -52 5.73498
    endloop
  endfacet
  facet normal 0 -1 0
    outer loop
      vertex -20.4275 -52 5.24639
      vertex 20.825 -52 5.53516
      vertex -20.825 -52 5.53516
    endloop
  endfacet
  facet normal 0 -1 0
    outer loop
      vertex -20.4275 -52 5.24639
      vertex 20.4275 -52 5.24639
      vertex 20.825 -52 5.53516
    endloop
  endfacet
  facet normal 0 -1 0
    outer loop
      vertex -20.0988 -52 4.8813
      vertex 20.4275 -52 5.24639
      vertex -20.4275 -52 5.24639
    endloop
  endfacet
  facet normal 0 -1 0
    outer loop
      vertex -20.0988 -52 4.8813
      vertex 20.0988 -52 4.8813
      vertex 20.4275 -52 5.24639
    endloop
  endfacet
  facet normal 0 -1 0
    outer loop
      vertex -19.8532 -52 4.45583
      vertex 20.0988 -52 4.8813
      vertex -20.0988 -52 4.8813
    endloop
  endfacet
  facet normal 0 -1 0
    outer loop
      vertex -19.8532 -52 4.45583
      vertex 19.8532 -52 4.45583
      vertex 20.0988 -52 4.8813
    endloop
  endfacet
  facet normal 0 -1 0
    outer loop
      vertex -19.7014 -52 3.98859
      vertex 19.8532 -52 4.45583
      vertex -19.8532 -52 4.45583
    endloop
  endfacet
  facet normal 0 -1 0
    outer loop
      vertex -19.7014 -52 3.98859
      vertex 19.7014 -52 3.98859
      vertex 19.8532 -52 4.45583
    endloop
  endfacet
  facet normal 0 -1 0
    outer loop
      vertex -19.65 -52 3.5
      vertex 19.7014 -52 3.98859
      vertex -19.7014 -52 3.98859
    endloop
  endfacet
  facet normal 0 -1 0
    outer loop
      vertex -19.65 -52 3.5
      vertex 19.65 -52 3.5
      vertex 19.7014 -52 3.98859
    endloop
  endfacet
  facet normal 0 -1 0
    outer loop
      vertex -19.7014 -52 3.01141
      vertex 19.65 -52 3.5
      vertex -19.65 -52 3.5
    endloop
  endfacet
  facet normal 0 -1 0
    outer loop
      vertex -19.7014 -52 3.01141
      vertex 19.7014 -52 3.01141
      vertex 19.65 -52 3.5
    endloop
  endfacet
  facet normal 0 -1 0
    outer loop
      vertex -19.8532 -52 2.54417
      vertex 19.7014 -52 3.01141
      vertex -19.7014 -52 3.01141
    endloop
  endfacet
  facet normal 0 -1 0
    outer loop
      vertex -19.8532 -52 2.54417
      vertex 19.8532 -52 2.54417
      vertex 19.7014 -52 3.01141
    endloop
  endfacet
  facet normal 0 -1 0
    outer loop
      vertex -20.0988 -52 2.1187
      vertex 19.8532 -52 2.54417
      vertex -19.8532 -52 2.54417
    endloop
  endfacet
  facet normal 0 -1 0
    outer loop
      vertex -20.0988 -52 2.1187
      vertex 20.0988 -52 2.1187
      vertex 19.8532 -52 2.54417
    endloop
  endfacet
  facet normal 0 -1 0
    outer loop
      vertex -20.4275 -52 1.75361
      vertex 20.0988 -52 2.1187
      vertex -20.0988 -52 2.1187
    endloop
  endfacet
  facet normal 0 -1 0
    outer loop
      vertex -20.4275 -52 1.75361
      vertex 20.4275 -52 1.75361
      vertex 20.0988 -52 2.1187
    endloop
  endfacet
  facet normal 0 -1 0
    outer loop
      vertex -20.825 -52 1.46484
      vertex 20.4275 -52 1.75361
      vertex -20.4275 -52 1.75361
    endloop
  endfacet
  facet normal 0 -1 0
    outer loop
      vertex -20.825 -52 1.46484
      vertex 20.825 -52 1.46484
      vertex 20.4275 -52 1.75361
    endloop
  endfacet
  facet normal 0 -1 0
    outer loop
      vertex -21.2738 -52 1.26502
      vertex 20.825 -52 1.46484
      vertex -20.825 -52 1.46484
    endloop
  endfacet
  facet normal 0 -1 0
    outer loop
      vertex -21.2738 -52 1.26502
      vertex 21.2738 -52 1.26502
      vertex 20.825 -52 1.46484
    endloop
  endfacet
  facet normal 0 -1 0
    outer loop
      vertex -21.7544 -52 1.16287
      vertex 21.2738 -52 1.26502
      vertex -21.2738 -52 1.26502
    endloop
  endfacet
  facet normal 0 -1 -0
    outer loop
      vertex 21.2738 -52 1.26502
      vertex -21.7544 -52 1.16287
      vertex 21.7544 -52 1.16287
    endloop
  endfacet
  facet normal 0 -1 0
    outer loop
      vertex -39.2738 -52 5.73498
      vertex -22.2456 -52 5.83713
      vertex -39.7544 -52 5.83713
    endloop
  endfacet
  facet normal 0 -1 0
    outer loop
      vertex -39.2738 -52 5.73498
      vertex -22.7262 -52 5.73498
      vertex -22.2456 -52 5.83713
    endloop
  endfacet
  facet normal 0 -1 0
    outer loop
      vertex -38.825 -52 5.53516
      vertex -22.7262 -52 5.73498
      vertex -39.2738 -52 5.73498
    endloop
  endfacet
  facet normal 0 -1 0
    outer loop
      vertex -38.825 -52 5.53516
      vertex -23.175 -52 5.53516
      vertex -22.7262 -52 5.73498
    endloop
  endfacet
  facet normal 0 -1 0
    outer loop
      vertex -38.4275 -52 5.24639
      vertex -23.175 -52 5.53516
      vertex -38.825 -52 5.53516
    endloop
  endfacet
  facet normal 0 -1 0
    outer loop
      vertex -38.4275 -52 5.24639
      vertex -23.5725 -52 5.24639
      vertex -23.175 -52 5.53516
    endloop
  endfacet
  facet normal 0 -1 0
    outer loop
      vertex -38.0988 -52 4.8813
      vertex -23.5725 -52 5.24639
      vertex -38.4275 -52 5.24639
    endloop
  endfacet
  facet normal 0 -1 0
    outer loop
      vertex -38.0988 -52 4.8813
      vertex -23.9012 -52 4.8813
      vertex -23.5725 -52 5.24639
    endloop
  endfacet
  facet normal 0 -1 0
    outer loop
      vertex -37.8532 -52 4.45583
      vertex -23.9012 -52 4.8813
      vertex -38.0988 -52 4.8813
    endloop
  endfacet
  facet normal 0 -1 0
    outer loop
      vertex -37.8532 -52 4.45583
      vertex -24.1468 -52 4.45583
      vertex -23.9012 -52 4.8813
    endloop
  endfacet
  facet normal 0 -1 0
    outer loop
      vertex -37.7014 -52 3.98859
      vertex -24.1468 -52 4.45583
      vertex -37.8532 -52 4.45583
    endloop
  endfacet
  facet normal 0 -1 0
    outer loop
      vertex -37.7014 -52 3.98859
      vertex -24.2986 -52 3.98859
      vertex -24.1468 -52 4.45583
    endloop
  endfacet
  facet normal 0 -1 0
    outer loop
      vertex -37.65 -52 3.5
      vertex -24.2986 -52 3.98859
      vertex -37.7014 -52 3.98859
    endloop
  endfacet
  facet normal 0 -1 0
    outer loop
      vertex -37.65 -52 3.5
      vertex -24.35 -52 3.5
      vertex -24.2986 -52 3.98859
    endloop
  endfacet
  facet normal 0 -1 0
    outer loop
      vertex -37.7014 -52 3.01141
      vertex -24.35 -52 3.5
      vertex -37.65 -52 3.5
    endloop
  endfacet
  facet normal 0 -1 0
    outer loop
      vertex -37.7014 -52 3.01141
      vertex -24.2986 -52 3.01141
      vertex -24.35 -52 3.5
    endloop
  endfacet
  facet normal 0 -1 0
    outer loop
      vertex -37.8532 -52 2.54417
      vertex -24.2986 -52 3.01141
      vertex -37.7014 -52 3.01141
    endloop
  endfacet
  facet normal 0 -1 0
    outer loop
      vertex -37.8532 -52 2.54417
      vertex -24.1468 -52 2.54417
      vertex -24.2986 -52 3.01141
    endloop
  endfacet
  facet normal 0 -1 0
    outer loop
      vertex -38.0988 -52 2.1187
      vertex -24.1468 -52 2.54417
      vertex -37.8532 -52 2.54417
    endloop
  endfacet
  facet normal 0 -1 0
    outer loop
      vertex -38.0988 -52 2.1187
      vertex -23.9012 -52 2.1187
      vertex -24.1468 -52 2.54417
    endloop
  endfacet
  facet normal 0 -1 0
    outer loop
      vertex -38.4275 -52 1.75361
      vertex -23.9012 -52 2.1187
      vertex -38.0988 -52 2.1187
    endloop
  endfacet
  facet normal 0 -1 0
    outer loop
      vertex -38.4275 -52 1.75361
      vertex -23.5725 -52 1.75361
      vertex -23.9012 -52 2.1187
    endloop
  endfacet
  facet normal 0 -1 0
    outer loop
      vertex -38.825 -52 1.46484
      vertex -23.5725 -52 1.75361
      vertex -38.4275 -52 1.75361
    endloop
  endfacet
  facet normal 0 -1 0
    outer loop
      vertex -38.825 -52 1.46484
      vertex -23.175 -52 1.46484
      vertex -23.5725 -52 1.75361
    endloop
  endfacet
  facet normal 0 -1 0
    outer loop
      vertex -39.2738 -52 1.26502
      vertex -23.175 -52 1.46484
      vertex -38.825 -52 1.46484
    endloop
  endfacet
  facet normal 0 -1 0
    outer loop
      vertex -39.2738 -52 1.26502
      vertex -22.7262 -52 1.26502
      vertex -23.175 -52 1.46484
    endloop
  endfacet
  facet normal 0 -1 0
    outer loop
      vertex -39.7544 -52 1.16287
      vertex -22.7262 -52 1.26502
      vertex -39.2738 -52 1.26502
    endloop
  endfacet
  facet normal 0 -1 -0
    outer loop
      vertex -22.7262 -52 1.26502
      vertex -39.7544 -52 1.16287
      vertex -22.2456 -52 1.16287
    endloop
  endfacet
  facet normal 0 -1 0
    outer loop
      vertex -39.7544 -52 5.83713
      vertex -52 -52 7
      vertex -40.2456 -52 5.83713
    endloop
  endfacet
  facet normal 0 -1 0
    outer loop
      vertex -52 -52 7
      vertex -40.7262 -52 5.73498
      vertex -40.2456 -52 5.83713
    endloop
  endfacet
  facet normal 0 -1 0
    outer loop
      vertex -52 -52 7
      vertex -41.175 -52 5.53516
      vertex -40.7262 -52 5.73498
    endloop
  endfacet
  facet normal 0 -1 0
    outer loop
      vertex -52 -52 7
      vertex -41.5725 -52 5.24639
      vertex -41.175 -52 5.53516
    endloop
  endfacet
  facet normal 0 -1 0
    outer loop
      vertex -52 -52 7
      vertex -41.9012 -52 4.8813
      vertex -41.5725 -52 5.24639
    endloop
  endfacet
  facet normal 0 -1 0
    outer loop
      vertex -52 -52 7
      vertex -42.1468 -52 4.45583
      vertex -41.9012 -52 4.8813
    endloop
  endfacet
  facet normal 0 -1 0
    outer loop
      vertex -52 -52 7
      vertex -42.2986 -52 3.98859
      vertex -42.1468 -52 4.45583
    endloop
  endfacet
  facet normal 0 -1 0
    outer loop
      vertex -52 -52 7
      vertex -42.35 -52 3.5
      vertex -42.2986 -52 3.98859
    endloop
  endfacet
  facet normal 0 -1 0
    outer loop
      vertex -52 -52 0
      vertex -42.35 -52 3.5
      vertex -52 -52 7
    endloop
  endfacet
  facet normal 0 -1 -0
    outer loop
      vertex -42.35 -52 3.5
      vertex -52 -52 0
      vertex -42.2986 -52 3.01141
    endloop
  endfacet
  facet normal 0 -1 -0
    outer loop
      vertex -42.2986 -52 3.01141
      vertex -52 -52 0
      vertex -42.1468 -52 2.54417
    endloop
  endfacet
  facet normal 0 -1 -0
    outer loop
      vertex -42.1468 -52 2.54417
      vertex -52 -52 0
      vertex -41.9012 -52 2.1187
    endloop
  endfacet
  facet normal 0 -1 -0
    outer loop
      vertex -41.9012 -52 2.1187
      vertex -52 -52 0
      vertex -41.5725 -52 1.75361
    endloop
  endfacet
  facet normal 0 -1 0
    outer loop
      vertex -52 -52 0
      vertex -39.7544 -52 1.16287
      vertex -40.2456 -52 1.16287
    endloop
  endfacet
  facet normal 0 -1 -0
    outer loop
      vertex -39.7544 -52 1.16287
      vertex -52 -52 0
      vertex -22.2456 -52 1.16287
    endloop
  endfacet
  facet normal 0 -1 -0
    outer loop
      vertex -22.2456 -52 1.16287
      vertex -52 -52 0
      vertex -21.7544 -52 1.16287
    endloop
  endfacet
  facet normal 0 -1 -0
    outer loop
      vertex -21.7544 -52 1.16287
      vertex -52 -52 0
      vertex 21.7544 -52 1.16287
    endloop
  endfacet
  facet normal 0 -1 0
    outer loop
      vertex 52 -52 0
      vertex 21.7544 -52 1.16287
      vertex -52 -52 0
    endloop
  endfacet
  facet normal 0 -1 0
    outer loop
      vertex 21.7544 -52 1.16287
      vertex 52 -52 0
      vertex 22.2456 -52 1.16287
    endloop
  endfacet
  facet normal 0 -1 0
    outer loop
      vertex 22.2456 -52 1.16287
      vertex 52 -52 0
      vertex 39.7544 -52 1.16287
    endloop
  endfacet
  facet normal 0 -1 -0
    outer loop
      vertex -40.7262 -52 1.26502
      vertex -52 -52 0
      vertex -40.2456 -52 1.16287
    endloop
  endfacet
  facet normal 0 -1 -0
    outer loop
      vertex -41.175 -52 1.46484
      vertex -52 -52 0
      vertex -40.7262 -52 1.26502
    endloop
  endfacet
  facet normal 0 -1 -0
    outer loop
      vertex -41.5725 -52 1.75361
      vertex -52 -52 0
      vertex -41.175 -52 1.46484
    endloop
  endfacet
  facet normal 0 -1 0
    outer loop
      vertex -22.2456 -52 5.83713
      vertex -52 -52 7
      vertex -39.7544 -52 5.83713
    endloop
  endfacet
  facet normal 0 -1 0
    outer loop
      vertex -21.7544 -52 5.83713
      vertex -52 -52 7
      vertex -22.2456 -52 5.83713
    endloop
  endfacet
  facet normal 0 -1 0
    outer loop
      vertex -52 -52 7
      vertex -21.7544 -52 5.83713
      vertex 52 -52 7
    endloop
  endfacet
  facet normal 0 -1 0
    outer loop
      vertex 21.7544 -52 5.83713
      vertex 52 -52 7
      vertex -21.7544 -52 5.83713
    endloop
  endfacet
  facet normal 0 -1 0
    outer loop
      vertex 22.2456 -52 5.83713
      vertex 52 -52 7
      vertex 21.7544 -52 5.83713
    endloop
  endfacet
  facet normal 0 -1 0
    outer loop
      vertex 39.7544 -52 5.83713
      vertex 52 -52 7
      vertex 22.2456 -52 5.83713
    endloop
  endfacet
  facet normal 0 -1 0
    outer loop
      vertex 40.2456 -52 5.83713
      vertex 52 -52 7
      vertex 39.7544 -52 5.83713
    endloop
  endfacet
  facet normal 0 -1 0
    outer loop
      vertex 40.7262 -52 5.73498
      vertex 52 -52 7
      vertex 40.2456 -52 5.83713
    endloop
  endfacet
  facet normal 0 -1 0
    outer loop
      vertex 41.175 -52 5.53516
      vertex 52 -52 7
      vertex 40.7262 -52 5.73498
    endloop
  endfacet
  facet normal 0 -1 0
    outer loop
      vertex 41.5725 -52 5.24639
      vertex 52 -52 7
      vertex 41.175 -52 5.53516
    endloop
  endfacet
  facet normal 0 -1 0
    outer loop
      vertex 41.9012 -52 4.8813
      vertex 52 -52 7
      vertex 41.5725 -52 5.24639
    endloop
  endfacet
  facet normal 0 -1 0
    outer loop
      vertex 42.1468 -52 4.45583
      vertex 52 -52 7
      vertex 41.9012 -52 4.8813
    endloop
  endfacet
  facet normal 0 -1 0
    outer loop
      vertex 42.2986 -52 3.98859
      vertex 52 -52 7
      vertex 42.1468 -52 4.45583
    endloop
  endfacet
  facet normal 0 -1 0
    outer loop
      vertex 42.35 -52 3.5
      vertex 52 -52 7
      vertex 42.2986 -52 3.98859
    endloop
  endfacet
  facet normal 0 -1 0
    outer loop
      vertex 52 -52 0
      vertex 42.35 -52 3.5
      vertex 42.2986 -52 3.01141
    endloop
  endfacet
  facet normal 0 -1 0
    outer loop
      vertex 52 -52 0
      vertex 42.2986 -52 3.01141
      vertex 42.1468 -52 2.54417
    endloop
  endfacet
  facet normal 0 -1 0
    outer loop
      vertex 52 -52 0
      vertex 42.1468 -52 2.54417
      vertex 41.9012 -52 2.1187
    endloop
  endfacet
  facet normal 0 -1 0
    outer loop
      vertex 52 -52 0
      vertex 41.9012 -52 2.1187
      vertex 41.5725 -52 1.75361
    endloop
  endfacet
  facet normal 0 -1 0
    outer loop
      vertex 52 -52 0
      vertex 41.5725 -52 1.75361
      vertex 41.175 -52 1.46484
    endloop
  endfacet
  facet normal 0 -1 0
    outer loop
      vertex 42.35 -52 3.5
      vertex 52 -52 0
      vertex 52 -52 7
    endloop
  endfacet
  facet normal 0 -1 0
    outer loop
      vertex 40.7262 -52 1.26502
      vertex 52 -52 0
      vertex 41.175 -52 1.46484
    endloop
  endfacet
  facet normal 0 -1 0
    outer loop
      vertex 40.2456 -52 1.16287
      vertex 52 -52 0
      vertex 40.7262 -52 1.26502
    endloop
  endfacet
  facet normal 0 -1 0
    outer loop
      vertex 39.7544 -52 1.16287
      vertex 52 -52 0
      vertex 40.2456 -52 1.16287
    endloop
  endfacet
  facet normal 0 -0.485643 0.874157
    outer loop
      vertex -47.5 -47.5 9.5
      vertex 52 -52 7
      vertex 47.5 -47.5 9.5
    endloop
  endfacet
  facet normal 0 -0.485643 0.874157
    outer loop
      vertex 52 -52 7
      vertex -47.5 -47.5 9.5
      vertex -52 -52 7
    endloop
  endfacet
  facet normal 0 -0.485643 0.874157
    outer loop
      vertex -43 -43 12
      vertex 47 -47 9.77778
      vertex 43 -43 12
    endloop
  endfacet
  facet normal 0 -0.485643 0.874157
    outer loop
      vertex 47 -47 9.77778
      vertex -43 -43 12
      vertex -47 -47 9.77778
    endloop
  endfacet
  facet normal 0 0.485643 0.874157
    outer loop
      vertex 52 52 7
      vertex -47.5 47.5 9.5
      vertex 47.5 47.5 9.5
    endloop
  endfacet
  facet normal 0 0.485643 0.874157
    outer loop
      vertex -47.5 47.5 9.5
      vertex 52 52 7
      vertex -52 52 7
    endloop
  endfacet
  facet normal 0 0.485643 0.874157
    outer loop
      vertex 47 47 9.77778
      vertex -43 43 12
      vertex 43 43 12
    endloop
  endfacet
  facet normal 0 0.485643 0.874157
    outer loop
      vertex -43 43 12
      vertex 47 47 9.77778
      vertex -47 47 9.77778
    endloop
  endfacet
  facet normal -0.485643 0 0.874157
    outer loop
      vertex -52 52 7
      vertex -47.5 -47.5 9.5
      vertex -47.5 47.5 9.5
    endloop
  endfacet
  facet normal -0.485643 0 0.874157
    outer loop
      vertex -47.5 -47.5 9.5
      vertex -52 52 7
      vertex -52 -52 7
    endloop
  endfacet
  facet normal -0.485643 0 0.874157
    outer loop
      vertex -47 47 9.77778
      vertex -43 -43 12
      vertex -43 43 12
    endloop
  endfacet
  facet normal -0.485643 0 0.874157
    outer loop
      vertex -43 -43 12
      vertex -47 47 9.77778
      vertex -47 -47 9.77778
    endloop
  endfacet
  facet normal 0.485643 0 0.874157
    outer loop
      vertex 47.5 47.5 9.5
      vertex 52 -52 7
      vertex 52 52 7
    endloop
  endfacet
  facet normal 0.485643 0 0.874157
    outer loop
      vertex 52 -52 7
      vertex 47.5 47.5 9.5
      vertex 47.5 -47.5 9.5
    endloop
  endfacet
  facet normal 0.485643 0 0.874157
    outer loop
      vertex 43 43 12
      vertex 47 -47 9.77778
      vertex 47 47 9.77778
    endloop
  endfacet
  facet normal 0.485643 0 0.874157
    outer loop
      vertex 47 -47 9.77778
      vertex 43 43 12
      vertex 43 -43 12
    endloop
  endfacet
  facet normal 0 0 1
    outer loop
      vertex 43 43 12
      vertex 41 41 12
      vertex 43 -43 12
    endloop
  endfacet
  facet normal 0 0 1
    outer loop
      vertex 43 43 12
      vertex -41 41 12
      vertex 41 41 12
    endloop
  endfacet
  facet normal 0 0 1
    outer loop
      vertex -41 41 12
      vertex -43 43 12
      vertex -41 -41 12
    endloop
  endfacet
  facet normal -0 0 1
    outer loop
      vertex -43 43 12
      vertex -41 41 12
      vertex 43 43 12
    endloop
  endfacet
  facet normal -0 0 1
    outer loop
      vertex 41 -41 12
      vertex 43 -43 12
      vertex 41 41 12
    endloop
  endfacet
  facet normal -0 0 1
    outer loop
      vertex -41 -41 12
      vertex 43 -43 12
      vertex 41 -41 12
    endloop
  endfacet
  facet normal 0 0 1
    outer loop
      vertex -41 -41 12
      vertex -43 -43 12
      vertex 43 -43 12
    endloop
  endfacet
  facet normal 0 0 1
    outer loop
      vertex -43 -43 12
      vertex -41 -41 12
      vertex -43 43 12
    endloop
  endfacet
  facet normal -1 0 0
    outer loop
      vertex 47.5 42.3371 3.74564
      vertex 47.5 47.5 0.2
      vertex 47.5 42.3371 3.25436
    endloop
  endfacet
  facet normal -1 0 0
    outer loop
      vertex 47.5 47.5 0.2
      vertex 47.5 42.235 2.77381
      vertex 47.5 42.3371 3.25436
    endloop
  endfacet
  facet normal -1 0 0
    outer loop
      vertex 47.5 47.5 0.2
      vertex 47.5 42.0352 2.325
      vertex 47.5 42.235 2.77381
    endloop
  endfacet
  facet normal -1 0 0
    outer loop
      vertex 47.5 47.5 0.2
      vertex 47.5 41.7464 1.92754
      vertex 47.5 42.0352 2.325
    endloop
  endfacet
  facet normal -1 0 0
    outer loop
      vertex 47.5 47.5 0.2
      vertex 47.5 41.3813 1.59881
      vertex 47.5 41.7464 1.92754
    endloop
  endfacet
  facet normal -1 0 0
    outer loop
      vertex 47.5 47.5 0.2
      vertex 47.5 40.9558 1.35317
      vertex 47.5 41.3813 1.59881
    endloop
  endfacet
  facet normal -1 0 0
    outer loop
      vertex 47.5 47.5 0.2
      vertex 47.5 40.4886 1.20135
      vertex 47.5 40.9558 1.35317
    endloop
  endfacet
  facet normal -1 0 0
    outer loop
      vertex 47.5 47.5 0.2
      vertex 47.5 40 1.15
      vertex 47.5 40.4886 1.20135
    endloop
  endfacet
  facet normal -1 0 0
    outer loop
      vertex 47.5 22 1.15
      vertex 47.5 40 1.15
      vertex 47.5 47.5 0.2
    endloop
  endfacet
  facet normal -1 0 0
    outer loop
      vertex 47.5 37.6629 3.25436
      vertex 47.5 24.3371 3.25436
      vertex 47.5 37.6629 3.74564
    endloop
  endfacet
  facet normal -1 0 0
    outer loop
      vertex 47.5 37.765 2.77381
      vertex 47.5 24.3371 3.25436
      vertex 47.5 37.6629 3.25436
    endloop
  endfacet
  facet normal -1 0 0
    outer loop
      vertex 47.5 24.235 2.77381
      vertex 47.5 37.765 2.77381
      vertex 47.5 37.9648 2.325
    endloop
  endfacet
  facet normal -1 0 0
    outer loop
      vertex 47.5 24.0352 2.325
      vertex 47.5 37.9648 2.325
      vertex 47.5 38.2536 1.92754
    endloop
  endfacet
  facet normal -1 0 0
    outer loop
      vertex 47.5 23.7464 1.92754
      vertex 47.5 38.2536 1.92754
      vertex 47.5 38.6187 1.59881
    endloop
  endfacet
  facet normal -1 0 0
    outer loop
      vertex 47.5 23.3813 1.59881
      vertex 47.5 38.6187 1.59881
      vertex 47.5 39.0442 1.35317
    endloop
  endfacet
  facet normal -1 0 0
    outer loop
      vertex 47.5 22.9558 1.35317
      vertex 47.5 39.0442 1.35317
      vertex 47.5 39.5114 1.20135
    endloop
  endfacet
  facet normal -1 0 0
    outer loop
      vertex 47.5 37.765 2.77381
      vertex 47.5 24.235 2.77381
      vertex 47.5 24.3371 3.25436
    endloop
  endfacet
  facet normal -1 0 0
    outer loop
      vertex 47.5 40 1.15
      vertex 47.5 22 1.15
      vertex 47.5 39.5114 1.20135
    endloop
  endfacet
  facet normal -1 0 0
    outer loop
      vertex 47.5 37.9648 2.325
      vertex 47.5 24.0352 2.325
      vertex 47.5 24.235 2.77381
    endloop
  endfacet
  facet normal -1 0 0
    outer loop
      vertex 47.5 38.2536 1.92754
      vertex 47.5 23.7464 1.92754
      vertex 47.5 24.0352 2.325
    endloop
  endfacet
  facet normal -1 0 0
    outer loop
      vertex 47.5 38.6187 1.59881
      vertex 47.5 23.3813 1.59881
      vertex 47.5 23.7464 1.92754
    endloop
  endfacet
  facet normal -1 0 0
    outer loop
      vertex 47.5 39.0442 1.35317
      vertex 47.5 22.9558 1.35317
      vertex 47.5 23.3813 1.59881
    endloop
  endfacet
  facet normal -1 0 0
    outer loop
      vertex 47.5 39.5114 1.20135
      vertex 47.5 22.4886 1.20135
      vertex 47.5 22.9558 1.35317
    endloop
  endfacet
  facet normal -1 -0 0
    outer loop
      vertex 47.5 39.5114 1.20135
      vertex 47.5 22 1.15
      vertex 47.5 22.4886 1.20135
    endloop
  endfacet
  facet normal -1 0 0
    outer loop
      vertex 47.5 19.6629 3.25436
      vertex 47.5 -19.6629 3.25436
      vertex 47.5 19.6629 3.74564
    endloop
  endfacet
  facet normal -1 0 0
    outer loop
      vertex 47.5 19.765 2.77381
      vertex 47.5 -19.6629 3.25436
      vertex 47.5 19.6629 3.25436
    endloop
  endfacet
  facet normal -1 0 0
    outer loop
      vertex 47.5 -19.765 2.77381
      vertex 47.5 19.765 2.77381
      vertex 47.5 19.9648 2.325
    endloop
  endfacet
  facet normal -1 0 0
    outer loop
      vertex 47.5 -19.9648 2.325
      vertex 47.5 19.9648 2.325
      vertex 47.5 20.2536 1.92754
    endloop
  endfacet
  facet normal -1 0 0
    outer loop
      vertex 47.5 -20.2536 1.92754
      vertex 47.5 20.2536 1.92754
      vertex 47.5 20.6187 1.59881
    endloop
  endfacet
  facet normal -1 0 0
    outer loop
      vertex 47.5 -20.6187 1.59881
      vertex 47.5 20.6187 1.59881
      vertex 47.5 21.0442 1.35317
    endloop
  endfacet
  facet normal -1 0 0
    outer loop
      vertex 47.5 -21.0442 1.35317
      vertex 47.5 21.0442 1.35317
      vertex 47.5 21.5114 1.20135
    endloop
  endfacet
  facet normal -1 0 0
    outer loop
      vertex 47.5 -21.5114 1.20135
      vertex 47.5 21.5114 1.20135
      vertex 47.5 22 1.15
    endloop
  endfacet
  facet normal -1 0 0
    outer loop
      vertex 47.5 19.765 2.77381
      vertex 47.5 -19.765 2.77381
      vertex 47.5 -19.6629 3.25436
    endloop
  endfacet
  facet normal -1 0 0
    outer loop
      vertex 47.5 19.9648 2.325
      vertex 47.5 -19.9648 2.325
      vertex 47.5 -19.765 2.77381
    endloop
  endfacet
  facet normal -1 0 0
    outer loop
      vertex 47.5 -22 1.15
      vertex 47.5 22 1.15
      vertex 47.5 47.5 0.2
    endloop
  endfacet
  facet normal -1 0 0
    outer loop
      vertex 47.5 20.2536 1.92754
      vertex 47.5 -20.2536 1.92754
      vertex 47.5 -19.9648 2.325
    endloop
  endfacet
  facet normal -1 0 0
    outer loop
      vertex 47.5 20.6187 1.59881
      vertex 47.5 -20.6187 1.59881
      vertex 47.5 -20.2536 1.92754
    endloop
  endfacet
  facet normal -1 0 0
    outer loop
      vertex 47.5 21.0442 1.35317
      vertex 47.5 -21.0442 1.35317
      vertex 47.5 -20.6187 1.59881
    endloop
  endfacet
  facet normal -1 0 0
    outer loop
      vertex 47.5 21.5114 1.20135
      vertex 47.5 -21.5114 1.20135
      vertex 47.5 -21.0442 1.35317
    endloop
  endfacet
  facet normal -1 0 0
    outer loop
      vertex 47.5 22 1.15
      vertex 47.5 -22 1.15
      vertex 47.5 -21.5114 1.20135
    endloop
  endfacet
  facet normal -1 0 0
    outer loop
      vertex 47.5 -24.3371 3.25436
      vertex 47.5 -37.6629 3.25436
      vertex 47.5 -24.3371 3.74564
    endloop
  endfacet
  facet normal -1 0 0
    outer loop
      vertex 47.5 -24.235 2.77381
      vertex 47.5 -37.6629 3.25436
      vertex 47.5 -24.3371 3.25436
    endloop
  endfacet
  facet normal -1 0 0
    outer loop
      vertex 47.5 -37.765 2.77381
      vertex 47.5 -24.235 2.77381
      vertex 47.5 -24.0352 2.325
    endloop
  endfacet
  facet normal -1 0 0
    outer loop
      vertex 47.5 -37.9648 2.325
      vertex 47.5 -24.0352 2.325
      vertex 47.5 -23.7464 1.92754
    endloop
  endfacet
  facet normal -1 0 0
    outer loop
      vertex 47.5 -38.2536 1.92754
      vertex 47.5 -23.7464 1.92754
      vertex 47.5 -23.3813 1.59881
    endloop
  endfacet
  facet normal -1 0 0
    outer loop
      vertex 47.5 -38.6187 1.59881
      vertex 47.5 -23.3813 1.59881
      vertex 47.5 -22.9558 1.35317
    endloop
  endfacet
  facet normal -1 0 0
    outer loop
      vertex 47.5 -39.0442 1.35317
      vertex 47.5 -22.9558 1.35317
      vertex 47.5 -22.4886 1.20135
    endloop
  endfacet
  facet normal -1 0 0
    outer loop
      vertex 47.5 -24.235 2.77381
      vertex 47.5 -37.765 2.77381
      vertex 47.5 -37.6629 3.25436
    endloop
  endfacet
  facet normal -1 0 0
    outer loop
      vertex 47.5 -39.5114 1.20135
      vertex 47.5 -22.4886 1.20135
      vertex 47.5 -22 1.15
    endloop
  endfacet
  facet normal -1 0 0
    outer loop
      vertex 47.5 -24.0352 2.325
      vertex 47.5 -37.9648 2.325
      vertex 47.5 -37.765 2.77381
    endloop
  endfacet
  facet normal -1 0 0
    outer loop
      vertex 47.5 -23.7464 1.92754
      vertex 47.5 -38.2536 1.92754
      vertex 47.5 -37.9648 2.325
    endloop
  endfacet
  facet normal -1 0 0
    outer loop
      vertex 47.5 -23.3813 1.59881
      vertex 47.5 -38.6187 1.59881
      vertex 47.5 -38.2536 1.92754
    endloop
  endfacet
  facet normal -1 0 0
    outer loop
      vertex 47.5 -22.9558 1.35317
      vertex 47.5 -39.0442 1.35317
      vertex 47.5 -38.6187 1.59881
    endloop
  endfacet
  facet normal -1 0 0
    outer loop
      vertex 47.5 -47.5 0.2
      vertex 47.5 -22 1.15
      vertex 47.5 47.5 0.2
    endloop
  endfacet
  facet normal -1 0 0
    outer loop
      vertex 47.5 -22.4886 1.20135
      vertex 47.5 -39.5114 1.20135
      vertex 47.5 -39.0442 1.35317
    endloop
  endfacet
  facet normal -1 0 0
    outer loop
      vertex 47.5 -22 1.15
      vertex 47.5 -40 1.15
      vertex 47.5 -39.5114 1.20135
    endloop
  endfacet
  facet normal -1 -0 0
    outer loop
      vertex 47.5 -42.3371 3.25436
      vertex 47.5 -47.5 0.2
      vertex 47.5 -42.3371 3.74564
    endloop
  endfacet
  facet normal -1 -0 0
    outer loop
      vertex 47.5 -42.235 2.77381
      vertex 47.5 -47.5 0.2
      vertex 47.5 -42.3371 3.25436
    endloop
  endfacet
  facet normal -1 -0 0
    outer loop
      vertex 47.5 -42.0352 2.325
      vertex 47.5 -47.5 0.2
      vertex 47.5 -42.235 2.77381
    endloop
  endfacet
  facet normal -1 -0 0
    outer loop
      vertex 47.5 -41.7464 1.92754
      vertex 47.5 -47.5 0.2
      vertex 47.5 -42.0352 2.325
    endloop
  endfacet
  facet normal -1 -0 0
    outer loop
      vertex 47.5 -41.3813 1.59881
      vertex 47.5 -47.5 0.2
      vertex 47.5 -41.7464 1.92754
    endloop
  endfacet
  facet normal -1 -0 0
    outer loop
      vertex 47.5 -40.9558 1.35317
      vertex 47.5 -47.5 0.2
      vertex 47.5 -41.3813 1.59881
    endloop
  endfacet
  facet normal -1 -0 0
    outer loop
      vertex 47.5 -40.4886 1.20135
      vertex 47.5 -47.5 0.2
      vertex 47.5 -40.9558 1.35317
    endloop
  endfacet
  facet normal -1 -0 0
    outer loop
      vertex 47.5 -40 1.15
      vertex 47.5 -47.5 0.2
      vertex 47.5 -40.4886 1.20135
    endloop
  endfacet
  facet normal -1 -0 0
    outer loop
      vertex 47.5 -22 1.15
      vertex 47.5 -47.5 0.2
      vertex 47.5 -40 1.15
    endloop
  endfacet
  facet normal -1 0 0
    outer loop
      vertex 47.5 47.5 0.2
      vertex 47.5 42.3371 3.74564
      vertex 47.5 47.5 9.5
    endloop
  endfacet
  facet normal -1 0 0
    outer loop
      vertex 47.5 42.235 4.22619
      vertex 47.5 47.5 9.5
      vertex 47.5 42.3371 3.74564
    endloop
  endfacet
  facet normal -1 0 0
    outer loop
      vertex 47.5 42.0352 4.675
      vertex 47.5 47.5 9.5
      vertex 47.5 42.235 4.22619
    endloop
  endfacet
  facet normal -1 0 0
    outer loop
      vertex 47.5 41.7464 5.07246
      vertex 47.5 47.5 9.5
      vertex 47.5 42.0352 4.675
    endloop
  endfacet
  facet normal -1 0 0
    outer loop
      vertex 47.5 41.3813 5.40119
      vertex 47.5 47.5 9.5
      vertex 47.5 41.7464 5.07246
    endloop
  endfacet
  facet normal -1 0 0
    outer loop
      vertex 47.5 40.9558 5.64683
      vertex 47.5 47.5 9.5
      vertex 47.5 41.3813 5.40119
    endloop
  endfacet
  facet normal -1 0 0
    outer loop
      vertex 47.5 40.4886 5.79865
      vertex 47.5 47.5 9.5
      vertex 47.5 40.9558 5.64683
    endloop
  endfacet
  facet normal -1 0 0
    outer loop
      vertex 47.5 40 5.85
      vertex 47.5 47.5 9.5
      vertex 47.5 40.4886 5.79865
    endloop
  endfacet
  facet normal -1 0 0
    outer loop
      vertex 47.5 39.5114 5.79865
      vertex 47.5 47.5 9.5
      vertex 47.5 40 5.85
    endloop
  endfacet
  facet normal -1 0 0
    outer loop
      vertex 47.5 22.4886 5.79865
      vertex 47.5 39.5114 5.79865
      vertex 47.5 39.0442 5.64683
    endloop
  endfacet
  facet normal -1 0 0
    outer loop
      vertex 47.5 24.3371 3.74564
      vertex 47.5 37.6629 3.74564
      vertex 47.5 24.3371 3.25436
    endloop
  endfacet
  facet normal -1 0 0
    outer loop
      vertex 47.5 37.6629 3.74564
      vertex 47.5 24.3371 3.74564
      vertex 47.5 37.765 4.22619
    endloop
  endfacet
  facet normal -1 0 0
    outer loop
      vertex 47.5 24.235 4.22619
      vertex 47.5 37.765 4.22619
      vertex 47.5 24.3371 3.74564
    endloop
  endfacet
  facet normal -1 0 0
    outer loop
      vertex 47.5 37.765 4.22619
      vertex 47.5 24.235 4.22619
      vertex 47.5 37.9648 4.675
    endloop
  endfacet
  facet normal -1 0 0
    outer loop
      vertex 47.5 24.0352 4.675
      vertex 47.5 37.9648 4.675
      vertex 47.5 24.235 4.22619
    endloop
  endfacet
  facet normal -1 0 0
    outer loop
      vertex 47.5 37.9648 4.675
      vertex 47.5 24.0352 4.675
      vertex 47.5 38.2536 5.07246
    endloop
  endfacet
  facet normal -1 0 0
    outer loop
      vertex 47.5 23.7464 5.07246
      vertex 47.5 38.2536 5.07246
      vertex 47.5 24.0352 4.675
    endloop
  endfacet
  facet normal -1 0 0
    outer loop
      vertex 47.5 38.2536 5.07246
      vertex 47.5 23.7464 5.07246
      vertex 47.5 38.6187 5.40119
    endloop
  endfacet
  facet normal -1 0 0
    outer loop
      vertex 47.5 23.3813 5.40119
      vertex 47.5 38.6187 5.40119
      vertex 47.5 23.7464 5.07246
    endloop
  endfacet
  facet normal -1 0 0
    outer loop
      vertex 47.5 38.6187 5.40119
      vertex 47.5 23.3813 5.40119
      vertex 47.5 39.0442 5.64683
    endloop
  endfacet
  facet normal -1 0 0
    outer loop
      vertex 47.5 22.9558 5.64683
      vertex 47.5 39.0442 5.64683
      vertex 47.5 23.3813 5.40119
    endloop
  endfacet
  facet normal -1 0 0
    outer loop
      vertex 47.5 22.4886 5.79865
      vertex 47.5 39.0442 5.64683
      vertex 47.5 22.9558 5.64683
    endloop
  endfacet
  facet normal -1 0 0
    outer loop
      vertex 47.5 39.5114 5.79865
      vertex 47.5 22.4886 5.79865
      vertex 47.5 47.5 9.5
    endloop
  endfacet
  facet normal -1 0 0
    outer loop
      vertex 47.5 22 5.85
      vertex 47.5 47.5 9.5
      vertex 47.5 22.4886 5.79865
    endloop
  endfacet
  facet normal -1 0 0
    outer loop
      vertex 47.5 -22 5.85
      vertex 47.5 22 5.85
      vertex 47.5 21.5114 5.79865
    endloop
  endfacet
  facet normal -1 0 0
    outer loop
      vertex 47.5 -19.6629 3.74564
      vertex 47.5 19.6629 3.74564
      vertex 47.5 -19.6629 3.25436
    endloop
  endfacet
  facet normal -1 0 0
    outer loop
      vertex 47.5 19.6629 3.74564
      vertex 47.5 -19.6629 3.74564
      vertex 47.5 19.765 4.22619
    endloop
  endfacet
  facet normal -1 0 0
    outer loop
      vertex 47.5 -19.765 4.22619
      vertex 47.5 19.765 4.22619
      vertex 47.5 -19.6629 3.74564
    endloop
  endfacet
  facet normal -1 0 0
    outer loop
      vertex 47.5 19.765 4.22619
      vertex 47.5 -19.765 4.22619
      vertex 47.5 19.9648 4.675
    endloop
  endfacet
  facet normal -1 0 0
    outer loop
      vertex 47.5 -19.9648 4.675
      vertex 47.5 19.9648 4.675
      vertex 47.5 -19.765 4.22619
    endloop
  endfacet
  facet normal -1 0 0
    outer loop
      vertex 47.5 19.9648 4.675
      vertex 47.5 -19.9648 4.675
      vertex 47.5 20.2536 5.07246
    endloop
  endfacet
  facet normal -1 0 0
    outer loop
      vertex 47.5 -20.2536 5.07246
      vertex 47.5 20.2536 5.07246
      vertex 47.5 -19.9648 4.675
    endloop
  endfacet
  facet normal -1 0 0
    outer loop
      vertex 47.5 20.2536 5.07246
      vertex 47.5 -20.2536 5.07246
      vertex 47.5 20.6187 5.40119
    endloop
  endfacet
  facet normal -1 0 0
    outer loop
      vertex 47.5 -20.6187 5.40119
      vertex 47.5 20.6187 5.40119
      vertex 47.5 -20.2536 5.07246
    endloop
  endfacet
  facet normal -1 0 0
    outer loop
      vertex 47.5 20.6187 5.40119
      vertex 47.5 -20.6187 5.40119
      vertex 47.5 21.0442 5.64683
    endloop
  endfacet
  facet normal -1 0 0
    outer loop
      vertex 47.5 -21.0442 5.64683
      vertex 47.5 21.0442 5.64683
      vertex 47.5 -20.6187 5.40119
    endloop
  endfacet
  facet normal -1 0 0
    outer loop
      vertex 47.5 21.0442 5.64683
      vertex 47.5 -21.0442 5.64683
      vertex 47.5 21.5114 5.79865
    endloop
  endfacet
  facet normal -1 0 0
    outer loop
      vertex 47.5 -21.5114 5.79865
      vertex 47.5 21.5114 5.79865
      vertex 47.5 -21.0442 5.64683
    endloop
  endfacet
  facet normal -1 0 0
    outer loop
      vertex 47.5 -22 5.85
      vertex 47.5 21.5114 5.79865
      vertex 47.5 -21.5114 5.79865
    endloop
  endfacet
  facet normal -1 0 0
    outer loop
      vertex 47.5 22 5.85
      vertex 47.5 -22 5.85
      vertex 47.5 47.5 9.5
    endloop
  endfacet
  facet normal -1 0 0
    outer loop
      vertex 47.5 -37.6629 3.74564
      vertex 47.5 -24.3371 3.74564
      vertex 47.5 -37.6629 3.25436
    endloop
  endfacet
  facet normal -1 0 0
    outer loop
      vertex 47.5 -24.3371 3.74564
      vertex 47.5 -37.6629 3.74564
      vertex 47.5 -24.235 4.22619
    endloop
  endfacet
  facet normal -1 0 0
    outer loop
      vertex 47.5 -37.765 4.22619
      vertex 47.5 -24.235 4.22619
      vertex 47.5 -37.6629 3.74564
    endloop
  endfacet
  facet normal -1 0 0
    outer loop
      vertex 47.5 -24.235 4.22619
      vertex 47.5 -37.765 4.22619
      vertex 47.5 -24.0352 4.675
    endloop
  endfacet
  facet normal -1 0 0
    outer loop
      vertex 47.5 -37.9648 4.675
      vertex 47.5 -24.0352 4.675
      vertex 47.5 -37.765 4.22619
    endloop
  endfacet
  facet normal -1 0 0
    outer loop
      vertex 47.5 -24.0352 4.675
      vertex 47.5 -37.9648 4.675
      vertex 47.5 -23.7464 5.07246
    endloop
  endfacet
  facet normal -1 0 0
    outer loop
      vertex 47.5 -38.2536 5.07246
      vertex 47.5 -23.7464 5.07246
      vertex 47.5 -37.9648 4.675
    endloop
  endfacet
  facet normal -1 0 0
    outer loop
      vertex 47.5 -23.7464 5.07246
      vertex 47.5 -38.2536 5.07246
      vertex 47.5 -23.3813 5.40119
    endloop
  endfacet
  facet normal -1 0 0
    outer loop
      vertex 47.5 -38.6187 5.40119
      vertex 47.5 -23.3813 5.40119
      vertex 47.5 -38.2536 5.07246
    endloop
  endfacet
  facet normal -1 0 0
    outer loop
      vertex 47.5 -23.3813 5.40119
      vertex 47.5 -38.6187 5.40119
      vertex 47.5 -22.9558 5.64683
    endloop
  endfacet
  facet normal -1 0 0
    outer loop
      vertex 47.5 -39.0442 5.64683
      vertex 47.5 -22.9558 5.64683
      vertex 47.5 -38.6187 5.40119
    endloop
  endfacet
  facet normal -1 0 0
    outer loop
      vertex 47.5 -22.9558 5.64683
      vertex 47.5 -39.0442 5.64683
      vertex 47.5 -22.4886 5.79865
    endloop
  endfacet
  facet normal -1 0 0
    outer loop
      vertex 47.5 -39.5114 5.79865
      vertex 47.5 -22.4886 5.79865
      vertex 47.5 -39.0442 5.64683
    endloop
  endfacet
  facet normal -1 0 0
    outer loop
      vertex 47.5 -47.5 9.5
      vertex 47.5 -22.4886 5.79865
      vertex 47.5 -39.5114 5.79865
    endloop
  endfacet
  facet normal -1 0 0
    outer loop
      vertex 47.5 -22.4886 5.79865
      vertex 47.5 -47.5 9.5
      vertex 47.5 -22 5.85
    endloop
  endfacet
  facet normal -1 0 0
    outer loop
      vertex 47.5 -47.5 9.5
      vertex 47.5 -39.5114 5.79865
      vertex 47.5 -40 5.85
    endloop
  endfacet
  facet normal -1 0 0
    outer loop
      vertex 47.5 -47.5 9.5
      vertex 47.5 -42.3371 3.74564
      vertex 47.5 -47.5 0.2
    endloop
  endfacet
  facet normal -1 0 0
    outer loop
      vertex 47.5 -42.3371 3.74564
      vertex 47.5 -47.5 9.5
      vertex 47.5 -42.235 4.22619
    endloop
  endfacet
  facet normal -1 0 0
    outer loop
      vertex 47.5 -42.235 4.22619
      vertex 47.5 -47.5 9.5
      vertex 47.5 -42.0352 4.675
    endloop
  endfacet
  facet normal -1 0 0
    outer loop
      vertex 47.5 -42.0352 4.675
      vertex 47.5 -47.5 9.5
      vertex 47.5 -41.7464 5.07246
    endloop
  endfacet
  facet normal -1 0 0
    outer loop
      vertex 47.5 -22 5.85
      vertex 47.5 -47.5 9.5
      vertex 47.5 47.5 9.5
    endloop
  endfacet
  facet normal -1 0 0
    outer loop
      vertex 47.5 -40.4886 5.79865
      vertex 47.5 -47.5 9.5
      vertex 47.5 -40 5.85
    endloop
  endfacet
  facet normal -1 0 0
    outer loop
      vertex 47.5 -40.9558 5.64683
      vertex 47.5 -47.5 9.5
      vertex 47.5 -40.4886 5.79865
    endloop
  endfacet
  facet normal -1 0 0
    outer loop
      vertex 47.5 -41.3813 5.40119
      vertex 47.5 -47.5 9.5
      vertex 47.5 -40.9558 5.64683
    endloop
  endfacet
  facet normal -1 0 0
    outer loop
      vertex 47.5 -41.7464 5.07246
      vertex 47.5 -47.5 9.5
      vertex 47.5 -41.3813 5.40119
    endloop
  endfacet
  facet normal 0 0 1
    outer loop
      vertex 47.5 47.5 0.2
      vertex 47 47 0.2
      vertex 47.5 -47.5 0.2
    endloop
  endfacet
  facet normal 0 0 1
    outer loop
      vertex 47.5 47.5 0.2
      vertex -47 47 0.2
      vertex 47 47 0.2
    endloop
  endfacet
  facet normal 0 0 1
    outer loop
      vertex -47 47 0.2
      vertex -47.5 47.5 0.2
      vertex -47 -47 0.2
    endloop
  endfacet
  facet normal -0 0 1
    outer loop
      vertex -47.5 47.5 0.2
      vertex -47 47 0.2
      vertex 47.5 47.5 0.2
    endloop
  endfacet
  facet normal -0 0 1
    outer loop
      vertex 47 -47 0.2
      vertex 47.5 -47.5 0.2
      vertex 47 47 0.2
    endloop
  endfacet
  facet normal -0 0 1
    outer loop
      vertex -47 -47 0.2
      vertex 47.5 -47.5 0.2
      vertex 47 -47 0.2
    endloop
  endfacet
  facet normal 0 0 1
    outer loop
      vertex -47 -47 0.2
      vertex -47.5 -47.5 0.2
      vertex 47.5 -47.5 0.2
    endloop
  endfacet
  facet normal 0 0 1
    outer loop
      vertex -47.5 -47.5 0.2
      vertex -47 -47 0.2
      vertex -47.5 47.5 0.2
    endloop
  endfacet
  facet normal 1 0 0
    outer loop
      vertex -47.5 47.5 9.5
      vertex -47.5 42.3371 3.74564
      vertex -47.5 47.5 0.2
    endloop
  endfacet
  facet normal 1 0 0
    outer loop
      vertex -47.5 47.5 9.5
      vertex -47.5 42.235 4.22619
      vertex -47.5 42.3371 3.74564
    endloop
  endfacet
  facet normal 1 0 0
    outer loop
      vertex -47.5 47.5 9.5
      vertex -47.5 42.0352 4.675
      vertex -47.5 42.235 4.22619
    endloop
  endfacet
  facet normal 1 0 0
    outer loop
      vertex -47.5 47.5 9.5
      vertex -47.5 41.7464 5.07246
      vertex -47.5 42.0352 4.675
    endloop
  endfacet
  facet normal 1 0 0
    outer loop
      vertex -47.5 47.5 9.5
      vertex -47.5 41.3813 5.40119
      vertex -47.5 41.7464 5.07246
    endloop
  endfacet
  facet normal 1 0 0
    outer loop
      vertex -47.5 47.5 9.5
      vertex -47.5 40.9558 5.64683
      vertex -47.5 41.3813 5.40119
    endloop
  endfacet
  facet normal 1 0 0
    outer loop
      vertex -47.5 47.5 9.5
      vertex -47.5 40.4886 5.79865
      vertex -47.5 40.9558 5.64683
    endloop
  endfacet
  facet normal 1 0 0
    outer loop
      vertex -47.5 47.5 9.5
      vertex -47.5 40 5.85
      vertex -47.5 40.4886 5.79865
    endloop
  endfacet
  facet normal 1 0 0
    outer loop
      vertex -47.5 47.5 9.5
      vertex -47.5 39.5114 5.79865
      vertex -47.5 40 5.85
    endloop
  endfacet
  facet normal 1 0 0
    outer loop
      vertex -47.5 22.4886 5.79865
      vertex -47.5 39.5114 5.79865
      vertex -47.5 47.5 9.5
    endloop
  endfacet
  facet normal 1 0 0
    outer loop
      vertex -47.5 37.6629 3.74564
      vertex -47.5 24.3371 3.74564
      vertex -47.5 37.6629 3.25436
    endloop
  endfacet
  facet normal 1 0 0
    outer loop
      vertex -47.5 37.765 4.22619
      vertex -47.5 24.3371 3.74564
      vertex -47.5 37.6629 3.74564
    endloop
  endfacet
  facet normal 1 0 0
    outer loop
      vertex -47.5 24.235 4.22619
      vertex -47.5 37.765 4.22619
      vertex -47.5 37.9648 4.675
    endloop
  endfacet
  facet normal 1 0 0
    outer loop
      vertex -47.5 24.0352 4.675
      vertex -47.5 37.9648 4.675
      vertex -47.5 38.2536 5.07246
    endloop
  endfacet
  facet normal 1 0 0
    outer loop
      vertex -47.5 23.7464 5.07246
      vertex -47.5 38.2536 5.07246
      vertex -47.5 38.6187 5.40119
    endloop
  endfacet
  facet normal 1 0 0
    outer loop
      vertex -47.5 23.3813 5.40119
      vertex -47.5 38.6187 5.40119
      vertex -47.5 39.0442 5.64683
    endloop
  endfacet
  facet normal 1 0 0
    outer loop
      vertex -47.5 39.5114 5.79865
      vertex -47.5 22.4886 5.79865
      vertex -47.5 39.0442 5.64683
    endloop
  endfacet
  facet normal 1 0 0
    outer loop
      vertex -47.5 37.765 4.22619
      vertex -47.5 24.235 4.22619
      vertex -47.5 24.3371 3.74564
    endloop
  endfacet
  facet normal 1 0 0
    outer loop
      vertex -47.5 37.9648 4.675
      vertex -47.5 24.0352 4.675
      vertex -47.5 24.235 4.22619
    endloop
  endfacet
  facet normal 1 0 0
    outer loop
      vertex -47.5 38.2536 5.07246
      vertex -47.5 23.7464 5.07246
      vertex -47.5 24.0352 4.675
    endloop
  endfacet
  facet normal 1 0 0
    outer loop
      vertex -47.5 38.6187 5.40119
      vertex -47.5 23.3813 5.40119
      vertex -47.5 23.7464 5.07246
    endloop
  endfacet
  facet normal 1 0 0
    outer loop
      vertex -47.5 39.0442 5.64683
      vertex -47.5 22.9558 5.64683
      vertex -47.5 23.3813 5.40119
    endloop
  endfacet
  facet normal 1 0 0
    outer loop
      vertex -47.5 39.0442 5.64683
      vertex -47.5 22.4886 5.79865
      vertex -47.5 22.9558 5.64683
    endloop
  endfacet
  facet normal 1 0 0
    outer loop
      vertex -47.5 47.5 9.5
      vertex -47.5 22 5.85
      vertex -47.5 22.4886 5.79865
    endloop
  endfacet
  facet normal 1 0 0
    outer loop
      vertex -47.5 -22 5.85
      vertex -47.5 22 5.85
      vertex -47.5 47.5 9.5
    endloop
  endfacet
  facet normal 1 0 0
    outer loop
      vertex -47.5 19.6629 3.74564
      vertex -47.5 -19.6629 3.74564
      vertex -47.5 19.6629 3.25436
    endloop
  endfacet
  facet normal 1 0 0
    outer loop
      vertex -47.5 19.765 4.22619
      vertex -47.5 -19.6629 3.74564
      vertex -47.5 19.6629 3.74564
    endloop
  endfacet
  facet normal 1 0 0
    outer loop
      vertex -47.5 -19.765 4.22619
      vertex -47.5 19.765 4.22619
      vertex -47.5 19.9648 4.675
    endloop
  endfacet
  facet normal 1 0 0
    outer loop
      vertex -47.5 -19.9648 4.675
      vertex -47.5 19.9648 4.675
      vertex -47.5 20.2536 5.07246
    endloop
  endfacet
  facet normal 1 0 0
    outer loop
      vertex -47.5 -20.2536 5.07246
      vertex -47.5 20.2536 5.07246
      vertex -47.5 20.6187 5.40119
    endloop
  endfacet
  facet normal 1 0 0
    outer loop
      vertex -47.5 -20.6187 5.40119
      vertex -47.5 20.6187 5.40119
      vertex -47.5 21.0442 5.64683
    endloop
  endfacet
  facet normal 1 0 0
    outer loop
      vertex -47.5 -21.0442 5.64683
      vertex -47.5 21.0442 5.64683
      vertex -47.5 21.5114 5.79865
    endloop
  endfacet
  facet normal 1 0 0
    outer loop
      vertex -47.5 22 5.85
      vertex -47.5 -22 5.85
      vertex -47.5 21.5114 5.79865
    endloop
  endfacet
  facet normal 1 0 0
    outer loop
      vertex -47.5 19.765 4.22619
      vertex -47.5 -19.765 4.22619
      vertex -47.5 -19.6629 3.74564
    endloop
  endfacet
  facet normal 1 0 0
    outer loop
      vertex -47.5 19.9648 4.675
      vertex -47.5 -19.9648 4.675
      vertex -47.5 -19.765 4.22619
    endloop
  endfacet
  facet normal 1 0 0
    outer loop
      vertex -47.5 20.2536 5.07246
      vertex -47.5 -20.2536 5.07246
      vertex -47.5 -19.9648 4.675
    endloop
  endfacet
  facet normal 1 0 0
    outer loop
      vertex -47.5 20.6187 5.40119
      vertex -47.5 -20.6187 5.40119
      vertex -47.5 -20.2536 5.07246
    endloop
  endfacet
  facet normal 1 0 0
    outer loop
      vertex -47.5 21.0442 5.64683
      vertex -47.5 -21.0442 5.64683
      vertex -47.5 -20.6187 5.40119
    endloop
  endfacet
  facet normal 1 0 0
    outer loop
      vertex -47.5 21.5114 5.79865
      vertex -47.5 -21.5114 5.79865
      vertex -47.5 -21.0442 5.64683
    endloop
  endfacet
  facet normal 1 0 0
    outer loop
      vertex -47.5 21.5114 5.79865
      vertex -47.5 -22 5.85
      vertex -47.5 -21.5114 5.79865
    endloop
  endfacet
  facet normal 1 0 0
    outer loop
      vertex -47.5 -24.3371 3.74564
      vertex -47.5 -37.6629 3.74564
      vertex -47.5 -24.3371 3.25436
    endloop
  endfacet
  facet normal 1 0 0
    outer loop
      vertex -47.5 -24.235 4.22619
      vertex -47.5 -37.6629 3.74564
      vertex -47.5 -24.3371 3.74564
    endloop
  endfacet
  facet normal 1 0 0
    outer loop
      vertex -47.5 -37.765 4.22619
      vertex -47.5 -24.235 4.22619
      vertex -47.5 -24.0352 4.675
    endloop
  endfacet
  facet normal 1 0 0
    outer loop
      vertex -47.5 -37.9648 4.675
      vertex -47.5 -24.0352 4.675
      vertex -47.5 -23.7464 5.07246
    endloop
  endfacet
  facet normal 1 0 0
    outer loop
      vertex -47.5 -38.2536 5.07246
      vertex -47.5 -23.7464 5.07246
      vertex -47.5 -23.3813 5.40119
    endloop
  endfacet
  facet normal 1 0 0
    outer loop
      vertex -47.5 -38.6187 5.40119
      vertex -47.5 -23.3813 5.40119
      vertex -47.5 -22.9558 5.64683
    endloop
  endfacet
  facet normal 1 0 0
    outer loop
      vertex -47.5 -39.0442 5.64683
      vertex -47.5 -22.9558 5.64683
      vertex -47.5 -22.4886 5.79865
    endloop
  endfacet
  facet normal 1 0 0
    outer loop
      vertex -47.5 -24.235 4.22619
      vertex -47.5 -37.765 4.22619
      vertex -47.5 -37.6629 3.74564
    endloop
  endfacet
  facet normal 1 0 0
    outer loop
      vertex -47.5 -47.5 9.5
      vertex -47.5 -22.4886 5.79865
      vertex -47.5 -22 5.85
    endloop
  endfacet
  facet normal 1 0 0
    outer loop
      vertex -47.5 -24.0352 4.675
      vertex -47.5 -37.9648 4.675
      vertex -47.5 -37.765 4.22619
    endloop
  endfacet
  facet normal 1 0 0
    outer loop
      vertex -47.5 -23.7464 5.07246
      vertex -47.5 -38.2536 5.07246
      vertex -47.5 -37.9648 4.675
    endloop
  endfacet
  facet normal 1 -0 0
    outer loop
      vertex -47.5 -47.5 9.5
      vertex -47.5 -22 5.85
      vertex -47.5 47.5 9.5
    endloop
  endfacet
  facet normal 1 0 0
    outer loop
      vertex -47.5 -23.3813 5.40119
      vertex -47.5 -38.6187 5.40119
      vertex -47.5 -38.2536 5.07246
    endloop
  endfacet
  facet normal 1 0 0
    outer loop
      vertex -47.5 -22.9558 5.64683
      vertex -47.5 -39.0442 5.64683
      vertex -47.5 -38.6187 5.40119
    endloop
  endfacet
  facet normal 1 0 0
    outer loop
      vertex -47.5 -22.4886 5.79865
      vertex -47.5 -47.5 9.5
      vertex -47.5 -39.5114 5.79865
    endloop
  endfacet
  facet normal 1 0 0
    outer loop
      vertex -47.5 -22.4886 5.79865
      vertex -47.5 -39.5114 5.79865
      vertex -47.5 -39.0442 5.64683
    endloop
  endfacet
  facet normal 1 0 0
    outer loop
      vertex -47.5 -47.5 0.2
      vertex -47.5 -42.3371 3.74564
      vertex -47.5 -47.5 9.5
    endloop
  endfacet
  facet normal 1 0 0
    outer loop
      vertex -47.5 -42.235 4.22619
      vertex -47.5 -47.5 9.5
      vertex -47.5 -42.3371 3.74564
    endloop
  endfacet
  facet normal 1 0 0
    outer loop
      vertex -47.5 -42.0352 4.675
      vertex -47.5 -47.5 9.5
      vertex -47.5 -42.235 4.22619
    endloop
  endfacet
  facet normal 1 0 0
    outer loop
      vertex -47.5 -41.7464 5.07246
      vertex -47.5 -47.5 9.5
      vertex -47.5 -42.0352 4.675
    endloop
  endfacet
  facet normal 1 0 0
    outer loop
      vertex -47.5 -41.3813 5.40119
      vertex -47.5 -47.5 9.5
      vertex -47.5 -41.7464 5.07246
    endloop
  endfacet
  facet normal 1 0 0
    outer loop
      vertex -47.5 -40.9558 5.64683
      vertex -47.5 -47.5 9.5
      vertex -47.5 -41.3813 5.40119
    endloop
  endfacet
  facet normal 1 0 0
    outer loop
      vertex -47.5 -40.4886 5.79865
      vertex -47.5 -47.5 9.5
      vertex -47.5 -40.9558 5.64683
    endloop
  endfacet
  facet normal 1 0 0
    outer loop
      vertex -47.5 -40 5.85
      vertex -47.5 -47.5 9.5
      vertex -47.5 -40.4886 5.79865
    endloop
  endfacet
  facet normal 1 0 0
    outer loop
      vertex -47.5 -39.5114 5.79865
      vertex -47.5 -47.5 9.5
      vertex -47.5 -40 5.85
    endloop
  endfacet
  facet normal 1 -0 0
    outer loop
      vertex -47.5 42.3371 3.25436
      vertex -47.5 47.5 0.2
      vertex -47.5 42.3371 3.74564
    endloop
  endfacet
  facet normal 1 -0 0
    outer loop
      vertex -47.5 42.235 2.77381
      vertex -47.5 47.5 0.2
      vertex -47.5 42.3371 3.25436
    endloop
  endfacet
  facet normal 1 -0 0
    outer loop
      vertex -47.5 42.0352 2.325
      vertex -47.5 47.5 0.2
      vertex -47.5 42.235 2.77381
    endloop
  endfacet
  facet normal 1 -0 0
    outer loop
      vertex -47.5 41.7464 1.92754
      vertex -47.5 47.5 0.2
      vertex -47.5 42.0352 2.325
    endloop
  endfacet
  facet normal 1 -0 0
    outer loop
      vertex -47.5 41.3813 1.59881
      vertex -47.5 47.5 0.2
      vertex -47.5 41.7464 1.92754
    endloop
  endfacet
  facet normal 1 -0 0
    outer loop
      vertex -47.5 40.9558 1.35317
      vertex -47.5 47.5 0.2
      vertex -47.5 41.3813 1.59881
    endloop
  endfacet
  facet normal 1 -0 0
    outer loop
      vertex -47.5 40.4886 1.20135
      vertex -47.5 47.5 0.2
      vertex -47.5 40.9558 1.35317
    endloop
  endfacet
  facet normal 1 -0 0
    outer loop
      vertex -47.5 40 1.15
      vertex -47.5 47.5 0.2
      vertex -47.5 40.4886 1.20135
    endloop
  endfacet
  facet normal 1 0 0
    outer loop
      vertex -47.5 22 1.15
      vertex -47.5 40 1.15
      vertex -47.5 39.5114 1.20135
    endloop
  endfacet
  facet normal 1 0 0
    outer loop
      vertex -47.5 24.3371 3.25436
      vertex -47.5 37.6629 3.25436
      vertex -47.5 24.3371 3.74564
    endloop
  endfacet
  facet normal 1 0 0
    outer loop
      vertex -47.5 37.6629 3.25436
      vertex -47.5 24.3371 3.25436
      vertex -47.5 37.765 2.77381
    endloop
  endfacet
  facet normal 1 0 0
    outer loop
      vertex -47.5 24.235 2.77381
      vertex -47.5 37.765 2.77381
      vertex -47.5 24.3371 3.25436
    endloop
  endfacet
  facet normal 1 0 0
    outer loop
      vertex -47.5 37.765 2.77381
      vertex -47.5 24.235 2.77381
      vertex -47.5 37.9648 2.325
    endloop
  endfacet
  facet normal 1 0 0
    outer loop
      vertex -47.5 24.0352 2.325
      vertex -47.5 37.9648 2.325
      vertex -47.5 24.235 2.77381
    endloop
  endfacet
  facet normal 1 0 0
    outer loop
      vertex -47.5 37.9648 2.325
      vertex -47.5 24.0352 2.325
      vertex -47.5 38.2536 1.92754
    endloop
  endfacet
  facet normal 1 0 0
    outer loop
      vertex -47.5 23.7464 1.92754
      vertex -47.5 38.2536 1.92754
      vertex -47.5 24.0352 2.325
    endloop
  endfacet
  facet normal 1 0 0
    outer loop
      vertex -47.5 38.2536 1.92754
      vertex -47.5 23.7464 1.92754
      vertex -47.5 38.6187 1.59881
    endloop
  endfacet
  facet normal 1 0 0
    outer loop
      vertex -47.5 23.3813 1.59881
      vertex -47.5 38.6187 1.59881
      vertex -47.5 23.7464 1.92754
    endloop
  endfacet
  facet normal 1 0 0
    outer loop
      vertex -47.5 38.6187 1.59881
      vertex -47.5 23.3813 1.59881
      vertex -47.5 39.0442 1.35317
    endloop
  endfacet
  facet normal 1 0 0
    outer loop
      vertex -47.5 22.9558 1.35317
      vertex -47.5 39.0442 1.35317
      vertex -47.5 23.3813 1.59881
    endloop
  endfacet
  facet normal 1 0 0
    outer loop
      vertex -47.5 39.0442 1.35317
      vertex -47.5 22.9558 1.35317
      vertex -47.5 39.5114 1.20135
    endloop
  endfacet
  facet normal 1 0 0
    outer loop
      vertex -47.5 22.4886 1.20135
      vertex -47.5 39.5114 1.20135
      vertex -47.5 22.9558 1.35317
    endloop
  endfacet
  facet normal 1 0 0
    outer loop
      vertex -47.5 22 1.15
      vertex -47.5 39.5114 1.20135
      vertex -47.5 22.4886 1.20135
    endloop
  endfacet
  facet normal 1 0 0
    outer loop
      vertex -47.5 40 1.15
      vertex -47.5 22 1.15
      vertex -47.5 47.5 0.2
    endloop
  endfacet
  facet normal 1 0 0
    outer loop
      vertex -47.5 -19.6629 3.25436
      vertex -47.5 19.6629 3.25436
      vertex -47.5 -19.6629 3.74564
    endloop
  endfacet
  facet normal 1 0 0
    outer loop
      vertex -47.5 19.6629 3.25436
      vertex -47.5 -19.6629 3.25436
      vertex -47.5 19.765 2.77381
    endloop
  endfacet
  facet normal 1 0 0
    outer loop
      vertex -47.5 -19.765 2.77381
      vertex -47.5 19.765 2.77381
      vertex -47.5 -19.6629 3.25436
    endloop
  endfacet
  facet normal 1 0 0
    outer loop
      vertex -47.5 19.765 2.77381
      vertex -47.5 -19.765 2.77381
      vertex -47.5 19.9648 2.325
    endloop
  endfacet
  facet normal 1 0 0
    outer loop
      vertex -47.5 -19.9648 2.325
      vertex -47.5 19.9648 2.325
      vertex -47.5 -19.765 2.77381
    endloop
  endfacet
  facet normal 1 0 0
    outer loop
      vertex -47.5 19.9648 2.325
      vertex -47.5 -19.9648 2.325
      vertex -47.5 20.2536 1.92754
    endloop
  endfacet
  facet normal 1 0 0
    outer loop
      vertex -47.5 -20.2536 1.92754
      vertex -47.5 20.2536 1.92754
      vertex -47.5 -19.9648 2.325
    endloop
  endfacet
  facet normal 1 0 0
    outer loop
      vertex -47.5 20.2536 1.92754
      vertex -47.5 -20.2536 1.92754
      vertex -47.5 20.6187 1.59881
    endloop
  endfacet
  facet normal 1 0 0
    outer loop
      vertex -47.5 -20.6187 1.59881
      vertex -47.5 20.6187 1.59881
      vertex -47.5 -20.2536 1.92754
    endloop
  endfacet
  facet normal 1 0 0
    outer loop
      vertex -47.5 20.6187 1.59881
      vertex -47.5 -20.6187 1.59881
      vertex -47.5 21.0442 1.35317
    endloop
  endfacet
  facet normal 1 0 0
    outer loop
      vertex -47.5 -21.0442 1.35317
      vertex -47.5 21.0442 1.35317
      vertex -47.5 -20.6187 1.59881
    endloop
  endfacet
  facet normal 1 0 0
    outer loop
      vertex -47.5 21.0442 1.35317
      vertex -47.5 -21.0442 1.35317
      vertex -47.5 21.5114 1.20135
    endloop
  endfacet
  facet normal 1 0 0
    outer loop
      vertex -47.5 -21.5114 1.20135
      vertex -47.5 21.5114 1.20135
      vertex -47.5 -21.0442 1.35317
    endloop
  endfacet
  facet normal 1 0 0
    outer loop
      vertex -47.5 21.5114 1.20135
      vertex -47.5 -21.5114 1.20135
      vertex -47.5 22 1.15
    endloop
  endfacet
  facet normal 1 0 0
    outer loop
      vertex -47.5 -22 1.15
      vertex -47.5 22 1.15
      vertex -47.5 -21.5114 1.20135
    endloop
  endfacet
  facet normal 1 0 0
    outer loop
      vertex -47.5 22 1.15
      vertex -47.5 -22 1.15
      vertex -47.5 47.5 0.2
    endloop
  endfacet
  facet normal 1 0 0
    outer loop
      vertex -47.5 -37.6629 3.25436
      vertex -47.5 -24.3371 3.25436
      vertex -47.5 -37.6629 3.74564
    endloop
  endfacet
  facet normal 1 0 0
    outer loop
      vertex -47.5 -24.3371 3.25436
      vertex -47.5 -37.6629 3.25436
      vertex -47.5 -24.235 2.77381
    endloop
  endfacet
  facet normal 1 0 0
    outer loop
      vertex -47.5 -37.765 2.77381
      vertex -47.5 -24.235 2.77381
      vertex -47.5 -37.6629 3.25436
    endloop
  endfacet
  facet normal 1 0 0
    outer loop
      vertex -47.5 -24.235 2.77381
      vertex -47.5 -37.765 2.77381
      vertex -47.5 -24.0352 2.325
    endloop
  endfacet
  facet normal 1 0 0
    outer loop
      vertex -47.5 -37.9648 2.325
      vertex -47.5 -24.0352 2.325
      vertex -47.5 -37.765 2.77381
    endloop
  endfacet
  facet normal 1 0 0
    outer loop
      vertex -47.5 -24.0352 2.325
      vertex -47.5 -37.9648 2.325
      vertex -47.5 -23.7464 1.92754
    endloop
  endfacet
  facet normal 1 0 0
    outer loop
      vertex -47.5 -38.2536 1.92754
      vertex -47.5 -23.7464 1.92754
      vertex -47.5 -37.9648 2.325
    endloop
  endfacet
  facet normal 1 0 0
    outer loop
      vertex -47.5 -23.7464 1.92754
      vertex -47.5 -38.2536 1.92754
      vertex -47.5 -23.3813 1.59881
    endloop
  endfacet
  facet normal 1 0 0
    outer loop
      vertex -47.5 -38.6187 1.59881
      vertex -47.5 -23.3813 1.59881
      vertex -47.5 -38.2536 1.92754
    endloop
  endfacet
  facet normal 1 0 0
    outer loop
      vertex -47.5 -23.3813 1.59881
      vertex -47.5 -38.6187 1.59881
      vertex -47.5 -22.9558 1.35317
    endloop
  endfacet
  facet normal 1 0 0
    outer loop
      vertex -47.5 -39.0442 1.35317
      vertex -47.5 -22.9558 1.35317
      vertex -47.5 -38.6187 1.59881
    endloop
  endfacet
  facet normal 1 0 0
    outer loop
      vertex -47.5 -22.9558 1.35317
      vertex -47.5 -39.0442 1.35317
      vertex -47.5 -22.4886 1.20135
    endloop
  endfacet
  facet normal 1 0 0
    outer loop
      vertex -47.5 -39.5114 1.20135
      vertex -47.5 -22.4886 1.20135
      vertex -47.5 -39.0442 1.35317
    endloop
  endfacet
  facet normal 1 0 0
    outer loop
      vertex -47.5 -22.4886 1.20135
      vertex -47.5 -39.5114 1.20135
      vertex -47.5 -22 1.15
    endloop
  endfacet
  facet normal 1 0 0
    outer loop
      vertex -47.5 -40 1.15
      vertex -47.5 -22 1.15
      vertex -47.5 -39.5114 1.20135
    endloop
  endfacet
  facet normal 1 0 0
    outer loop
      vertex -47.5 -47.5 0.2
      vertex -47.5 -22 1.15
      vertex -47.5 -40 1.15
    endloop
  endfacet
  facet normal 1 0 0
    outer loop
      vertex -47.5 -42.3371 3.74564
      vertex -47.5 -47.5 0.2
      vertex -47.5 -42.3371 3.25436
    endloop
  endfacet
  facet normal 1 0 0
    outer loop
      vertex -47.5 -42.3371 3.25436
      vertex -47.5 -47.5 0.2
      vertex -47.5 -42.235 2.77381
    endloop
  endfacet
  facet normal 1 0 0
    outer loop
      vertex -47.5 -42.235 2.77381
      vertex -47.5 -47.5 0.2
      vertex -47.5 -42.0352 2.325
    endloop
  endfacet
  facet normal 1 0 0
    outer loop
      vertex -47.5 -22 1.15
      vertex -47.5 -47.5 0.2
      vertex -47.5 47.5 0.2
    endloop
  endfacet
  facet normal 1 0 0
    outer loop
      vertex -47.5 -40.4886 1.20135
      vertex -47.5 -47.5 0.2
      vertex -47.5 -40 1.15
    endloop
  endfacet
  facet normal 1 0 0
    outer loop
      vertex -47.5 -40.9558 1.35317
      vertex -47.5 -47.5 0.2
      vertex -47.5 -40.4886 1.20135
    endloop
  endfacet
  facet normal 1 0 0
    outer loop
      vertex -47.5 -41.3813 1.59881
      vertex -47.5 -47.5 0.2
      vertex -47.5 -40.9558 1.35317
    endloop
  endfacet
  facet normal 1 0 0
    outer loop
      vertex -47.5 -41.7464 1.92754
      vertex -47.5 -47.5 0.2
      vertex -47.5 -41.3813 1.59881
    endloop
  endfacet
  facet normal 1 0 0
    outer loop
      vertex -47.5 -42.0352 2.325
      vertex -47.5 -47.5 0.2
      vertex -47.5 -41.7464 1.92754
    endloop
  endfacet
  facet normal 0 -1 0
    outer loop
      vertex 39.2738 47.5 5.73498
      vertex 47.5 47.5 9.5
      vertex 22.7262 47.5 5.73498
    endloop
  endfacet
  facet normal 0 -1 0
    outer loop
      vertex 47.5 47.5 9.5
      vertex 39.2738 47.5 5.73498
      vertex 39.7544 47.5 5.83713
    endloop
  endfacet
  facet normal 0 -1 0
    outer loop
      vertex 23.175 47.5 5.53516
      vertex 39.2738 47.5 5.73498
      vertex 22.7262 47.5 5.73498
    endloop
  endfacet
  facet normal 0 -1 0
    outer loop
      vertex 23.175 47.5 5.53516
      vertex 38.825 47.5 5.53516
      vertex 39.2738 47.5 5.73498
    endloop
  endfacet
  facet normal 0 -1 0
    outer loop
      vertex 23.5725 47.5 5.24639
      vertex 38.825 47.5 5.53516
      vertex 23.175 47.5 5.53516
    endloop
  endfacet
  facet normal 0 -1 0
    outer loop
      vertex 23.5725 47.5 5.24639
      vertex 38.4275 47.5 5.24639
      vertex 38.825 47.5 5.53516
    endloop
  endfacet
  facet normal 0 -1 0
    outer loop
      vertex 23.9012 47.5 4.8813
      vertex 38.4275 47.5 5.24639
      vertex 23.5725 47.5 5.24639
    endloop
  endfacet
  facet normal 0 -1 0
    outer loop
      vertex 23.9012 47.5 4.8813
      vertex 38.0988 47.5 4.8813
      vertex 38.4275 47.5 5.24639
    endloop
  endfacet
  facet normal 0 -1 0
    outer loop
      vertex 24.1468 47.5 4.45583
      vertex 38.0988 47.5 4.8813
      vertex 23.9012 47.5 4.8813
    endloop
  endfacet
  facet normal 0 -1 0
    outer loop
      vertex 24.1468 47.5 4.45583
      vertex 37.8532 47.5 4.45583
      vertex 38.0988 47.5 4.8813
    endloop
  endfacet
  facet normal 0 -1 0
    outer loop
      vertex 24.2986 47.5 3.98859
      vertex 37.8532 47.5 4.45583
      vertex 24.1468 47.5 4.45583
    endloop
  endfacet
  facet normal 0 -1 0
    outer loop
      vertex 24.2986 47.5 3.98859
      vertex 37.7014 47.5 3.98859
      vertex 37.8532 47.5 4.45583
    endloop
  endfacet
  facet normal 0 -1 0
    outer loop
      vertex 24.35 47.5 3.5
      vertex 37.7014 47.5 3.98859
      vertex 24.2986 47.5 3.98859
    endloop
  endfacet
  facet normal 0 -1 0
    outer loop
      vertex 24.35 47.5 3.5
      vertex 37.65 47.5 3.5
      vertex 37.7014 47.5 3.98859
    endloop
  endfacet
  facet normal 0 -1 0
    outer loop
      vertex 24.2986 47.5 3.01141
      vertex 37.65 47.5 3.5
      vertex 24.35 47.5 3.5
    endloop
  endfacet
  facet normal 0 -1 0
    outer loop
      vertex 24.2986 47.5 3.01141
      vertex 37.7014 47.5 3.01141
      vertex 37.65 47.5 3.5
    endloop
  endfacet
  facet normal 0 -1 0
    outer loop
      vertex 24.1468 47.5 2.54417
      vertex 37.7014 47.5 3.01141
      vertex 24.2986 47.5 3.01141
    endloop
  endfacet
  facet normal 0 -1 0
    outer loop
      vertex 24.1468 47.5 2.54417
      vertex 37.8532 47.5 2.54417
      vertex 37.7014 47.5 3.01141
    endloop
  endfacet
  facet normal 0 -1 0
    outer loop
      vertex 23.9012 47.5 2.1187
      vertex 37.8532 47.5 2.54417
      vertex 24.1468 47.5 2.54417
    endloop
  endfacet
  facet normal 0 -1 0
    outer loop
      vertex 23.9012 47.5 2.1187
      vertex 38.0988 47.5 2.1187
      vertex 37.8532 47.5 2.54417
    endloop
  endfacet
  facet normal 0 -1 0
    outer loop
      vertex 23.5725 47.5 1.75361
      vertex 38.0988 47.5 2.1187
      vertex 23.9012 47.5 2.1187
    endloop
  endfacet
  facet normal 0 -1 0
    outer loop
      vertex 23.5725 47.5 1.75361
      vertex 38.4275 47.5 1.75361
      vertex 38.0988 47.5 2.1187
    endloop
  endfacet
  facet normal 0 -1 0
    outer loop
      vertex 23.175 47.5 1.46484
      vertex 38.4275 47.5 1.75361
      vertex 23.5725 47.5 1.75361
    endloop
  endfacet
  facet normal 0 -1 0
    outer loop
      vertex 23.175 47.5 1.46484
      vertex 38.825 47.5 1.46484
      vertex 38.4275 47.5 1.75361
    endloop
  endfacet
  facet normal 0 -1 0
    outer loop
      vertex 22.7262 47.5 1.26502
      vertex 38.825 47.5 1.46484
      vertex 23.175 47.5 1.46484
    endloop
  endfacet
  facet normal 0 -1 0
    outer loop
      vertex 22.7262 47.5 1.26502
      vertex 39.2738 47.5 1.26502
      vertex 38.825 47.5 1.46484
    endloop
  endfacet
  facet normal 0 -1 0
    outer loop
      vertex 22.2456 47.5 1.16287
      vertex 39.2738 47.5 1.26502
      vertex 22.7262 47.5 1.26502
    endloop
  endfacet
  facet normal 0 -1 -0
    outer loop
      vertex 39.2738 47.5 1.26502
      vertex 22.2456 47.5 1.16287
      vertex 39.7544 47.5 1.16287
    endloop
  endfacet
  facet normal 0 -1 0
    outer loop
      vertex -21.2738 47.5 5.73498
      vertex 21.7544 47.5 5.83713
      vertex -21.7544 47.5 5.83713
    endloop
  endfacet
  facet normal 0 -1 0
    outer loop
      vertex -21.2738 47.5 5.73498
      vertex 21.2738 47.5 5.73498
      vertex 21.7544 47.5 5.83713
    endloop
  endfacet
  facet normal 0 -1 0
    outer loop
      vertex -20.825 47.5 5.53516
      vertex 21.2738 47.5 5.73498
      vertex -21.2738 47.5 5.73498
    endloop
  endfacet
  facet normal 0 -1 0
    outer loop
      vertex -20.825 47.5 5.53516
      vertex 20.825 47.5 5.53516
      vertex 21.2738 47.5 5.73498
    endloop
  endfacet
  facet normal 0 -1 0
    outer loop
      vertex -20.4275 47.5 5.24639
      vertex 20.825 47.5 5.53516
      vertex -20.825 47.5 5.53516
    endloop
  endfacet
  facet normal 0 -1 0
    outer loop
      vertex -20.4275 47.5 5.24639
      vertex 20.4275 47.5 5.24639
      vertex 20.825 47.5 5.53516
    endloop
  endfacet
  facet normal 0 -1 0
    outer loop
      vertex -20.0988 47.5 4.8813
      vertex 20.4275 47.5 5.24639
      vertex -20.4275 47.5 5.24639
    endloop
  endfacet
  facet normal 0 -1 0
    outer loop
      vertex -20.0988 47.5 4.8813
      vertex 20.0988 47.5 4.8813
      vertex 20.4275 47.5 5.24639
    endloop
  endfacet
  facet normal 0 -1 0
    outer loop
      vertex -19.8532 47.5 4.45583
      vertex 20.0988 47.5 4.8813
      vertex -20.0988 47.5 4.8813
    endloop
  endfacet
  facet normal 0 -1 0
    outer loop
      vertex -19.8532 47.5 4.45583
      vertex 19.8532 47.5 4.45583
      vertex 20.0988 47.5 4.8813
    endloop
  endfacet
  facet normal 0 -1 0
    outer loop
      vertex -19.7014 47.5 3.98859
      vertex 19.8532 47.5 4.45583
      vertex -19.8532 47.5 4.45583
    endloop
  endfacet
  facet normal 0 -1 0
    outer loop
      vertex -19.7014 47.5 3.98859
      vertex 19.7014 47.5 3.98859
      vertex 19.8532 47.5 4.45583
    endloop
  endfacet
  facet normal 0 -1 0
    outer loop
      vertex -19.65 47.5 3.5
      vertex 19.7014 47.5 3.98859
      vertex -19.7014 47.5 3.98859
    endloop
  endfacet
  facet normal 0 -1 0
    outer loop
      vertex -19.65 47.5 3.5
      vertex 19.65 47.5 3.5
      vertex 19.7014 47.5 3.98859
    endloop
  endfacet
  facet normal 0 -1 0
    outer loop
      vertex -19.7014 47.5 3.01141
      vertex 19.65 47.5 3.5
      vertex -19.65 47.5 3.5
    endloop
  endfacet
  facet normal 0 -1 0
    outer loop
      vertex -19.7014 47.5 3.01141
      vertex 19.7014 47.5 3.01141
      vertex 19.65 47.5 3.5
    endloop
  endfacet
  facet normal 0 -1 0
    outer loop
      vertex -19.8532 47.5 2.54417
      vertex 19.7014 47.5 3.01141
      vertex -19.7014 47.5 3.01141
    endloop
  endfacet
  facet normal 0 -1 0
    outer loop
      vertex -19.8532 47.5 2.54417
      vertex 19.8532 47.5 2.54417
      vertex 19.7014 47.5 3.01141
    endloop
  endfacet
  facet normal 0 -1 0
    outer loop
      vertex -20.0988 47.5 2.1187
      vertex 19.8532 47.5 2.54417
      vertex -19.8532 47.5 2.54417
    endloop
  endfacet
  facet normal 0 -1 0
    outer loop
      vertex -20.0988 47.5 2.1187
      vertex 20.0988 47.5 2.1187
      vertex 19.8532 47.5 2.54417
    endloop
  endfacet
  facet normal 0 -1 0
    outer loop
      vertex -20.4275 47.5 1.75361
      vertex 20.0988 47.5 2.1187
      vertex -20.0988 47.5 2.1187
    endloop
  endfacet
  facet normal 0 -1 0
    outer loop
      vertex -20.4275 47.5 1.75361
      vertex 20.4275 47.5 1.75361
      vertex 20.0988 47.5 2.1187
    endloop
  endfacet
  facet normal 0 -1 0
    outer loop
      vertex -20.825 47.5 1.46484
      vertex 20.4275 47.5 1.75361
      vertex -20.4275 47.5 1.75361
    endloop
  endfacet
  facet normal 0 -1 0
    outer loop
      vertex -20.825 47.5 1.46484
      vertex 20.825 47.5 1.46484
      vertex 20.4275 47.5 1.75361
    endloop
  endfacet
  facet normal 0 -1 0
    outer loop
      vertex -21.2738 47.5 1.26502
      vertex 20.825 47.5 1.46484
      vertex -20.825 47.5 1.46484
    endloop
  endfacet
  facet normal 0 -1 0
    outer loop
      vertex -21.2738 47.5 1.26502
      vertex 21.2738 47.5 1.26502
      vertex 20.825 47.5 1.46484
    endloop
  endfacet
  facet normal 0 -1 0
    outer loop
      vertex -21.7544 47.5 1.16287
      vertex 21.2738 47.5 1.26502
      vertex -21.2738 47.5 1.26502
    endloop
  endfacet
  facet normal 0 -1 -0
    outer loop
      vertex 21.2738 47.5 1.26502
      vertex -21.7544 47.5 1.16287
      vertex 21.7544 47.5 1.16287
    endloop
  endfacet
  facet normal 0 -1 0
    outer loop
      vertex -22.7262 47.5 5.73498
      vertex -47.5 47.5 9.5
      vertex -39.2738 47.5 5.73498
    endloop
  endfacet
  facet normal 0 -1 0
    outer loop
      vertex -47.5 47.5 9.5
      vertex -22.7262 47.5 5.73498
      vertex -22.2456 47.5 5.83713
    endloop
  endfacet
  facet normal 0 -1 0
    outer loop
      vertex -38.825 47.5 5.53516
      vertex -22.7262 47.5 5.73498
      vertex -39.2738 47.5 5.73498
    endloop
  endfacet
  facet normal 0 -1 0
    outer loop
      vertex -38.825 47.5 5.53516
      vertex -23.175 47.5 5.53516
      vertex -22.7262 47.5 5.73498
    endloop
  endfacet
  facet normal 0 -1 0
    outer loop
      vertex -38.4275 47.5 5.24639
      vertex -23.175 47.5 5.53516
      vertex -38.825 47.5 5.53516
    endloop
  endfacet
  facet normal 0 -1 0
    outer loop
      vertex -38.4275 47.5 5.24639
      vertex -23.5725 47.5 5.24639
      vertex -23.175 47.5 5.53516
    endloop
  endfacet
  facet normal 0 -1 0
    outer loop
      vertex -38.0988 47.5 4.8813
      vertex -23.5725 47.5 5.24639
      vertex -38.4275 47.5 5.24639
    endloop
  endfacet
  facet normal 0 -1 0
    outer loop
      vertex -38.0988 47.5 4.8813
      vertex -23.9012 47.5 4.8813
      vertex -23.5725 47.5 5.24639
    endloop
  endfacet
  facet normal 0 -1 0
    outer loop
      vertex -37.8532 47.5 4.45583
      vertex -23.9012 47.5 4.8813
      vertex -38.0988 47.5 4.8813
    endloop
  endfacet
  facet normal 0 -1 0
    outer loop
      vertex -37.8532 47.5 4.45583
      vertex -24.1468 47.5 4.45583
      vertex -23.9012 47.5 4.8813
    endloop
  endfacet
  facet normal 0 -1 0
    outer loop
      vertex -37.7014 47.5 3.98859
      vertex -24.1468 47.5 4.45583
      vertex -37.8532 47.5 4.45583
    endloop
  endfacet
  facet normal 0 -1 0
    outer loop
      vertex -37.7014 47.5 3.98859
      vertex -24.2986 47.5 3.98859
      vertex -24.1468 47.5 4.45583
    endloop
  endfacet
  facet normal 0 -1 0
    outer loop
      vertex -37.65 47.5 3.5
      vertex -24.2986 47.5 3.98859
      vertex -37.7014 47.5 3.98859
    endloop
  endfacet
  facet normal 0 -1 0
    outer loop
      vertex -37.65 47.5 3.5
      vertex -24.35 47.5 3.5
      vertex -24.2986 47.5 3.98859
    endloop
  endfacet
  facet normal 0 -1 0
    outer loop
      vertex -37.7014 47.5 3.01141
      vertex -24.35 47.5 3.5
      vertex -37.65 47.5 3.5
    endloop
  endfacet
  facet normal 0 -1 0
    outer loop
      vertex -37.7014 47.5 3.01141
      vertex -24.2986 47.5 3.01141
      vertex -24.35 47.5 3.5
    endloop
  endfacet
  facet normal 0 -1 0
    outer loop
      vertex -37.8532 47.5 2.54417
      vertex -24.2986 47.5 3.01141
      vertex -37.7014 47.5 3.01141
    endloop
  endfacet
  facet normal 0 -1 0
    outer loop
      vertex -37.8532 47.5 2.54417
      vertex -24.1468 47.5 2.54417
      vertex -24.2986 47.5 3.01141
    endloop
  endfacet
  facet normal 0 -1 0
    outer loop
      vertex -38.0988 47.5 2.1187
      vertex -24.1468 47.5 2.54417
      vertex -37.8532 47.5 2.54417
    endloop
  endfacet
  facet normal 0 -1 0
    outer loop
      vertex -38.0988 47.5 2.1187
      vertex -23.9012 47.5 2.1187
      vertex -24.1468 47.5 2.54417
    endloop
  endfacet
  facet normal 0 -1 0
    outer loop
      vertex -38.4275 47.5 1.75361
      vertex -23.9012 47.5 2.1187
      vertex -38.0988 47.5 2.1187
    endloop
  endfacet
  facet normal 0 -1 0
    outer loop
      vertex -38.4275 47.5 1.75361
      vertex -23.5725 47.5 1.75361
      vertex -23.9012 47.5 2.1187
    endloop
  endfacet
  facet normal 0 -1 0
    outer loop
      vertex -38.825 47.5 1.46484
      vertex -23.5725 47.5 1.75361
      vertex -38.4275 47.5 1.75361
    endloop
  endfacet
  facet normal 0 -1 0
    outer loop
      vertex -38.825 47.5 1.46484
      vertex -23.175 47.5 1.46484
      vertex -23.5725 47.5 1.75361
    endloop
  endfacet
  facet normal 0 -1 0
    outer loop
      vertex -39.2738 47.5 1.26502
      vertex -23.175 47.5 1.46484
      vertex -38.825 47.5 1.46484
    endloop
  endfacet
  facet normal 0 -1 0
    outer loop
      vertex -39.2738 47.5 1.26502
      vertex -22.7262 47.5 1.26502
      vertex -23.175 47.5 1.46484
    endloop
  endfacet
  facet normal 0 -1 0
    outer loop
      vertex -39.7544 47.5 1.16287
      vertex -22.7262 47.5 1.26502
      vertex -39.2738 47.5 1.26502
    endloop
  endfacet
  facet normal 0 -1 -0
    outer loop
      vertex -22.7262 47.5 1.26502
      vertex -39.7544 47.5 1.16287
      vertex -22.2456 47.5 1.16287
    endloop
  endfacet
  facet normal 0 -1 0
    outer loop
      vertex -39.7544 47.5 5.83713
      vertex -47.5 47.5 9.5
      vertex -40.2456 47.5 5.83713
    endloop
  endfacet
  facet normal 0 -1 0
    outer loop
      vertex -47.5 47.5 9.5
      vertex -40.7262 47.5 5.73498
      vertex -40.2456 47.5 5.83713
    endloop
  endfacet
  facet normal 0 -1 0
    outer loop
      vertex -47.5 47.5 9.5
      vertex -41.175 47.5 5.53516
      vertex -40.7262 47.5 5.73498
    endloop
  endfacet
  facet normal 0 -1 0
    outer loop
      vertex -47.5 47.5 9.5
      vertex -41.5725 47.5 5.24639
      vertex -41.175 47.5 5.53516
    endloop
  endfacet
  facet normal 0 -1 0
    outer loop
      vertex -47.5 47.5 9.5
      vertex -41.9012 47.5 4.8813
      vertex -41.5725 47.5 5.24639
    endloop
  endfacet
  facet normal 0 -1 0
    outer loop
      vertex -47.5 47.5 9.5
      vertex -42.1468 47.5 4.45583
      vertex -41.9012 47.5 4.8813
    endloop
  endfacet
  facet normal 0 -1 0
    outer loop
      vertex -47.5 47.5 9.5
      vertex -42.2986 47.5 3.98859
      vertex -42.1468 47.5 4.45583
    endloop
  endfacet
  facet normal 0 -1 0
    outer loop
      vertex -47.5 47.5 0.2
      vertex -42.2986 47.5 3.98859
      vertex -47.5 47.5 9.5
    endloop
  endfacet
  facet normal 0 -1 0
    outer loop
      vertex -42.2986 47.5 3.98859
      vertex -47.5 47.5 0.2
      vertex -42.35 47.5 3.5
    endloop
  endfacet
  facet normal 0 -1 -0
    outer loop
      vertex -42.35 47.5 3.5
      vertex -47.5 47.5 0.2
      vertex -42.2986 47.5 3.01141
    endloop
  endfacet
  facet normal 0 -1 -0
    outer loop
      vertex -42.2986 47.5 3.01141
      vertex -47.5 47.5 0.2
      vertex -42.1468 47.5 2.54417
    endloop
  endfacet
  facet normal 0 -1 0
    outer loop
      vertex -47.5 47.5 0.2
      vertex -39.7544 47.5 1.16287
      vertex -40.2456 47.5 1.16287
    endloop
  endfacet
  facet normal 0 -1 -0
    outer loop
      vertex -39.7544 47.5 1.16287
      vertex -47.5 47.5 0.2
      vertex -22.2456 47.5 1.16287
    endloop
  endfacet
  facet normal 0 -1 -0
    outer loop
      vertex -22.2456 47.5 1.16287
      vertex -47.5 47.5 0.2
      vertex -21.7544 47.5 1.16287
    endloop
  endfacet
  facet normal 0 -1 -0
    outer loop
      vertex -21.7544 47.5 1.16287
      vertex -47.5 47.5 0.2
      vertex 21.7544 47.5 1.16287
    endloop
  endfacet
  facet normal 0 -1 0
    outer loop
      vertex 47.5 47.5 0.2
      vertex 21.7544 47.5 1.16287
      vertex -47.5 47.5 0.2
    endloop
  endfacet
  facet normal 0 -1 0
    outer loop
      vertex 21.7544 47.5 1.16287
      vertex 47.5 47.5 0.2
      vertex 22.2456 47.5 1.16287
    endloop
  endfacet
  facet normal 0 -1 0
    outer loop
      vertex 22.2456 47.5 1.16287
      vertex 47.5 47.5 0.2
      vertex 39.7544 47.5 1.16287
    endloop
  endfacet
  facet normal 0 -1 -0
    outer loop
      vertex -40.7262 47.5 1.26502
      vertex -47.5 47.5 0.2
      vertex -40.2456 47.5 1.16287
    endloop
  endfacet
  facet normal 0 -1 -0
    outer loop
      vertex -41.175 47.5 1.46484
      vertex -47.5 47.5 0.2
      vertex -40.7262 47.5 1.26502
    endloop
  endfacet
  facet normal 0 -1 -0
    outer loop
      vertex -41.5725 47.5 1.75361
      vertex -47.5 47.5 0.2
      vertex -41.175 47.5 1.46484
    endloop
  endfacet
  facet normal 0 -1 -0
    outer loop
      vertex -41.9012 47.5 2.1187
      vertex -47.5 47.5 0.2
      vertex -41.5725 47.5 1.75361
    endloop
  endfacet
  facet normal 0 -1 -0
    outer loop
      vertex -42.1468 47.5 2.54417
      vertex -47.5 47.5 0.2
      vertex -41.9012 47.5 2.1187
    endloop
  endfacet
  facet normal 0 -1 0
    outer loop
      vertex -39.2738 47.5 5.73498
      vertex -47.5 47.5 9.5
      vertex -39.7544 47.5 5.83713
    endloop
  endfacet
  facet normal 0 -1 0
    outer loop
      vertex -21.7544 47.5 5.83713
      vertex -47.5 47.5 9.5
      vertex -22.2456 47.5 5.83713
    endloop
  endfacet
  facet normal 0 -1 0
    outer loop
      vertex -47.5 47.5 9.5
      vertex -21.7544 47.5 5.83713
      vertex 47.5 47.5 9.5
    endloop
  endfacet
  facet normal 0 -1 0
    outer loop
      vertex 21.7544 47.5 5.83713
      vertex 47.5 47.5 9.5
      vertex -21.7544 47.5 5.83713
    endloop
  endfacet
  facet normal 0 -1 0
    outer loop
      vertex 22.2456 47.5 5.83713
      vertex 47.5 47.5 9.5
      vertex 21.7544 47.5 5.83713
    endloop
  endfacet
  facet normal 0 -1 0
    outer loop
      vertex 22.7262 47.5 5.73498
      vertex 47.5 47.5 9.5
      vertex 22.2456 47.5 5.83713
    endloop
  endfacet
  facet normal 0 -1 0
    outer loop
      vertex 40.2456 47.5 5.83713
      vertex 47.5 47.5 9.5
      vertex 39.7544 47.5 5.83713
    endloop
  endfacet
  facet normal 0 -1 0
    outer loop
      vertex 40.7262 47.5 5.73498
      vertex 47.5 47.5 9.5
      vertex 40.2456 47.5 5.83713
    endloop
  endfacet
  facet normal 0 -1 0
    outer loop
      vertex 41.175 47.5 5.53516
      vertex 47.5 47.5 9.5
      vertex 40.7262 47.5 5.73498
    endloop
  endfacet
  facet normal 0 -1 0
    outer loop
      vertex 41.5725 47.5 5.24639
      vertex 47.5 47.5 9.5
      vertex 41.175 47.5 5.53516
    endloop
  endfacet
  facet normal 0 -1 0
    outer loop
      vertex 41.9012 47.5 4.8813
      vertex 47.5 47.5 9.5
      vertex 41.5725 47.5 5.24639
    endloop
  endfacet
  facet normal 0 -1 0
    outer loop
      vertex 42.1468 47.5 4.45583
      vertex 47.5 47.5 9.5
      vertex 41.9012 47.5 4.8813
    endloop
  endfacet
  facet normal 0 -1 0
    outer loop
      vertex 42.2986 47.5 3.98859
      vertex 47.5 47.5 9.5
      vertex 42.1468 47.5 4.45583
    endloop
  endfacet
  facet normal 0 -1 0
    outer loop
      vertex 47.5 47.5 0.2
      vertex 42.2986 47.5 3.98859
      vertex 42.35 47.5 3.5
    endloop
  endfacet
  facet normal 0 -1 0
    outer loop
      vertex 47.5 47.5 0.2
      vertex 42.35 47.5 3.5
      vertex 42.2986 47.5 3.01141
    endloop
  endfacet
  facet normal 0 -1 0
    outer loop
      vertex 47.5 47.5 0.2
      vertex 42.2986 47.5 3.01141
      vertex 42.1468 47.5 2.54417
    endloop
  endfacet
  facet normal 0 -1 0
    outer loop
      vertex 47.5 47.5 0.2
      vertex 42.1468 47.5 2.54417
      vertex 41.9012 47.5 2.1187
    endloop
  endfacet
  facet normal 0 -1 0
    outer loop
      vertex 42.2986 47.5 3.98859
      vertex 47.5 47.5 0.2
      vertex 47.5 47.5 9.5
    endloop
  endfacet
  facet normal 0 -1 0
    outer loop
      vertex 41.5725 47.5 1.75361
      vertex 47.5 47.5 0.2
      vertex 41.9012 47.5 2.1187
    endloop
  endfacet
  facet normal 0 -1 0
    outer loop
      vertex 41.175 47.5 1.46484
      vertex 47.5 47.5 0.2
      vertex 41.5725 47.5 1.75361
    endloop
  endfacet
  facet normal 0 -1 0
    outer loop
      vertex 40.7262 47.5 1.26502
      vertex 47.5 47.5 0.2
      vertex 41.175 47.5 1.46484
    endloop
  endfacet
  facet normal 0 -1 0
    outer loop
      vertex 40.2456 47.5 1.16287
      vertex 47.5 47.5 0.2
      vertex 40.7262 47.5 1.26502
    endloop
  endfacet
  facet normal 0 -1 0
    outer loop
      vertex 39.7544 47.5 1.16287
      vertex 47.5 47.5 0.2
      vertex 40.2456 47.5 1.16287
    endloop
  endfacet
  facet normal 0 1 -0
    outer loop
      vertex -39.2738 -47.5 5.73498
      vertex -47.5 -47.5 9.5
      vertex -22.7262 -47.5 5.73498
    endloop
  endfacet
  facet normal 0 1 0
    outer loop
      vertex -47.5 -47.5 9.5
      vertex -39.2738 -47.5 5.73498
      vertex -39.7544 -47.5 5.83713
    endloop
  endfacet
  facet normal 0 1 -0
    outer loop
      vertex -23.175 -47.5 5.53516
      vertex -39.2738 -47.5 5.73498
      vertex -22.7262 -47.5 5.73498
    endloop
  endfacet
  facet normal 0 1 0
    outer loop
      vertex -23.175 -47.5 5.53516
      vertex -38.825 -47.5 5.53516
      vertex -39.2738 -47.5 5.73498
    endloop
  endfacet
  facet normal 0 1 -0
    outer loop
      vertex -23.5725 -47.5 5.24639
      vertex -38.825 -47.5 5.53516
      vertex -23.175 -47.5 5.53516
    endloop
  endfacet
  facet normal 0 1 0
    outer loop
      vertex -23.5725 -47.5 5.24639
      vertex -38.4275 -47.5 5.24639
      vertex -38.825 -47.5 5.53516
    endloop
  endfacet
  facet normal 0 1 -0
    outer loop
      vertex -23.9012 -47.5 4.8813
      vertex -38.4275 -47.5 5.24639
      vertex -23.5725 -47.5 5.24639
    endloop
  endfacet
  facet normal 0 1 0
    outer loop
      vertex -23.9012 -47.5 4.8813
      vertex -38.0988 -47.5 4.8813
      vertex -38.4275 -47.5 5.24639
    endloop
  endfacet
  facet normal 0 1 -0
    outer loop
      vertex -24.1468 -47.5 4.45583
      vertex -38.0988 -47.5 4.8813
      vertex -23.9012 -47.5 4.8813
    endloop
  endfacet
  facet normal 0 1 0
    outer loop
      vertex -24.1468 -47.5 4.45583
      vertex -37.8532 -47.5 4.45583
      vertex -38.0988 -47.5 4.8813
    endloop
  endfacet
  facet normal 0 1 -0
    outer loop
      vertex -24.2986 -47.5 3.98859
      vertex -37.8532 -47.5 4.45583
      vertex -24.1468 -47.5 4.45583
    endloop
  endfacet
  facet normal 0 1 0
    outer loop
      vertex -24.2986 -47.5 3.98859
      vertex -37.7014 -47.5 3.98859
      vertex -37.8532 -47.5 4.45583
    endloop
  endfacet
  facet normal 0 1 -0
    outer loop
      vertex -24.35 -47.5 3.5
      vertex -37.7014 -47.5 3.98859
      vertex -24.2986 -47.5 3.98859
    endloop
  endfacet
  facet normal 0 1 0
    outer loop
      vertex -24.35 -47.5 3.5
      vertex -37.65 -47.5 3.5
      vertex -37.7014 -47.5 3.98859
    endloop
  endfacet
  facet normal 0 1 0
    outer loop
      vertex -24.2986 -47.5 3.01141
      vertex -37.65 -47.5 3.5
      vertex -24.35 -47.5 3.5
    endloop
  endfacet
  facet normal 0 1 0
    outer loop
      vertex -24.2986 -47.5 3.01141
      vertex -37.7014 -47.5 3.01141
      vertex -37.65 -47.5 3.5
    endloop
  endfacet
  facet normal 0 1 0
    outer loop
      vertex -24.1468 -47.5 2.54417
      vertex -37.7014 -47.5 3.01141
      vertex -24.2986 -47.5 3.01141
    endloop
  endfacet
  facet normal 0 1 0
    outer loop
      vertex -24.1468 -47.5 2.54417
      vertex -37.8532 -47.5 2.54417
      vertex -37.7014 -47.5 3.01141
    endloop
  endfacet
  facet normal 0 1 0
    outer loop
      vertex -23.9012 -47.5 2.1187
      vertex -37.8532 -47.5 2.54417
      vertex -24.1468 -47.5 2.54417
    endloop
  endfacet
  facet normal 0 1 0
    outer loop
      vertex -23.9012 -47.5 2.1187
      vertex -38.0988 -47.5 2.1187
      vertex -37.8532 -47.5 2.54417
    endloop
  endfacet
  facet normal 0 1 0
    outer loop
      vertex -23.5725 -47.5 1.75361
      vertex -38.0988 -47.5 2.1187
      vertex -23.9012 -47.5 2.1187
    endloop
  endfacet
  facet normal 0 1 0
    outer loop
      vertex -23.5725 -47.5 1.75361
      vertex -38.4275 -47.5 1.75361
      vertex -38.0988 -47.5 2.1187
    endloop
  endfacet
  facet normal 0 1 0
    outer loop
      vertex -23.175 -47.5 1.46484
      vertex -38.4275 -47.5 1.75361
      vertex -23.5725 -47.5 1.75361
    endloop
  endfacet
  facet normal 0 1 0
    outer loop
      vertex -23.175 -47.5 1.46484
      vertex -38.825 -47.5 1.46484
      vertex -38.4275 -47.5 1.75361
    endloop
  endfacet
  facet normal 0 1 0
    outer loop
      vertex -22.7262 -47.5 1.26502
      vertex -38.825 -47.5 1.46484
      vertex -23.175 -47.5 1.46484
    endloop
  endfacet
  facet normal 0 1 0
    outer loop
      vertex -22.7262 -47.5 1.26502
      vertex -39.2738 -47.5 1.26502
      vertex -38.825 -47.5 1.46484
    endloop
  endfacet
  facet normal 0 1 0
    outer loop
      vertex -22.2456 -47.5 1.16287
      vertex -39.2738 -47.5 1.26502
      vertex -22.7262 -47.5 1.26502
    endloop
  endfacet
  facet normal 0 1 0
    outer loop
      vertex -39.2738 -47.5 1.26502
      vertex -22.2456 -47.5 1.16287
      vertex -39.7544 -47.5 1.16287
    endloop
  endfacet
  facet normal 0 1 -0
    outer loop
      vertex 21.2738 -47.5 5.73498
      vertex -21.7544 -47.5 5.83713
      vertex 21.7544 -47.5 5.83713
    endloop
  endfacet
  facet normal 0 1 0
    outer loop
      vertex 21.2738 -47.5 5.73498
      vertex -21.2738 -47.5 5.73498
      vertex -21.7544 -47.5 5.83713
    endloop
  endfacet
  facet normal 0 1 -0
    outer loop
      vertex 20.825 -47.5 5.53516
      vertex -21.2738 -47.5 5.73498
      vertex 21.2738 -47.5 5.73498
    endloop
  endfacet
  facet normal 0 1 0
    outer loop
      vertex 20.825 -47.5 5.53516
      vertex -20.825 -47.5 5.53516
      vertex -21.2738 -47.5 5.73498
    endloop
  endfacet
  facet normal 0 1 -0
    outer loop
      vertex 20.4275 -47.5 5.24639
      vertex -20.825 -47.5 5.53516
      vertex 20.825 -47.5 5.53516
    endloop
  endfacet
  facet normal 0 1 0
    outer loop
      vertex 20.4275 -47.5 5.24639
      vertex -20.4275 -47.5 5.24639
      vertex -20.825 -47.5 5.53516
    endloop
  endfacet
  facet normal 0 1 -0
    outer loop
      vertex 20.0988 -47.5 4.8813
      vertex -20.4275 -47.5 5.24639
      vertex 20.4275 -47.5 5.24639
    endloop
  endfacet
  facet normal 0 1 0
    outer loop
      vertex 20.0988 -47.5 4.8813
      vertex -20.0988 -47.5 4.8813
      vertex -20.4275 -47.5 5.24639
    endloop
  endfacet
  facet normal 0 1 -0
    outer loop
      vertex 19.8532 -47.5 4.45583
      vertex -20.0988 -47.5 4.8813
      vertex 20.0988 -47.5 4.8813
    endloop
  endfacet
  facet normal 0 1 0
    outer loop
      vertex 19.8532 -47.5 4.45583
      vertex -19.8532 -47.5 4.45583
      vertex -20.0988 -47.5 4.8813
    endloop
  endfacet
  facet normal 0 1 -0
    outer loop
      vertex 19.7014 -47.5 3.98859
      vertex -19.8532 -47.5 4.45583
      vertex 19.8532 -47.5 4.45583
    endloop
  endfacet
  facet normal 0 1 0
    outer loop
      vertex 19.7014 -47.5 3.98859
      vertex -19.7014 -47.5 3.98859
      vertex -19.8532 -47.5 4.45583
    endloop
  endfacet
  facet normal 0 1 -0
    outer loop
      vertex 19.65 -47.5 3.5
      vertex -19.7014 -47.5 3.98859
      vertex 19.7014 -47.5 3.98859
    endloop
  endfacet
  facet normal 0 1 0
    outer loop
      vertex 19.65 -47.5 3.5
      vertex -19.65 -47.5 3.5
      vertex -19.7014 -47.5 3.98859
    endloop
  endfacet
  facet normal 0 1 0
    outer loop
      vertex 19.7014 -47.5 3.01141
      vertex -19.65 -47.5 3.5
      vertex 19.65 -47.5 3.5
    endloop
  endfacet
  facet normal 0 1 0
    outer loop
      vertex 19.7014 -47.5 3.01141
      vertex -19.7014 -47.5 3.01141
      vertex -19.65 -47.5 3.5
    endloop
  endfacet
  facet normal 0 1 0
    outer loop
      vertex 19.8532 -47.5 2.54417
      vertex -19.7014 -47.5 3.01141
      vertex 19.7014 -47.5 3.01141
    endloop
  endfacet
  facet normal 0 1 0
    outer loop
      vertex 19.8532 -47.5 2.54417
      vertex -19.8532 -47.5 2.54417
      vertex -19.7014 -47.5 3.01141
    endloop
  endfacet
  facet normal 0 1 0
    outer loop
      vertex 20.0988 -47.5 2.1187
      vertex -19.8532 -47.5 2.54417
      vertex 19.8532 -47.5 2.54417
    endloop
  endfacet
  facet normal 0 1 0
    outer loop
      vertex 20.0988 -47.5 2.1187
      vertex -20.0988 -47.5 2.1187
      vertex -19.8532 -47.5 2.54417
    endloop
  endfacet
  facet normal 0 1 0
    outer loop
      vertex 20.4275 -47.5 1.75361
      vertex -20.0988 -47.5 2.1187
      vertex 20.0988 -47.5 2.1187
    endloop
  endfacet
  facet normal 0 1 0
    outer loop
      vertex 20.4275 -47.5 1.75361
      vertex -20.4275 -47.5 1.75361
      vertex -20.0988 -47.5 2.1187
    endloop
  endfacet
  facet normal 0 1 0
    outer loop
      vertex 20.825 -47.5 1.46484
      vertex -20.4275 -47.5 1.75361
      vertex 20.4275 -47.5 1.75361
    endloop
  endfacet
  facet normal 0 1 0
    outer loop
      vertex 20.825 -47.5 1.46484
      vertex -20.825 -47.5 1.46484
      vertex -20.4275 -47.5 1.75361
    endloop
  endfacet
  facet normal 0 1 0
    outer loop
      vertex 21.2738 -47.5 1.26502
      vertex -20.825 -47.5 1.46484
      vertex 20.825 -47.5 1.46484
    endloop
  endfacet
  facet normal 0 1 0
    outer loop
      vertex 21.2738 -47.5 1.26502
      vertex -21.2738 -47.5 1.26502
      vertex -20.825 -47.5 1.46484
    endloop
  endfacet
  facet normal 0 1 0
    outer loop
      vertex 21.7544 -47.5 1.16287
      vertex -21.2738 -47.5 1.26502
      vertex 21.2738 -47.5 1.26502
    endloop
  endfacet
  facet normal 0 1 0
    outer loop
      vertex -21.2738 -47.5 1.26502
      vertex 21.7544 -47.5 1.16287
      vertex -21.7544 -47.5 1.16287
    endloop
  endfacet
  facet normal 0 1 0
    outer loop
      vertex 22.7262 -47.5 5.73498
      vertex 47.5 -47.5 9.5
      vertex 39.2738 -47.5 5.73498
    endloop
  endfacet
  facet normal 0 1 0
    outer loop
      vertex 47.5 -47.5 9.5
      vertex 22.7262 -47.5 5.73498
      vertex 22.2456 -47.5 5.83713
    endloop
  endfacet
  facet normal 0 1 -0
    outer loop
      vertex 38.825 -47.5 5.53516
      vertex 22.7262 -47.5 5.73498
      vertex 39.2738 -47.5 5.73498
    endloop
  endfacet
  facet normal 0 1 0
    outer loop
      vertex 38.825 -47.5 5.53516
      vertex 23.175 -47.5 5.53516
      vertex 22.7262 -47.5 5.73498
    endloop
  endfacet
  facet normal 0 1 -0
    outer loop
      vertex 38.4275 -47.5 5.24639
      vertex 23.175 -47.5 5.53516
      vertex 38.825 -47.5 5.53516
    endloop
  endfacet
  facet normal 0 1 0
    outer loop
      vertex 38.4275 -47.5 5.24639
      vertex 23.5725 -47.5 5.24639
      vertex 23.175 -47.5 5.53516
    endloop
  endfacet
  facet normal 0 1 -0
    outer loop
      vertex 38.0988 -47.5 4.8813
      vertex 23.5725 -47.5 5.24639
      vertex 38.4275 -47.5 5.24639
    endloop
  endfacet
  facet normal 0 1 0
    outer loop
      vertex 38.0988 -47.5 4.8813
      vertex 23.9012 -47.5 4.8813
      vertex 23.5725 -47.5 5.24639
    endloop
  endfacet
  facet normal 0 1 -0
    outer loop
      vertex 37.8532 -47.5 4.45583
      vertex 23.9012 -47.5 4.8813
      vertex 38.0988 -47.5 4.8813
    endloop
  endfacet
  facet normal 0 1 0
    outer loop
      vertex 37.8532 -47.5 4.45583
      vertex 24.1468 -47.5 4.45583
      vertex 23.9012 -47.5 4.8813
    endloop
  endfacet
  facet normal 0 1 -0
    outer loop
      vertex 37.7014 -47.5 3.98859
      vertex 24.1468 -47.5 4.45583
      vertex 37.8532 -47.5 4.45583
    endloop
  endfacet
  facet normal 0 1 0
    outer loop
      vertex 37.7014 -47.5 3.98859
      vertex 24.2986 -47.5 3.98859
      vertex 24.1468 -47.5 4.45583
    endloop
  endfacet
  facet normal 0 1 -0
    outer loop
      vertex 37.65 -47.5 3.5
      vertex 24.2986 -47.5 3.98859
      vertex 37.7014 -47.5 3.98859
    endloop
  endfacet
  facet normal 0 1 0
    outer loop
      vertex 37.65 -47.5 3.5
      vertex 24.35 -47.5 3.5
      vertex 24.2986 -47.5 3.98859
    endloop
  endfacet
  facet normal 0 1 0
    outer loop
      vertex 37.7014 -47.5 3.01141
      vertex 24.35 -47.5 3.5
      vertex 37.65 -47.5 3.5
    endloop
  endfacet
  facet normal 0 1 0
    outer loop
      vertex 37.7014 -47.5 3.01141
      vertex 24.2986 -47.5 3.01141
      vertex 24.35 -47.5 3.5
    endloop
  endfacet
  facet normal 0 1 0
    outer loop
      vertex 37.8532 -47.5 2.54417
      vertex 24.2986 -47.5 3.01141
      vertex 37.7014 -47.5 3.01141
    endloop
  endfacet
  facet normal 0 1 0
    outer loop
      vertex 37.8532 -47.5 2.54417
      vertex 24.1468 -47.5 2.54417
      vertex 24.2986 -47.5 3.01141
    endloop
  endfacet
  facet normal 0 1 0
    outer loop
      vertex 38.0988 -47.5 2.1187
      vertex 24.1468 -47.5 2.54417
      vertex 37.8532 -47.5 2.54417
    endloop
  endfacet
  facet normal 0 1 0
    outer loop
      vertex 38.0988 -47.5 2.1187
      vertex 23.9012 -47.5 2.1187
      vertex 24.1468 -47.5 2.54417
    endloop
  endfacet
  facet normal 0 1 0
    outer loop
      vertex 38.4275 -47.5 1.75361
      vertex 23.9012 -47.5 2.1187
      vertex 38.0988 -47.5 2.1187
    endloop
  endfacet
  facet normal 0 1 0
    outer loop
      vertex 38.4275 -47.5 1.75361
      vertex 23.5725 -47.5 1.75361
      vertex 23.9012 -47.5 2.1187
    endloop
  endfacet
  facet normal 0 1 0
    outer loop
      vertex 38.825 -47.5 1.46484
      vertex 23.5725 -47.5 1.75361
      vertex 38.4275 -47.5 1.75361
    endloop
  endfacet
  facet normal 0 1 0
    outer loop
      vertex 38.825 -47.5 1.46484
      vertex 23.175 -47.5 1.46484
      vertex 23.5725 -47.5 1.75361
    endloop
  endfacet
  facet normal 0 1 0
    outer loop
      vertex 39.2738 -47.5 1.26502
      vertex 23.175 -47.5 1.46484
      vertex 38.825 -47.5 1.46484
    endloop
  endfacet
  facet normal 0 1 0
    outer loop
      vertex 39.2738 -47.5 1.26502
      vertex 22.7262 -47.5 1.26502
      vertex 23.175 -47.5 1.46484
    endloop
  endfacet
  facet normal 0 1 0
    outer loop
      vertex 39.7544 -47.5 1.16287
      vertex 22.7262 -47.5 1.26502
      vertex 39.2738 -47.5 1.26502
    endloop
  endfacet
  facet normal 0 1 0
    outer loop
      vertex 22.7262 -47.5 1.26502
      vertex 39.7544 -47.5 1.16287
      vertex 22.2456 -47.5 1.16287
    endloop
  endfacet
  facet normal 0 1 0
    outer loop
      vertex 39.7544 -47.5 5.83713
      vertex 47.5 -47.5 9.5
      vertex 40.2456 -47.5 5.83713
    endloop
  endfacet
  facet normal 0 1 0
    outer loop
      vertex 47.5 -47.5 9.5
      vertex 40.7262 -47.5 5.73498
      vertex 40.2456 -47.5 5.83713
    endloop
  endfacet
  facet normal 0 1 0
    outer loop
      vertex 47.5 -47.5 9.5
      vertex 41.175 -47.5 5.53516
      vertex 40.7262 -47.5 5.73498
    endloop
  endfacet
  facet normal 0 1 0
    outer loop
      vertex 47.5 -47.5 9.5
      vertex 41.5725 -47.5 5.24639
      vertex 41.175 -47.5 5.53516
    endloop
  endfacet
  facet normal 0 1 0
    outer loop
      vertex 47.5 -47.5 9.5
      vertex 41.9012 -47.5 4.8813
      vertex 41.5725 -47.5 5.24639
    endloop
  endfacet
  facet normal 0 1 0
    outer loop
      vertex 47.5 -47.5 9.5
      vertex 42.1468 -47.5 4.45583
      vertex 41.9012 -47.5 4.8813
    endloop
  endfacet
  facet normal 0 1 0
    outer loop
      vertex 47.5 -47.5 9.5
      vertex 42.2986 -47.5 3.98859
      vertex 42.1468 -47.5 4.45583
    endloop
  endfacet
  facet normal 0 1 -0
    outer loop
      vertex 47.5 -47.5 0.2
      vertex 42.2986 -47.5 3.98859
      vertex 47.5 -47.5 9.5
    endloop
  endfacet
  facet normal 0 1 0
    outer loop
      vertex 42.2986 -47.5 3.98859
      vertex 47.5 -47.5 0.2
      vertex 42.35 -47.5 3.5
    endloop
  endfacet
  facet normal 0 1 0
    outer loop
      vertex 42.35 -47.5 3.5
      vertex 47.5 -47.5 0.2
      vertex 42.2986 -47.5 3.01141
    endloop
  endfacet
  facet normal 0 1 0
    outer loop
      vertex 42.2986 -47.5 3.01141
      vertex 47.5 -47.5 0.2
      vertex 42.1468 -47.5 2.54417
    endloop
  endfacet
  facet normal 0 1 0
    outer loop
      vertex 47.5 -47.5 0.2
      vertex 39.7544 -47.5 1.16287
      vertex 40.2456 -47.5 1.16287
    endloop
  endfacet
  facet normal 0 1 0
    outer loop
      vertex 39.7544 -47.5 1.16287
      vertex 47.5 -47.5 0.2
      vertex 22.2456 -47.5 1.16287
    endloop
  endfacet
  facet normal 0 1 0
    outer loop
      vertex 22.2456 -47.5 1.16287
      vertex 47.5 -47.5 0.2
      vertex 21.7544 -47.5 1.16287
    endloop
  endfacet
  facet normal 0 1 0
    outer loop
      vertex 21.7544 -47.5 1.16287
      vertex 47.5 -47.5 0.2
      vertex -21.7544 -47.5 1.16287
    endloop
  endfacet
  facet normal 0 1 0
    outer loop
      vertex -47.5 -47.5 0.2
      vertex -21.7544 -47.5 1.16287
      vertex 47.5 -47.5 0.2
    endloop
  endfacet
  facet normal 0 1 0
    outer loop
      vertex -21.7544 -47.5 1.16287
      vertex -47.5 -47.5 0.2
      vertex -22.2456 -47.5 1.16287
    endloop
  endfacet
  facet normal 0 1 0
    outer loop
      vertex -22.2456 -47.5 1.16287
      vertex -47.5 -47.5 0.2
      vertex -39.7544 -47.5 1.16287
    endloop
  endfacet
  facet normal 0 1 0
    outer loop
      vertex 40.7262 -47.5 1.26502
      vertex 47.5 -47.5 0.2
      vertex 40.2456 -47.5 1.16287
    endloop
  endfacet
  facet normal 0 1 0
    outer loop
      vertex 41.175 -47.5 1.46484
      vertex 47.5 -47.5 0.2
      vertex 40.7262 -47.5 1.26502
    endloop
  endfacet
  facet normal 0 1 0
    outer loop
      vertex 41.5725 -47.5 1.75361
      vertex 47.5 -47.5 0.2
      vertex 41.175 -47.5 1.46484
    endloop
  endfacet
  facet normal 0 1 0
    outer loop
      vertex 41.9012 -47.5 2.1187
      vertex 47.5 -47.5 0.2
      vertex 41.5725 -47.5 1.75361
    endloop
  endfacet
  facet normal 0 1 0
    outer loop
      vertex 42.1468 -47.5 2.54417
      vertex 47.5 -47.5 0.2
      vertex 41.9012 -47.5 2.1187
    endloop
  endfacet
  facet normal 0 1 0
    outer loop
      vertex 39.2738 -47.5 5.73498
      vertex 47.5 -47.5 9.5
      vertex 39.7544 -47.5 5.83713
    endloop
  endfacet
  facet normal 0 1 0
    outer loop
      vertex 21.7544 -47.5 5.83713
      vertex 47.5 -47.5 9.5
      vertex 22.2456 -47.5 5.83713
    endloop
  endfacet
  facet normal 0 1 0
    outer loop
      vertex 47.5 -47.5 9.5
      vertex 21.7544 -47.5 5.83713
      vertex -47.5 -47.5 9.5
    endloop
  endfacet
  facet normal 0 1 -0
    outer loop
      vertex -21.7544 -47.5 5.83713
      vertex -47.5 -47.5 9.5
      vertex 21.7544 -47.5 5.83713
    endloop
  endfacet
  facet normal 0 1 -0
    outer loop
      vertex -22.2456 -47.5 5.83713
      vertex -47.5 -47.5 9.5
      vertex -21.7544 -47.5 5.83713
    endloop
  endfacet
  facet normal 0 1 -0
    outer loop
      vertex -22.7262 -47.5 5.73498
      vertex -47.5 -47.5 9.5
      vertex -22.2456 -47.5 5.83713
    endloop
  endfacet
  facet normal 0 1 -0
    outer loop
      vertex -40.2456 -47.5 5.83713
      vertex -47.5 -47.5 9.5
      vertex -39.7544 -47.5 5.83713
    endloop
  endfacet
  facet normal 0 1 -0
    outer loop
      vertex -40.7262 -47.5 5.73498
      vertex -47.5 -47.5 9.5
      vertex -40.2456 -47.5 5.83713
    endloop
  endfacet
  facet normal 0 1 -0
    outer loop
      vertex -41.175 -47.5 5.53516
      vertex -47.5 -47.5 9.5
      vertex -40.7262 -47.5 5.73498
    endloop
  endfacet
  facet normal 0 1 -0
    outer loop
      vertex -41.5725 -47.5 5.24639
      vertex -47.5 -47.5 9.5
      vertex -41.175 -47.5 5.53516
    endloop
  endfacet
  facet normal 0 1 -0
    outer loop
      vertex -41.9012 -47.5 4.8813
      vertex -47.5 -47.5 9.5
      vertex -41.5725 -47.5 5.24639
    endloop
  endfacet
  facet normal 0 1 -0
    outer loop
      vertex -42.1468 -47.5 4.45583
      vertex -47.5 -47.5 9.5
      vertex -41.9012 -47.5 4.8813
    endloop
  endfacet
  facet normal 0 1 -0
    outer loop
      vertex -42.2986 -47.5 3.98859
      vertex -47.5 -47.5 9.5
      vertex -42.1468 -47.5 4.45583
    endloop
  endfacet
  facet normal 0 1 0
    outer loop
      vertex -47.5 -47.5 0.2
      vertex -42.2986 -47.5 3.98859
      vertex -42.35 -47.5 3.5
    endloop
  endfacet
  facet normal 0 1 0
    outer loop
      vertex -47.5 -47.5 0.2
      vertex -42.35 -47.5 3.5
      vertex -42.2986 -47.5 3.01141
    endloop
  endfacet
  facet normal 0 1 0
    outer loop
      vertex -47.5 -47.5 0.2
      vertex -42.2986 -47.5 3.01141
      vertex -42.1468 -47.5 2.54417
    endloop
  endfacet
  facet normal 0 1 0
    outer loop
      vertex -47.5 -47.5 0.2
      vertex -42.1468 -47.5 2.54417
      vertex -41.9012 -47.5 2.1187
    endloop
  endfacet
  facet normal 0 1 0
    outer loop
      vertex -42.2986 -47.5 3.98859
      vertex -47.5 -47.5 0.2
      vertex -47.5 -47.5 9.5
    endloop
  endfacet
  facet normal 0 1 0
    outer loop
      vertex -41.5725 -47.5 1.75361
      vertex -47.5 -47.5 0.2
      vertex -41.9012 -47.5 2.1187
    endloop
  endfacet
  facet normal 0 1 0
    outer loop
      vertex -41.175 -47.5 1.46484
      vertex -47.5 -47.5 0.2
      vertex -41.5725 -47.5 1.75361
    endloop
  endfacet
  facet normal 0 1 0
    outer loop
      vertex -40.7262 -47.5 1.26502
      vertex -47.5 -47.5 0.2
      vertex -41.175 -47.5 1.46484
    endloop
  endfacet
  facet normal 0 1 0
    outer loop
      vertex -40.2456 -47.5 1.16287
      vertex -47.5 -47.5 0.2
      vertex -40.7262 -47.5 1.26502
    endloop
  endfacet
  facet normal 0 1 0
    outer loop
      vertex -39.7544 -47.5 1.16287
      vertex -47.5 -47.5 0.2
      vertex -40.2456 -47.5 1.16287
    endloop
  endfacet
  facet normal 1 0 0
    outer loop
      vertex 47 47 9.77778
      vertex 47 42.3371 3.74564
      vertex 47 47 0.2
    endloop
  endfacet
  facet normal 1 0 0
    outer loop
      vertex 47 47 9.77778
      vertex 47 42.235 4.22619
      vertex 47 42.3371 3.74564
    endloop
  endfacet
  facet normal 1 0 0
    outer loop
      vertex 47 47 9.77778
      vertex 47 42.0352 4.675
      vertex 47 42.235 4.22619
    endloop
  endfacet
  facet normal 1 0 0
    outer loop
      vertex 47 47 9.77778
      vertex 47 41.7464 5.07246
      vertex 47 42.0352 4.675
    endloop
  endfacet
  facet normal 1 0 0
    outer loop
      vertex 47 47 9.77778
      vertex 47 41.3813 5.40119
      vertex 47 41.7464 5.07246
    endloop
  endfacet
  facet normal 1 0 0
    outer loop
      vertex 47 47 9.77778
      vertex 47 40.9558 5.64683
      vertex 47 41.3813 5.40119
    endloop
  endfacet
  facet normal 1 0 0
    outer loop
      vertex 47 47 9.77778
      vertex 47 40.4886 5.79865
      vertex 47 40.9558 5.64683
    endloop
  endfacet
  facet normal 1 0 0
    outer loop
      vertex 47 47 9.77778
      vertex 47 40 5.85
      vertex 47 40.4886 5.79865
    endloop
  endfacet
  facet normal 1 0 0
    outer loop
      vertex 47 47 9.77778
      vertex 47 39.5114 5.79865
      vertex 47 40 5.85
    endloop
  endfacet
  facet normal 1 0 0
    outer loop
      vertex 47 47 9.77778
      vertex 47 39.0442 5.64683
      vertex 47 39.5114 5.79865
    endloop
  endfacet
  facet normal 1 0 0
    outer loop
      vertex 47 37.6629 3.74564
      vertex 47 24.3371 3.74564
      vertex 47 37.6629 3.25436
    endloop
  endfacet
  facet normal 1 0 0
    outer loop
      vertex 47 37.765 4.22619
      vertex 47 24.3371 3.74564
      vertex 47 37.6629 3.74564
    endloop
  endfacet
  facet normal 1 0 0
    outer loop
      vertex 47 24.235 4.22619
      vertex 47 37.765 4.22619
      vertex 47 37.9648 4.675
    endloop
  endfacet
  facet normal 1 0 0
    outer loop
      vertex 47 24.0352 4.675
      vertex 47 37.9648 4.675
      vertex 47 38.2536 5.07246
    endloop
  endfacet
  facet normal 1 0 0
    outer loop
      vertex 47 23.7464 5.07246
      vertex 47 38.2536 5.07246
      vertex 47 38.6187 5.40119
    endloop
  endfacet
  facet normal 1 0 0
    outer loop
      vertex 47 23.3813 5.40119
      vertex 47 38.6187 5.40119
      vertex 47 39.0442 5.64683
    endloop
  endfacet
  facet normal 1 0 0
    outer loop
      vertex 47 22.9558 5.64683
      vertex 47 39.0442 5.64683
      vertex 47 47 9.77778
    endloop
  endfacet
  facet normal 1 0 0
    outer loop
      vertex 47 37.765 4.22619
      vertex 47 24.235 4.22619
      vertex 47 24.3371 3.74564
    endloop
  endfacet
  facet normal 1 0 0
    outer loop
      vertex 47 37.9648 4.675
      vertex 47 24.0352 4.675
      vertex 47 24.235 4.22619
    endloop
  endfacet
  facet normal 1 0 0
    outer loop
      vertex 47 38.2536 5.07246
      vertex 47 23.7464 5.07246
      vertex 47 24.0352 4.675
    endloop
  endfacet
  facet normal 1 0 0
    outer loop
      vertex 47 38.6187 5.40119
      vertex 47 23.3813 5.40119
      vertex 47 23.7464 5.07246
    endloop
  endfacet
  facet normal 1 0 0
    outer loop
      vertex 47 39.0442 5.64683
      vertex 47 22.9558 5.64683
      vertex 47 23.3813 5.40119
    endloop
  endfacet
  facet normal 1 0 0
    outer loop
      vertex 47 47 9.77778
      vertex 47 22.4886 5.79865
      vertex 47 22.9558 5.64683
    endloop
  endfacet
  facet normal 1 0 0
    outer loop
      vertex 47 47 9.77778
      vertex 47 22 5.85
      vertex 47 22.4886 5.79865
    endloop
  endfacet
  facet normal 1 0 0
    outer loop
      vertex 47 47 9.77778
      vertex 47 21.5114 5.79865
      vertex 47 22 5.85
    endloop
  endfacet
  facet normal 1 0 0
    outer loop
      vertex 47 19.6629 3.74564
      vertex 47 -19.6629 3.74564
      vertex 47 19.6629 3.25436
    endloop
  endfacet
  facet normal 1 0 0
    outer loop
      vertex 47 19.765 4.22619
      vertex 47 -19.6629 3.74564
      vertex 47 19.6629 3.74564
    endloop
  endfacet
  facet normal 1 0 0
    outer loop
      vertex 47 -19.765 4.22619
      vertex 47 19.765 4.22619
      vertex 47 19.9648 4.675
    endloop
  endfacet
  facet normal 1 0 0
    outer loop
      vertex 47 -19.9648 4.675
      vertex 47 19.9648 4.675
      vertex 47 20.2536 5.07246
    endloop
  endfacet
  facet normal 1 0 0
    outer loop
      vertex 47 -20.2536 5.07246
      vertex 47 20.2536 5.07246
      vertex 47 20.6187 5.40119
    endloop
  endfacet
  facet normal 1 0 0
    outer loop
      vertex 47 -20.6187 5.40119
      vertex 47 20.6187 5.40119
      vertex 47 21.0442 5.64683
    endloop
  endfacet
  facet normal 1 0 0
    outer loop
      vertex 47 -21.0442 5.64683
      vertex 47 21.0442 5.64683
      vertex 47 21.5114 5.79865
    endloop
  endfacet
  facet normal 1 0 0
    outer loop
      vertex 47 -21.5114 5.79865
      vertex 47 21.5114 5.79865
      vertex 47 47 9.77778
    endloop
  endfacet
  facet normal 1 0 0
    outer loop
      vertex 47 19.765 4.22619
      vertex 47 -19.765 4.22619
      vertex 47 -19.6629 3.74564
    endloop
  endfacet
  facet normal 1 0 0
    outer loop
      vertex 47 19.9648 4.675
      vertex 47 -19.9648 4.675
      vertex 47 -19.765 4.22619
    endloop
  endfacet
  facet normal 1 0 0
    outer loop
      vertex 47 20.2536 5.07246
      vertex 47 -20.2536 5.07246
      vertex 47 -19.9648 4.675
    endloop
  endfacet
  facet normal 1 0 0
    outer loop
      vertex 47 20.6187 5.40119
      vertex 47 -20.6187 5.40119
      vertex 47 -20.2536 5.07246
    endloop
  endfacet
  facet normal 1 0 0
    outer loop
      vertex 47 21.0442 5.64683
      vertex 47 -21.0442 5.64683
      vertex 47 -20.6187 5.40119
    endloop
  endfacet
  facet normal 1 0 0
    outer loop
      vertex 47 21.5114 5.79865
      vertex 47 -21.5114 5.79865
      vertex 47 -21.0442 5.64683
    endloop
  endfacet
  facet normal 1 0 0
    outer loop
      vertex 47 47 9.77778
      vertex 47 -22 5.85
      vertex 47 -21.5114 5.79865
    endloop
  endfacet
  facet normal 1 0 0
    outer loop
      vertex 47 -24.3371 3.74564
      vertex 47 -37.6629 3.74564
      vertex 47 -24.3371 3.25436
    endloop
  endfacet
  facet normal 1 0 0
    outer loop
      vertex 47 -24.235 4.22619
      vertex 47 -37.6629 3.74564
      vertex 47 -24.3371 3.74564
    endloop
  endfacet
  facet normal 1 0 0
    outer loop
      vertex 47 -37.765 4.22619
      vertex 47 -24.235 4.22619
      vertex 47 -24.0352 4.675
    endloop
  endfacet
  facet normal 1 0 0
    outer loop
      vertex 47 -37.9648 4.675
      vertex 47 -24.0352 4.675
      vertex 47 -23.7464 5.07246
    endloop
  endfacet
  facet normal 1 0 0
    outer loop
      vertex 47 -38.2536 5.07246
      vertex 47 -23.7464 5.07246
      vertex 47 -23.3813 5.40119
    endloop
  endfacet
  facet normal 1 0 0
    outer loop
      vertex 47 -38.6187 5.40119
      vertex 47 -23.3813 5.40119
      vertex 47 -22.9558 5.64683
    endloop
  endfacet
  facet normal 1 0 0
    outer loop
      vertex 47 -39.0442 5.64683
      vertex 47 -22.9558 5.64683
      vertex 47 -22.4886 5.79865
    endloop
  endfacet
  facet normal 1 0 0
    outer loop
      vertex 47 -24.235 4.22619
      vertex 47 -37.765 4.22619
      vertex 47 -37.6629 3.74564
    endloop
  endfacet
  facet normal 1 0 0
    outer loop
      vertex 47 -47 9.77778
      vertex 47 -22.4886 5.79865
      vertex 47 -22 5.85
    endloop
  endfacet
  facet normal 1 0 0
    outer loop
      vertex 47 -24.0352 4.675
      vertex 47 -37.9648 4.675
      vertex 47 -37.765 4.22619
    endloop
  endfacet
  facet normal 1 0 0
    outer loop
      vertex 47 -23.7464 5.07246
      vertex 47 -38.2536 5.07246
      vertex 47 -37.9648 4.675
    endloop
  endfacet
  facet normal 1 -0 0
    outer loop
      vertex 47 -47 9.77778
      vertex 47 -22 5.85
      vertex 47 47 9.77778
    endloop
  endfacet
  facet normal 1 0 0
    outer loop
      vertex 47 -23.3813 5.40119
      vertex 47 -38.6187 5.40119
      vertex 47 -38.2536 5.07246
    endloop
  endfacet
  facet normal 1 0 0
    outer loop
      vertex 47 -22.9558 5.64683
      vertex 47 -39.0442 5.64683
      vertex 47 -38.6187 5.40119
    endloop
  endfacet
  facet normal 1 0 0
    outer loop
      vertex 47 -22.4886 5.79865
      vertex 47 -47 9.77778
      vertex 47 -39.0442 5.64683
    endloop
  endfacet
  facet normal 1 0 0
    outer loop
      vertex 47 -39.0442 5.64683
      vertex 47 -47 9.77778
      vertex 47 -39.5114 5.79865
    endloop
  endfacet
  facet normal 1 0 0
    outer loop
      vertex 47 -47 0.2
      vertex 47 -42.3371 3.74564
      vertex 47 -47 9.77778
    endloop
  endfacet
  facet normal 1 0 0
    outer loop
      vertex 47 -42.235 4.22619
      vertex 47 -47 9.77778
      vertex 47 -42.3371 3.74564
    endloop
  endfacet
  facet normal 1 0 0
    outer loop
      vertex 47 -42.0352 4.675
      vertex 47 -47 9.77778
      vertex 47 -42.235 4.22619
    endloop
  endfacet
  facet normal 1 0 0
    outer loop
      vertex 47 -41.7464 5.07246
      vertex 47 -47 9.77778
      vertex 47 -42.0352 4.675
    endloop
  endfacet
  facet normal 1 0 0
    outer loop
      vertex 47 -41.3813 5.40119
      vertex 47 -47 9.77778
      vertex 47 -41.7464 5.07246
    endloop
  endfacet
  facet normal 1 0 0
    outer loop
      vertex 47 -40.9558 5.64683
      vertex 47 -47 9.77778
      vertex 47 -41.3813 5.40119
    endloop
  endfacet
  facet normal 1 0 0
    outer loop
      vertex 47 -40.4886 5.79865
      vertex 47 -47 9.77778
      vertex 47 -40.9558 5.64683
    endloop
  endfacet
  facet normal 1 0 0
    outer loop
      vertex 47 -40 5.85
      vertex 47 -47 9.77778
      vertex 47 -40.4886 5.79865
    endloop
  endfacet
  facet normal 1 0 0
    outer loop
      vertex 47 -39.5114 5.79865
      vertex 47 -47 9.77778
      vertex 47 -40 5.85
    endloop
  endfacet
  facet normal 1 -0 0
    outer loop
      vertex 47 42.3371 3.25436
      vertex 47 47 0.2
      vertex 47 42.3371 3.74564
    endloop
  endfacet
  facet normal 1 -0 0
    outer loop
      vertex 47 42.235 2.77381
      vertex 47 47 0.2
      vertex 47 42.3371 3.25436
    endloop
  endfacet
  facet normal 1 -0 0
    outer loop
      vertex 47 42.0352 2.325
      vertex 47 47 0.2
      vertex 47 42.235 2.77381
    endloop
  endfacet
  facet normal 1 -0 0
    outer loop
      vertex 47 41.7464 1.92754
      vertex 47 47 0.2
      vertex 47 42.0352 2.325
    endloop
  endfacet
  facet normal 1 -0 0
    outer loop
      vertex 47 41.3813 1.59881
      vertex 47 47 0.2
      vertex 47 41.7464 1.92754
    endloop
  endfacet
  facet normal 1 -0 0
    outer loop
      vertex 47 40.9558 1.35317
      vertex 47 47 0.2
      vertex 47 41.3813 1.59881
    endloop
  endfacet
  facet normal 1 -0 0
    outer loop
      vertex 47 40.4886 1.20135
      vertex 47 47 0.2
      vertex 47 40.9558 1.35317
    endloop
  endfacet
  facet normal 1 -0 0
    outer loop
      vertex 47 40 1.15
      vertex 47 47 0.2
      vertex 47 40.4886 1.20135
    endloop
  endfacet
  facet normal 1 -0 0
    outer loop
      vertex 47 22.4886 1.20135
      vertex 47 40 1.15
      vertex 47 39.5114 1.20135
    endloop
  endfacet
  facet normal 1 0 0
    outer loop
      vertex 47 24.3371 3.25436
      vertex 47 37.6629 3.25436
      vertex 47 24.3371 3.74564
    endloop
  endfacet
  facet normal 1 0 0
    outer loop
      vertex 47 37.6629 3.25436
      vertex 47 24.3371 3.25436
      vertex 47 37.765 2.77381
    endloop
  endfacet
  facet normal 1 0 0
    outer loop
      vertex 47 24.235 2.77381
      vertex 47 37.765 2.77381
      vertex 47 24.3371 3.25436
    endloop
  endfacet
  facet normal 1 0 0
    outer loop
      vertex 47 37.765 2.77381
      vertex 47 24.235 2.77381
      vertex 47 37.9648 2.325
    endloop
  endfacet
  facet normal 1 0 0
    outer loop
      vertex 47 24.0352 2.325
      vertex 47 37.9648 2.325
      vertex 47 24.235 2.77381
    endloop
  endfacet
  facet normal 1 0 0
    outer loop
      vertex 47 37.9648 2.325
      vertex 47 24.0352 2.325
      vertex 47 38.2536 1.92754
    endloop
  endfacet
  facet normal 1 0 0
    outer loop
      vertex 47 23.7464 1.92754
      vertex 47 38.2536 1.92754
      vertex 47 24.0352 2.325
    endloop
  endfacet
  facet normal 1 0 0
    outer loop
      vertex 47 38.2536 1.92754
      vertex 47 23.7464 1.92754
      vertex 47 38.6187 1.59881
    endloop
  endfacet
  facet normal 1 0 0
    outer loop
      vertex 47 23.3813 1.59881
      vertex 47 38.6187 1.59881
      vertex 47 23.7464 1.92754
    endloop
  endfacet
  facet normal 1 0 0
    outer loop
      vertex 47 38.6187 1.59881
      vertex 47 23.3813 1.59881
      vertex 47 39.0442 1.35317
    endloop
  endfacet
  facet normal 1 0 0
    outer loop
      vertex 47 22.9558 1.35317
      vertex 47 39.0442 1.35317
      vertex 47 23.3813 1.59881
    endloop
  endfacet
  facet normal 1 0 0
    outer loop
      vertex 47 39.0442 1.35317
      vertex 47 22.9558 1.35317
      vertex 47 39.5114 1.20135
    endloop
  endfacet
  facet normal 1 0 0
    outer loop
      vertex 47 22.4886 1.20135
      vertex 47 39.5114 1.20135
      vertex 47 22.9558 1.35317
    endloop
  endfacet
  facet normal 1 0 0
    outer loop
      vertex 47 22 1.15
      vertex 47 40 1.15
      vertex 47 22.4886 1.20135
    endloop
  endfacet
  facet normal 1 0 0
    outer loop
      vertex 47 40 1.15
      vertex 47 22 1.15
      vertex 47 47 0.2
    endloop
  endfacet
  facet normal 1 0 0
    outer loop
      vertex 47 -19.6629 3.25436
      vertex 47 19.6629 3.25436
      vertex 47 -19.6629 3.74564
    endloop
  endfacet
  facet normal 1 0 0
    outer loop
      vertex 47 19.6629 3.25436
      vertex 47 -19.6629 3.25436
      vertex 47 19.765 2.77381
    endloop
  endfacet
  facet normal 1 0 0
    outer loop
      vertex 47 -19.765 2.77381
      vertex 47 19.765 2.77381
      vertex 47 -19.6629 3.25436
    endloop
  endfacet
  facet normal 1 0 0
    outer loop
      vertex 47 19.765 2.77381
      vertex 47 -19.765 2.77381
      vertex 47 19.9648 2.325
    endloop
  endfacet
  facet normal 1 0 0
    outer loop
      vertex 47 -19.9648 2.325
      vertex 47 19.9648 2.325
      vertex 47 -19.765 2.77381
    endloop
  endfacet
  facet normal 1 0 0
    outer loop
      vertex 47 19.9648 2.325
      vertex 47 -19.9648 2.325
      vertex 47 20.2536 1.92754
    endloop
  endfacet
  facet normal 1 0 0
    outer loop
      vertex 47 -20.2536 1.92754
      vertex 47 20.2536 1.92754
      vertex 47 -19.9648 2.325
    endloop
  endfacet
  facet normal 1 0 0
    outer loop
      vertex 47 20.2536 1.92754
      vertex 47 -20.2536 1.92754
      vertex 47 20.6187 1.59881
    endloop
  endfacet
  facet normal 1 0 0
    outer loop
      vertex 47 -20.6187 1.59881
      vertex 47 20.6187 1.59881
      vertex 47 -20.2536 1.92754
    endloop
  endfacet
  facet normal 1 0 0
    outer loop
      vertex 47 20.6187 1.59881
      vertex 47 -20.6187 1.59881
      vertex 47 21.0442 1.35317
    endloop
  endfacet
  facet normal 1 0 0
    outer loop
      vertex 47 -21.0442 1.35317
      vertex 47 21.0442 1.35317
      vertex 47 -20.6187 1.59881
    endloop
  endfacet
  facet normal 1 0 0
    outer loop
      vertex 47 21.0442 1.35317
      vertex 47 -21.0442 1.35317
      vertex 47 21.5114 1.20135
    endloop
  endfacet
  facet normal 1 0 0
    outer loop
      vertex 47 -21.5114 1.20135
      vertex 47 21.5114 1.20135
      vertex 47 -21.0442 1.35317
    endloop
  endfacet
  facet normal 1 0 0
    outer loop
      vertex 47 21.5114 1.20135
      vertex 47 -21.5114 1.20135
      vertex 47 22 1.15
    endloop
  endfacet
  facet normal 1 0 0
    outer loop
      vertex 47 -22 1.15
      vertex 47 22 1.15
      vertex 47 -21.5114 1.20135
    endloop
  endfacet
  facet normal 1 0 0
    outer loop
      vertex 47 22 1.15
      vertex 47 -22 1.15
      vertex 47 47 0.2
    endloop
  endfacet
  facet normal 1 0 0
    outer loop
      vertex 47 -37.6629 3.25436
      vertex 47 -24.3371 3.25436
      vertex 47 -37.6629 3.74564
    endloop
  endfacet
  facet normal 1 0 0
    outer loop
      vertex 47 -24.3371 3.25436
      vertex 47 -37.6629 3.25436
      vertex 47 -24.235 2.77381
    endloop
  endfacet
  facet normal 1 0 0
    outer loop
      vertex 47 -37.765 2.77381
      vertex 47 -24.235 2.77381
      vertex 47 -37.6629 3.25436
    endloop
  endfacet
  facet normal 1 0 0
    outer loop
      vertex 47 -24.235 2.77381
      vertex 47 -37.765 2.77381
      vertex 47 -24.0352 2.325
    endloop
  endfacet
  facet normal 1 0 0
    outer loop
      vertex 47 -37.9648 2.325
      vertex 47 -24.0352 2.325
      vertex 47 -37.765 2.77381
    endloop
  endfacet
  facet normal 1 0 0
    outer loop
      vertex 47 -24.0352 2.325
      vertex 47 -37.9648 2.325
      vertex 47 -23.7464 1.92754
    endloop
  endfacet
  facet normal 1 0 0
    outer loop
      vertex 47 -38.2536 1.92754
      vertex 47 -23.7464 1.92754
      vertex 47 -37.9648 2.325
    endloop
  endfacet
  facet normal 1 0 0
    outer loop
      vertex 47 -23.7464 1.92754
      vertex 47 -38.2536 1.92754
      vertex 47 -23.3813 1.59881
    endloop
  endfacet
  facet normal 1 0 0
    outer loop
      vertex 47 -38.6187 1.59881
      vertex 47 -23.3813 1.59881
      vertex 47 -38.2536 1.92754
    endloop
  endfacet
  facet normal 1 0 0
    outer loop
      vertex 47 -23.3813 1.59881
      vertex 47 -38.6187 1.59881
      vertex 47 -22.9558 1.35317
    endloop
  endfacet
  facet normal 1 0 0
    outer loop
      vertex 47 -39.0442 1.35317
      vertex 47 -22.9558 1.35317
      vertex 47 -38.6187 1.59881
    endloop
  endfacet
  facet normal 1 0 0
    outer loop
      vertex 47 -22.9558 1.35317
      vertex 47 -39.0442 1.35317
      vertex 47 -22.4886 1.20135
    endloop
  endfacet
  facet normal 1 0 0
    outer loop
      vertex 47 -39.5114 1.20135
      vertex 47 -22.4886 1.20135
      vertex 47 -39.0442 1.35317
    endloop
  endfacet
  facet normal 1 0 0
    outer loop
      vertex 47 -22.4886 1.20135
      vertex 47 -39.5114 1.20135
      vertex 47 -22 1.15
    endloop
  endfacet
  facet normal 1 0 0
    outer loop
      vertex 47 -40 1.15
      vertex 47 -22 1.15
      vertex 47 -39.5114 1.20135
    endloop
  endfacet
  facet normal 1 0 0
    outer loop
      vertex 47 -22 1.15
      vertex 47 -40 1.15
      vertex 47 -47 0.2
    endloop
  endfacet
  facet normal 1 0 0
    outer loop
      vertex 47 -42.3371 3.74564
      vertex 47 -47 0.2
      vertex 47 -42.3371 3.25436
    endloop
  endfacet
  facet normal 1 0 0
    outer loop
      vertex 47 -42.3371 3.25436
      vertex 47 -47 0.2
      vertex 47 -42.235 2.77381
    endloop
  endfacet
  facet normal 1 0 0
    outer loop
      vertex 47 -22 1.15
      vertex 47 -47 0.2
      vertex 47 47 0.2
    endloop
  endfacet
  facet normal 1 0 0
    outer loop
      vertex 47 -40.4886 1.20135
      vertex 47 -47 0.2
      vertex 47 -40 1.15
    endloop
  endfacet
  facet normal 1 0 0
    outer loop
      vertex 47 -40.9558 1.35317
      vertex 47 -47 0.2
      vertex 47 -40.4886 1.20135
    endloop
  endfacet
  facet normal 1 0 0
    outer loop
      vertex 47 -41.3813 1.59881
      vertex 47 -47 0.2
      vertex 47 -40.9558 1.35317
    endloop
  endfacet
  facet normal 1 0 0
    outer loop
      vertex 47 -41.7464 1.92754
      vertex 47 -47 0.2
      vertex 47 -41.3813 1.59881
    endloop
  endfacet
  facet normal 1 0 0
    outer loop
      vertex 47 -42.0352 2.325
      vertex 47 -47 0.2
      vertex 47 -41.7464 1.92754
    endloop
  endfacet
  facet normal 1 0 0
    outer loop
      vertex 47 -42.235 2.77381
      vertex 47 -47 0.2
      vertex 47 -42.0352 2.325
    endloop
  endfacet
  facet normal 1 -0 0
    outer loop
      vertex 47 23.7322 3.74905
      vertex 47 24.3371 3.74564
      vertex 47 24.235 4.22619
    endloop
  endfacet
  facet normal 1 0 0
    outer loop
      vertex 47 24.3371 3.74564
      vertex 47 23.7322 3.74905
      vertex 47 24.3371 3.25436
    endloop
  endfacet
  facet normal 1 -0 0
    outer loop
      vertex 47 23.5919 4.22698
      vertex 47 24.235 4.22619
      vertex 47 24.0352 4.675
    endloop
  endfacet
  facet normal 1 0 0
    outer loop
      vertex 47 23.7322 3.25095
      vertex 47 24.3371 3.25436
      vertex 47 23.7322 3.74905
    endloop
  endfacet
  facet normal 1 0 0
    outer loop
      vertex 47 23.3226 4.64601
      vertex 47 24.0352 4.675
      vertex 47 23.7464 5.07246
    endloop
  endfacet
  facet normal 1 0 0
    outer loop
      vertex 47 24.3371 3.25436
      vertex 47 23.7322 3.25095
      vertex 47 24.235 2.77381
    endloop
  endfacet
  facet normal 1 0 0
    outer loop
      vertex 47 23.5919 2.77302
      vertex 47 24.235 2.77381
      vertex 47 23.7322 3.25095
    endloop
  endfacet
  facet normal 1 0 0
    outer loop
      vertex 47 24.235 4.22619
      vertex 47 23.5919 4.22698
      vertex 47 23.7322 3.74905
    endloop
  endfacet
  facet normal 1 0 0
    outer loop
      vertex 47 23.3226 4.64601
      vertex 47 23.7464 5.07246
      vertex 47 23.3813 5.40119
    endloop
  endfacet
  facet normal 1 0 0
    outer loop
      vertex 47 24.0352 4.675
      vertex 47 23.3226 4.64601
      vertex 47 23.5919 4.22698
    endloop
  endfacet
  facet normal 1 0 0
    outer loop
      vertex 47 22.9461 4.97219
      vertex 47 23.3813 5.40119
      vertex 47 22.9558 5.64683
    endloop
  endfacet
  facet normal 1 0 0
    outer loop
      vertex 47 23.3813 5.40119
      vertex 47 22.9461 4.97219
      vertex 47 23.3226 4.64601
    endloop
  endfacet
  facet normal 1 0 0
    outer loop
      vertex 47 22.9558 5.64683
      vertex 47 22.493 5.17911
      vertex 47 22.9461 4.97219
    endloop
  endfacet
  facet normal 1 0 0
    outer loop
      vertex 47 22.4886 5.79865
      vertex 47 22.493 5.17911
      vertex 47 22.9558 5.64683
    endloop
  endfacet
  facet normal 1 0 0
    outer loop
      vertex 47 22 5.25
      vertex 47 22.4886 5.79865
      vertex 47 22 5.85
    endloop
  endfacet
  facet normal 1 0 0
    outer loop
      vertex 47 22.4886 5.79865
      vertex 47 22 5.25
      vertex 47 22.493 5.17911
    endloop
  endfacet
  facet normal 1 -0 0
    outer loop
      vertex 47 21.5114 5.79865
      vertex 47 22 5.25
      vertex 47 22 5.85
    endloop
  endfacet
  facet normal 1 0 0
    outer loop
      vertex 47 21.5114 5.79865
      vertex 47 21.507 5.17911
      vertex 47 22 5.25
    endloop
  endfacet
  facet normal 1 -0 0
    outer loop
      vertex 47 21.0442 5.64683
      vertex 47 21.507 5.17911
      vertex 47 21.5114 5.79865
    endloop
  endfacet
  facet normal 1 0 0
    outer loop
      vertex 47 21.507 5.17911
      vertex 47 21.0442 5.64683
      vertex 47 21.0539 4.97219
    endloop
  endfacet
  facet normal 1 -0 0
    outer loop
      vertex 47 20.6187 5.40119
      vertex 47 21.0539 4.97219
      vertex 47 21.0442 5.64683
    endloop
  endfacet
  facet normal 1 0 0
    outer loop
      vertex 47 21.0539 4.97219
      vertex 47 20.6187 5.40119
      vertex 47 20.6774 4.64601
    endloop
  endfacet
  facet normal 1 -0 0
    outer loop
      vertex 47 20.2536 5.07246
      vertex 47 20.6774 4.64601
      vertex 47 20.6187 5.40119
    endloop
  endfacet
  facet normal 1 -0 0
    outer loop
      vertex 47 19.9648 4.675
      vertex 47 20.6774 4.64601
      vertex 47 20.2536 5.07246
    endloop
  endfacet
  facet normal 1 0 0
    outer loop
      vertex 47 19.765 4.22619
      vertex 47 20.4081 4.22698
      vertex 47 19.9648 4.675
    endloop
  endfacet
  facet normal 1 0 0
    outer loop
      vertex 47 20.6774 4.64601
      vertex 47 19.9648 4.675
      vertex 47 20.4081 4.22698
    endloop
  endfacet
  facet normal 1 0 0
    outer loop
      vertex 47 24.235 2.77381
      vertex 47 23.5919 2.77302
      vertex 47 24.0352 2.325
    endloop
  endfacet
  facet normal 1 -0 0
    outer loop
      vertex 47 23.3226 2.35399
      vertex 47 24.0352 2.325
      vertex 47 23.5919 2.77302
    endloop
  endfacet
  facet normal 1 0 0
    outer loop
      vertex 47 24.0352 2.325
      vertex 47 23.3226 2.35399
      vertex 47 23.7464 1.92754
    endloop
  endfacet
  facet normal 1 0 0
    outer loop
      vertex 47 23.7464 1.92754
      vertex 47 23.3226 2.35399
      vertex 47 23.3813 1.59881
    endloop
  endfacet
  facet normal 1 -0 0
    outer loop
      vertex 47 22.9461 2.02781
      vertex 47 23.3813 1.59881
      vertex 47 23.3226 2.35399
    endloop
  endfacet
  facet normal 1 0 0
    outer loop
      vertex 47 23.3813 1.59881
      vertex 47 22.9461 2.02781
      vertex 47 22.9558 1.35317
    endloop
  endfacet
  facet normal 1 -0 0
    outer loop
      vertex 47 22.493 1.82089
      vertex 47 22.9558 1.35317
      vertex 47 22.9461 2.02781
    endloop
  endfacet
  facet normal 1 0 0
    outer loop
      vertex 47 22.493 1.82089
      vertex 47 22.4886 1.20135
      vertex 47 22.9558 1.35317
    endloop
  endfacet
  facet normal 1 -0 0
    outer loop
      vertex 47 22 1.75
      vertex 47 22.4886 1.20135
      vertex 47 22.493 1.82089
    endloop
  endfacet
  facet normal 1 0 0
    outer loop
      vertex 47 22 1.75
      vertex 47 22 1.15
      vertex 47 22.4886 1.20135
    endloop
  endfacet
  facet normal 1 0 0
    outer loop
      vertex 47 22 1.75
      vertex 47 21.5114 1.20135
      vertex 47 22 1.15
    endloop
  endfacet
  facet normal 1 0 0
    outer loop
      vertex 47 21.507 1.82089
      vertex 47 21.5114 1.20135
      vertex 47 22 1.75
    endloop
  endfacet
  facet normal 1 0 0
    outer loop
      vertex 47 21.0442 1.35317
      vertex 47 21.507 1.82089
      vertex 47 21.0539 2.02781
    endloop
  endfacet
  facet normal 1 0 0
    outer loop
      vertex 47 21.507 1.82089
      vertex 47 21.0442 1.35317
      vertex 47 21.5114 1.20135
    endloop
  endfacet
  facet normal 1 0 0
    outer loop
      vertex 47 20.6187 1.59881
      vertex 47 21.0539 2.02781
      vertex 47 20.6774 2.35399
    endloop
  endfacet
  facet normal 1 0 0
    outer loop
      vertex 47 21.0539 2.02781
      vertex 47 20.6187 1.59881
      vertex 47 21.0442 1.35317
    endloop
  endfacet
  facet normal 1 0 0
    outer loop
      vertex 47 19.9648 2.325
      vertex 47 20.6774 2.35399
      vertex 47 20.4081 2.77302
    endloop
  endfacet
  facet normal 1 -0 0
    outer loop
      vertex 47 19.765 2.77381
      vertex 47 20.4081 2.77302
      vertex 47 20.2678 3.25095
    endloop
  endfacet
  facet normal 1 0 0
    outer loop
      vertex 47 20.6774 2.35399
      vertex 47 20.2536 1.92754
      vertex 47 20.6187 1.59881
    endloop
  endfacet
  facet normal 1 0 0
    outer loop
      vertex 47 20.4081 4.22698
      vertex 47 19.765 4.22619
      vertex 47 20.2678 3.74905
    endloop
  endfacet
  facet normal 1 0 0
    outer loop
      vertex 47 19.6629 3.74564
      vertex 47 20.2678 3.74905
      vertex 47 19.765 4.22619
    endloop
  endfacet
  facet normal 1 0 0
    outer loop
      vertex 47 20.6774 2.35399
      vertex 47 19.9648 2.325
      vertex 47 20.2536 1.92754
    endloop
  endfacet
  facet normal 1 0 0
    outer loop
      vertex 47 20.2678 3.74905
      vertex 47 19.6629 3.74564
      vertex 47 20.2678 3.25095
    endloop
  endfacet
  facet normal 1 0 0
    outer loop
      vertex 47 20.4081 2.77302
      vertex 47 19.765 2.77381
      vertex 47 19.9648 2.325
    endloop
  endfacet
  facet normal 1 -0 0
    outer loop
      vertex 47 19.6629 3.25436
      vertex 47 20.2678 3.25095
      vertex 47 19.6629 3.74564
    endloop
  endfacet
  facet normal 1 0 0
    outer loop
      vertex 47 20.2678 3.25095
      vertex 47 19.6629 3.25436
      vertex 47 19.765 2.77381
    endloop
  endfacet
  facet normal 1 -0 0
    outer loop
      vertex 47 -20.2678 3.74905
      vertex 47 -19.6629 3.74564
      vertex 47 -19.765 4.22619
    endloop
  endfacet
  facet normal 1 0 0
    outer loop
      vertex 47 -19.6629 3.74564
      vertex 47 -20.2678 3.74905
      vertex 47 -19.6629 3.25436
    endloop
  endfacet
  facet normal 1 -0 0
    outer loop
      vertex 47 -20.4081 4.22698
      vertex 47 -19.765 4.22619
      vertex 47 -19.9648 4.675
    endloop
  endfacet
  facet normal 1 0 0
    outer loop
      vertex 47 -20.2678 3.25095
      vertex 47 -19.6629 3.25436
      vertex 47 -20.2678 3.74905
    endloop
  endfacet
  facet normal 1 0 0
    outer loop
      vertex 47 -20.6774 4.64601
      vertex 47 -19.9648 4.675
      vertex 47 -20.2536 5.07246
    endloop
  endfacet
  facet normal 1 0 0
    outer loop
      vertex 47 -19.6629 3.25436
      vertex 47 -20.2678 3.25095
      vertex 47 -19.765 2.77381
    endloop
  endfacet
  facet normal 1 0 0
    outer loop
      vertex 47 -20.4081 2.77302
      vertex 47 -19.765 2.77381
      vertex 47 -20.2678 3.25095
    endloop
  endfacet
  facet normal 1 0 0
    outer loop
      vertex 47 -19.765 4.22619
      vertex 47 -20.4081 4.22698
      vertex 47 -20.2678 3.74905
    endloop
  endfacet
  facet normal 1 0 0
    outer loop
      vertex 47 -20.6774 4.64601
      vertex 47 -20.2536 5.07246
      vertex 47 -20.6187 5.40119
    endloop
  endfacet
  facet normal 1 0 0
    outer loop
      vertex 47 -19.9648 4.675
      vertex 47 -20.6774 4.64601
      vertex 47 -20.4081 4.22698
    endloop
  endfacet
  facet normal 1 0 0
    outer loop
      vertex 47 -21.0539 4.97219
      vertex 47 -20.6187 5.40119
      vertex 47 -21.0442 5.64683
    endloop
  endfacet
  facet normal 1 0 0
    outer loop
      vertex 47 -20.6187 5.40119
      vertex 47 -21.0539 4.97219
      vertex 47 -20.6774 4.64601
    endloop
  endfacet
  facet normal 1 0 0
    outer loop
      vertex 47 -21.0442 5.64683
      vertex 47 -21.507 5.17911
      vertex 47 -21.0539 4.97219
    endloop
  endfacet
  facet normal 1 0 0
    outer loop
      vertex 47 -21.5114 5.79865
      vertex 47 -21.507 5.17911
      vertex 47 -21.0442 5.64683
    endloop
  endfacet
  facet normal 1 0 0
    outer loop
      vertex 47 -22 5.25
      vertex 47 -21.5114 5.79865
      vertex 47 -22 5.85
    endloop
  endfacet
  facet normal 1 0 0
    outer loop
      vertex 47 -21.5114 5.79865
      vertex 47 -22 5.25
      vertex 47 -21.507 5.17911
    endloop
  endfacet
  facet normal 1 -0 0
    outer loop
      vertex 47 -22.4886 5.79865
      vertex 47 -22 5.25
      vertex 47 -22 5.85
    endloop
  endfacet
  facet normal 1 0 0
    outer loop
      vertex 47 -22.4886 5.79865
      vertex 47 -22.493 5.17911
      vertex 47 -22 5.25
    endloop
  endfacet
  facet normal 1 -0 0
    outer loop
      vertex 47 -22.9558 5.64683
      vertex 47 -22.493 5.17911
      vertex 47 -22.4886 5.79865
    endloop
  endfacet
  facet normal 1 0 0
    outer loop
      vertex 47 -22.493 5.17911
      vertex 47 -22.9558 5.64683
      vertex 47 -22.9461 4.97219
    endloop
  endfacet
  facet normal 1 -0 0
    outer loop
      vertex 47 -23.3813 5.40119
      vertex 47 -22.9461 4.97219
      vertex 47 -22.9558 5.64683
    endloop
  endfacet
  facet normal 1 0 0
    outer loop
      vertex 47 -22.9461 4.97219
      vertex 47 -23.3813 5.40119
      vertex 47 -23.3226 4.64601
    endloop
  endfacet
  facet normal 1 -0 0
    outer loop
      vertex 47 -23.7464 5.07246
      vertex 47 -23.3226 4.64601
      vertex 47 -23.3813 5.40119
    endloop
  endfacet
  facet normal 1 -0 0
    outer loop
      vertex 47 -24.0352 4.675
      vertex 47 -23.3226 4.64601
      vertex 47 -23.7464 5.07246
    endloop
  endfacet
  facet normal 1 0 0
    outer loop
      vertex 47 -24.235 4.22619
      vertex 47 -23.5919 4.22698
      vertex 47 -24.0352 4.675
    endloop
  endfacet
  facet normal 1 0 0
    outer loop
      vertex 47 -23.3226 4.64601
      vertex 47 -24.0352 4.675
      vertex 47 -23.5919 4.22698
    endloop
  endfacet
  facet normal 1 0 0
    outer loop
      vertex 47 -19.765 2.77381
      vertex 47 -20.4081 2.77302
      vertex 47 -19.9648 2.325
    endloop
  endfacet
  facet normal 1 -0 0
    outer loop
      vertex 47 -20.6774 2.35399
      vertex 47 -19.9648 2.325
      vertex 47 -20.4081 2.77302
    endloop
  endfacet
  facet normal 1 0 0
    outer loop
      vertex 47 -19.9648 2.325
      vertex 47 -20.6774 2.35399
      vertex 47 -20.2536 1.92754
    endloop
  endfacet
  facet normal 1 0 0
    outer loop
      vertex 47 -20.2536 1.92754
      vertex 47 -20.6774 2.35399
      vertex 47 -20.6187 1.59881
    endloop
  endfacet
  facet normal 1 -0 0
    outer loop
      vertex 47 -21.0539 2.02781
      vertex 47 -20.6187 1.59881
      vertex 47 -20.6774 2.35399
    endloop
  endfacet
  facet normal 1 0 0
    outer loop
      vertex 47 -20.6187 1.59881
      vertex 47 -21.0539 2.02781
      vertex 47 -21.0442 1.35317
    endloop
  endfacet
  facet normal 1 -0 0
    outer loop
      vertex 47 -21.507 1.82089
      vertex 47 -21.0442 1.35317
      vertex 47 -21.0539 2.02781
    endloop
  endfacet
  facet normal 1 0 0
    outer loop
      vertex 47 -21.507 1.82089
      vertex 47 -21.5114 1.20135
      vertex 47 -21.0442 1.35317
    endloop
  endfacet
  facet normal 1 -0 0
    outer loop
      vertex 47 -22 1.75
      vertex 47 -21.5114 1.20135
      vertex 47 -21.507 1.82089
    endloop
  endfacet
  facet normal 1 0 0
    outer loop
      vertex 47 -22 1.75
      vertex 47 -22 1.15
      vertex 47 -21.5114 1.20135
    endloop
  endfacet
  facet normal 1 0 0
    outer loop
      vertex 47 -22 1.75
      vertex 47 -22.4886 1.20135
      vertex 47 -22 1.15
    endloop
  endfacet
  facet normal 1 0 0
    outer loop
      vertex 47 -22.493 1.82089
      vertex 47 -22.4886 1.20135
      vertex 47 -22 1.75
    endloop
  endfacet
  facet normal 1 0 0
    outer loop
      vertex 47 -22.9558 1.35317
      vertex 47 -22.493 1.82089
      vertex 47 -22.9461 2.02781
    endloop
  endfacet
  facet normal 1 0 0
    outer loop
      vertex 47 -22.493 1.82089
      vertex 47 -22.9558 1.35317
      vertex 47 -22.4886 1.20135
    endloop
  endfacet
  facet normal 1 0 0
    outer loop
      vertex 47 -23.3813 1.59881
      vertex 47 -22.9461 2.02781
      vertex 47 -23.3226 2.35399
    endloop
  endfacet
  facet normal 1 0 0
    outer loop
      vertex 47 -22.9461 2.02781
      vertex 47 -23.3813 1.59881
      vertex 47 -22.9558 1.35317
    endloop
  endfacet
  facet normal 1 0 0
    outer loop
      vertex 47 -24.0352 2.325
      vertex 47 -23.3226 2.35399
      vertex 47 -23.5919 2.77302
    endloop
  endfacet
  facet normal 1 -0 0
    outer loop
      vertex 47 -24.235 2.77381
      vertex 47 -23.5919 2.77302
      vertex 47 -23.7322 3.25095
    endloop
  endfacet
  facet normal 1 0 0
    outer loop
      vertex 47 -23.3226 2.35399
      vertex 47 -23.7464 1.92754
      vertex 47 -23.3813 1.59881
    endloop
  endfacet
  facet normal 1 0 0
    outer loop
      vertex 47 -23.5919 4.22698
      vertex 47 -24.235 4.22619
      vertex 47 -23.7322 3.74905
    endloop
  endfacet
  facet normal 1 0 0
    outer loop
      vertex 47 -24.3371 3.74564
      vertex 47 -23.7322 3.74905
      vertex 47 -24.235 4.22619
    endloop
  endfacet
  facet normal 1 0 0
    outer loop
      vertex 47 -23.3226 2.35399
      vertex 47 -24.0352 2.325
      vertex 47 -23.7464 1.92754
    endloop
  endfacet
  facet normal 1 0 0
    outer loop
      vertex 47 -23.7322 3.74905
      vertex 47 -24.3371 3.74564
      vertex 47 -23.7322 3.25095
    endloop
  endfacet
  facet normal 1 0 0
    outer loop
      vertex 47 -23.5919 2.77302
      vertex 47 -24.235 2.77381
      vertex 47 -24.0352 2.325
    endloop
  endfacet
  facet normal 1 -0 0
    outer loop
      vertex 47 -24.3371 3.25436
      vertex 47 -23.7322 3.25095
      vertex 47 -24.3371 3.74564
    endloop
  endfacet
  facet normal 1 0 0
    outer loop
      vertex 47 -23.7322 3.25095
      vertex 47 -24.3371 3.25436
      vertex 47 -24.235 2.77381
    endloop
  endfacet
  facet normal -1 0 0
    outer loop
      vertex -47 42.3371 3.74564
      vertex -47 47 0.2
      vertex -47 42.3371 3.25436
    endloop
  endfacet
  facet normal -1 0 0
    outer loop
      vertex -47 47 0.2
      vertex -47 42.235 2.77381
      vertex -47 42.3371 3.25436
    endloop
  endfacet
  facet normal -1 0 0
    outer loop
      vertex -47 47 0.2
      vertex -47 42.0352 2.325
      vertex -47 42.235 2.77381
    endloop
  endfacet
  facet normal -1 0 0
    outer loop
      vertex -47 47 0.2
      vertex -47 41.7464 1.92754
      vertex -47 42.0352 2.325
    endloop
  endfacet
  facet normal -1 0 0
    outer loop
      vertex -47 47 0.2
      vertex -47 41.3813 1.59881
      vertex -47 41.7464 1.92754
    endloop
  endfacet
  facet normal -1 0 0
    outer loop
      vertex -47 47 0.2
      vertex -47 40.9558 1.35317
      vertex -47 41.3813 1.59881
    endloop
  endfacet
  facet normal -1 0 0
    outer loop
      vertex -47 47 0.2
      vertex -47 40.4886 1.20135
      vertex -47 40.9558 1.35317
    endloop
  endfacet
  facet normal -1 0 0
    outer loop
      vertex -47 47 0.2
      vertex -47 40 1.15
      vertex -47 40.4886 1.20135
    endloop
  endfacet
  facet normal -1 0 0
    outer loop
      vertex -47 22 1.15
      vertex -47 40 1.15
      vertex -47 47 0.2
    endloop
  endfacet
  facet normal -1 0 0
    outer loop
      vertex -47 37.6629 3.25436
      vertex -47 24.3371 3.25436
      vertex -47 37.6629 3.74564
    endloop
  endfacet
  facet normal -1 0 0
    outer loop
      vertex -47 37.765 2.77381
      vertex -47 24.3371 3.25436
      vertex -47 37.6629 3.25436
    endloop
  endfacet
  facet normal -1 0 0
    outer loop
      vertex -47 24.235 2.77381
      vertex -47 37.765 2.77381
      vertex -47 37.9648 2.325
    endloop
  endfacet
  facet normal -1 0 0
    outer loop
      vertex -47 24.0352 2.325
      vertex -47 37.9648 2.325
      vertex -47 38.2536 1.92754
    endloop
  endfacet
  facet normal -1 0 0
    outer loop
      vertex -47 23.7464 1.92754
      vertex -47 38.2536 1.92754
      vertex -47 38.6187 1.59881
    endloop
  endfacet
  facet normal -1 0 0
    outer loop
      vertex -47 23.3813 1.59881
      vertex -47 38.6187 1.59881
      vertex -47 39.0442 1.35317
    endloop
  endfacet
  facet normal -1 0 0
    outer loop
      vertex -47 22.9558 1.35317
      vertex -47 39.0442 1.35317
      vertex -47 39.5114 1.20135
    endloop
  endfacet
  facet normal -1 0 0
    outer loop
      vertex -47 37.765 2.77381
      vertex -47 24.235 2.77381
      vertex -47 24.3371 3.25436
    endloop
  endfacet
  facet normal -1 0 0
    outer loop
      vertex -47 40 1.15
      vertex -47 22.4886 1.20135
      vertex -47 39.5114 1.20135
    endloop
  endfacet
  facet normal -1 0 0
    outer loop
      vertex -47 37.9648 2.325
      vertex -47 24.0352 2.325
      vertex -47 24.235 2.77381
    endloop
  endfacet
  facet normal -1 0 0
    outer loop
      vertex -47 38.2536 1.92754
      vertex -47 23.7464 1.92754
      vertex -47 24.0352 2.325
    endloop
  endfacet
  facet normal -1 0 0
    outer loop
      vertex -47 38.6187 1.59881
      vertex -47 23.3813 1.59881
      vertex -47 23.7464 1.92754
    endloop
  endfacet
  facet normal -1 0 0
    outer loop
      vertex -47 39.0442 1.35317
      vertex -47 22.9558 1.35317
      vertex -47 23.3813 1.59881
    endloop
  endfacet
  facet normal -1 0 0
    outer loop
      vertex -47 39.5114 1.20135
      vertex -47 22.4886 1.20135
      vertex -47 22.9558 1.35317
    endloop
  endfacet
  facet normal -1 0 0
    outer loop
      vertex -47 40 1.15
      vertex -47 22 1.15
      vertex -47 22.4886 1.20135
    endloop
  endfacet
  facet normal -1 0 0
    outer loop
      vertex -47 19.6629 3.25436
      vertex -47 -19.6629 3.25436
      vertex -47 19.6629 3.74564
    endloop
  endfacet
  facet normal -1 0 0
    outer loop
      vertex -47 19.765 2.77381
      vertex -47 -19.6629 3.25436
      vertex -47 19.6629 3.25436
    endloop
  endfacet
  facet normal -1 0 0
    outer loop
      vertex -47 -19.765 2.77381
      vertex -47 19.765 2.77381
      vertex -47 19.9648 2.325
    endloop
  endfacet
  facet normal -1 0 0
    outer loop
      vertex -47 -19.9648 2.325
      vertex -47 19.9648 2.325
      vertex -47 20.2536 1.92754
    endloop
  endfacet
  facet normal -1 0 0
    outer loop
      vertex -47 -20.2536 1.92754
      vertex -47 20.2536 1.92754
      vertex -47 20.6187 1.59881
    endloop
  endfacet
  facet normal -1 0 0
    outer loop
      vertex -47 -20.6187 1.59881
      vertex -47 20.6187 1.59881
      vertex -47 21.0442 1.35317
    endloop
  endfacet
  facet normal -1 0 0
    outer loop
      vertex -47 -21.0442 1.35317
      vertex -47 21.0442 1.35317
      vertex -47 21.5114 1.20135
    endloop
  endfacet
  facet normal -1 0 0
    outer loop
      vertex -47 -21.5114 1.20135
      vertex -47 21.5114 1.20135
      vertex -47 22 1.15
    endloop
  endfacet
  facet normal -1 0 0
    outer loop
      vertex -47 19.765 2.77381
      vertex -47 -19.765 2.77381
      vertex -47 -19.6629 3.25436
    endloop
  endfacet
  facet normal -1 0 0
    outer loop
      vertex -47 19.9648 2.325
      vertex -47 -19.9648 2.325
      vertex -47 -19.765 2.77381
    endloop
  endfacet
  facet normal -1 0 0
    outer loop
      vertex -47 -22 1.15
      vertex -47 22 1.15
      vertex -47 47 0.2
    endloop
  endfacet
  facet normal -1 0 0
    outer loop
      vertex -47 20.2536 1.92754
      vertex -47 -20.2536 1.92754
      vertex -47 -19.9648 2.325
    endloop
  endfacet
  facet normal -1 0 0
    outer loop
      vertex -47 20.6187 1.59881
      vertex -47 -20.6187 1.59881
      vertex -47 -20.2536 1.92754
    endloop
  endfacet
  facet normal -1 0 0
    outer loop
      vertex -47 21.0442 1.35317
      vertex -47 -21.0442 1.35317
      vertex -47 -20.6187 1.59881
    endloop
  endfacet
  facet normal -1 0 0
    outer loop
      vertex -47 21.5114 1.20135
      vertex -47 -21.5114 1.20135
      vertex -47 -21.0442 1.35317
    endloop
  endfacet
  facet normal -1 0 0
    outer loop
      vertex -47 22 1.15
      vertex -47 -22 1.15
      vertex -47 -21.5114 1.20135
    endloop
  endfacet
  facet normal -1 0 0
    outer loop
      vertex -47 -24.3371 3.25436
      vertex -47 -37.6629 3.25436
      vertex -47 -24.3371 3.74564
    endloop
  endfacet
  facet normal -1 0 0
    outer loop
      vertex -47 -24.235 2.77381
      vertex -47 -37.6629 3.25436
      vertex -47 -24.3371 3.25436
    endloop
  endfacet
  facet normal -1 0 0
    outer loop
      vertex -47 -37.765 2.77381
      vertex -47 -24.235 2.77381
      vertex -47 -24.0352 2.325
    endloop
  endfacet
  facet normal -1 0 0
    outer loop
      vertex -47 -37.9648 2.325
      vertex -47 -24.0352 2.325
      vertex -47 -23.7464 1.92754
    endloop
  endfacet
  facet normal -1 0 0
    outer loop
      vertex -47 -38.2536 1.92754
      vertex -47 -23.7464 1.92754
      vertex -47 -23.3813 1.59881
    endloop
  endfacet
  facet normal -1 0 0
    outer loop
      vertex -47 -38.6187 1.59881
      vertex -47 -23.3813 1.59881
      vertex -47 -22.9558 1.35317
    endloop
  endfacet
  facet normal -1 0 0
    outer loop
      vertex -47 -39.0442 1.35317
      vertex -47 -22.9558 1.35317
      vertex -47 -22.4886 1.20135
    endloop
  endfacet
  facet normal -1 0 0
    outer loop
      vertex -47 -24.235 2.77381
      vertex -47 -37.765 2.77381
      vertex -47 -37.6629 3.25436
    endloop
  endfacet
  facet normal -1 0 0
    outer loop
      vertex -47 -39.5114 1.20135
      vertex -47 -22.4886 1.20135
      vertex -47 -22 1.15
    endloop
  endfacet
  facet normal -1 0 0
    outer loop
      vertex -47 -24.0352 2.325
      vertex -47 -37.9648 2.325
      vertex -47 -37.765 2.77381
    endloop
  endfacet
  facet normal -1 0 0
    outer loop
      vertex -47 -23.7464 1.92754
      vertex -47 -38.2536 1.92754
      vertex -47 -37.9648 2.325
    endloop
  endfacet
  facet normal -1 0 0
    outer loop
      vertex -47 -23.3813 1.59881
      vertex -47 -38.6187 1.59881
      vertex -47 -38.2536 1.92754
    endloop
  endfacet
  facet normal -1 0 0
    outer loop
      vertex -47 -22.9558 1.35317
      vertex -47 -39.0442 1.35317
      vertex -47 -38.6187 1.59881
    endloop
  endfacet
  facet normal -1 0 0
    outer loop
      vertex -47 -47 0.2
      vertex -47 -22 1.15
      vertex -47 47 0.2
    endloop
  endfacet
  facet normal -1 0 0
    outer loop
      vertex -47 -22.4886 1.20135
      vertex -47 -39.5114 1.20135
      vertex -47 -39.0442 1.35317
    endloop
  endfacet
  facet normal -1 0 -0
    outer loop
      vertex -47 -40 1.15
      vertex -47 -22 1.15
      vertex -47 -47 0.2
    endloop
  endfacet
  facet normal -1 -0 0
    outer loop
      vertex -47 -42.3371 3.25436
      vertex -47 -47 0.2
      vertex -47 -42.3371 3.74564
    endloop
  endfacet
  facet normal -1 -0 0
    outer loop
      vertex -47 -42.235 2.77381
      vertex -47 -47 0.2
      vertex -47 -42.3371 3.25436
    endloop
  endfacet
  facet normal -1 -0 0
    outer loop
      vertex -47 -42.0352 2.325
      vertex -47 -47 0.2
      vertex -47 -42.235 2.77381
    endloop
  endfacet
  facet normal -1 -0 0
    outer loop
      vertex -47 -41.7464 1.92754
      vertex -47 -47 0.2
      vertex -47 -42.0352 2.325
    endloop
  endfacet
  facet normal -1 -0 0
    outer loop
      vertex -47 -41.3813 1.59881
      vertex -47 -47 0.2
      vertex -47 -41.7464 1.92754
    endloop
  endfacet
  facet normal -1 -0 0
    outer loop
      vertex -47 -40.9558 1.35317
      vertex -47 -47 0.2
      vertex -47 -41.3813 1.59881
    endloop
  endfacet
  facet normal -1 -0 0
    outer loop
      vertex -47 -40.4886 1.20135
      vertex -47 -47 0.2
      vertex -47 -40.9558 1.35317
    endloop
  endfacet
  facet normal -1 -0 0
    outer loop
      vertex -47 -40 1.15
      vertex -47 -47 0.2
      vertex -47 -40.4886 1.20135
    endloop
  endfacet
  facet normal -1 0 0
    outer loop
      vertex -47 -22 1.15
      vertex -47 -40 1.15
      vertex -47 -39.5114 1.20135
    endloop
  endfacet
  facet normal -1 0 0
    outer loop
      vertex -47 47 0.2
      vertex -47 42.3371 3.74564
      vertex -47 47 9.77778
    endloop
  endfacet
  facet normal -1 0 0
    outer loop
      vertex -47 42.235 4.22619
      vertex -47 47 9.77778
      vertex -47 42.3371 3.74564
    endloop
  endfacet
  facet normal -1 0 0
    outer loop
      vertex -47 42.0352 4.675
      vertex -47 47 9.77778
      vertex -47 42.235 4.22619
    endloop
  endfacet
  facet normal -1 0 0
    outer loop
      vertex -47 41.7464 5.07246
      vertex -47 47 9.77778
      vertex -47 42.0352 4.675
    endloop
  endfacet
  facet normal -1 0 0
    outer loop
      vertex -47 41.3813 5.40119
      vertex -47 47 9.77778
      vertex -47 41.7464 5.07246
    endloop
  endfacet
  facet normal -1 0 0
    outer loop
      vertex -47 40.9558 5.64683
      vertex -47 47 9.77778
      vertex -47 41.3813 5.40119
    endloop
  endfacet
  facet normal -1 0 0
    outer loop
      vertex -47 40.4886 5.79865
      vertex -47 47 9.77778
      vertex -47 40.9558 5.64683
    endloop
  endfacet
  facet normal -1 0 0
    outer loop
      vertex -47 40 5.85
      vertex -47 47 9.77778
      vertex -47 40.4886 5.79865
    endloop
  endfacet
  facet normal -1 0 0
    outer loop
      vertex -47 39.5114 5.79865
      vertex -47 47 9.77778
      vertex -47 40 5.85
    endloop
  endfacet
  facet normal -1 0 0
    outer loop
      vertex -47 39.0442 5.64683
      vertex -47 47 9.77778
      vertex -47 39.5114 5.79865
    endloop
  endfacet
  facet normal -1 0 0
    outer loop
      vertex -47 24.3371 3.74564
      vertex -47 37.6629 3.74564
      vertex -47 24.3371 3.25436
    endloop
  endfacet
  facet normal -1 0 0
    outer loop
      vertex -47 37.6629 3.74564
      vertex -47 24.3371 3.74564
      vertex -47 37.765 4.22619
    endloop
  endfacet
  facet normal -1 0 0
    outer loop
      vertex -47 24.235 4.22619
      vertex -47 37.765 4.22619
      vertex -47 24.3371 3.74564
    endloop
  endfacet
  facet normal -1 0 0
    outer loop
      vertex -47 37.765 4.22619
      vertex -47 24.235 4.22619
      vertex -47 37.9648 4.675
    endloop
  endfacet
  facet normal -1 0 0
    outer loop
      vertex -47 24.0352 4.675
      vertex -47 37.9648 4.675
      vertex -47 24.235 4.22619
    endloop
  endfacet
  facet normal -1 0 0
    outer loop
      vertex -47 37.9648 4.675
      vertex -47 24.0352 4.675
      vertex -47 38.2536 5.07246
    endloop
  endfacet
  facet normal -1 0 0
    outer loop
      vertex -47 23.7464 5.07246
      vertex -47 38.2536 5.07246
      vertex -47 24.0352 4.675
    endloop
  endfacet
  facet normal -1 0 0
    outer loop
      vertex -47 38.2536 5.07246
      vertex -47 23.7464 5.07246
      vertex -47 38.6187 5.40119
    endloop
  endfacet
  facet normal -1 0 0
    outer loop
      vertex -47 23.3813 5.40119
      vertex -47 38.6187 5.40119
      vertex -47 23.7464 5.07246
    endloop
  endfacet
  facet normal -1 0 0
    outer loop
      vertex -47 38.6187 5.40119
      vertex -47 23.3813 5.40119
      vertex -47 39.0442 5.64683
    endloop
  endfacet
  facet normal -1 0 0
    outer loop
      vertex -47 22.9558 5.64683
      vertex -47 39.0442 5.64683
      vertex -47 23.3813 5.40119
    endloop
  endfacet
  facet normal -1 0 0
    outer loop
      vertex -47 39.0442 5.64683
      vertex -47 22.9558 5.64683
      vertex -47 47 9.77778
    endloop
  endfacet
  facet normal -1 0 0
    outer loop
      vertex -47 22.4886 5.79865
      vertex -47 47 9.77778
      vertex -47 22.9558 5.64683
    endloop
  endfacet
  facet normal -1 0 0
    outer loop
      vertex -47 22 5.85
      vertex -47 47 9.77778
      vertex -47 22.4886 5.79865
    endloop
  endfacet
  facet normal -1 0 0
    outer loop
      vertex -47 21.5114 5.79865
      vertex -47 47 9.77778
      vertex -47 22 5.85
    endloop
  endfacet
  facet normal -1 0 0
    outer loop
      vertex -47 -19.6629 3.74564
      vertex -47 19.6629 3.74564
      vertex -47 -19.6629 3.25436
    endloop
  endfacet
  facet normal -1 0 0
    outer loop
      vertex -47 19.6629 3.74564
      vertex -47 -19.6629 3.74564
      vertex -47 19.765 4.22619
    endloop
  endfacet
  facet normal -1 0 0
    outer loop
      vertex -47 -19.765 4.22619
      vertex -47 19.765 4.22619
      vertex -47 -19.6629 3.74564
    endloop
  endfacet
  facet normal -1 0 0
    outer loop
      vertex -47 19.765 4.22619
      vertex -47 -19.765 4.22619
      vertex -47 19.9648 4.675
    endloop
  endfacet
  facet normal -1 0 0
    outer loop
      vertex -47 -19.9648 4.675
      vertex -47 19.9648 4.675
      vertex -47 -19.765 4.22619
    endloop
  endfacet
  facet normal -1 0 0
    outer loop
      vertex -47 19.9648 4.675
      vertex -47 -19.9648 4.675
      vertex -47 20.2536 5.07246
    endloop
  endfacet
  facet normal -1 0 0
    outer loop
      vertex -47 -20.2536 5.07246
      vertex -47 20.2536 5.07246
      vertex -47 -19.9648 4.675
    endloop
  endfacet
  facet normal -1 0 0
    outer loop
      vertex -47 20.2536 5.07246
      vertex -47 -20.2536 5.07246
      vertex -47 20.6187 5.40119
    endloop
  endfacet
  facet normal -1 0 0
    outer loop
      vertex -47 -20.6187 5.40119
      vertex -47 20.6187 5.40119
      vertex -47 -20.2536 5.07246
    endloop
  endfacet
  facet normal -1 0 0
    outer loop
      vertex -47 20.6187 5.40119
      vertex -47 -20.6187 5.40119
      vertex -47 21.0442 5.64683
    endloop
  endfacet
  facet normal -1 0 0
    outer loop
      vertex -47 -21.0442 5.64683
      vertex -47 21.0442 5.64683
      vertex -47 -20.6187 5.40119
    endloop
  endfacet
  facet normal -1 0 0
    outer loop
      vertex -47 21.0442 5.64683
      vertex -47 -21.0442 5.64683
      vertex -47 21.5114 5.79865
    endloop
  endfacet
  facet normal -1 0 0
    outer loop
      vertex -47 -21.5114 5.79865
      vertex -47 21.5114 5.79865
      vertex -47 -21.0442 5.64683
    endloop
  endfacet
  facet normal -1 0 0
    outer loop
      vertex -47 21.5114 5.79865
      vertex -47 -21.5114 5.79865
      vertex -47 47 9.77778
    endloop
  endfacet
  facet normal -1 0 0
    outer loop
      vertex -47 -22 5.85
      vertex -47 47 9.77778
      vertex -47 -21.5114 5.79865
    endloop
  endfacet
  facet normal -1 0 0
    outer loop
      vertex -47 -37.6629 3.74564
      vertex -47 -24.3371 3.74564
      vertex -47 -37.6629 3.25436
    endloop
  endfacet
  facet normal -1 0 0
    outer loop
      vertex -47 -24.3371 3.74564
      vertex -47 -37.6629 3.74564
      vertex -47 -24.235 4.22619
    endloop
  endfacet
  facet normal -1 0 0
    outer loop
      vertex -47 -37.765 4.22619
      vertex -47 -24.235 4.22619
      vertex -47 -37.6629 3.74564
    endloop
  endfacet
  facet normal -1 0 0
    outer loop
      vertex -47 -24.235 4.22619
      vertex -47 -37.765 4.22619
      vertex -47 -24.0352 4.675
    endloop
  endfacet
  facet normal -1 0 0
    outer loop
      vertex -47 -37.9648 4.675
      vertex -47 -24.0352 4.675
      vertex -47 -37.765 4.22619
    endloop
  endfacet
  facet normal -1 0 0
    outer loop
      vertex -47 -24.0352 4.675
      vertex -47 -37.9648 4.675
      vertex -47 -23.7464 5.07246
    endloop
  endfacet
  facet normal -1 0 0
    outer loop
      vertex -47 -38.2536 5.07246
      vertex -47 -23.7464 5.07246
      vertex -47 -37.9648 4.675
    endloop
  endfacet
  facet normal -1 0 0
    outer loop
      vertex -47 -23.7464 5.07246
      vertex -47 -38.2536 5.07246
      vertex -47 -23.3813 5.40119
    endloop
  endfacet
  facet normal -1 0 0
    outer loop
      vertex -47 -38.6187 5.40119
      vertex -47 -23.3813 5.40119
      vertex -47 -38.2536 5.07246
    endloop
  endfacet
  facet normal -1 0 0
    outer loop
      vertex -47 -23.3813 5.40119
      vertex -47 -38.6187 5.40119
      vertex -47 -22.9558 5.64683
    endloop
  endfacet
  facet normal -1 0 0
    outer loop
      vertex -47 -39.0442 5.64683
      vertex -47 -22.9558 5.64683
      vertex -47 -38.6187 5.40119
    endloop
  endfacet
  facet normal -1 0 0
    outer loop
      vertex -47 -22.9558 5.64683
      vertex -47 -39.0442 5.64683
      vertex -47 -22.4886 5.79865
    endloop
  endfacet
  facet normal -1 0 0
    outer loop
      vertex -47 -47 9.77778
      vertex -47 -22.4886 5.79865
      vertex -47 -39.0442 5.64683
    endloop
  endfacet
  facet normal -1 0 0
    outer loop
      vertex -47 -22.4886 5.79865
      vertex -47 -47 9.77778
      vertex -47 -22 5.85
    endloop
  endfacet
  facet normal -1 0 0
    outer loop
      vertex -47 -47 9.77778
      vertex -47 -39.0442 5.64683
      vertex -47 -39.5114 5.79865
    endloop
  endfacet
  facet normal -1 0 0
    outer loop
      vertex -47 -47 9.77778
      vertex -47 -39.5114 5.79865
      vertex -47 -40 5.85
    endloop
  endfacet
  facet normal -1 0 0
    outer loop
      vertex -47 -47 0.2
      vertex -47 -42.235 4.22619
      vertex -47 -42.3371 3.74564
    endloop
  endfacet
  facet normal -1 0 0
    outer loop
      vertex -47 -47 9.77778
      vertex -47 -42.235 4.22619
      vertex -47 -47 0.2
    endloop
  endfacet
  facet normal -1 0 0
    outer loop
      vertex -47 -42.235 4.22619
      vertex -47 -47 9.77778
      vertex -47 -42.0352 4.675
    endloop
  endfacet
  facet normal -1 0 0
    outer loop
      vertex -47 -22 5.85
      vertex -47 -47 9.77778
      vertex -47 47 9.77778
    endloop
  endfacet
  facet normal -1 0 0
    outer loop
      vertex -47 -40.4886 5.79865
      vertex -47 -47 9.77778
      vertex -47 -40 5.85
    endloop
  endfacet
  facet normal -1 0 0
    outer loop
      vertex -47 -40.9558 5.64683
      vertex -47 -47 9.77778
      vertex -47 -40.4886 5.79865
    endloop
  endfacet
  facet normal -1 0 0
    outer loop
      vertex -47 -41.3813 5.40119
      vertex -47 -47 9.77778
      vertex -47 -40.9558 5.64683
    endloop
  endfacet
  facet normal -1 0 0
    outer loop
      vertex -47 -41.7464 5.07246
      vertex -47 -47 9.77778
      vertex -47 -41.3813 5.40119
    endloop
  endfacet
  facet normal -1 0 0
    outer loop
      vertex -47 -42.0352 4.675
      vertex -47 -47 9.77778
      vertex -47 -41.7464 5.07246
    endloop
  endfacet
  facet normal -1 0 0
    outer loop
      vertex -47 23.7322 3.25095
      vertex -47 24.3371 3.25436
      vertex -47 24.235 2.77381
    endloop
  endfacet
  facet normal -1 -0 0
    outer loop
      vertex -47 24.3371 3.25436
      vertex -47 23.7322 3.25095
      vertex -47 24.3371 3.74564
    endloop
  endfacet
  facet normal -1 0 0
    outer loop
      vertex -47 23.5919 2.77302
      vertex -47 24.235 2.77381
      vertex -47 24.0352 2.325
    endloop
  endfacet
  facet normal -1 0 0
    outer loop
      vertex -47 23.7322 3.74905
      vertex -47 24.3371 3.74564
      vertex -47 23.7322 3.25095
    endloop
  endfacet
  facet normal -1 0 0
    outer loop
      vertex -47 23.3226 2.35399
      vertex -47 24.0352 2.325
      vertex -47 23.7464 1.92754
    endloop
  endfacet
  facet normal -1 0 0
    outer loop
      vertex -47 24.3371 3.74564
      vertex -47 23.7322 3.74905
      vertex -47 24.235 4.22619
    endloop
  endfacet
  facet normal -1 0 0
    outer loop
      vertex -47 23.5919 4.22698
      vertex -47 24.235 4.22619
      vertex -47 23.7322 3.74905
    endloop
  endfacet
  facet normal -1 -0 0
    outer loop
      vertex -47 24.235 2.77381
      vertex -47 23.5919 2.77302
      vertex -47 23.7322 3.25095
    endloop
  endfacet
  facet normal -1 0 0
    outer loop
      vertex -47 23.3226 2.35399
      vertex -47 23.7464 1.92754
      vertex -47 23.3813 1.59881
    endloop
  endfacet
  facet normal -1 0 0
    outer loop
      vertex -47 24.0352 2.325
      vertex -47 23.3226 2.35399
      vertex -47 23.5919 2.77302
    endloop
  endfacet
  facet normal -1 0 0
    outer loop
      vertex -47 22.9461 2.02781
      vertex -47 23.3813 1.59881
      vertex -47 22.9558 1.35317
    endloop
  endfacet
  facet normal -1 0 0
    outer loop
      vertex -47 23.3813 1.59881
      vertex -47 22.9461 2.02781
      vertex -47 23.3226 2.35399
    endloop
  endfacet
  facet normal -1 0 0
    outer loop
      vertex -47 22.9558 1.35317
      vertex -47 22.493 1.82089
      vertex -47 22.9461 2.02781
    endloop
  endfacet
  facet normal -1 0 0
    outer loop
      vertex -47 22.4886 1.20135
      vertex -47 22.493 1.82089
      vertex -47 22.9558 1.35317
    endloop
  endfacet
  facet normal -1 0 0
    outer loop
      vertex -47 22 1.75
      vertex -47 22.4886 1.20135
      vertex -47 22 1.15
    endloop
  endfacet
  facet normal -1 0 0
    outer loop
      vertex -47 22.4886 1.20135
      vertex -47 22 1.75
      vertex -47 22.493 1.82089
    endloop
  endfacet
  facet normal -1 0 0
    outer loop
      vertex -47 21.5114 1.20135
      vertex -47 22 1.75
      vertex -47 22 1.15
    endloop
  endfacet
  facet normal -1 0 0
    outer loop
      vertex -47 21.5114 1.20135
      vertex -47 21.507 1.82089
      vertex -47 22 1.75
    endloop
  endfacet
  facet normal -1 0 0
    outer loop
      vertex -47 21.0442 1.35317
      vertex -47 21.507 1.82089
      vertex -47 21.5114 1.20135
    endloop
  endfacet
  facet normal -1 -0 0
    outer loop
      vertex -47 21.507 1.82089
      vertex -47 21.0442 1.35317
      vertex -47 21.0539 2.02781
    endloop
  endfacet
  facet normal -1 0 0
    outer loop
      vertex -47 20.6187 1.59881
      vertex -47 21.0539 2.02781
      vertex -47 21.0442 1.35317
    endloop
  endfacet
  facet normal -1 -0 0
    outer loop
      vertex -47 21.0539 2.02781
      vertex -47 20.6187 1.59881
      vertex -47 20.6774 2.35399
    endloop
  endfacet
  facet normal -1 0 0
    outer loop
      vertex -47 20.2536 1.92754
      vertex -47 20.6774 2.35399
      vertex -47 20.6187 1.59881
    endloop
  endfacet
  facet normal -1 0 0
    outer loop
      vertex -47 19.9648 2.325
      vertex -47 20.6774 2.35399
      vertex -47 20.2536 1.92754
    endloop
  endfacet
  facet normal -1 0 0
    outer loop
      vertex -47 19.765 2.77381
      vertex -47 20.4081 2.77302
      vertex -47 19.9648 2.325
    endloop
  endfacet
  facet normal -1 -0 0
    outer loop
      vertex -47 20.6774 2.35399
      vertex -47 19.9648 2.325
      vertex -47 20.4081 2.77302
    endloop
  endfacet
  facet normal -1 0 0
    outer loop
      vertex -47 24.235 4.22619
      vertex -47 23.5919 4.22698
      vertex -47 24.0352 4.675
    endloop
  endfacet
  facet normal -1 0 0
    outer loop
      vertex -47 23.3226 4.64601
      vertex -47 24.0352 4.675
      vertex -47 23.5919 4.22698
    endloop
  endfacet
  facet normal -1 -0 0
    outer loop
      vertex -47 24.0352 4.675
      vertex -47 23.3226 4.64601
      vertex -47 23.7464 5.07246
    endloop
  endfacet
  facet normal -1 -0 0
    outer loop
      vertex -47 23.7464 5.07246
      vertex -47 23.3226 4.64601
      vertex -47 23.3813 5.40119
    endloop
  endfacet
  facet normal -1 0 0
    outer loop
      vertex -47 22.9461 4.97219
      vertex -47 23.3813 5.40119
      vertex -47 23.3226 4.64601
    endloop
  endfacet
  facet normal -1 -0 0
    outer loop
      vertex -47 23.3813 5.40119
      vertex -47 22.9461 4.97219
      vertex -47 22.9558 5.64683
    endloop
  endfacet
  facet normal -1 0 0
    outer loop
      vertex -47 22.493 5.17911
      vertex -47 22.9558 5.64683
      vertex -47 22.9461 4.97219
    endloop
  endfacet
  facet normal -1 0 0
    outer loop
      vertex -47 22.493 5.17911
      vertex -47 22.4886 5.79865
      vertex -47 22.9558 5.64683
    endloop
  endfacet
  facet normal -1 0 0
    outer loop
      vertex -47 22 5.25
      vertex -47 22.4886 5.79865
      vertex -47 22.493 5.17911
    endloop
  endfacet
  facet normal -1 0 0
    outer loop
      vertex -47 22 5.25
      vertex -47 22 5.85
      vertex -47 22.4886 5.79865
    endloop
  endfacet
  facet normal -1 0 0
    outer loop
      vertex -47 22 5.25
      vertex -47 21.5114 5.79865
      vertex -47 22 5.85
    endloop
  endfacet
  facet normal -1 0 0
    outer loop
      vertex -47 21.507 5.17911
      vertex -47 21.5114 5.79865
      vertex -47 22 5.25
    endloop
  endfacet
  facet normal -1 0 0
    outer loop
      vertex -47 21.0442 5.64683
      vertex -47 21.507 5.17911
      vertex -47 21.0539 4.97219
    endloop
  endfacet
  facet normal -1 0 0
    outer loop
      vertex -47 21.507 5.17911
      vertex -47 21.0442 5.64683
      vertex -47 21.5114 5.79865
    endloop
  endfacet
  facet normal -1 0 0
    outer loop
      vertex -47 20.6187 5.40119
      vertex -47 21.0539 4.97219
      vertex -47 20.6774 4.64601
    endloop
  endfacet
  facet normal -1 0 0
    outer loop
      vertex -47 21.0539 4.97219
      vertex -47 20.6187 5.40119
      vertex -47 21.0442 5.64683
    endloop
  endfacet
  facet normal -1 0 0
    outer loop
      vertex -47 19.9648 4.675
      vertex -47 20.6774 4.64601
      vertex -47 20.4081 4.22698
    endloop
  endfacet
  facet normal -1 0 0
    outer loop
      vertex -47 19.765 4.22619
      vertex -47 20.4081 4.22698
      vertex -47 20.2678 3.74905
    endloop
  endfacet
  facet normal -1 0 0
    outer loop
      vertex -47 20.6774 4.64601
      vertex -47 20.2536 5.07246
      vertex -47 20.6187 5.40119
    endloop
  endfacet
  facet normal -1 0 0
    outer loop
      vertex -47 20.4081 2.77302
      vertex -47 19.765 2.77381
      vertex -47 20.2678 3.25095
    endloop
  endfacet
  facet normal -1 0 0
    outer loop
      vertex -47 19.6629 3.25436
      vertex -47 20.2678 3.25095
      vertex -47 19.765 2.77381
    endloop
  endfacet
  facet normal -1 0 0
    outer loop
      vertex -47 20.6774 4.64601
      vertex -47 19.9648 4.675
      vertex -47 20.2536 5.07246
    endloop
  endfacet
  facet normal -1 0 0
    outer loop
      vertex -47 20.2678 3.25095
      vertex -47 19.6629 3.25436
      vertex -47 20.2678 3.74905
    endloop
  endfacet
  facet normal -1 -0 0
    outer loop
      vertex -47 20.4081 4.22698
      vertex -47 19.765 4.22619
      vertex -47 19.9648 4.675
    endloop
  endfacet
  facet normal -1 0 0
    outer loop
      vertex -47 19.6629 3.74564
      vertex -47 20.2678 3.74905
      vertex -47 19.6629 3.25436
    endloop
  endfacet
  facet normal -1 -0 0
    outer loop
      vertex -47 20.2678 3.74905
      vertex -47 19.6629 3.74564
      vertex -47 19.765 4.22619
    endloop
  endfacet
  facet normal -1 0 0
    outer loop
      vertex -47 -20.2678 3.25095
      vertex -47 -19.6629 3.25436
      vertex -47 -19.765 2.77381
    endloop
  endfacet
  facet normal -1 -0 0
    outer loop
      vertex -47 -19.6629 3.25436
      vertex -47 -20.2678 3.25095
      vertex -47 -19.6629 3.74564
    endloop
  endfacet
  facet normal -1 0 0
    outer loop
      vertex -47 -20.4081 2.77302
      vertex -47 -19.765 2.77381
      vertex -47 -19.9648 2.325
    endloop
  endfacet
  facet normal -1 0 0
    outer loop
      vertex -47 -20.2678 3.74905
      vertex -47 -19.6629 3.74564
      vertex -47 -20.2678 3.25095
    endloop
  endfacet
  facet normal -1 0 0
    outer loop
      vertex -47 -20.6774 2.35399
      vertex -47 -19.9648 2.325
      vertex -47 -20.2536 1.92754
    endloop
  endfacet
  facet normal -1 0 0
    outer loop
      vertex -47 -19.6629 3.74564
      vertex -47 -20.2678 3.74905
      vertex -47 -19.765 4.22619
    endloop
  endfacet
  facet normal -1 0 0
    outer loop
      vertex -47 -20.4081 4.22698
      vertex -47 -19.765 4.22619
      vertex -47 -20.2678 3.74905
    endloop
  endfacet
  facet normal -1 -0 0
    outer loop
      vertex -47 -19.765 2.77381
      vertex -47 -20.4081 2.77302
      vertex -47 -20.2678 3.25095
    endloop
  endfacet
  facet normal -1 0 0
    outer loop
      vertex -47 -20.6774 2.35399
      vertex -47 -20.2536 1.92754
      vertex -47 -20.6187 1.59881
    endloop
  endfacet
  facet normal -1 0 0
    outer loop
      vertex -47 -19.9648 2.325
      vertex -47 -20.6774 2.35399
      vertex -47 -20.4081 2.77302
    endloop
  endfacet
  facet normal -1 0 0
    outer loop
      vertex -47 -21.0539 2.02781
      vertex -47 -20.6187 1.59881
      vertex -47 -21.0442 1.35317
    endloop
  endfacet
  facet normal -1 0 0
    outer loop
      vertex -47 -20.6187 1.59881
      vertex -47 -21.0539 2.02781
      vertex -47 -20.6774 2.35399
    endloop
  endfacet
  facet normal -1 0 0
    outer loop
      vertex -47 -21.0442 1.35317
      vertex -47 -21.507 1.82089
      vertex -47 -21.0539 2.02781
    endloop
  endfacet
  facet normal -1 0 0
    outer loop
      vertex -47 -21.5114 1.20135
      vertex -47 -21.507 1.82089
      vertex -47 -21.0442 1.35317
    endloop
  endfacet
  facet normal -1 0 0
    outer loop
      vertex -47 -22 1.75
      vertex -47 -21.5114 1.20135
      vertex -47 -22 1.15
    endloop
  endfacet
  facet normal -1 0 0
    outer loop
      vertex -47 -21.5114 1.20135
      vertex -47 -22 1.75
      vertex -47 -21.507 1.82089
    endloop
  endfacet
  facet normal -1 0 0
    outer loop
      vertex -47 -22.4886 1.20135
      vertex -47 -22 1.75
      vertex -47 -22 1.15
    endloop
  endfacet
  facet normal -1 0 0
    outer loop
      vertex -47 -22.4886 1.20135
      vertex -47 -22.493 1.82089
      vertex -47 -22 1.75
    endloop
  endfacet
  facet normal -1 0 0
    outer loop
      vertex -47 -22.9558 1.35317
      vertex -47 -22.493 1.82089
      vertex -47 -22.4886 1.20135
    endloop
  endfacet
  facet normal -1 -0 0
    outer loop
      vertex -47 -22.493 1.82089
      vertex -47 -22.9558 1.35317
      vertex -47 -22.9461 2.02781
    endloop
  endfacet
  facet normal -1 0 0
    outer loop
      vertex -47 -23.3813 1.59881
      vertex -47 -22.9461 2.02781
      vertex -47 -22.9558 1.35317
    endloop
  endfacet
  facet normal -1 -0 0
    outer loop
      vertex -47 -22.9461 2.02781
      vertex -47 -23.3813 1.59881
      vertex -47 -23.3226 2.35399
    endloop
  endfacet
  facet normal -1 0 0
    outer loop
      vertex -47 -23.7464 1.92754
      vertex -47 -23.3226 2.35399
      vertex -47 -23.3813 1.59881
    endloop
  endfacet
  facet normal -1 0 0
    outer loop
      vertex -47 -24.0352 2.325
      vertex -47 -23.3226 2.35399
      vertex -47 -23.7464 1.92754
    endloop
  endfacet
  facet normal -1 0 0
    outer loop
      vertex -47 -24.235 2.77381
      vertex -47 -23.5919 2.77302
      vertex -47 -24.0352 2.325
    endloop
  endfacet
  facet normal -1 -0 0
    outer loop
      vertex -47 -23.3226 2.35399
      vertex -47 -24.0352 2.325
      vertex -47 -23.5919 2.77302
    endloop
  endfacet
  facet normal -1 0 0
    outer loop
      vertex -47 -19.765 4.22619
      vertex -47 -20.4081 4.22698
      vertex -47 -19.9648 4.675
    endloop
  endfacet
  facet normal -1 0 0
    outer loop
      vertex -47 -20.6774 4.64601
      vertex -47 -19.9648 4.675
      vertex -47 -20.4081 4.22698
    endloop
  endfacet
  facet normal -1 -0 0
    outer loop
      vertex -47 -19.9648 4.675
      vertex -47 -20.6774 4.64601
      vertex -47 -20.2536 5.07246
    endloop
  endfacet
  facet normal -1 -0 0
    outer loop
      vertex -47 -20.2536 5.07246
      vertex -47 -20.6774 4.64601
      vertex -47 -20.6187 5.40119
    endloop
  endfacet
  facet normal -1 0 0
    outer loop
      vertex -47 -21.0539 4.97219
      vertex -47 -20.6187 5.40119
      vertex -47 -20.6774 4.64601
    endloop
  endfacet
  facet normal -1 -0 0
    outer loop
      vertex -47 -20.6187 5.40119
      vertex -47 -21.0539 4.97219
      vertex -47 -21.0442 5.64683
    endloop
  endfacet
  facet normal -1 0 0
    outer loop
      vertex -47 -21.507 5.17911
      vertex -47 -21.0442 5.64683
      vertex -47 -21.0539 4.97219
    endloop
  endfacet
  facet normal -1 0 0
    outer loop
      vertex -47 -21.507 5.17911
      vertex -47 -21.5114 5.79865
      vertex -47 -21.0442 5.64683
    endloop
  endfacet
  facet normal -1 0 0
    outer loop
      vertex -47 -22 5.25
      vertex -47 -21.5114 5.79865
      vertex -47 -21.507 5.17911
    endloop
  endfacet
  facet normal -1 0 0
    outer loop
      vertex -47 -22 5.25
      vertex -47 -22 5.85
      vertex -47 -21.5114 5.79865
    endloop
  endfacet
  facet normal -1 0 0
    outer loop
      vertex -47 -22 5.25
      vertex -47 -22.4886 5.79865
      vertex -47 -22 5.85
    endloop
  endfacet
  facet normal -1 0 0
    outer loop
      vertex -47 -22.493 5.17911
      vertex -47 -22.4886 5.79865
      vertex -47 -22 5.25
    endloop
  endfacet
  facet normal -1 0 0
    outer loop
      vertex -47 -22.9558 5.64683
      vertex -47 -22.493 5.17911
      vertex -47 -22.9461 4.97219
    endloop
  endfacet
  facet normal -1 0 0
    outer loop
      vertex -47 -22.493 5.17911
      vertex -47 -22.9558 5.64683
      vertex -47 -22.4886 5.79865
    endloop
  endfacet
  facet normal -1 0 0
    outer loop
      vertex -47 -23.3813 5.40119
      vertex -47 -22.9461 4.97219
      vertex -47 -23.3226 4.64601
    endloop
  endfacet
  facet normal -1 0 0
    outer loop
      vertex -47 -22.9461 4.97219
      vertex -47 -23.3813 5.40119
      vertex -47 -22.9558 5.64683
    endloop
  endfacet
  facet normal -1 0 0
    outer loop
      vertex -47 -24.0352 4.675
      vertex -47 -23.3226 4.64601
      vertex -47 -23.5919 4.22698
    endloop
  endfacet
  facet normal -1 0 0
    outer loop
      vertex -47 -24.235 4.22619
      vertex -47 -23.5919 4.22698
      vertex -47 -23.7322 3.74905
    endloop
  endfacet
  facet normal -1 0 0
    outer loop
      vertex -47 -23.3226 4.64601
      vertex -47 -23.7464 5.07246
      vertex -47 -23.3813 5.40119
    endloop
  endfacet
  facet normal -1 0 0
    outer loop
      vertex -47 -23.5919 2.77302
      vertex -47 -24.235 2.77381
      vertex -47 -23.7322 3.25095
    endloop
  endfacet
  facet normal -1 0 0
    outer loop
      vertex -47 -24.3371 3.25436
      vertex -47 -23.7322 3.25095
      vertex -47 -24.235 2.77381
    endloop
  endfacet
  facet normal -1 0 0
    outer loop
      vertex -47 -23.3226 4.64601
      vertex -47 -24.0352 4.675
      vertex -47 -23.7464 5.07246
    endloop
  endfacet
  facet normal -1 0 0
    outer loop
      vertex -47 -23.7322 3.25095
      vertex -47 -24.3371 3.25436
      vertex -47 -23.7322 3.74905
    endloop
  endfacet
  facet normal -1 -0 0
    outer loop
      vertex -47 -23.5919 4.22698
      vertex -47 -24.235 4.22619
      vertex -47 -24.0352 4.675
    endloop
  endfacet
  facet normal -1 0 0
    outer loop
      vertex -47 -24.3371 3.74564
      vertex -47 -23.7322 3.74905
      vertex -47 -24.3371 3.25436
    endloop
  endfacet
  facet normal -1 -0 0
    outer loop
      vertex -47 -23.7322 3.74905
      vertex -47 -24.3371 3.74564
      vertex -47 -24.235 4.22619
    endloop
  endfacet
  facet normal 0 1 -0
    outer loop
      vertex -39.2738 47 5.73498
      vertex -47 47 9.77778
      vertex -22.7262 47 5.73498
    endloop
  endfacet
  facet normal 0 1 0
    outer loop
      vertex -47 47 9.77778
      vertex -39.2738 47 5.73498
      vertex -39.7544 47 5.83713
    endloop
  endfacet
  facet normal 0 1 -0
    outer loop
      vertex -23.175 47 5.53516
      vertex -39.2738 47 5.73498
      vertex -22.7262 47 5.73498
    endloop
  endfacet
  facet normal 0 1 0
    outer loop
      vertex -23.175 47 5.53516
      vertex -38.825 47 5.53516
      vertex -39.2738 47 5.73498
    endloop
  endfacet
  facet normal 0 1 -0
    outer loop
      vertex -23.5725 47 5.24639
      vertex -38.825 47 5.53516
      vertex -23.175 47 5.53516
    endloop
  endfacet
  facet normal 0 1 0
    outer loop
      vertex -23.5725 47 5.24639
      vertex -38.4275 47 5.24639
      vertex -38.825 47 5.53516
    endloop
  endfacet
  facet normal 0 1 -0
    outer loop
      vertex -23.9012 47 4.8813
      vertex -38.4275 47 5.24639
      vertex -23.5725 47 5.24639
    endloop
  endfacet
  facet normal 0 1 0
    outer loop
      vertex -23.9012 47 4.8813
      vertex -38.0988 47 4.8813
      vertex -38.4275 47 5.24639
    endloop
  endfacet
  facet normal 0 1 -0
    outer loop
      vertex -24.1468 47 4.45583
      vertex -38.0988 47 4.8813
      vertex -23.9012 47 4.8813
    endloop
  endfacet
  facet normal 0 1 0
    outer loop
      vertex -24.1468 47 4.45583
      vertex -37.8532 47 4.45583
      vertex -38.0988 47 4.8813
    endloop
  endfacet
  facet normal 0 1 -0
    outer loop
      vertex -24.2986 47 3.98859
      vertex -37.8532 47 4.45583
      vertex -24.1468 47 4.45583
    endloop
  endfacet
  facet normal 0 1 0
    outer loop
      vertex -24.2986 47 3.98859
      vertex -37.7014 47 3.98859
      vertex -37.8532 47 4.45583
    endloop
  endfacet
  facet normal 0 1 -0
    outer loop
      vertex -24.35 47 3.5
      vertex -37.7014 47 3.98859
      vertex -24.2986 47 3.98859
    endloop
  endfacet
  facet normal 0 1 0
    outer loop
      vertex -24.35 47 3.5
      vertex -37.65 47 3.5
      vertex -37.7014 47 3.98859
    endloop
  endfacet
  facet normal 0 1 0
    outer loop
      vertex -24.2986 47 3.01141
      vertex -37.65 47 3.5
      vertex -24.35 47 3.5
    endloop
  endfacet
  facet normal 0 1 0
    outer loop
      vertex -24.2986 47 3.01141
      vertex -37.7014 47 3.01141
      vertex -37.65 47 3.5
    endloop
  endfacet
  facet normal 0 1 0
    outer loop
      vertex -24.1468 47 2.54417
      vertex -37.7014 47 3.01141
      vertex -24.2986 47 3.01141
    endloop
  endfacet
  facet normal 0 1 0
    outer loop
      vertex -24.1468 47 2.54417
      vertex -37.8532 47 2.54417
      vertex -37.7014 47 3.01141
    endloop
  endfacet
  facet normal 0 1 0
    outer loop
      vertex -23.9012 47 2.1187
      vertex -37.8532 47 2.54417
      vertex -24.1468 47 2.54417
    endloop
  endfacet
  facet normal 0 1 0
    outer loop
      vertex -23.9012 47 2.1187
      vertex -38.0988 47 2.1187
      vertex -37.8532 47 2.54417
    endloop
  endfacet
  facet normal 0 1 0
    outer loop
      vertex -23.5725 47 1.75361
      vertex -38.0988 47 2.1187
      vertex -23.9012 47 2.1187
    endloop
  endfacet
  facet normal 0 1 0
    outer loop
      vertex -23.5725 47 1.75361
      vertex -38.4275 47 1.75361
      vertex -38.0988 47 2.1187
    endloop
  endfacet
  facet normal 0 1 0
    outer loop
      vertex -23.175 47 1.46484
      vertex -38.4275 47 1.75361
      vertex -23.5725 47 1.75361
    endloop
  endfacet
  facet normal 0 1 0
    outer loop
      vertex -23.175 47 1.46484
      vertex -38.825 47 1.46484
      vertex -38.4275 47 1.75361
    endloop
  endfacet
  facet normal 0 1 0
    outer loop
      vertex -22.7262 47 1.26502
      vertex -38.825 47 1.46484
      vertex -23.175 47 1.46484
    endloop
  endfacet
  facet normal 0 1 0
    outer loop
      vertex -22.7262 47 1.26502
      vertex -39.2738 47 1.26502
      vertex -38.825 47 1.46484
    endloop
  endfacet
  facet normal 0 1 0
    outer loop
      vertex -22.2456 47 1.16287
      vertex -39.2738 47 1.26502
      vertex -22.7262 47 1.26502
    endloop
  endfacet
  facet normal 0 1 0
    outer loop
      vertex -39.2738 47 1.26502
      vertex -22.2456 47 1.16287
      vertex -39.7544 47 1.16287
    endloop
  endfacet
  facet normal 0 1 -0
    outer loop
      vertex 21.2738 47 5.73498
      vertex -21.7544 47 5.83713
      vertex 21.7544 47 5.83713
    endloop
  endfacet
  facet normal 0 1 0
    outer loop
      vertex 21.2738 47 5.73498
      vertex -21.2738 47 5.73498
      vertex -21.7544 47 5.83713
    endloop
  endfacet
  facet normal 0 1 -0
    outer loop
      vertex 20.825 47 5.53516
      vertex -21.2738 47 5.73498
      vertex 21.2738 47 5.73498
    endloop
  endfacet
  facet normal 0 1 0
    outer loop
      vertex 20.825 47 5.53516
      vertex -20.825 47 5.53516
      vertex -21.2738 47 5.73498
    endloop
  endfacet
  facet normal 0 1 -0
    outer loop
      vertex 20.4275 47 5.24639
      vertex -20.825 47 5.53516
      vertex 20.825 47 5.53516
    endloop
  endfacet
  facet normal 0 1 0
    outer loop
      vertex 20.4275 47 5.24639
      vertex -20.4275 47 5.24639
      vertex -20.825 47 5.53516
    endloop
  endfacet
  facet normal 0 1 -0
    outer loop
      vertex 20.0988 47 4.8813
      vertex -20.4275 47 5.24639
      vertex 20.4275 47 5.24639
    endloop
  endfacet
  facet normal 0 1 0
    outer loop
      vertex 20.0988 47 4.8813
      vertex -20.0988 47 4.8813
      vertex -20.4275 47 5.24639
    endloop
  endfacet
  facet normal 0 1 -0
    outer loop
      vertex 19.8532 47 4.45583
      vertex -20.0988 47 4.8813
      vertex 20.0988 47 4.8813
    endloop
  endfacet
  facet normal 0 1 0
    outer loop
      vertex 19.8532 47 4.45583
      vertex -19.8532 47 4.45583
      vertex -20.0988 47 4.8813
    endloop
  endfacet
  facet normal 0 1 -0
    outer loop
      vertex 19.7014 47 3.98859
      vertex -19.8532 47 4.45583
      vertex 19.8532 47 4.45583
    endloop
  endfacet
  facet normal 0 1 0
    outer loop
      vertex 19.7014 47 3.98859
      vertex -19.7014 47 3.98859
      vertex -19.8532 47 4.45583
    endloop
  endfacet
  facet normal 0 1 -0
    outer loop
      vertex 19.65 47 3.5
      vertex -19.7014 47 3.98859
      vertex 19.7014 47 3.98859
    endloop
  endfacet
  facet normal 0 1 0
    outer loop
      vertex 19.65 47 3.5
      vertex -19.65 47 3.5
      vertex -19.7014 47 3.98859
    endloop
  endfacet
  facet normal 0 1 0
    outer loop
      vertex 19.7014 47 3.01141
      vertex -19.65 47 3.5
      vertex 19.65 47 3.5
    endloop
  endfacet
  facet normal 0 1 0
    outer loop
      vertex 19.7014 47 3.01141
      vertex -19.7014 47 3.01141
      vertex -19.65 47 3.5
    endloop
  endfacet
  facet normal 0 1 0
    outer loop
      vertex 19.8532 47 2.54417
      vertex -19.7014 47 3.01141
      vertex 19.7014 47 3.01141
    endloop
  endfacet
  facet normal 0 1 0
    outer loop
      vertex 19.8532 47 2.54417
      vertex -19.8532 47 2.54417
      vertex -19.7014 47 3.01141
    endloop
  endfacet
  facet normal 0 1 0
    outer loop
      vertex 20.0988 47 2.1187
      vertex -19.8532 47 2.54417
      vertex 19.8532 47 2.54417
    endloop
  endfacet
  facet normal 0 1 0
    outer loop
      vertex 20.0988 47 2.1187
      vertex -20.0988 47 2.1187
      vertex -19.8532 47 2.54417
    endloop
  endfacet
  facet normal 0 1 0
    outer loop
      vertex 20.4275 47 1.75361
      vertex -20.0988 47 2.1187
      vertex 20.0988 47 2.1187
    endloop
  endfacet
  facet normal 0 1 0
    outer loop
      vertex 20.4275 47 1.75361
      vertex -20.4275 47 1.75361
      vertex -20.0988 47 2.1187
    endloop
  endfacet
  facet normal 0 1 0
    outer loop
      vertex 20.825 47 1.46484
      vertex -20.4275 47 1.75361
      vertex 20.4275 47 1.75361
    endloop
  endfacet
  facet normal 0 1 0
    outer loop
      vertex 20.825 47 1.46484
      vertex -20.825 47 1.46484
      vertex -20.4275 47 1.75361
    endloop
  endfacet
  facet normal 0 1 0
    outer loop
      vertex 21.2738 47 1.26502
      vertex -20.825 47 1.46484
      vertex 20.825 47 1.46484
    endloop
  endfacet
  facet normal 0 1 0
    outer loop
      vertex 21.2738 47 1.26502
      vertex -21.2738 47 1.26502
      vertex -20.825 47 1.46484
    endloop
  endfacet
  facet normal 0 1 0
    outer loop
      vertex 21.7544 47 1.16287
      vertex -21.2738 47 1.26502
      vertex 21.2738 47 1.26502
    endloop
  endfacet
  facet normal 0 1 0
    outer loop
      vertex -21.2738 47 1.26502
      vertex 21.7544 47 1.16287
      vertex -21.7544 47 1.16287
    endloop
  endfacet
  facet normal 0 1 0
    outer loop
      vertex 22.7262 47 5.73498
      vertex 47 47 9.77778
      vertex 39.2738 47 5.73498
    endloop
  endfacet
  facet normal 0 1 0
    outer loop
      vertex 47 47 9.77778
      vertex 22.7262 47 5.73498
      vertex 22.2456 47 5.83713
    endloop
  endfacet
  facet normal 0 1 -0
    outer loop
      vertex 38.825 47 5.53516
      vertex 22.7262 47 5.73498
      vertex 39.2738 47 5.73498
    endloop
  endfacet
  facet normal 0 1 0
    outer loop
      vertex 38.825 47 5.53516
      vertex 23.175 47 5.53516
      vertex 22.7262 47 5.73498
    endloop
  endfacet
  facet normal 0 1 -0
    outer loop
      vertex 38.4275 47 5.24639
      vertex 23.175 47 5.53516
      vertex 38.825 47 5.53516
    endloop
  endfacet
  facet normal 0 1 0
    outer loop
      vertex 38.4275 47 5.24639
      vertex 23.5725 47 5.24639
      vertex 23.175 47 5.53516
    endloop
  endfacet
  facet normal 0 1 -0
    outer loop
      vertex 38.0988 47 4.8813
      vertex 23.5725 47 5.24639
      vertex 38.4275 47 5.24639
    endloop
  endfacet
  facet normal 0 1 0
    outer loop
      vertex 38.0988 47 4.8813
      vertex 23.9012 47 4.8813
      vertex 23.5725 47 5.24639
    endloop
  endfacet
  facet normal 0 1 -0
    outer loop
      vertex 37.8532 47 4.45583
      vertex 23.9012 47 4.8813
      vertex 38.0988 47 4.8813
    endloop
  endfacet
  facet normal 0 1 0
    outer loop
      vertex 37.8532 47 4.45583
      vertex 24.1468 47 4.45583
      vertex 23.9012 47 4.8813
    endloop
  endfacet
  facet normal 0 1 -0
    outer loop
      vertex 37.7014 47 3.98859
      vertex 24.1468 47 4.45583
      vertex 37.8532 47 4.45583
    endloop
  endfacet
  facet normal 0 1 0
    outer loop
      vertex 37.7014 47 3.98859
      vertex 24.2986 47 3.98859
      vertex 24.1468 47 4.45583
    endloop
  endfacet
  facet normal 0 1 -0
    outer loop
      vertex 37.65 47 3.5
      vertex 24.2986 47 3.98859
      vertex 37.7014 47 3.98859
    endloop
  endfacet
  facet normal 0 1 0
    outer loop
      vertex 37.65 47 3.5
      vertex 24.35 47 3.5
      vertex 24.2986 47 3.98859
    endloop
  endfacet
  facet normal 0 1 0
    outer loop
      vertex 37.7014 47 3.01141
      vertex 24.35 47 3.5
      vertex 37.65 47 3.5
    endloop
  endfacet
  facet normal 0 1 0
    outer loop
      vertex 37.7014 47 3.01141
      vertex 24.2986 47 3.01141
      vertex 24.35 47 3.5
    endloop
  endfacet
  facet normal 0 1 0
    outer loop
      vertex 37.8532 47 2.54417
      vertex 24.2986 47 3.01141
      vertex 37.7014 47 3.01141
    endloop
  endfacet
  facet normal 0 1 0
    outer loop
      vertex 37.8532 47 2.54417
      vertex 24.1468 47 2.54417
      vertex 24.2986 47 3.01141
    endloop
  endfacet
  facet normal 0 1 0
    outer loop
      vertex 38.0988 47 2.1187
      vertex 24.1468 47 2.54417
      vertex 37.8532 47 2.54417
    endloop
  endfacet
  facet normal 0 1 0
    outer loop
      vertex 38.0988 47 2.1187
      vertex 23.9012 47 2.1187
      vertex 24.1468 47 2.54417
    endloop
  endfacet
  facet normal 0 1 0
    outer loop
      vertex 38.4275 47 1.75361
      vertex 23.9012 47 2.1187
      vertex 38.0988 47 2.1187
    endloop
  endfacet
  facet normal 0 1 0
    outer loop
      vertex 38.4275 47 1.75361
      vertex 23.5725 47 1.75361
      vertex 23.9012 47 2.1187
    endloop
  endfacet
  facet normal 0 1 0
    outer loop
      vertex 38.825 47 1.46484
      vertex 23.5725 47 1.75361
      vertex 38.4275 47 1.75361
    endloop
  endfacet
  facet normal 0 1 0
    outer loop
      vertex 38.825 47 1.46484
      vertex 23.175 47 1.46484
      vertex 23.5725 47 1.75361
    endloop
  endfacet
  facet normal 0 1 0
    outer loop
      vertex 39.2738 47 1.26502
      vertex 23.175 47 1.46484
      vertex 38.825 47 1.46484
    endloop
  endfacet
  facet normal 0 1 0
    outer loop
      vertex 39.2738 47 1.26502
      vertex 22.7262 47 1.26502
      vertex 23.175 47 1.46484
    endloop
  endfacet
  facet normal 0 1 0
    outer loop
      vertex 39.7544 47 1.16287
      vertex 22.7262 47 1.26502
      vertex 39.2738 47 1.26502
    endloop
  endfacet
  facet normal 0 1 0
    outer loop
      vertex 22.7262 47 1.26502
      vertex 39.7544 47 1.16287
      vertex 22.2456 47 1.16287
    endloop
  endfacet
  facet normal 0 1 0
    outer loop
      vertex 39.7544 47 5.83713
      vertex 47 47 9.77778
      vertex 40.2456 47 5.83713
    endloop
  endfacet
  facet normal 0 1 0
    outer loop
      vertex 47 47 9.77778
      vertex 40.7262 47 5.73498
      vertex 40.2456 47 5.83713
    endloop
  endfacet
  facet normal 0 1 0
    outer loop
      vertex 47 47 9.77778
      vertex 41.175 47 5.53516
      vertex 40.7262 47 5.73498
    endloop
  endfacet
  facet normal 0 1 0
    outer loop
      vertex 47 47 9.77778
      vertex 41.5725 47 5.24639
      vertex 41.175 47 5.53516
    endloop
  endfacet
  facet normal 0 1 0
    outer loop
      vertex 47 47 9.77778
      vertex 41.9012 47 4.8813
      vertex 41.5725 47 5.24639
    endloop
  endfacet
  facet normal 0 1 0
    outer loop
      vertex 47 47 9.77778
      vertex 42.1468 47 4.45583
      vertex 41.9012 47 4.8813
    endloop
  endfacet
  facet normal 0 1 0
    outer loop
      vertex 47 47 9.77778
      vertex 42.2986 47 3.98859
      vertex 42.1468 47 4.45583
    endloop
  endfacet
  facet normal 0 1 -0
    outer loop
      vertex 47 47 0.2
      vertex 42.2986 47 3.98859
      vertex 47 47 9.77778
    endloop
  endfacet
  facet normal 0 1 0
    outer loop
      vertex 42.2986 47 3.98859
      vertex 47 47 0.2
      vertex 42.35 47 3.5
    endloop
  endfacet
  facet normal 0 1 0
    outer loop
      vertex 42.35 47 3.5
      vertex 47 47 0.2
      vertex 42.2986 47 3.01141
    endloop
  endfacet
  facet normal 0 1 0
    outer loop
      vertex 42.2986 47 3.01141
      vertex 47 47 0.2
      vertex 42.1468 47 2.54417
    endloop
  endfacet
  facet normal 0 1 0
    outer loop
      vertex 47 47 0.2
      vertex 39.7544 47 1.16287
      vertex 40.2456 47 1.16287
    endloop
  endfacet
  facet normal 0 1 0
    outer loop
      vertex 39.7544 47 1.16287
      vertex 47 47 0.2
      vertex 22.2456 47 1.16287
    endloop
  endfacet
  facet normal 0 1 0
    outer loop
      vertex 22.2456 47 1.16287
      vertex 47 47 0.2
      vertex 21.7544 47 1.16287
    endloop
  endfacet
  facet normal 0 1 0
    outer loop
      vertex 21.7544 47 1.16287
      vertex 47 47 0.2
      vertex -21.7544 47 1.16287
    endloop
  endfacet
  facet normal 0 1 0
    outer loop
      vertex -47 47 0.2
      vertex -21.7544 47 1.16287
      vertex 47 47 0.2
    endloop
  endfacet
  facet normal 0 1 0
    outer loop
      vertex -21.7544 47 1.16287
      vertex -47 47 0.2
      vertex -22.2456 47 1.16287
    endloop
  endfacet
  facet normal 0 1 0
    outer loop
      vertex -22.2456 47 1.16287
      vertex -47 47 0.2
      vertex -39.7544 47 1.16287
    endloop
  endfacet
  facet normal 0 1 0
    outer loop
      vertex 40.7262 47 1.26502
      vertex 47 47 0.2
      vertex 40.2456 47 1.16287
    endloop
  endfacet
  facet normal 0 1 0
    outer loop
      vertex 41.175 47 1.46484
      vertex 47 47 0.2
      vertex 40.7262 47 1.26502
    endloop
  endfacet
  facet normal 0 1 0
    outer loop
      vertex 41.5725 47 1.75361
      vertex 47 47 0.2
      vertex 41.175 47 1.46484
    endloop
  endfacet
  facet normal 0 1 0
    outer loop
      vertex 41.9012 47 2.1187
      vertex 47 47 0.2
      vertex 41.5725 47 1.75361
    endloop
  endfacet
  facet normal 0 1 0
    outer loop
      vertex 42.1468 47 2.54417
      vertex 47 47 0.2
      vertex 41.9012 47 2.1187
    endloop
  endfacet
  facet normal 0 1 0
    outer loop
      vertex 39.2738 47 5.73498
      vertex 47 47 9.77778
      vertex 39.7544 47 5.83713
    endloop
  endfacet
  facet normal 0 1 0
    outer loop
      vertex 21.7544 47 5.83713
      vertex 47 47 9.77778
      vertex 22.2456 47 5.83713
    endloop
  endfacet
  facet normal 0 1 0
    outer loop
      vertex 47 47 9.77778
      vertex 21.7544 47 5.83713
      vertex -47 47 9.77778
    endloop
  endfacet
  facet normal 0 1 -0
    outer loop
      vertex -21.7544 47 5.83713
      vertex -47 47 9.77778
      vertex 21.7544 47 5.83713
    endloop
  endfacet
  facet normal 0 1 -0
    outer loop
      vertex -22.2456 47 5.83713
      vertex -47 47 9.77778
      vertex -21.7544 47 5.83713
    endloop
  endfacet
  facet normal 0 1 -0
    outer loop
      vertex -22.7262 47 5.73498
      vertex -47 47 9.77778
      vertex -22.2456 47 5.83713
    endloop
  endfacet
  facet normal 0 1 -0
    outer loop
      vertex -40.2456 47 5.83713
      vertex -47 47 9.77778
      vertex -39.7544 47 5.83713
    endloop
  endfacet
  facet normal 0 1 -0
    outer loop
      vertex -40.7262 47 5.73498
      vertex -47 47 9.77778
      vertex -40.2456 47 5.83713
    endloop
  endfacet
  facet normal 0 1 -0
    outer loop
      vertex -41.175 47 5.53516
      vertex -47 47 9.77778
      vertex -40.7262 47 5.73498
    endloop
  endfacet
  facet normal 0 1 -0
    outer loop
      vertex -41.5725 47 5.24639
      vertex -47 47 9.77778
      vertex -41.175 47 5.53516
    endloop
  endfacet
  facet normal 0 1 -0
    outer loop
      vertex -41.9012 47 4.8813
      vertex -47 47 9.77778
      vertex -41.5725 47 5.24639
    endloop
  endfacet
  facet normal 0 1 -0
    outer loop
      vertex -42.1468 47 4.45583
      vertex -47 47 9.77778
      vertex -41.9012 47 4.8813
    endloop
  endfacet
  facet normal 0 1 -0
    outer loop
      vertex -42.2986 47 3.98859
      vertex -47 47 9.77778
      vertex -42.1468 47 4.45583
    endloop
  endfacet
  facet normal 0 1 0
    outer loop
      vertex -47 47 0.2
      vertex -42.2986 47 3.98859
      vertex -42.35 47 3.5
    endloop
  endfacet
  facet normal 0 1 0
    outer loop
      vertex -47 47 0.2
      vertex -42.35 47 3.5
      vertex -42.2986 47 3.01141
    endloop
  endfacet
  facet normal 0 1 0
    outer loop
      vertex -47 47 0.2
      vertex -42.2986 47 3.01141
      vertex -42.1468 47 2.54417
    endloop
  endfacet
  facet normal 0 1 0
    outer loop
      vertex -47 47 0.2
      vertex -42.1468 47 2.54417
      vertex -41.9012 47 2.1187
    endloop
  endfacet
  facet normal 0 1 0
    outer loop
      vertex -42.2986 47 3.98859
      vertex -47 47 0.2
      vertex -47 47 9.77778
    endloop
  endfacet
  facet normal 0 1 0
    outer loop
      vertex -41.5725 47 1.75361
      vertex -47 47 0.2
      vertex -41.9012 47 2.1187
    endloop
  endfacet
  facet normal 0 1 0
    outer loop
      vertex -41.175 47 1.46484
      vertex -47 47 0.2
      vertex -41.5725 47 1.75361
    endloop
  endfacet
  facet normal 0 1 0
    outer loop
      vertex -40.7262 47 1.26502
      vertex -47 47 0.2
      vertex -41.175 47 1.46484
    endloop
  endfacet
  facet normal 0 1 0
    outer loop
      vertex -40.2456 47 1.16287
      vertex -47 47 0.2
      vertex -40.7262 47 1.26502
    endloop
  endfacet
  facet normal 0 1 0
    outer loop
      vertex -39.7544 47 1.16287
      vertex -47 47 0.2
      vertex -40.2456 47 1.16287
    endloop
  endfacet
  facet normal 0 1 -0
    outer loop
      vertex 22.2491 47 5.23219
      vertex 22.2456 47 5.83713
      vertex 22.7262 47 5.73498
    endloop
  endfacet
  facet normal 0 1 0
    outer loop
      vertex 22.2456 47 5.83713
      vertex 22.2491 47 5.23219
      vertex 21.7544 47 5.83713
    endloop
  endfacet
  facet normal 0 1 -0
    outer loop
      vertex 22.727 47 5.09186
      vertex 22.7262 47 5.73498
      vertex 23.175 47 5.53516
    endloop
  endfacet
  facet normal 0 1 0
    outer loop
      vertex 21.7509 47 5.23219
      vertex 21.7544 47 5.83713
      vertex 22.2491 47 5.23219
    endloop
  endfacet
  facet normal 0 1 0
    outer loop
      vertex 23.146 47 4.82256
      vertex 23.175 47 5.53516
      vertex 23.5725 47 5.24639
    endloop
  endfacet
  facet normal 0 1 0
    outer loop
      vertex 21.7544 47 5.83713
      vertex 21.7509 47 5.23219
      vertex 21.2738 47 5.73498
    endloop
  endfacet
  facet normal 0 1 0
    outer loop
      vertex 21.273 47 5.09186
      vertex 21.2738 47 5.73498
      vertex 21.7509 47 5.23219
    endloop
  endfacet
  facet normal 0 1 0
    outer loop
      vertex 22.7262 47 5.73498
      vertex 22.727 47 5.09186
      vertex 22.2491 47 5.23219
    endloop
  endfacet
  facet normal 0 1 0
    outer loop
      vertex 23.146 47 4.82256
      vertex 23.5725 47 5.24639
      vertex 23.9012 47 4.8813
    endloop
  endfacet
  facet normal 0 1 0
    outer loop
      vertex 23.175 47 5.53516
      vertex 23.146 47 4.82256
      vertex 22.727 47 5.09186
    endloop
  endfacet
  facet normal 0 1 0
    outer loop
      vertex 23.4722 47 4.44612
      vertex 23.9012 47 4.8813
      vertex 24.1468 47 4.45583
    endloop
  endfacet
  facet normal 0 1 0
    outer loop
      vertex 23.9012 47 4.8813
      vertex 23.4722 47 4.44612
      vertex 23.146 47 4.82256
    endloop
  endfacet
  facet normal 0 1 0
    outer loop
      vertex 24.1468 47 4.45583
      vertex 23.6791 47 3.99303
      vertex 23.4722 47 4.44612
    endloop
  endfacet
  facet normal 0 1 0
    outer loop
      vertex 24.2986 47 3.98859
      vertex 23.6791 47 3.99303
      vertex 24.1468 47 4.45583
    endloop
  endfacet
  facet normal 0 1 0
    outer loop
      vertex 23.75 47 3.5
      vertex 24.2986 47 3.98859
      vertex 24.35 47 3.5
    endloop
  endfacet
  facet normal 0 1 0
    outer loop
      vertex 24.2986 47 3.98859
      vertex 23.75 47 3.5
      vertex 23.6791 47 3.99303
    endloop
  endfacet
  facet normal 0 1 -0
    outer loop
      vertex 24.2986 47 3.01141
      vertex 23.75 47 3.5
      vertex 24.35 47 3.5
    endloop
  endfacet
  facet normal 0 1 0
    outer loop
      vertex 24.2986 47 3.01141
      vertex 23.6791 47 3.00697
      vertex 23.75 47 3.5
    endloop
  endfacet
  facet normal 0 1 -0
    outer loop
      vertex 24.1468 47 2.54417
      vertex 23.6791 47 3.00697
      vertex 24.2986 47 3.01141
    endloop
  endfacet
  facet normal 0 1 0
    outer loop
      vertex 23.6791 47 3.00697
      vertex 24.1468 47 2.54417
      vertex 23.4722 47 2.55388
    endloop
  endfacet
  facet normal 0 1 -0
    outer loop
      vertex 23.9012 47 2.1187
      vertex 23.4722 47 2.55388
      vertex 24.1468 47 2.54417
    endloop
  endfacet
  facet normal 0 1 0
    outer loop
      vertex 23.4722 47 2.55388
      vertex 23.9012 47 2.1187
      vertex 23.146 47 2.17744
    endloop
  endfacet
  facet normal 0 1 -0
    outer loop
      vertex 23.5725 47 1.75361
      vertex 23.146 47 2.17744
      vertex 23.9012 47 2.1187
    endloop
  endfacet
  facet normal 0 1 -0
    outer loop
      vertex 23.175 47 1.46484
      vertex 23.146 47 2.17744
      vertex 23.5725 47 1.75361
    endloop
  endfacet
  facet normal 0 1 0
    outer loop
      vertex 22.7262 47 1.26502
      vertex 22.727 47 1.90814
      vertex 23.175 47 1.46484
    endloop
  endfacet
  facet normal 0 1 0
    outer loop
      vertex 23.146 47 2.17744
      vertex 23.175 47 1.46484
      vertex 22.727 47 1.90814
    endloop
  endfacet
  facet normal 0 1 0
    outer loop
      vertex 21.2738 47 5.73498
      vertex 21.273 47 5.09186
      vertex 20.825 47 5.53516
    endloop
  endfacet
  facet normal 0 1 -0
    outer loop
      vertex 20.854 47 4.82256
      vertex 20.825 47 5.53516
      vertex 21.273 47 5.09186
    endloop
  endfacet
  facet normal 0 1 0
    outer loop
      vertex 20.825 47 5.53516
      vertex 20.854 47 4.82256
      vertex 20.4275 47 5.24639
    endloop
  endfacet
  facet normal 0 1 0
    outer loop
      vertex 20.4275 47 5.24639
      vertex 20.854 47 4.82256
      vertex 20.0988 47 4.8813
    endloop
  endfacet
  facet normal 0 1 -0
    outer loop
      vertex 20.5278 47 4.44612
      vertex 20.0988 47 4.8813
      vertex 20.854 47 4.82256
    endloop
  endfacet
  facet normal 0 1 0
    outer loop
      vertex 20.0988 47 4.8813
      vertex 20.5278 47 4.44612
      vertex 19.8532 47 4.45583
    endloop
  endfacet
  facet normal 0 1 -0
    outer loop
      vertex 20.3209 47 3.99303
      vertex 19.8532 47 4.45583
      vertex 20.5278 47 4.44612
    endloop
  endfacet
  facet normal 0 1 0
    outer loop
      vertex 20.3209 47 3.99303
      vertex 19.7014 47 3.98859
      vertex 19.8532 47 4.45583
    endloop
  endfacet
  facet normal 0 1 -0
    outer loop
      vertex 20.25 47 3.5
      vertex 19.7014 47 3.98859
      vertex 20.3209 47 3.99303
    endloop
  endfacet
  facet normal 0 1 0
    outer loop
      vertex 20.25 47 3.5
      vertex 19.65 47 3.5
      vertex 19.7014 47 3.98859
    endloop
  endfacet
  facet normal 0 1 0
    outer loop
      vertex 20.25 47 3.5
      vertex 19.7014 47 3.01141
      vertex 19.65 47 3.5
    endloop
  endfacet
  facet normal 0 1 0
    outer loop
      vertex 20.3209 47 3.00697
      vertex 19.7014 47 3.01141
      vertex 20.25 47 3.5
    endloop
  endfacet
  facet normal 0 1 0
    outer loop
      vertex 19.8532 47 2.54417
      vertex 20.3209 47 3.00697
      vertex 20.5278 47 2.55388
    endloop
  endfacet
  facet normal 0 1 0
    outer loop
      vertex 20.3209 47 3.00697
      vertex 19.8532 47 2.54417
      vertex 19.7014 47 3.01141
    endloop
  endfacet
  facet normal 0 1 0
    outer loop
      vertex 20.0988 47 2.1187
      vertex 20.5278 47 2.55388
      vertex 20.854 47 2.17744
    endloop
  endfacet
  facet normal 0 1 0
    outer loop
      vertex 20.5278 47 2.55388
      vertex 20.0988 47 2.1187
      vertex 19.8532 47 2.54417
    endloop
  endfacet
  facet normal 0 1 0
    outer loop
      vertex 20.825 47 1.46484
      vertex 20.854 47 2.17744
      vertex 21.273 47 1.90814
    endloop
  endfacet
  facet normal 0 1 -0
    outer loop
      vertex 21.2738 47 1.26502
      vertex 21.273 47 1.90814
      vertex 21.7509 47 1.76781
    endloop
  endfacet
  facet normal 0 1 0
    outer loop
      vertex 20.854 47 2.17744
      vertex 20.4275 47 1.75361
      vertex 20.0988 47 2.1187
    endloop
  endfacet
  facet normal 0 1 0
    outer loop
      vertex 22.727 47 1.90814
      vertex 22.7262 47 1.26502
      vertex 22.2491 47 1.76781
    endloop
  endfacet
  facet normal 0 1 0
    outer loop
      vertex 22.2456 47 1.16287
      vertex 22.2491 47 1.76781
      vertex 22.7262 47 1.26502
    endloop
  endfacet
  facet normal 0 1 0
    outer loop
      vertex 20.854 47 2.17744
      vertex 20.825 47 1.46484
      vertex 20.4275 47 1.75361
    endloop
  endfacet
  facet normal 0 1 0
    outer loop
      vertex 22.2491 47 1.76781
      vertex 22.2456 47 1.16287
      vertex 21.7509 47 1.76781
    endloop
  endfacet
  facet normal 0 1 0
    outer loop
      vertex 21.273 47 1.90814
      vertex 21.2738 47 1.26502
      vertex 20.825 47 1.46484
    endloop
  endfacet
  facet normal 0 1 -0
    outer loop
      vertex 21.7544 47 1.16287
      vertex 21.7509 47 1.76781
      vertex 22.2456 47 1.16287
    endloop
  endfacet
  facet normal 0 1 0
    outer loop
      vertex 21.7509 47 1.76781
      vertex 21.7544 47 1.16287
      vertex 21.2738 47 1.26502
    endloop
  endfacet
  facet normal 0 1 -0
    outer loop
      vertex -21.7509 47 5.23219
      vertex -21.7544 47 5.83713
      vertex -21.2738 47 5.73498
    endloop
  endfacet
  facet normal 0 1 0
    outer loop
      vertex -21.7544 47 5.83713
      vertex -21.7509 47 5.23219
      vertex -22.2456 47 5.83713
    endloop
  endfacet
  facet normal 0 1 -0
    outer loop
      vertex -21.273 47 5.09186
      vertex -21.2738 47 5.73498
      vertex -20.825 47 5.53516
    endloop
  endfacet
  facet normal 0 1 0
    outer loop
      vertex -22.2491 47 5.23219
      vertex -22.2456 47 5.83713
      vertex -21.7509 47 5.23219
    endloop
  endfacet
  facet normal 0 1 0
    outer loop
      vertex -20.854 47 4.82256
      vertex -20.825 47 5.53516
      vertex -20.4275 47 5.24639
    endloop
  endfacet
  facet normal 0 1 0
    outer loop
      vertex -22.2456 47 5.83713
      vertex -22.2491 47 5.23219
      vertex -22.7262 47 5.73498
    endloop
  endfacet
  facet normal 0 1 0
    outer loop
      vertex -22.727 47 5.09186
      vertex -22.7262 47 5.73498
      vertex -22.2491 47 5.23219
    endloop
  endfacet
  facet normal 0 1 0
    outer loop
      vertex -21.2738 47 5.73498
      vertex -21.273 47 5.09186
      vertex -21.7509 47 5.23219
    endloop
  endfacet
  facet normal 0 1 0
    outer loop
      vertex -20.854 47 4.82256
      vertex -20.4275 47 5.24639
      vertex -20.0988 47 4.8813
    endloop
  endfacet
  facet normal 0 1 0
    outer loop
      vertex -20.825 47 5.53516
      vertex -20.854 47 4.82256
      vertex -21.273 47 5.09186
    endloop
  endfacet
  facet normal 0 1 0
    outer loop
      vertex -20.5278 47 4.44612
      vertex -20.0988 47 4.8813
      vertex -19.8532 47 4.45583
    endloop
  endfacet
  facet normal 0 1 0
    outer loop
      vertex -20.0988 47 4.8813
      vertex -20.5278 47 4.44612
      vertex -20.854 47 4.82256
    endloop
  endfacet
  facet normal 0 1 0
    outer loop
      vertex -19.8532 47 4.45583
      vertex -20.3209 47 3.99303
      vertex -20.5278 47 4.44612
    endloop
  endfacet
  facet normal 0 1 0
    outer loop
      vertex -19.7014 47 3.98859
      vertex -20.3209 47 3.99303
      vertex -19.8532 47 4.45583
    endloop
  endfacet
  facet normal 0 1 0
    outer loop
      vertex -20.25 47 3.5
      vertex -19.7014 47 3.98859
      vertex -19.65 47 3.5
    endloop
  endfacet
  facet normal 0 1 0
    outer loop
      vertex -19.7014 47 3.98859
      vertex -20.25 47 3.5
      vertex -20.3209 47 3.99303
    endloop
  endfacet
  facet normal 0 1 -0
    outer loop
      vertex -19.7014 47 3.01141
      vertex -20.25 47 3.5
      vertex -19.65 47 3.5
    endloop
  endfacet
  facet normal 0 1 0
    outer loop
      vertex -19.7014 47 3.01141
      vertex -20.3209 47 3.00697
      vertex -20.25 47 3.5
    endloop
  endfacet
  facet normal 0 1 -0
    outer loop
      vertex -19.8532 47 2.54417
      vertex -20.3209 47 3.00697
      vertex -19.7014 47 3.01141
    endloop
  endfacet
  facet normal 0 1 0
    outer loop
      vertex -20.3209 47 3.00697
      vertex -19.8532 47 2.54417
      vertex -20.5278 47 2.55388
    endloop
  endfacet
  facet normal 0 1 -0
    outer loop
      vertex -20.0988 47 2.1187
      vertex -20.5278 47 2.55388
      vertex -19.8532 47 2.54417
    endloop
  endfacet
  facet normal 0 1 0
    outer loop
      vertex -20.5278 47 2.55388
      vertex -20.0988 47 2.1187
      vertex -20.854 47 2.17744
    endloop
  endfacet
  facet normal 0 1 -0
    outer loop
      vertex -20.4275 47 1.75361
      vertex -20.854 47 2.17744
      vertex -20.0988 47 2.1187
    endloop
  endfacet
  facet normal 0 1 -0
    outer loop
      vertex -20.825 47 1.46484
      vertex -20.854 47 2.17744
      vertex -20.4275 47 1.75361
    endloop
  endfacet
  facet normal 0 1 0
    outer loop
      vertex -21.2738 47 1.26502
      vertex -21.273 47 1.90814
      vertex -20.825 47 1.46484
    endloop
  endfacet
  facet normal 0 1 0
    outer loop
      vertex -20.854 47 2.17744
      vertex -20.825 47 1.46484
      vertex -21.273 47 1.90814
    endloop
  endfacet
  facet normal 0 1 0
    outer loop
      vertex -22.7262 47 5.73498
      vertex -22.727 47 5.09186
      vertex -23.175 47 5.53516
    endloop
  endfacet
  facet normal 0 1 -0
    outer loop
      vertex -23.146 47 4.82256
      vertex -23.175 47 5.53516
      vertex -22.727 47 5.09186
    endloop
  endfacet
  facet normal 0 1 0
    outer loop
      vertex -23.175 47 5.53516
      vertex -23.146 47 4.82256
      vertex -23.5725 47 5.24639
    endloop
  endfacet
  facet normal 0 1 0
    outer loop
      vertex -23.5725 47 5.24639
      vertex -23.146 47 4.82256
      vertex -23.9012 47 4.8813
    endloop
  endfacet
  facet normal 0 1 -0
    outer loop
      vertex -23.4722 47 4.44612
      vertex -23.9012 47 4.8813
      vertex -23.146 47 4.82256
    endloop
  endfacet
  facet normal 0 1 0
    outer loop
      vertex -23.9012 47 4.8813
      vertex -23.4722 47 4.44612
      vertex -24.1468 47 4.45583
    endloop
  endfacet
  facet normal 0 1 -0
    outer loop
      vertex -23.6791 47 3.99303
      vertex -24.1468 47 4.45583
      vertex -23.4722 47 4.44612
    endloop
  endfacet
  facet normal 0 1 0
    outer loop
      vertex -23.6791 47 3.99303
      vertex -24.2986 47 3.98859
      vertex -24.1468 47 4.45583
    endloop
  endfacet
  facet normal 0 1 -0
    outer loop
      vertex -23.75 47 3.5
      vertex -24.2986 47 3.98859
      vertex -23.6791 47 3.99303
    endloop
  endfacet
  facet normal 0 1 0
    outer loop
      vertex -23.75 47 3.5
      vertex -24.35 47 3.5
      vertex -24.2986 47 3.98859
    endloop
  endfacet
  facet normal 0 1 0
    outer loop
      vertex -23.75 47 3.5
      vertex -24.2986 47 3.01141
      vertex -24.35 47 3.5
    endloop
  endfacet
  facet normal 0 1 0
    outer loop
      vertex -23.6791 47 3.00697
      vertex -24.2986 47 3.01141
      vertex -23.75 47 3.5
    endloop
  endfacet
  facet normal 0 1 0
    outer loop
      vertex -24.1468 47 2.54417
      vertex -23.6791 47 3.00697
      vertex -23.4722 47 2.55388
    endloop
  endfacet
  facet normal 0 1 0
    outer loop
      vertex -23.6791 47 3.00697
      vertex -24.1468 47 2.54417
      vertex -24.2986 47 3.01141
    endloop
  endfacet
  facet normal 0 1 0
    outer loop
      vertex -23.9012 47 2.1187
      vertex -23.4722 47 2.55388
      vertex -23.146 47 2.17744
    endloop
  endfacet
  facet normal 0 1 0
    outer loop
      vertex -23.4722 47 2.55388
      vertex -23.9012 47 2.1187
      vertex -24.1468 47 2.54417
    endloop
  endfacet
  facet normal 0 1 0
    outer loop
      vertex -23.175 47 1.46484
      vertex -23.146 47 2.17744
      vertex -22.727 47 1.90814
    endloop
  endfacet
  facet normal 0 1 -0
    outer loop
      vertex -22.7262 47 1.26502
      vertex -22.727 47 1.90814
      vertex -22.2491 47 1.76781
    endloop
  endfacet
  facet normal 0 1 0
    outer loop
      vertex -23.146 47 2.17744
      vertex -23.5725 47 1.75361
      vertex -23.9012 47 2.1187
    endloop
  endfacet
  facet normal 0 1 0
    outer loop
      vertex -21.273 47 1.90814
      vertex -21.2738 47 1.26502
      vertex -21.7509 47 1.76781
    endloop
  endfacet
  facet normal 0 1 0
    outer loop
      vertex -21.7544 47 1.16287
      vertex -21.7509 47 1.76781
      vertex -21.2738 47 1.26502
    endloop
  endfacet
  facet normal 0 1 0
    outer loop
      vertex -23.146 47 2.17744
      vertex -23.175 47 1.46484
      vertex -23.5725 47 1.75361
    endloop
  endfacet
  facet normal 0 1 0
    outer loop
      vertex -21.7509 47 1.76781
      vertex -21.7544 47 1.16287
      vertex -22.2491 47 1.76781
    endloop
  endfacet
  facet normal 0 1 0
    outer loop
      vertex -22.727 47 1.90814
      vertex -22.7262 47 1.26502
      vertex -23.175 47 1.46484
    endloop
  endfacet
  facet normal 0 1 -0
    outer loop
      vertex -22.2456 47 1.16287
      vertex -22.2491 47 1.76781
      vertex -21.7544 47 1.16287
    endloop
  endfacet
  facet normal 0 1 0
    outer loop
      vertex -22.2491 47 1.76781
      vertex -22.2456 47 1.16287
      vertex -22.7262 47 1.26502
    endloop
  endfacet
  facet normal 0 -1 0
    outer loop
      vertex 39.2738 -47 5.73498
      vertex 47 -47 9.77778
      vertex 22.7262 -47 5.73498
    endloop
  endfacet
  facet normal 0 -1 0
    outer loop
      vertex 47 -47 9.77778
      vertex 39.2738 -47 5.73498
      vertex 39.7544 -47 5.83713
    endloop
  endfacet
  facet normal 0 -1 0
    outer loop
      vertex 23.175 -47 5.53516
      vertex 39.2738 -47 5.73498
      vertex 22.7262 -47 5.73498
    endloop
  endfacet
  facet normal 0 -1 0
    outer loop
      vertex 23.175 -47 5.53516
      vertex 38.825 -47 5.53516
      vertex 39.2738 -47 5.73498
    endloop
  endfacet
  facet normal 0 -1 0
    outer loop
      vertex 23.5725 -47 5.24639
      vertex 38.825 -47 5.53516
      vertex 23.175 -47 5.53516
    endloop
  endfacet
  facet normal 0 -1 0
    outer loop
      vertex 23.5725 -47 5.24639
      vertex 38.4275 -47 5.24639
      vertex 38.825 -47 5.53516
    endloop
  endfacet
  facet normal 0 -1 0
    outer loop
      vertex 23.9012 -47 4.8813
      vertex 38.4275 -47 5.24639
      vertex 23.5725 -47 5.24639
    endloop
  endfacet
  facet normal 0 -1 0
    outer loop
      vertex 23.9012 -47 4.8813
      vertex 38.0988 -47 4.8813
      vertex 38.4275 -47 5.24639
    endloop
  endfacet
  facet normal 0 -1 0
    outer loop
      vertex 24.1468 -47 4.45583
      vertex 38.0988 -47 4.8813
      vertex 23.9012 -47 4.8813
    endloop
  endfacet
  facet normal 0 -1 0
    outer loop
      vertex 24.1468 -47 4.45583
      vertex 37.8532 -47 4.45583
      vertex 38.0988 -47 4.8813
    endloop
  endfacet
  facet normal 0 -1 0
    outer loop
      vertex 24.2986 -47 3.98859
      vertex 37.8532 -47 4.45583
      vertex 24.1468 -47 4.45583
    endloop
  endfacet
  facet normal 0 -1 0
    outer loop
      vertex 24.2986 -47 3.98859
      vertex 37.7014 -47 3.98859
      vertex 37.8532 -47 4.45583
    endloop
  endfacet
  facet normal 0 -1 0
    outer loop
      vertex 24.35 -47 3.5
      vertex 37.7014 -47 3.98859
      vertex 24.2986 -47 3.98859
    endloop
  endfacet
  facet normal 0 -1 0
    outer loop
      vertex 24.35 -47 3.5
      vertex 37.65 -47 3.5
      vertex 37.7014 -47 3.98859
    endloop
  endfacet
  facet normal 0 -1 0
    outer loop
      vertex 24.2986 -47 3.01141
      vertex 37.65 -47 3.5
      vertex 24.35 -47 3.5
    endloop
  endfacet
  facet normal 0 -1 0
    outer loop
      vertex 24.2986 -47 3.01141
      vertex 37.7014 -47 3.01141
      vertex 37.65 -47 3.5
    endloop
  endfacet
  facet normal 0 -1 0
    outer loop
      vertex 24.1468 -47 2.54417
      vertex 37.7014 -47 3.01141
      vertex 24.2986 -47 3.01141
    endloop
  endfacet
  facet normal 0 -1 0
    outer loop
      vertex 24.1468 -47 2.54417
      vertex 37.8532 -47 2.54417
      vertex 37.7014 -47 3.01141
    endloop
  endfacet
  facet normal 0 -1 0
    outer loop
      vertex 23.9012 -47 2.1187
      vertex 37.8532 -47 2.54417
      vertex 24.1468 -47 2.54417
    endloop
  endfacet
  facet normal 0 -1 0
    outer loop
      vertex 23.9012 -47 2.1187
      vertex 38.0988 -47 2.1187
      vertex 37.8532 -47 2.54417
    endloop
  endfacet
  facet normal 0 -1 0
    outer loop
      vertex 23.5725 -47 1.75361
      vertex 38.0988 -47 2.1187
      vertex 23.9012 -47 2.1187
    endloop
  endfacet
  facet normal 0 -1 0
    outer loop
      vertex 23.5725 -47 1.75361
      vertex 38.4275 -47 1.75361
      vertex 38.0988 -47 2.1187
    endloop
  endfacet
  facet normal 0 -1 0
    outer loop
      vertex 23.175 -47 1.46484
      vertex 38.4275 -47 1.75361
      vertex 23.5725 -47 1.75361
    endloop
  endfacet
  facet normal 0 -1 0
    outer loop
      vertex 23.175 -47 1.46484
      vertex 38.825 -47 1.46484
      vertex 38.4275 -47 1.75361
    endloop
  endfacet
  facet normal 0 -1 0
    outer loop
      vertex 22.7262 -47 1.26502
      vertex 38.825 -47 1.46484
      vertex 23.175 -47 1.46484
    endloop
  endfacet
  facet normal 0 -1 0
    outer loop
      vertex 22.7262 -47 1.26502
      vertex 39.2738 -47 1.26502
      vertex 38.825 -47 1.46484
    endloop
  endfacet
  facet normal 0 -1 0
    outer loop
      vertex 22.2456 -47 1.16287
      vertex 39.2738 -47 1.26502
      vertex 22.7262 -47 1.26502
    endloop
  endfacet
  facet normal 0 -1 -0
    outer loop
      vertex 39.2738 -47 1.26502
      vertex 22.2456 -47 1.16287
      vertex 39.7544 -47 1.16287
    endloop
  endfacet
  facet normal 0 -1 0
    outer loop
      vertex -21.2738 -47 5.73498
      vertex 21.7544 -47 5.83713
      vertex -21.7544 -47 5.83713
    endloop
  endfacet
  facet normal 0 -1 0
    outer loop
      vertex -21.2738 -47 5.73498
      vertex 21.2738 -47 5.73498
      vertex 21.7544 -47 5.83713
    endloop
  endfacet
  facet normal 0 -1 0
    outer loop
      vertex -20.825 -47 5.53516
      vertex 21.2738 -47 5.73498
      vertex -21.2738 -47 5.73498
    endloop
  endfacet
  facet normal 0 -1 0
    outer loop
      vertex -20.825 -47 5.53516
      vertex 20.825 -47 5.53516
      vertex 21.2738 -47 5.73498
    endloop
  endfacet
  facet normal 0 -1 0
    outer loop
      vertex -20.4275 -47 5.24639
      vertex 20.825 -47 5.53516
      vertex -20.825 -47 5.53516
    endloop
  endfacet
  facet normal 0 -1 0
    outer loop
      vertex -20.4275 -47 5.24639
      vertex 20.4275 -47 5.24639
      vertex 20.825 -47 5.53516
    endloop
  endfacet
  facet normal 0 -1 0
    outer loop
      vertex -20.0988 -47 4.8813
      vertex 20.4275 -47 5.24639
      vertex -20.4275 -47 5.24639
    endloop
  endfacet
  facet normal 0 -1 0
    outer loop
      vertex -20.0988 -47 4.8813
      vertex 20.0988 -47 4.8813
      vertex 20.4275 -47 5.24639
    endloop
  endfacet
  facet normal 0 -1 0
    outer loop
      vertex -19.8532 -47 4.45583
      vertex 20.0988 -47 4.8813
      vertex -20.0988 -47 4.8813
    endloop
  endfacet
  facet normal 0 -1 0
    outer loop
      vertex -19.8532 -47 4.45583
      vertex 19.8532 -47 4.45583
      vertex 20.0988 -47 4.8813
    endloop
  endfacet
  facet normal 0 -1 0
    outer loop
      vertex -19.7014 -47 3.98859
      vertex 19.8532 -47 4.45583
      vertex -19.8532 -47 4.45583
    endloop
  endfacet
  facet normal 0 -1 0
    outer loop
      vertex -19.7014 -47 3.98859
      vertex 19.7014 -47 3.98859
      vertex 19.8532 -47 4.45583
    endloop
  endfacet
  facet normal 0 -1 0
    outer loop
      vertex -19.65 -47 3.5
      vertex 19.7014 -47 3.98859
      vertex -19.7014 -47 3.98859
    endloop
  endfacet
  facet normal 0 -1 0
    outer loop
      vertex -19.65 -47 3.5
      vertex 19.65 -47 3.5
      vertex 19.7014 -47 3.98859
    endloop
  endfacet
  facet normal 0 -1 0
    outer loop
      vertex -19.7014 -47 3.01141
      vertex 19.65 -47 3.5
      vertex -19.65 -47 3.5
    endloop
  endfacet
  facet normal 0 -1 0
    outer loop
      vertex -19.7014 -47 3.01141
      vertex 19.7014 -47 3.01141
      vertex 19.65 -47 3.5
    endloop
  endfacet
  facet normal 0 -1 0
    outer loop
      vertex -19.8532 -47 2.54417
      vertex 19.7014 -47 3.01141
      vertex -19.7014 -47 3.01141
    endloop
  endfacet
  facet normal 0 -1 0
    outer loop
      vertex -19.8532 -47 2.54417
      vertex 19.8532 -47 2.54417
      vertex 19.7014 -47 3.01141
    endloop
  endfacet
  facet normal 0 -1 0
    outer loop
      vertex -20.0988 -47 2.1187
      vertex 19.8532 -47 2.54417
      vertex -19.8532 -47 2.54417
    endloop
  endfacet
  facet normal 0 -1 0
    outer loop
      vertex -20.0988 -47 2.1187
      vertex 20.0988 -47 2.1187
      vertex 19.8532 -47 2.54417
    endloop
  endfacet
  facet normal 0 -1 0
    outer loop
      vertex -20.4275 -47 1.75361
      vertex 20.0988 -47 2.1187
      vertex -20.0988 -47 2.1187
    endloop
  endfacet
  facet normal 0 -1 0
    outer loop
      vertex -20.4275 -47 1.75361
      vertex 20.4275 -47 1.75361
      vertex 20.0988 -47 2.1187
    endloop
  endfacet
  facet normal 0 -1 0
    outer loop
      vertex -20.825 -47 1.46484
      vertex 20.4275 -47 1.75361
      vertex -20.4275 -47 1.75361
    endloop
  endfacet
  facet normal 0 -1 0
    outer loop
      vertex -20.825 -47 1.46484
      vertex 20.825 -47 1.46484
      vertex 20.4275 -47 1.75361
    endloop
  endfacet
  facet normal 0 -1 0
    outer loop
      vertex -21.2738 -47 1.26502
      vertex 20.825 -47 1.46484
      vertex -20.825 -47 1.46484
    endloop
  endfacet
  facet normal 0 -1 0
    outer loop
      vertex -21.2738 -47 1.26502
      vertex 21.2738 -47 1.26502
      vertex 20.825 -47 1.46484
    endloop
  endfacet
  facet normal 0 -1 0
    outer loop
      vertex -21.7544 -47 1.16287
      vertex 21.2738 -47 1.26502
      vertex -21.2738 -47 1.26502
    endloop
  endfacet
  facet normal 0 -1 -0
    outer loop
      vertex 21.2738 -47 1.26502
      vertex -21.7544 -47 1.16287
      vertex 21.7544 -47 1.16287
    endloop
  endfacet
  facet normal 0 -1 0
    outer loop
      vertex -22.7262 -47 5.73498
      vertex -47 -47 9.77778
      vertex -39.2738 -47 5.73498
    endloop
  endfacet
  facet normal 0 -1 0
    outer loop
      vertex -47 -47 9.77778
      vertex -22.7262 -47 5.73498
      vertex -22.2456 -47 5.83713
    endloop
  endfacet
  facet normal 0 -1 0
    outer loop
      vertex -38.825 -47 5.53516
      vertex -22.7262 -47 5.73498
      vertex -39.2738 -47 5.73498
    endloop
  endfacet
  facet normal 0 -1 0
    outer loop
      vertex -38.825 -47 5.53516
      vertex -23.175 -47 5.53516
      vertex -22.7262 -47 5.73498
    endloop
  endfacet
  facet normal 0 -1 0
    outer loop
      vertex -38.4275 -47 5.24639
      vertex -23.175 -47 5.53516
      vertex -38.825 -47 5.53516
    endloop
  endfacet
  facet normal 0 -1 0
    outer loop
      vertex -38.4275 -47 5.24639
      vertex -23.5725 -47 5.24639
      vertex -23.175 -47 5.53516
    endloop
  endfacet
  facet normal 0 -1 0
    outer loop
      vertex -38.0988 -47 4.8813
      vertex -23.5725 -47 5.24639
      vertex -38.4275 -47 5.24639
    endloop
  endfacet
  facet normal 0 -1 0
    outer loop
      vertex -38.0988 -47 4.8813
      vertex -23.9012 -47 4.8813
      vertex -23.5725 -47 5.24639
    endloop
  endfacet
  facet normal 0 -1 0
    outer loop
      vertex -37.8532 -47 4.45583
      vertex -23.9012 -47 4.8813
      vertex -38.0988 -47 4.8813
    endloop
  endfacet
  facet normal 0 -1 0
    outer loop
      vertex -37.8532 -47 4.45583
      vertex -24.1468 -47 4.45583
      vertex -23.9012 -47 4.8813
    endloop
  endfacet
  facet normal 0 -1 0
    outer loop
      vertex -37.7014 -47 3.98859
      vertex -24.1468 -47 4.45583
      vertex -37.8532 -47 4.45583
    endloop
  endfacet
  facet normal 0 -1 0
    outer loop
      vertex -37.7014 -47 3.98859
      vertex -24.2986 -47 3.98859
      vertex -24.1468 -47 4.45583
    endloop
  endfacet
  facet normal 0 -1 0
    outer loop
      vertex -37.65 -47 3.5
      vertex -24.2986 -47 3.98859
      vertex -37.7014 -47 3.98859
    endloop
  endfacet
  facet normal 0 -1 0
    outer loop
      vertex -37.65 -47 3.5
      vertex -24.35 -47 3.5
      vertex -24.2986 -47 3.98859
    endloop
  endfacet
  facet normal 0 -1 0
    outer loop
      vertex -37.7014 -47 3.01141
      vertex -24.35 -47 3.5
      vertex -37.65 -47 3.5
    endloop
  endfacet
  facet normal 0 -1 0
    outer loop
      vertex -37.7014 -47 3.01141
      vertex -24.2986 -47 3.01141
      vertex -24.35 -47 3.5
    endloop
  endfacet
  facet normal 0 -1 0
    outer loop
      vertex -37.8532 -47 2.54417
      vertex -24.2986 -47 3.01141
      vertex -37.7014 -47 3.01141
    endloop
  endfacet
  facet normal 0 -1 0
    outer loop
      vertex -37.8532 -47 2.54417
      vertex -24.1468 -47 2.54417
      vertex -24.2986 -47 3.01141
    endloop
  endfacet
  facet normal 0 -1 0
    outer loop
      vertex -38.0988 -47 2.1187
      vertex -24.1468 -47 2.54417
      vertex -37.8532 -47 2.54417
    endloop
  endfacet
  facet normal 0 -1 0
    outer loop
      vertex -38.0988 -47 2.1187
      vertex -23.9012 -47 2.1187
      vertex -24.1468 -47 2.54417
    endloop
  endfacet
  facet normal 0 -1 0
    outer loop
      vertex -38.4275 -47 1.75361
      vertex -23.9012 -47 2.1187
      vertex -38.0988 -47 2.1187
    endloop
  endfacet
  facet normal 0 -1 0
    outer loop
      vertex -38.4275 -47 1.75361
      vertex -23.5725 -47 1.75361
      vertex -23.9012 -47 2.1187
    endloop
  endfacet
  facet normal 0 -1 0
    outer loop
      vertex -38.825 -47 1.46484
      vertex -23.5725 -47 1.75361
      vertex -38.4275 -47 1.75361
    endloop
  endfacet
  facet normal 0 -1 0
    outer loop
      vertex -38.825 -47 1.46484
      vertex -23.175 -47 1.46484
      vertex -23.5725 -47 1.75361
    endloop
  endfacet
  facet normal 0 -1 0
    outer loop
      vertex -39.2738 -47 1.26502
      vertex -23.175 -47 1.46484
      vertex -38.825 -47 1.46484
    endloop
  endfacet
  facet normal 0 -1 0
    outer loop
      vertex -39.2738 -47 1.26502
      vertex -22.7262 -47 1.26502
      vertex -23.175 -47 1.46484
    endloop
  endfacet
  facet normal 0 -1 0
    outer loop
      vertex -39.7544 -47 1.16287
      vertex -22.7262 -47 1.26502
      vertex -39.2738 -47 1.26502
    endloop
  endfacet
  facet normal 0 -1 -0
    outer loop
      vertex -22.7262 -47 1.26502
      vertex -39.7544 -47 1.16287
      vertex -22.2456 -47 1.16287
    endloop
  endfacet
  facet normal 0 -1 0
    outer loop
      vertex -39.7544 -47 5.83713
      vertex -47 -47 9.77778
      vertex -40.2456 -47 5.83713
    endloop
  endfacet
  facet normal 0 -1 0
    outer loop
      vertex -47 -47 9.77778
      vertex -40.7262 -47 5.73498
      vertex -40.2456 -47 5.83713
    endloop
  endfacet
  facet normal 0 -1 0
    outer loop
      vertex -47 -47 9.77778
      vertex -41.175 -47 5.53516
      vertex -40.7262 -47 5.73498
    endloop
  endfacet
  facet normal 0 -1 0
    outer loop
      vertex -47 -47 9.77778
      vertex -41.5725 -47 5.24639
      vertex -41.175 -47 5.53516
    endloop
  endfacet
  facet normal 0 -1 0
    outer loop
      vertex -47 -47 9.77778
      vertex -41.9012 -47 4.8813
      vertex -41.5725 -47 5.24639
    endloop
  endfacet
  facet normal 0 -1 0
    outer loop
      vertex -47 -47 9.77778
      vertex -42.1468 -47 4.45583
      vertex -41.9012 -47 4.8813
    endloop
  endfacet
  facet normal 0 -1 0
    outer loop
      vertex -47 -47 9.77778
      vertex -42.2986 -47 3.98859
      vertex -42.1468 -47 4.45583
    endloop
  endfacet
  facet normal 0 -1 0
    outer loop
      vertex -47 -47 0.2
      vertex -42.2986 -47 3.98859
      vertex -47 -47 9.77778
    endloop
  endfacet
  facet normal 0 -1 0
    outer loop
      vertex -42.2986 -47 3.98859
      vertex -47 -47 0.2
      vertex -42.35 -47 3.5
    endloop
  endfacet
  facet normal 0 -1 -0
    outer loop
      vertex -42.35 -47 3.5
      vertex -47 -47 0.2
      vertex -42.2986 -47 3.01141
    endloop
  endfacet
  facet normal 0 -1 -0
    outer loop
      vertex -42.2986 -47 3.01141
      vertex -47 -47 0.2
      vertex -42.1468 -47 2.54417
    endloop
  endfacet
  facet normal 0 -1 0
    outer loop
      vertex -47 -47 0.2
      vertex -39.7544 -47 1.16287
      vertex -40.2456 -47 1.16287
    endloop
  endfacet
  facet normal 0 -1 -0
    outer loop
      vertex -39.7544 -47 1.16287
      vertex -47 -47 0.2
      vertex -22.2456 -47 1.16287
    endloop
  endfacet
  facet normal 0 -1 -0
    outer loop
      vertex -22.2456 -47 1.16287
      vertex -47 -47 0.2
      vertex -21.7544 -47 1.16287
    endloop
  endfacet
  facet normal 0 -1 -0
    outer loop
      vertex -21.7544 -47 1.16287
      vertex -47 -47 0.2
      vertex 21.7544 -47 1.16287
    endloop
  endfacet
  facet normal 0 -1 0
    outer loop
      vertex 47 -47 0.2
      vertex 21.7544 -47 1.16287
      vertex -47 -47 0.2
    endloop
  endfacet
  facet normal 0 -1 0
    outer loop
      vertex 21.7544 -47 1.16287
      vertex 47 -47 0.2
      vertex 22.2456 -47 1.16287
    endloop
  endfacet
  facet normal 0 -1 0
    outer loop
      vertex 22.2456 -47 1.16287
      vertex 47 -47 0.2
      vertex 39.7544 -47 1.16287
    endloop
  endfacet
  facet normal 0 -1 -0
    outer loop
      vertex -40.7262 -47 1.26502
      vertex -47 -47 0.2
      vertex -40.2456 -47 1.16287
    endloop
  endfacet
  facet normal 0 -1 -0
    outer loop
      vertex -41.175 -47 1.46484
      vertex -47 -47 0.2
      vertex -40.7262 -47 1.26502
    endloop
  endfacet
  facet normal 0 -1 -0
    outer loop
      vertex -41.5725 -47 1.75361
      vertex -47 -47 0.2
      vertex -41.175 -47 1.46484
    endloop
  endfacet
  facet normal 0 -1 -0
    outer loop
      vertex -41.9012 -47 2.1187
      vertex -47 -47 0.2
      vertex -41.5725 -47 1.75361
    endloop
  endfacet
  facet normal 0 -1 -0
    outer loop
      vertex -42.1468 -47 2.54417
      vertex -47 -47 0.2
      vertex -41.9012 -47 2.1187
    endloop
  endfacet
  facet normal 0 -1 0
    outer loop
      vertex -39.2738 -47 5.73498
      vertex -47 -47 9.77778
      vertex -39.7544 -47 5.83713
    endloop
  endfacet
  facet normal 0 -1 0
    outer loop
      vertex -21.7544 -47 5.83713
      vertex -47 -47 9.77778
      vertex -22.2456 -47 5.83713
    endloop
  endfacet
  facet normal 0 -1 0
    outer loop
      vertex -47 -47 9.77778
      vertex -21.7544 -47 5.83713
      vertex 47 -47 9.77778
    endloop
  endfacet
  facet normal 0 -1 0
    outer loop
      vertex 21.7544 -47 5.83713
      vertex 47 -47 9.77778
      vertex -21.7544 -47 5.83713
    endloop
  endfacet
  facet normal 0 -1 0
    outer loop
      vertex 22.2456 -47 5.83713
      vertex 47 -47 9.77778
      vertex 21.7544 -47 5.83713
    endloop
  endfacet
  facet normal 0 -1 0
    outer loop
      vertex 22.7262 -47 5.73498
      vertex 47 -47 9.77778
      vertex 22.2456 -47 5.83713
    endloop
  endfacet
  facet normal 0 -1 0
    outer loop
      vertex 40.2456 -47 5.83713
      vertex 47 -47 9.77778
      vertex 39.7544 -47 5.83713
    endloop
  endfacet
  facet normal 0 -1 0
    outer loop
      vertex 40.7262 -47 5.73498
      vertex 47 -47 9.77778
      vertex 40.2456 -47 5.83713
    endloop
  endfacet
  facet normal 0 -1 0
    outer loop
      vertex 41.175 -47 5.53516
      vertex 47 -47 9.77778
      vertex 40.7262 -47 5.73498
    endloop
  endfacet
  facet normal 0 -1 0
    outer loop
      vertex 41.5725 -47 5.24639
      vertex 47 -47 9.77778
      vertex 41.175 -47 5.53516
    endloop
  endfacet
  facet normal 0 -1 0
    outer loop
      vertex 41.9012 -47 4.8813
      vertex 47 -47 9.77778
      vertex 41.5725 -47 5.24639
    endloop
  endfacet
  facet normal 0 -1 0
    outer loop
      vertex 42.1468 -47 4.45583
      vertex 47 -47 9.77778
      vertex 41.9012 -47 4.8813
    endloop
  endfacet
  facet normal 0 -1 0
    outer loop
      vertex 42.2986 -47 3.98859
      vertex 47 -47 9.77778
      vertex 42.1468 -47 4.45583
    endloop
  endfacet
  facet normal 0 -1 0
    outer loop
      vertex 47 -47 0.2
      vertex 42.2986 -47 3.98859
      vertex 42.35 -47 3.5
    endloop
  endfacet
  facet normal 0 -1 0
    outer loop
      vertex 47 -47 0.2
      vertex 42.35 -47 3.5
      vertex 42.2986 -47 3.01141
    endloop
  endfacet
  facet normal 0 -1 0
    outer loop
      vertex 47 -47 0.2
      vertex 42.2986 -47 3.01141
      vertex 42.1468 -47 2.54417
    endloop
  endfacet
  facet normal 0 -1 0
    outer loop
      vertex 47 -47 0.2
      vertex 42.1468 -47 2.54417
      vertex 41.9012 -47 2.1187
    endloop
  endfacet
  facet normal 0 -1 0
    outer loop
      vertex 42.2986 -47 3.98859
      vertex 47 -47 0.2
      vertex 47 -47 9.77778
    endloop
  endfacet
  facet normal 0 -1 0
    outer loop
      vertex 41.5725 -47 1.75361
      vertex 47 -47 0.2
      vertex 41.9012 -47 2.1187
    endloop
  endfacet
  facet normal 0 -1 0
    outer loop
      vertex 41.175 -47 1.46484
      vertex 47 -47 0.2
      vertex 41.5725 -47 1.75361
    endloop
  endfacet
  facet normal 0 -1 0
    outer loop
      vertex 40.7262 -47 1.26502
      vertex 47 -47 0.2
      vertex 41.175 -47 1.46484
    endloop
  endfacet
  facet normal 0 -1 0
    outer loop
      vertex 40.2456 -47 1.16287
      vertex 47 -47 0.2
      vertex 40.7262 -47 1.26502
    endloop
  endfacet
  facet normal 0 -1 0
    outer loop
      vertex 39.7544 -47 1.16287
      vertex 47 -47 0.2
      vertex 40.2456 -47 1.16287
    endloop
  endfacet
  facet normal 0 -1 0
    outer loop
      vertex 21.7509 -47 5.23219
      vertex 21.7544 -47 5.83713
      vertex 21.2738 -47 5.73498
    endloop
  endfacet
  facet normal 0 -1 -0
    outer loop
      vertex 21.7544 -47 5.83713
      vertex 21.7509 -47 5.23219
      vertex 22.2456 -47 5.83713
    endloop
  endfacet
  facet normal 0 -1 0
    outer loop
      vertex 21.273 -47 5.09186
      vertex 21.2738 -47 5.73498
      vertex 20.825 -47 5.53516
    endloop
  endfacet
  facet normal 0 -1 0
    outer loop
      vertex 22.2491 -47 5.23219
      vertex 22.2456 -47 5.83713
      vertex 21.7509 -47 5.23219
    endloop
  endfacet
  facet normal 0 -1 0
    outer loop
      vertex 20.854 -47 4.82256
      vertex 20.825 -47 5.53516
      vertex 20.4275 -47 5.24639
    endloop
  endfacet
  facet normal 0 -1 0
    outer loop
      vertex 22.2456 -47 5.83713
      vertex 22.2491 -47 5.23219
      vertex 22.7262 -47 5.73498
    endloop
  endfacet
  facet normal 0 -1 0
    outer loop
      vertex 22.727 -47 5.09186
      vertex 22.7262 -47 5.73498
      vertex 22.2491 -47 5.23219
    endloop
  endfacet
  facet normal 0 -1 -0
    outer loop
      vertex 21.2738 -47 5.73498
      vertex 21.273 -47 5.09186
      vertex 21.7509 -47 5.23219
    endloop
  endfacet
  facet normal 0 -1 0
    outer loop
      vertex 20.854 -47 4.82256
      vertex 20.4275 -47 5.24639
      vertex 20.0988 -47 4.8813
    endloop
  endfacet
  facet normal 0 -1 0
    outer loop
      vertex 20.825 -47 5.53516
      vertex 20.854 -47 4.82256
      vertex 21.273 -47 5.09186
    endloop
  endfacet
  facet normal 0 -1 0
    outer loop
      vertex 20.5278 -47 4.44612
      vertex 20.0988 -47 4.8813
      vertex 19.8532 -47 4.45583
    endloop
  endfacet
  facet normal 0 -1 0
    outer loop
      vertex 20.0988 -47 4.8813
      vertex 20.5278 -47 4.44612
      vertex 20.854 -47 4.82256
    endloop
  endfacet
  facet normal 0 -1 0
    outer loop
      vertex 19.8532 -47 4.45583
      vertex 20.3209 -47 3.99303
      vertex 20.5278 -47 4.44612
    endloop
  endfacet
  facet normal 0 -1 0
    outer loop
      vertex 19.7014 -47 3.98859
      vertex 20.3209 -47 3.99303
      vertex 19.8532 -47 4.45583
    endloop
  endfacet
  facet normal 0 -1 0
    outer loop
      vertex 20.25 -47 3.5
      vertex 19.7014 -47 3.98859
      vertex 19.65 -47 3.5
    endloop
  endfacet
  facet normal 0 -1 0
    outer loop
      vertex 19.7014 -47 3.98859
      vertex 20.25 -47 3.5
      vertex 20.3209 -47 3.99303
    endloop
  endfacet
  facet normal 0 -1 0
    outer loop
      vertex 19.7014 -47 3.01141
      vertex 20.25 -47 3.5
      vertex 19.65 -47 3.5
    endloop
  endfacet
  facet normal 0 -1 0
    outer loop
      vertex 19.7014 -47 3.01141
      vertex 20.3209 -47 3.00697
      vertex 20.25 -47 3.5
    endloop
  endfacet
  facet normal 0 -1 0
    outer loop
      vertex 19.8532 -47 2.54417
      vertex 20.3209 -47 3.00697
      vertex 19.7014 -47 3.01141
    endloop
  endfacet
  facet normal 0 -1 -0
    outer loop
      vertex 20.3209 -47 3.00697
      vertex 19.8532 -47 2.54417
      vertex 20.5278 -47 2.55388
    endloop
  endfacet
  facet normal 0 -1 0
    outer loop
      vertex 20.0988 -47 2.1187
      vertex 20.5278 -47 2.55388
      vertex 19.8532 -47 2.54417
    endloop
  endfacet
  facet normal 0 -1 -0
    outer loop
      vertex 20.5278 -47 2.55388
      vertex 20.0988 -47 2.1187
      vertex 20.854 -47 2.17744
    endloop
  endfacet
  facet normal 0 -1 0
    outer loop
      vertex 20.4275 -47 1.75361
      vertex 20.854 -47 2.17744
      vertex 20.0988 -47 2.1187
    endloop
  endfacet
  facet normal 0 -1 0
    outer loop
      vertex 20.825 -47 1.46484
      vertex 20.854 -47 2.17744
      vertex 20.4275 -47 1.75361
    endloop
  endfacet
  facet normal 0 -1 0
    outer loop
      vertex 21.2738 -47 1.26502
      vertex 21.273 -47 1.90814
      vertex 20.825 -47 1.46484
    endloop
  endfacet
  facet normal 0 -1 -0
    outer loop
      vertex 20.854 -47 2.17744
      vertex 20.825 -47 1.46484
      vertex 21.273 -47 1.90814
    endloop
  endfacet
  facet normal 0 -1 0
    outer loop
      vertex 22.7262 -47 5.73498
      vertex 22.727 -47 5.09186
      vertex 23.175 -47 5.53516
    endloop
  endfacet
  facet normal 0 -1 0
    outer loop
      vertex 23.146 -47 4.82256
      vertex 23.175 -47 5.53516
      vertex 22.727 -47 5.09186
    endloop
  endfacet
  facet normal 0 -1 -0
    outer loop
      vertex 23.175 -47 5.53516
      vertex 23.146 -47 4.82256
      vertex 23.5725 -47 5.24639
    endloop
  endfacet
  facet normal 0 -1 -0
    outer loop
      vertex 23.5725 -47 5.24639
      vertex 23.146 -47 4.82256
      vertex 23.9012 -47 4.8813
    endloop
  endfacet
  facet normal 0 -1 0
    outer loop
      vertex 23.4722 -47 4.44612
      vertex 23.9012 -47 4.8813
      vertex 23.146 -47 4.82256
    endloop
  endfacet
  facet normal 0 -1 -0
    outer loop
      vertex 23.9012 -47 4.8813
      vertex 23.4722 -47 4.44612
      vertex 24.1468 -47 4.45583
    endloop
  endfacet
  facet normal 0 -1 0
    outer loop
      vertex 23.6791 -47 3.99303
      vertex 24.1468 -47 4.45583
      vertex 23.4722 -47 4.44612
    endloop
  endfacet
  facet normal 0 -1 0
    outer loop
      vertex 23.6791 -47 3.99303
      vertex 24.2986 -47 3.98859
      vertex 24.1468 -47 4.45583
    endloop
  endfacet
  facet normal 0 -1 0
    outer loop
      vertex 23.75 -47 3.5
      vertex 24.2986 -47 3.98859
      vertex 23.6791 -47 3.99303
    endloop
  endfacet
  facet normal 0 -1 0
    outer loop
      vertex 23.75 -47 3.5
      vertex 24.35 -47 3.5
      vertex 24.2986 -47 3.98859
    endloop
  endfacet
  facet normal 0 -1 0
    outer loop
      vertex 23.75 -47 3.5
      vertex 24.2986 -47 3.01141
      vertex 24.35 -47 3.5
    endloop
  endfacet
  facet normal 0 -1 0
    outer loop
      vertex 23.6791 -47 3.00697
      vertex 24.2986 -47 3.01141
      vertex 23.75 -47 3.5
    endloop
  endfacet
  facet normal 0 -1 0
    outer loop
      vertex 24.1468 -47 2.54417
      vertex 23.6791 -47 3.00697
      vertex 23.4722 -47 2.55388
    endloop
  endfacet
  facet normal 0 -1 0
    outer loop
      vertex 23.6791 -47 3.00697
      vertex 24.1468 -47 2.54417
      vertex 24.2986 -47 3.01141
    endloop
  endfacet
  facet normal 0 -1 0
    outer loop
      vertex 23.9012 -47 2.1187
      vertex 23.4722 -47 2.55388
      vertex 23.146 -47 2.17744
    endloop
  endfacet
  facet normal 0 -1 0
    outer loop
      vertex 23.4722 -47 2.55388
      vertex 23.9012 -47 2.1187
      vertex 24.1468 -47 2.54417
    endloop
  endfacet
  facet normal 0 -1 0
    outer loop
      vertex 23.175 -47 1.46484
      vertex 23.146 -47 2.17744
      vertex 22.727 -47 1.90814
    endloop
  endfacet
  facet normal 0 -1 0
    outer loop
      vertex 22.7262 -47 1.26502
      vertex 22.727 -47 1.90814
      vertex 22.2491 -47 1.76781
    endloop
  endfacet
  facet normal 0 -1 0
    outer loop
      vertex 23.146 -47 2.17744
      vertex 23.5725 -47 1.75361
      vertex 23.9012 -47 2.1187
    endloop
  endfacet
  facet normal 0 -1 0
    outer loop
      vertex 21.273 -47 1.90814
      vertex 21.2738 -47 1.26502
      vertex 21.7509 -47 1.76781
    endloop
  endfacet
  facet normal 0 -1 0
    outer loop
      vertex 21.7544 -47 1.16287
      vertex 21.7509 -47 1.76781
      vertex 21.2738 -47 1.26502
    endloop
  endfacet
  facet normal 0 -1 0
    outer loop
      vertex 23.146 -47 2.17744
      vertex 23.175 -47 1.46484
      vertex 23.5725 -47 1.75361
    endloop
  endfacet
  facet normal 0 -1 0
    outer loop
      vertex 21.7509 -47 1.76781
      vertex 21.7544 -47 1.16287
      vertex 22.2491 -47 1.76781
    endloop
  endfacet
  facet normal 0 -1 -0
    outer loop
      vertex 22.727 -47 1.90814
      vertex 22.7262 -47 1.26502
      vertex 23.175 -47 1.46484
    endloop
  endfacet
  facet normal 0 -1 0
    outer loop
      vertex 22.2456 -47 1.16287
      vertex 22.2491 -47 1.76781
      vertex 21.7544 -47 1.16287
    endloop
  endfacet
  facet normal 0 -1 -0
    outer loop
      vertex 22.2491 -47 1.76781
      vertex 22.2456 -47 1.16287
      vertex 22.7262 -47 1.26502
    endloop
  endfacet
  facet normal 0 -1 0
    outer loop
      vertex -22.2491 -47 5.23219
      vertex -22.2456 -47 5.83713
      vertex -22.7262 -47 5.73498
    endloop
  endfacet
  facet normal 0 -1 -0
    outer loop
      vertex -22.2456 -47 5.83713
      vertex -22.2491 -47 5.23219
      vertex -21.7544 -47 5.83713
    endloop
  endfacet
  facet normal 0 -1 0
    outer loop
      vertex -22.727 -47 5.09186
      vertex -22.7262 -47 5.73498
      vertex -23.175 -47 5.53516
    endloop
  endfacet
  facet normal 0 -1 0
    outer loop
      vertex -21.7509 -47 5.23219
      vertex -21.7544 -47 5.83713
      vertex -22.2491 -47 5.23219
    endloop
  endfacet
  facet normal 0 -1 0
    outer loop
      vertex -23.146 -47 4.82256
      vertex -23.175 -47 5.53516
      vertex -23.5725 -47 5.24639
    endloop
  endfacet
  facet normal 0 -1 0
    outer loop
      vertex -21.7544 -47 5.83713
      vertex -21.7509 -47 5.23219
      vertex -21.2738 -47 5.73498
    endloop
  endfacet
  facet normal 0 -1 0
    outer loop
      vertex -21.273 -47 5.09186
      vertex -21.2738 -47 5.73498
      vertex -21.7509 -47 5.23219
    endloop
  endfacet
  facet normal 0 -1 -0
    outer loop
      vertex -22.7262 -47 5.73498
      vertex -22.727 -47 5.09186
      vertex -22.2491 -47 5.23219
    endloop
  endfacet
  facet normal 0 -1 0
    outer loop
      vertex -23.146 -47 4.82256
      vertex -23.5725 -47 5.24639
      vertex -23.9012 -47 4.8813
    endloop
  endfacet
  facet normal 0 -1 0
    outer loop
      vertex -23.175 -47 5.53516
      vertex -23.146 -47 4.82256
      vertex -22.727 -47 5.09186
    endloop
  endfacet
  facet normal 0 -1 0
    outer loop
      vertex -23.4722 -47 4.44612
      vertex -23.9012 -47 4.8813
      vertex -24.1468 -47 4.45583
    endloop
  endfacet
  facet normal 0 -1 0
    outer loop
      vertex -23.9012 -47 4.8813
      vertex -23.4722 -47 4.44612
      vertex -23.146 -47 4.82256
    endloop
  endfacet
  facet normal 0 -1 0
    outer loop
      vertex -24.1468 -47 4.45583
      vertex -23.6791 -47 3.99303
      vertex -23.4722 -47 4.44612
    endloop
  endfacet
  facet normal 0 -1 0
    outer loop
      vertex -24.2986 -47 3.98859
      vertex -23.6791 -47 3.99303
      vertex -24.1468 -47 4.45583
    endloop
  endfacet
  facet normal 0 -1 0
    outer loop
      vertex -23.75 -47 3.5
      vertex -24.2986 -47 3.98859
      vertex -24.35 -47 3.5
    endloop
  endfacet
  facet normal 0 -1 0
    outer loop
      vertex -24.2986 -47 3.98859
      vertex -23.75 -47 3.5
      vertex -23.6791 -47 3.99303
    endloop
  endfacet
  facet normal 0 -1 0
    outer loop
      vertex -24.2986 -47 3.01141
      vertex -23.75 -47 3.5
      vertex -24.35 -47 3.5
    endloop
  endfacet
  facet normal 0 -1 0
    outer loop
      vertex -24.2986 -47 3.01141
      vertex -23.6791 -47 3.00697
      vertex -23.75 -47 3.5
    endloop
  endfacet
  facet normal 0 -1 0
    outer loop
      vertex -24.1468 -47 2.54417
      vertex -23.6791 -47 3.00697
      vertex -24.2986 -47 3.01141
    endloop
  endfacet
  facet normal 0 -1 -0
    outer loop
      vertex -23.6791 -47 3.00697
      vertex -24.1468 -47 2.54417
      vertex -23.4722 -47 2.55388
    endloop
  endfacet
  facet normal 0 -1 0
    outer loop
      vertex -23.9012 -47 2.1187
      vertex -23.4722 -47 2.55388
      vertex -24.1468 -47 2.54417
    endloop
  endfacet
  facet normal 0 -1 -0
    outer loop
      vertex -23.4722 -47 2.55388
      vertex -23.9012 -47 2.1187
      vertex -23.146 -47 2.17744
    endloop
  endfacet
  facet normal 0 -1 0
    outer loop
      vertex -23.5725 -47 1.75361
      vertex -23.146 -47 2.17744
      vertex -23.9012 -47 2.1187
    endloop
  endfacet
  facet normal 0 -1 0
    outer loop
      vertex -23.175 -47 1.46484
      vertex -23.146 -47 2.17744
      vertex -23.5725 -47 1.75361
    endloop
  endfacet
  facet normal 0 -1 0
    outer loop
      vertex -22.7262 -47 1.26502
      vertex -22.727 -47 1.90814
      vertex -23.175 -47 1.46484
    endloop
  endfacet
  facet normal 0 -1 -0
    outer loop
      vertex -23.146 -47 2.17744
      vertex -23.175 -47 1.46484
      vertex -22.727 -47 1.90814
    endloop
  endfacet
  facet normal 0 -1 0
    outer loop
      vertex -21.2738 -47 5.73498
      vertex -21.273 -47 5.09186
      vertex -20.825 -47 5.53516
    endloop
  endfacet
  facet normal 0 -1 0
    outer loop
      vertex -20.854 -47 4.82256
      vertex -20.825 -47 5.53516
      vertex -21.273 -47 5.09186
    endloop
  endfacet
  facet normal 0 -1 -0
    outer loop
      vertex -20.825 -47 5.53516
      vertex -20.854 -47 4.82256
      vertex -20.4275 -47 5.24639
    endloop
  endfacet
  facet normal 0 -1 -0
    outer loop
      vertex -20.4275 -47 5.24639
      vertex -20.854 -47 4.82256
      vertex -20.0988 -47 4.8813
    endloop
  endfacet
  facet normal 0 -1 0
    outer loop
      vertex -20.5278 -47 4.44612
      vertex -20.0988 -47 4.8813
      vertex -20.854 -47 4.82256
    endloop
  endfacet
  facet normal 0 -1 -0
    outer loop
      vertex -20.0988 -47 4.8813
      vertex -20.5278 -47 4.44612
      vertex -19.8532 -47 4.45583
    endloop
  endfacet
  facet normal 0 -1 0
    outer loop
      vertex -20.3209 -47 3.99303
      vertex -19.8532 -47 4.45583
      vertex -20.5278 -47 4.44612
    endloop
  endfacet
  facet normal 0 -1 0
    outer loop
      vertex -20.3209 -47 3.99303
      vertex -19.7014 -47 3.98859
      vertex -19.8532 -47 4.45583
    endloop
  endfacet
  facet normal 0 -1 0
    outer loop
      vertex -20.25 -47 3.5
      vertex -19.7014 -47 3.98859
      vertex -20.3209 -47 3.99303
    endloop
  endfacet
  facet normal 0 -1 0
    outer loop
      vertex -20.25 -47 3.5
      vertex -19.65 -47 3.5
      vertex -19.7014 -47 3.98859
    endloop
  endfacet
  facet normal 0 -1 0
    outer loop
      vertex -20.25 -47 3.5
      vertex -19.7014 -47 3.01141
      vertex -19.65 -47 3.5
    endloop
  endfacet
  facet normal 0 -1 0
    outer loop
      vertex -20.3209 -47 3.00697
      vertex -19.7014 -47 3.01141
      vertex -20.25 -47 3.5
    endloop
  endfacet
  facet normal 0 -1 0
    outer loop
      vertex -19.8532 -47 2.54417
      vertex -20.3209 -47 3.00697
      vertex -20.5278 -47 2.55388
    endloop
  endfacet
  facet normal 0 -1 0
    outer loop
      vertex -20.3209 -47 3.00697
      vertex -19.8532 -47 2.54417
      vertex -19.7014 -47 3.01141
    endloop
  endfacet
  facet normal 0 -1 0
    outer loop
      vertex -20.0988 -47 2.1187
      vertex -20.5278 -47 2.55388
      vertex -20.854 -47 2.17744
    endloop
  endfacet
  facet normal 0 -1 0
    outer loop
      vertex -20.5278 -47 2.55388
      vertex -20.0988 -47 2.1187
      vertex -19.8532 -47 2.54417
    endloop
  endfacet
  facet normal 0 -1 0
    outer loop
      vertex -20.825 -47 1.46484
      vertex -20.854 -47 2.17744
      vertex -21.273 -47 1.90814
    endloop
  endfacet
  facet normal 0 -1 0
    outer loop
      vertex -21.2738 -47 1.26502
      vertex -21.273 -47 1.90814
      vertex -21.7509 -47 1.76781
    endloop
  endfacet
  facet normal 0 -1 0
    outer loop
      vertex -20.854 -47 2.17744
      vertex -20.4275 -47 1.75361
      vertex -20.0988 -47 2.1187
    endloop
  endfacet
  facet normal 0 -1 0
    outer loop
      vertex -22.727 -47 1.90814
      vertex -22.7262 -47 1.26502
      vertex -22.2491 -47 1.76781
    endloop
  endfacet
  facet normal 0 -1 0
    outer loop
      vertex -22.2456 -47 1.16287
      vertex -22.2491 -47 1.76781
      vertex -22.7262 -47 1.26502
    endloop
  endfacet
  facet normal 0 -1 0
    outer loop
      vertex -20.854 -47 2.17744
      vertex -20.825 -47 1.46484
      vertex -20.4275 -47 1.75361
    endloop
  endfacet
  facet normal 0 -1 0
    outer loop
      vertex -22.2491 -47 1.76781
      vertex -22.2456 -47 1.16287
      vertex -21.7509 -47 1.76781
    endloop
  endfacet
  facet normal 0 -1 -0
    outer loop
      vertex -21.273 -47 1.90814
      vertex -21.2738 -47 1.26502
      vertex -20.825 -47 1.46484
    endloop
  endfacet
  facet normal 0 -1 0
    outer loop
      vertex -21.7544 -47 1.16287
      vertex -21.7509 -47 1.76781
      vertex -22.2456 -47 1.16287
    endloop
  endfacet
  facet normal 0 -1 -0
    outer loop
      vertex -21.7509 -47 1.76781
      vertex -21.7544 -47 1.16287
      vertex -21.2738 -47 1.26502
    endloop
  endfacet
  facet normal -1 0 0
    outer loop
      vertex 41 -41 0
      vertex 41 41 12
      vertex 41 41 0
    endloop
  endfacet
  facet normal -1 -0 0
    outer loop
      vertex 41 41 12
      vertex 41 -41 0
      vertex 41 -41 12
    endloop
  endfacet
  facet normal 1 -0 0
    outer loop
      vertex -41 -41 12
      vertex -41 41 0
      vertex -41 41 12
    endloop
  endfacet
  facet normal 1 0 0
    outer loop
      vertex -41 41 0
      vertex -41 -41 12
      vertex -41 -41 0
    endloop
  endfacet
  facet normal 0 -1 0
    outer loop
      vertex -41 41 0
      vertex 41 41 12
      vertex -41 41 12
    endloop
  endfacet
  facet normal 0 -1 -0
    outer loop
      vertex 41 41 12
      vertex -41 41 0
      vertex 41 41 0
    endloop
  endfacet
  facet normal 0 1 -0
    outer loop
      vertex 41 -41 0
      vertex -41 -41 12
      vertex 41 -41 12
    endloop
  endfacet
  facet normal 0 1 0
    outer loop
      vertex -41 -41 12
      vertex 41 -41 0
      vertex -41 -41 0
    endloop
  endfacet
  facet normal 0 0.841248 0.540649
    outer loop
      vertex 47 20.6774 2.35399
      vertex 46 20.4081 2.77302
      vertex 47 20.4081 2.77302
    endloop
  endfacet
  facet normal 0 0.841248 0.540649
    outer loop
      vertex 46 20.4081 2.77302
      vertex 47 20.6774 2.35399
      vertex 46 20.6774 2.35399
    endloop
  endfacet
  facet normal 0 -0.654793 -0.755808
    outer loop
      vertex 46 22.9461 4.97219
      vertex 47 23.3226 4.64601
      vertex 47 22.9461 4.97219
    endloop
  endfacet
  facet normal -0 -0.654793 -0.755808
    outer loop
      vertex 47 23.3226 4.64601
      vertex 46 22.9461 4.97219
      vertex 46 23.3226 4.64601
    endloop
  endfacet
  facet normal 0 0.654793 -0.755808
    outer loop
      vertex 46 20.6774 4.64601
      vertex 47 21.0539 4.97219
      vertex 47 20.6774 4.64601
    endloop
  endfacet
  facet normal 0 0.654793 -0.755808
    outer loop
      vertex 47 21.0539 4.97219
      vertex 46 20.6774 4.64601
      vertex 46 21.0539 4.97219
    endloop
  endfacet
  facet normal 0 -0.654793 0.755808
    outer loop
      vertex 46 23.3226 2.35399
      vertex 47 22.9461 2.02781
      vertex 47 23.3226 2.35399
    endloop
  endfacet
  facet normal 0 -0.654793 0.755808
    outer loop
      vertex 47 22.9461 2.02781
      vertex 46 23.3226 2.35399
      vertex 46 22.9461 2.02781
    endloop
  endfacet
  facet normal 0 -0.959511 -0.281672
    outer loop
      vertex 46 23.7322 3.74905
      vertex 47 23.5919 4.22698
      vertex 46 23.5919 4.22698
    endloop
  endfacet
  facet normal 0 -0.959511 -0.281672
    outer loop
      vertex 47 23.5919 4.22698
      vertex 46 23.7322 3.74905
      vertex 47 23.7322 3.74905
    endloop
  endfacet
  facet normal 0 -0.142329 -0.989819
    outer loop
      vertex 46 22 5.25
      vertex 47 22.493 5.17911
      vertex 47 22 5.25
    endloop
  endfacet
  facet normal -0 -0.142329 -0.989819
    outer loop
      vertex 47 22.493 5.17911
      vertex 46 22 5.25
      vertex 46 22.493 5.17911
    endloop
  endfacet
  facet normal 0 -0.415409 0.909635
    outer loop
      vertex 46 22.9461 2.02781
      vertex 47 22.493 1.82089
      vertex 47 22.9461 2.02781
    endloop
  endfacet
  facet normal 0 -0.415409 0.909635
    outer loop
      vertex 47 22.493 1.82089
      vertex 46 22.9461 2.02781
      vertex 46 22.493 1.82089
    endloop
  endfacet
  facet normal 0 -0.142329 0.989819
    outer loop
      vertex 46 22.493 1.82089
      vertex 47 22 1.75
      vertex 47 22.493 1.82089
    endloop
  endfacet
  facet normal 0 -0.142329 0.989819
    outer loop
      vertex 47 22 1.75
      vertex 46 22.493 1.82089
      vertex 46 22 1.75
    endloop
  endfacet
  facet normal 0 -1 0
    outer loop
      vertex 46 23.7322 3.25095
      vertex 47 23.7322 3.74905
      vertex 46 23.7322 3.74905
    endloop
  endfacet
  facet normal 0 -1 -0
    outer loop
      vertex 47 23.7322 3.74905
      vertex 46 23.7322 3.25095
      vertex 47 23.7322 3.25095
    endloop
  endfacet
  facet normal 0 -0.959511 0.281672
    outer loop
      vertex 46 23.5919 2.77302
      vertex 47 23.7322 3.25095
      vertex 46 23.7322 3.25095
    endloop
  endfacet
  facet normal 0 -0.959511 0.281672
    outer loop
      vertex 47 23.7322 3.25095
      vertex 46 23.5919 2.77302
      vertex 47 23.5919 2.77302
    endloop
  endfacet
  facet normal 0 0.415409 -0.909635
    outer loop
      vertex 46 21.0539 4.97219
      vertex 47 21.507 5.17911
      vertex 47 21.0539 4.97219
    endloop
  endfacet
  facet normal 0 0.415409 -0.909635
    outer loop
      vertex 47 21.507 5.17911
      vertex 46 21.0539 4.97219
      vertex 46 21.507 5.17911
    endloop
  endfacet
  facet normal 0 0.959511 -0.281672
    outer loop
      vertex 47 20.2678 3.74905
      vertex 46 20.4081 4.22698
      vertex 47 20.4081 4.22698
    endloop
  endfacet
  facet normal 0 0.959511 -0.281672
    outer loop
      vertex 46 20.4081 4.22698
      vertex 47 20.2678 3.74905
      vertex 46 20.2678 3.74905
    endloop
  endfacet
  facet normal 0 -0.415409 -0.909635
    outer loop
      vertex 46 22.493 5.17911
      vertex 47 22.9461 4.97219
      vertex 47 22.493 5.17911
    endloop
  endfacet
  facet normal -0 -0.415409 -0.909635
    outer loop
      vertex 47 22.9461 4.97219
      vertex 46 22.493 5.17911
      vertex 46 22.9461 4.97219
    endloop
  endfacet
  facet normal 0 1 -0
    outer loop
      vertex 47 20.2678 3.25095
      vertex 46 20.2678 3.74905
      vertex 47 20.2678 3.74905
    endloop
  endfacet
  facet normal 0 1 0
    outer loop
      vertex 46 20.2678 3.74905
      vertex 47 20.2678 3.25095
      vertex 46 20.2678 3.25095
    endloop
  endfacet
  facet normal 0 0.142329 -0.989819
    outer loop
      vertex 46 21.507 5.17911
      vertex 47 22 5.25
      vertex 47 21.507 5.17911
    endloop
  endfacet
  facet normal 0 0.142329 -0.989819
    outer loop
      vertex 47 22 5.25
      vertex 46 21.507 5.17911
      vertex 46 22 5.25
    endloop
  endfacet
  facet normal 1 0 0
    outer loop
      vertex 46 23.5919 4.22698
      vertex 46 23.7322 3.25095
      vertex 46 23.7322 3.74905
    endloop
  endfacet
  facet normal 1 0 0
    outer loop
      vertex 46 23.5919 4.22698
      vertex 46 23.5919 2.77302
      vertex 46 23.7322 3.25095
    endloop
  endfacet
  facet normal 1 0 0
    outer loop
      vertex 46 23.3226 4.64601
      vertex 46 23.5919 2.77302
      vertex 46 23.5919 4.22698
    endloop
  endfacet
  facet normal 1 0 0
    outer loop
      vertex 46 23.3226 4.64601
      vertex 46 23.3226 2.35399
      vertex 46 23.5919 2.77302
    endloop
  endfacet
  facet normal 1 0 0
    outer loop
      vertex 46 22.9461 4.97219
      vertex 46 23.3226 2.35399
      vertex 46 23.3226 4.64601
    endloop
  endfacet
  facet normal 1 0 0
    outer loop
      vertex 46 22.9461 4.97219
      vertex 46 22.9461 2.02781
      vertex 46 23.3226 2.35399
    endloop
  endfacet
  facet normal 1 0 0
    outer loop
      vertex 46 22.493 5.17911
      vertex 46 22.9461 2.02781
      vertex 46 22.9461 4.97219
    endloop
  endfacet
  facet normal 1 0 0
    outer loop
      vertex 46 22.493 5.17911
      vertex 46 22.493 1.82089
      vertex 46 22.9461 2.02781
    endloop
  endfacet
  facet normal 1 0 0
    outer loop
      vertex 46 22 5.25
      vertex 46 22.493 1.82089
      vertex 46 22.493 5.17911
    endloop
  endfacet
  facet normal 1 0 0
    outer loop
      vertex 46 22 5.25
      vertex 46 22 1.75
      vertex 46 22.493 1.82089
    endloop
  endfacet
  facet normal 1 -0 0
    outer loop
      vertex 46 21.507 5.17911
      vertex 46 22 1.75
      vertex 46 22 5.25
    endloop
  endfacet
  facet normal 1 0 0
    outer loop
      vertex 46 21.507 5.17911
      vertex 46 21.507 1.82089
      vertex 46 22 1.75
    endloop
  endfacet
  facet normal 1 -0 0
    outer loop
      vertex 46 21.0539 4.97219
      vertex 46 21.507 1.82089
      vertex 46 21.507 5.17911
    endloop
  endfacet
  facet normal 1 0 0
    outer loop
      vertex 46 21.0539 4.97219
      vertex 46 21.0539 2.02781
      vertex 46 21.507 1.82089
    endloop
  endfacet
  facet normal 1 -0 0
    outer loop
      vertex 46 20.6774 4.64601
      vertex 46 21.0539 2.02781
      vertex 46 21.0539 4.97219
    endloop
  endfacet
  facet normal 1 0 0
    outer loop
      vertex 46 20.6774 4.64601
      vertex 46 20.6774 2.35399
      vertex 46 21.0539 2.02781
    endloop
  endfacet
  facet normal 1 -0 0
    outer loop
      vertex 46 20.4081 4.22698
      vertex 46 20.6774 2.35399
      vertex 46 20.6774 4.64601
    endloop
  endfacet
  facet normal 1 0 0
    outer loop
      vertex 46 20.4081 4.22698
      vertex 46 20.4081 2.77302
      vertex 46 20.6774 2.35399
    endloop
  endfacet
  facet normal 1 -0 0
    outer loop
      vertex 46 20.2678 3.74905
      vertex 46 20.4081 2.77302
      vertex 46 20.4081 4.22698
    endloop
  endfacet
  facet normal 1 0 0
    outer loop
      vertex 46 20.4081 2.77302
      vertex 46 20.2678 3.74905
      vertex 46 20.2678 3.25095
    endloop
  endfacet
  facet normal -0 0.654793 0.755808
    outer loop
      vertex 46 21.0539 2.02781
      vertex 47 20.6774 2.35399
      vertex 47 21.0539 2.02781
    endloop
  endfacet
  facet normal 0 0.654793 0.755808
    outer loop
      vertex 47 20.6774 2.35399
      vertex 46 21.0539 2.02781
      vertex 46 20.6774 2.35399
    endloop
  endfacet
  facet normal 0 0.841248 -0.540649
    outer loop
      vertex 47 20.4081 4.22698
      vertex 46 20.6774 4.64601
      vertex 47 20.6774 4.64601
    endloop
  endfacet
  facet normal 0 0.841248 -0.540649
    outer loop
      vertex 46 20.6774 4.64601
      vertex 47 20.4081 4.22698
      vertex 46 20.4081 4.22698
    endloop
  endfacet
  facet normal -0 0.142329 0.989819
    outer loop
      vertex 46 22 1.75
      vertex 47 21.507 1.82089
      vertex 47 22 1.75
    endloop
  endfacet
  facet normal 0 0.142329 0.989819
    outer loop
      vertex 47 21.507 1.82089
      vertex 46 22 1.75
      vertex 46 21.507 1.82089
    endloop
  endfacet
  facet normal 0 -0.841248 0.540649
    outer loop
      vertex 46 23.3226 2.35399
      vertex 47 23.5919 2.77302
      vertex 46 23.5919 2.77302
    endloop
  endfacet
  facet normal 0 -0.841248 0.540649
    outer loop
      vertex 47 23.5919 2.77302
      vertex 46 23.3226 2.35399
      vertex 47 23.3226 2.35399
    endloop
  endfacet
  facet normal 0 -0.841248 -0.540649
    outer loop
      vertex 46 23.5919 4.22698
      vertex 47 23.3226 4.64601
      vertex 46 23.3226 4.64601
    endloop
  endfacet
  facet normal 0 -0.841248 -0.540649
    outer loop
      vertex 47 23.3226 4.64601
      vertex 46 23.5919 4.22698
      vertex 47 23.5919 4.22698
    endloop
  endfacet
  facet normal -0 0.415409 0.909635
    outer loop
      vertex 46 21.507 1.82089
      vertex 47 21.0539 2.02781
      vertex 47 21.507 1.82089
    endloop
  endfacet
  facet normal 0 0.415409 0.909635
    outer loop
      vertex 47 21.0539 2.02781
      vertex 46 21.507 1.82089
      vertex 46 21.0539 2.02781
    endloop
  endfacet
  facet normal 0 0.959511 0.281672
    outer loop
      vertex 47 20.4081 2.77302
      vertex 46 20.2678 3.25095
      vertex 47 20.2678 3.25095
    endloop
  endfacet
  facet normal 0 0.959511 0.281672
    outer loop
      vertex 46 20.2678 3.25095
      vertex 47 20.4081 2.77302
      vertex 46 20.4081 2.77302
    endloop
  endfacet
  facet normal -0 0.142329 0.989819
    outer loop
      vertex 46 -22 1.75
      vertex 47 -22.493 1.82089
      vertex 47 -22 1.75
    endloop
  endfacet
  facet normal 0 0.142329 0.989819
    outer loop
      vertex 47 -22.493 1.82089
      vertex 46 -22 1.75
      vertex 46 -22.493 1.82089
    endloop
  endfacet
  facet normal 0 -0.654793 -0.755808
    outer loop
      vertex 46 -21.0539 4.97219
      vertex 47 -20.6774 4.64601
      vertex 47 -21.0539 4.97219
    endloop
  endfacet
  facet normal -0 -0.654793 -0.755808
    outer loop
      vertex 47 -20.6774 4.64601
      vertex 46 -21.0539 4.97219
      vertex 46 -20.6774 4.64601
    endloop
  endfacet
  facet normal 0 0.959511 -0.281672
    outer loop
      vertex 47 -23.7322 3.74905
      vertex 46 -23.5919 4.22698
      vertex 47 -23.5919 4.22698
    endloop
  endfacet
  facet normal 0 0.959511 -0.281672
    outer loop
      vertex 46 -23.5919 4.22698
      vertex 47 -23.7322 3.74905
      vertex 46 -23.7322 3.74905
    endloop
  endfacet
  facet normal 0 -1 0
    outer loop
      vertex 46 -20.2678 3.25095
      vertex 47 -20.2678 3.74905
      vertex 46 -20.2678 3.74905
    endloop
  endfacet
  facet normal 0 -1 -0
    outer loop
      vertex 47 -20.2678 3.74905
      vertex 46 -20.2678 3.25095
      vertex 47 -20.2678 3.25095
    endloop
  endfacet
  facet normal 0 -0.142329 -0.989819
    outer loop
      vertex 46 -22 5.25
      vertex 47 -21.507 5.17911
      vertex 47 -22 5.25
    endloop
  endfacet
  facet normal -0 -0.142329 -0.989819
    outer loop
      vertex 47 -21.507 5.17911
      vertex 46 -22 5.25
      vertex 46 -21.507 5.17911
    endloop
  endfacet
  facet normal 0 -0.959511 -0.281672
    outer loop
      vertex 46 -20.2678 3.74905
      vertex 47 -20.4081 4.22698
      vertex 46 -20.4081 4.22698
    endloop
  endfacet
  facet normal 0 -0.959511 -0.281672
    outer loop
      vertex 47 -20.4081 4.22698
      vertex 46 -20.2678 3.74905
      vertex 47 -20.2678 3.74905
    endloop
  endfacet
  facet normal 0 -0.841248 -0.540649
    outer loop
      vertex 46 -20.4081 4.22698
      vertex 47 -20.6774 4.64601
      vertex 46 -20.6774 4.64601
    endloop
  endfacet
  facet normal 0 -0.841248 -0.540649
    outer loop
      vertex 47 -20.6774 4.64601
      vertex 46 -20.4081 4.22698
      vertex 47 -20.4081 4.22698
    endloop
  endfacet
  facet normal 0 0.142329 -0.989819
    outer loop
      vertex 46 -22.493 5.17911
      vertex 47 -22 5.25
      vertex 47 -22.493 5.17911
    endloop
  endfacet
  facet normal 0 0.142329 -0.989819
    outer loop
      vertex 47 -22 5.25
      vertex 46 -22.493 5.17911
      vertex 46 -22 5.25
    endloop
  endfacet
  facet normal 0 0.654793 -0.755808
    outer loop
      vertex 46 -23.3226 4.64601
      vertex 47 -22.9461 4.97219
      vertex 47 -23.3226 4.64601
    endloop
  endfacet
  facet normal 0 0.654793 -0.755808
    outer loop
      vertex 47 -22.9461 4.97219
      vertex 46 -23.3226 4.64601
      vertex 46 -22.9461 4.97219
    endloop
  endfacet
  facet normal 0 1 -0
    outer loop
      vertex 47 -23.7322 3.25095
      vertex 46 -23.7322 3.74905
      vertex 47 -23.7322 3.74905
    endloop
  endfacet
  facet normal 0 1 0
    outer loop
      vertex 46 -23.7322 3.74905
      vertex 47 -23.7322 3.25095
      vertex 46 -23.7322 3.25095
    endloop
  endfacet
  facet normal 0 0.841248 -0.540649
    outer loop
      vertex 47 -23.5919 4.22698
      vertex 46 -23.3226 4.64601
      vertex 47 -23.3226 4.64601
    endloop
  endfacet
  facet normal 0 0.841248 -0.540649
    outer loop
      vertex 46 -23.3226 4.64601
      vertex 47 -23.5919 4.22698
      vertex 46 -23.5919 4.22698
    endloop
  endfacet
  facet normal 0 -0.142329 0.989819
    outer loop
      vertex 46 -21.507 1.82089
      vertex 47 -22 1.75
      vertex 47 -21.507 1.82089
    endloop
  endfacet
  facet normal 0 -0.142329 0.989819
    outer loop
      vertex 47 -22 1.75
      vertex 46 -21.507 1.82089
      vertex 46 -22 1.75
    endloop
  endfacet
  facet normal 0 -0.959511 0.281672
    outer loop
      vertex 46 -20.4081 2.77302
      vertex 47 -20.2678 3.25095
      vertex 46 -20.2678 3.25095
    endloop
  endfacet
  facet normal 0 -0.959511 0.281672
    outer loop
      vertex 47 -20.2678 3.25095
      vertex 46 -20.4081 2.77302
      vertex 47 -20.4081 2.77302
    endloop
  endfacet
  facet normal 0 -0.654793 0.755808
    outer loop
      vertex 46 -20.6774 2.35399
      vertex 47 -21.0539 2.02781
      vertex 47 -20.6774 2.35399
    endloop
  endfacet
  facet normal 0 -0.654793 0.755808
    outer loop
      vertex 47 -21.0539 2.02781
      vertex 46 -20.6774 2.35399
      vertex 46 -21.0539 2.02781
    endloop
  endfacet
  facet normal 0 -0.841248 0.540649
    outer loop
      vertex 46 -20.6774 2.35399
      vertex 47 -20.4081 2.77302
      vertex 46 -20.4081 2.77302
    endloop
  endfacet
  facet normal 0 -0.841248 0.540649
    outer loop
      vertex 47 -20.4081 2.77302
      vertex 46 -20.6774 2.35399
      vertex 47 -20.6774 2.35399
    endloop
  endfacet
  facet normal 0 -0.415409 -0.909635
    outer loop
      vertex 46 -21.507 5.17911
      vertex 47 -21.0539 4.97219
      vertex 47 -21.507 5.17911
    endloop
  endfacet
  facet normal -0 -0.415409 -0.909635
    outer loop
      vertex 47 -21.0539 4.97219
      vertex 46 -21.507 5.17911
      vertex 46 -21.0539 4.97219
    endloop
  endfacet
  facet normal 0 -0.415409 0.909635
    outer loop
      vertex 46 -21.0539 2.02781
      vertex 47 -21.507 1.82089
      vertex 47 -21.0539 2.02781
    endloop
  endfacet
  facet normal 0 -0.415409 0.909635
    outer loop
      vertex 47 -21.507 1.82089
      vertex 46 -21.0539 2.02781
      vertex 46 -21.507 1.82089
    endloop
  endfacet
  facet normal -0 0.415409 0.909635
    outer loop
      vertex 46 -22.493 1.82089
      vertex 47 -22.9461 2.02781
      vertex 47 -22.493 1.82089
    endloop
  endfacet
  facet normal 0 0.415409 0.909635
    outer loop
      vertex 47 -22.9461 2.02781
      vertex 46 -22.493 1.82089
      vertex 46 -22.9461 2.02781
    endloop
  endfacet
  facet normal 1 0 0
    outer loop
      vertex 46 -20.4081 4.22698
      vertex 46 -20.2678 3.25095
      vertex 46 -20.2678 3.74905
    endloop
  endfacet
  facet normal 1 0 0
    outer loop
      vertex 46 -20.4081 4.22698
      vertex 46 -20.4081 2.77302
      vertex 46 -20.2678 3.25095
    endloop
  endfacet
  facet normal 1 0 0
    outer loop
      vertex 46 -20.6774 4.64601
      vertex 46 -20.4081 2.77302
      vertex 46 -20.4081 4.22698
    endloop
  endfacet
  facet normal 1 0 0
    outer loop
      vertex 46 -20.6774 4.64601
      vertex 46 -20.6774 2.35399
      vertex 46 -20.4081 2.77302
    endloop
  endfacet
  facet normal 1 0 0
    outer loop
      vertex 46 -21.0539 4.97219
      vertex 46 -20.6774 2.35399
      vertex 46 -20.6774 4.64601
    endloop
  endfacet
  facet normal 1 0 0
    outer loop
      vertex 46 -21.0539 4.97219
      vertex 46 -21.0539 2.02781
      vertex 46 -20.6774 2.35399
    endloop
  endfacet
  facet normal 1 0 0
    outer loop
      vertex 46 -21.507 5.17911
      vertex 46 -21.0539 2.02781
      vertex 46 -21.0539 4.97219
    endloop
  endfacet
  facet normal 1 0 0
    outer loop
      vertex 46 -21.507 5.17911
      vertex 46 -21.507 1.82089
      vertex 46 -21.0539 2.02781
    endloop
  endfacet
  facet normal 1 0 0
    outer loop
      vertex 46 -22 5.25
      vertex 46 -21.507 1.82089
      vertex 46 -21.507 5.17911
    endloop
  endfacet
  facet normal 1 0 0
    outer loop
      vertex 46 -22 5.25
      vertex 46 -22 1.75
      vertex 46 -21.507 1.82089
    endloop
  endfacet
  facet normal 1 -0 0
    outer loop
      vertex 46 -22.493 5.17911
      vertex 46 -22 1.75
      vertex 46 -22 5.25
    endloop
  endfacet
  facet normal 1 0 0
    outer loop
      vertex 46 -22.493 5.17911
      vertex 46 -22.493 1.82089
      vertex 46 -22 1.75
    endloop
  endfacet
  facet normal 1 -0 0
    outer loop
      vertex 46 -22.9461 4.97219
      vertex 46 -22.493 1.82089
      vertex 46 -22.493 5.17911
    endloop
  endfacet
  facet normal 1 0 0
    outer loop
      vertex 46 -22.9461 4.97219
      vertex 46 -22.9461 2.02781
      vertex 46 -22.493 1.82089
    endloop
  endfacet
  facet normal 1 -0 0
    outer loop
      vertex 46 -23.3226 4.64601
      vertex 46 -22.9461 2.02781
      vertex 46 -22.9461 4.97219
    endloop
  endfacet
  facet normal 1 0 0
    outer loop
      vertex 46 -23.3226 4.64601
      vertex 46 -23.3226 2.35399
      vertex 46 -22.9461 2.02781
    endloop
  endfacet
  facet normal 1 -0 0
    outer loop
      vertex 46 -23.5919 4.22698
      vertex 46 -23.3226 2.35399
      vertex 46 -23.3226 4.64601
    endloop
  endfacet
  facet normal 1 0 0
    outer loop
      vertex 46 -23.5919 4.22698
      vertex 46 -23.5919 2.77302
      vertex 46 -23.3226 2.35399
    endloop
  endfacet
  facet normal 1 -0 0
    outer loop
      vertex 46 -23.7322 3.74905
      vertex 46 -23.5919 2.77302
      vertex 46 -23.5919 4.22698
    endloop
  endfacet
  facet normal 1 0 0
    outer loop
      vertex 46 -23.5919 2.77302
      vertex 46 -23.7322 3.74905
      vertex 46 -23.7322 3.25095
    endloop
  endfacet
  facet normal -0 0.654793 0.755808
    outer loop
      vertex 46 -22.9461 2.02781
      vertex 47 -23.3226 2.35399
      vertex 47 -22.9461 2.02781
    endloop
  endfacet
  facet normal 0 0.654793 0.755808
    outer loop
      vertex 47 -23.3226 2.35399
      vertex 46 -22.9461 2.02781
      vertex 46 -23.3226 2.35399
    endloop
  endfacet
  facet normal 0 0.959511 0.281672
    outer loop
      vertex 47 -23.5919 2.77302
      vertex 46 -23.7322 3.25095
      vertex 47 -23.7322 3.25095
    endloop
  endfacet
  facet normal 0 0.959511 0.281672
    outer loop
      vertex 46 -23.7322 3.25095
      vertex 47 -23.5919 2.77302
      vertex 46 -23.5919 2.77302
    endloop
  endfacet
  facet normal 0 0.841248 0.540649
    outer loop
      vertex 47 -23.3226 2.35399
      vertex 46 -23.5919 2.77302
      vertex 47 -23.5919 2.77302
    endloop
  endfacet
  facet normal 0 0.841248 0.540649
    outer loop
      vertex 46 -23.5919 2.77302
      vertex 47 -23.3226 2.35399
      vertex 46 -23.3226 2.35399
    endloop
  endfacet
  facet normal 0 0.415409 -0.909635
    outer loop
      vertex 46 -22.9461 4.97219
      vertex 47 -22.493 5.17911
      vertex 47 -22.9461 4.97219
    endloop
  endfacet
  facet normal 0 0.415409 -0.909635
    outer loop
      vertex 47 -22.493 5.17911
      vertex 46 -22.9461 4.97219
      vertex 46 -22.493 5.17911
    endloop
  endfacet
  facet normal 0 -0.654793 0.755808
    outer loop
      vertex -47 23.3226 2.35399
      vertex -46 22.9461 2.02781
      vertex -46 23.3226 2.35399
    endloop
  endfacet
  facet normal 0 -0.654793 0.755808
    outer loop
      vertex -46 22.9461 2.02781
      vertex -47 23.3226 2.35399
      vertex -47 22.9461 2.02781
    endloop
  endfacet
  facet normal -0 0.654793 0.755808
    outer loop
      vertex -47 21.0539 2.02781
      vertex -46 20.6774 2.35399
      vertex -46 21.0539 2.02781
    endloop
  endfacet
  facet normal 0 0.654793 0.755808
    outer loop
      vertex -46 20.6774 2.35399
      vertex -47 21.0539 2.02781
      vertex -47 20.6774 2.35399
    endloop
  endfacet
  facet normal 0 -0.841248 -0.540649
    outer loop
      vertex -47 23.5919 4.22698
      vertex -46 23.3226 4.64601
      vertex -47 23.3226 4.64601
    endloop
  endfacet
  facet normal 0 -0.841248 -0.540649
    outer loop
      vertex -46 23.3226 4.64601
      vertex -47 23.5919 4.22698
      vertex -46 23.5919 4.22698
    endloop
  endfacet
  facet normal 0 -0.142329 0.989819
    outer loop
      vertex -47 22.493 1.82089
      vertex -46 22 1.75
      vertex -46 22.493 1.82089
    endloop
  endfacet
  facet normal 0 -0.142329 0.989819
    outer loop
      vertex -46 22 1.75
      vertex -47 22.493 1.82089
      vertex -47 22 1.75
    endloop
  endfacet
  facet normal 0 0.841248 0.540649
    outer loop
      vertex -46 20.6774 2.35399
      vertex -47 20.4081 2.77302
      vertex -46 20.4081 2.77302
    endloop
  endfacet
  facet normal 0 0.841248 0.540649
    outer loop
      vertex -47 20.4081 2.77302
      vertex -46 20.6774 2.35399
      vertex -47 20.6774 2.35399
    endloop
  endfacet
  facet normal -0 0.415409 0.909635
    outer loop
      vertex -47 21.507 1.82089
      vertex -46 21.0539 2.02781
      vertex -46 21.507 1.82089
    endloop
  endfacet
  facet normal 0 0.415409 0.909635
    outer loop
      vertex -46 21.0539 2.02781
      vertex -47 21.507 1.82089
      vertex -47 21.0539 2.02781
    endloop
  endfacet
  facet normal 0 -0.841248 0.540649
    outer loop
      vertex -47 23.3226 2.35399
      vertex -46 23.5919 2.77302
      vertex -47 23.5919 2.77302
    endloop
  endfacet
  facet normal 0 -0.841248 0.540649
    outer loop
      vertex -46 23.5919 2.77302
      vertex -47 23.3226 2.35399
      vertex -46 23.3226 2.35399
    endloop
  endfacet
  facet normal 0 0.959511 -0.281672
    outer loop
      vertex -46 20.2678 3.74905
      vertex -47 20.4081 4.22698
      vertex -46 20.4081 4.22698
    endloop
  endfacet
  facet normal 0 0.959511 -0.281672
    outer loop
      vertex -47 20.4081 4.22698
      vertex -46 20.2678 3.74905
      vertex -47 20.2678 3.74905
    endloop
  endfacet
  facet normal 0 0.959511 0.281672
    outer loop
      vertex -46 20.4081 2.77302
      vertex -47 20.2678 3.25095
      vertex -46 20.2678 3.25095
    endloop
  endfacet
  facet normal 0 0.959511 0.281672
    outer loop
      vertex -47 20.2678 3.25095
      vertex -46 20.4081 2.77302
      vertex -47 20.4081 2.77302
    endloop
  endfacet
  facet normal 0 0.654793 -0.755808
    outer loop
      vertex -47 20.6774 4.64601
      vertex -46 21.0539 4.97219
      vertex -46 20.6774 4.64601
    endloop
  endfacet
  facet normal 0 0.654793 -0.755808
    outer loop
      vertex -46 21.0539 4.97219
      vertex -47 20.6774 4.64601
      vertex -47 21.0539 4.97219
    endloop
  endfacet
  facet normal 0 -0.415409 0.909635
    outer loop
      vertex -47 22.9461 2.02781
      vertex -46 22.493 1.82089
      vertex -46 22.9461 2.02781
    endloop
  endfacet
  facet normal 0 -0.415409 0.909635
    outer loop
      vertex -46 22.493 1.82089
      vertex -47 22.9461 2.02781
      vertex -47 22.493 1.82089
    endloop
  endfacet
  facet normal -0 0.142329 0.989819
    outer loop
      vertex -47 22 1.75
      vertex -46 21.507 1.82089
      vertex -46 22 1.75
    endloop
  endfacet
  facet normal 0 0.142329 0.989819
    outer loop
      vertex -46 21.507 1.82089
      vertex -47 22 1.75
      vertex -47 21.507 1.82089
    endloop
  endfacet
  facet normal 0 -1 0
    outer loop
      vertex -47 23.7322 3.25095
      vertex -46 23.7322 3.74905
      vertex -47 23.7322 3.74905
    endloop
  endfacet
  facet normal 0 -1 -0
    outer loop
      vertex -46 23.7322 3.74905
      vertex -47 23.7322 3.25095
      vertex -46 23.7322 3.25095
    endloop
  endfacet
  facet normal -1 0 0
    outer loop
      vertex -46 23.5919 2.77302
      vertex -46 23.7322 3.74905
      vertex -46 23.7322 3.25095
    endloop
  endfacet
  facet normal -1 0 0
    outer loop
      vertex -46 23.5919 2.77302
      vertex -46 23.5919 4.22698
      vertex -46 23.7322 3.74905
    endloop
  endfacet
  facet normal -1 0 0
    outer loop
      vertex -46 23.3226 2.35399
      vertex -46 23.5919 4.22698
      vertex -46 23.5919 2.77302
    endloop
  endfacet
  facet normal -1 0 0
    outer loop
      vertex -46 23.3226 2.35399
      vertex -46 23.3226 4.64601
      vertex -46 23.5919 4.22698
    endloop
  endfacet
  facet normal -1 0 0
    outer loop
      vertex -46 22.9461 2.02781
      vertex -46 23.3226 4.64601
      vertex -46 23.3226 2.35399
    endloop
  endfacet
  facet normal -1 0 0
    outer loop
      vertex -46 22.9461 2.02781
      vertex -46 22.9461 4.97219
      vertex -46 23.3226 4.64601
    endloop
  endfacet
  facet normal -1 0 0
    outer loop
      vertex -46 22.493 1.82089
      vertex -46 22.9461 4.97219
      vertex -46 22.9461 2.02781
    endloop
  endfacet
  facet normal -1 0 0
    outer loop
      vertex -46 22.493 1.82089
      vertex -46 22.493 5.17911
      vertex -46 22.9461 4.97219
    endloop
  endfacet
  facet normal -1 0 0
    outer loop
      vertex -46 22 1.75
      vertex -46 22.493 5.17911
      vertex -46 22.493 1.82089
    endloop
  endfacet
  facet normal -1 0 0
    outer loop
      vertex -46 22 1.75
      vertex -46 22 5.25
      vertex -46 22.493 5.17911
    endloop
  endfacet
  facet normal -1 0 0
    outer loop
      vertex -46 21.507 1.82089
      vertex -46 22 5.25
      vertex -46 22 1.75
    endloop
  endfacet
  facet normal -1 0 0
    outer loop
      vertex -46 21.507 1.82089
      vertex -46 21.507 5.17911
      vertex -46 22 5.25
    endloop
  endfacet
  facet normal -1 0 0
    outer loop
      vertex -46 21.0539 2.02781
      vertex -46 21.507 5.17911
      vertex -46 21.507 1.82089
    endloop
  endfacet
  facet normal -1 0 0
    outer loop
      vertex -46 21.0539 2.02781
      vertex -46 21.0539 4.97219
      vertex -46 21.507 5.17911
    endloop
  endfacet
  facet normal -1 0 0
    outer loop
      vertex -46 20.6774 2.35399
      vertex -46 21.0539 4.97219
      vertex -46 21.0539 2.02781
    endloop
  endfacet
  facet normal -1 0 0
    outer loop
      vertex -46 20.6774 2.35399
      vertex -46 20.6774 4.64601
      vertex -46 21.0539 4.97219
    endloop
  endfacet
  facet normal -1 0 0
    outer loop
      vertex -46 20.4081 2.77302
      vertex -46 20.6774 4.64601
      vertex -46 20.6774 2.35399
    endloop
  endfacet
  facet normal -1 0 0
    outer loop
      vertex -46 20.4081 2.77302
      vertex -46 20.4081 4.22698
      vertex -46 20.6774 4.64601
    endloop
  endfacet
  facet normal -1 0 0
    outer loop
      vertex -46 20.2678 3.25095
      vertex -46 20.4081 4.22698
      vertex -46 20.4081 2.77302
    endloop
  endfacet
  facet normal -1 0 0
    outer loop
      vertex -46 20.4081 4.22698
      vertex -46 20.2678 3.25095
      vertex -46 20.2678 3.74905
    endloop
  endfacet
  facet normal 0 -0.959511 -0.281672
    outer loop
      vertex -47 23.7322 3.74905
      vertex -46 23.5919 4.22698
      vertex -47 23.5919 4.22698
    endloop
  endfacet
  facet normal 0 -0.959511 -0.281672
    outer loop
      vertex -46 23.5919 4.22698
      vertex -47 23.7322 3.74905
      vertex -46 23.7322 3.74905
    endloop
  endfacet
  facet normal 0 -0.654793 -0.755808
    outer loop
      vertex -47 22.9461 4.97219
      vertex -46 23.3226 4.64601
      vertex -46 22.9461 4.97219
    endloop
  endfacet
  facet normal -0 -0.654793 -0.755808
    outer loop
      vertex -46 23.3226 4.64601
      vertex -47 22.9461 4.97219
      vertex -47 23.3226 4.64601
    endloop
  endfacet
  facet normal 0 1 -0
    outer loop
      vertex -46 20.2678 3.25095
      vertex -47 20.2678 3.74905
      vertex -46 20.2678 3.74905
    endloop
  endfacet
  facet normal 0 1 0
    outer loop
      vertex -47 20.2678 3.74905
      vertex -46 20.2678 3.25095
      vertex -47 20.2678 3.25095
    endloop
  endfacet
  facet normal 0 -0.415409 -0.909635
    outer loop
      vertex -47 22.493 5.17911
      vertex -46 22.9461 4.97219
      vertex -46 22.493 5.17911
    endloop
  endfacet
  facet normal -0 -0.415409 -0.909635
    outer loop
      vertex -46 22.9461 4.97219
      vertex -47 22.493 5.17911
      vertex -47 22.9461 4.97219
    endloop
  endfacet
  facet normal 0 0.142329 -0.989819
    outer loop
      vertex -47 21.507 5.17911
      vertex -46 22 5.25
      vertex -46 21.507 5.17911
    endloop
  endfacet
  facet normal 0 0.142329 -0.989819
    outer loop
      vertex -46 22 5.25
      vertex -47 21.507 5.17911
      vertex -47 22 5.25
    endloop
  endfacet
  facet normal 0 -0.142329 -0.989819
    outer loop
      vertex -47 22 5.25
      vertex -46 22.493 5.17911
      vertex -46 22 5.25
    endloop
  endfacet
  facet normal -0 -0.142329 -0.989819
    outer loop
      vertex -46 22.493 5.17911
      vertex -47 22 5.25
      vertex -47 22.493 5.17911
    endloop
  endfacet
  facet normal 0 -0.959511 0.281672
    outer loop
      vertex -47 23.5919 2.77302
      vertex -46 23.7322 3.25095
      vertex -47 23.7322 3.25095
    endloop
  endfacet
  facet normal 0 -0.959511 0.281672
    outer loop
      vertex -46 23.7322 3.25095
      vertex -47 23.5919 2.77302
      vertex -46 23.5919 2.77302
    endloop
  endfacet
  facet normal 0 0.415409 -0.909635
    outer loop
      vertex -47 21.0539 4.97219
      vertex -46 21.507 5.17911
      vertex -46 21.0539 4.97219
    endloop
  endfacet
  facet normal 0 0.415409 -0.909635
    outer loop
      vertex -46 21.507 5.17911
      vertex -47 21.0539 4.97219
      vertex -47 21.507 5.17911
    endloop
  endfacet
  facet normal 0 0.841248 -0.540649
    outer loop
      vertex -46 20.4081 4.22698
      vertex -47 20.6774 4.64601
      vertex -46 20.6774 4.64601
    endloop
  endfacet
  facet normal 0 0.841248 -0.540649
    outer loop
      vertex -47 20.6774 4.64601
      vertex -46 20.4081 4.22698
      vertex -47 20.4081 4.22698
    endloop
  endfacet
  facet normal 0 -0.654793 0.755808
    outer loop
      vertex -47 -20.6774 2.35399
      vertex -46 -21.0539 2.02781
      vertex -46 -20.6774 2.35399
    endloop
  endfacet
  facet normal 0 -0.654793 0.755808
    outer loop
      vertex -46 -21.0539 2.02781
      vertex -47 -20.6774 2.35399
      vertex -47 -21.0539 2.02781
    endloop
  endfacet
  facet normal -0 0.654793 0.755808
    outer loop
      vertex -47 -22.9461 2.02781
      vertex -46 -23.3226 2.35399
      vertex -46 -22.9461 2.02781
    endloop
  endfacet
  facet normal 0 0.654793 0.755808
    outer loop
      vertex -46 -23.3226 2.35399
      vertex -47 -22.9461 2.02781
      vertex -47 -23.3226 2.35399
    endloop
  endfacet
  facet normal 0 -0.841248 -0.540649
    outer loop
      vertex -47 -20.4081 4.22698
      vertex -46 -20.6774 4.64601
      vertex -47 -20.6774 4.64601
    endloop
  endfacet
  facet normal 0 -0.841248 -0.540649
    outer loop
      vertex -46 -20.6774 4.64601
      vertex -47 -20.4081 4.22698
      vertex -46 -20.4081 4.22698
    endloop
  endfacet
  facet normal 0 -0.142329 0.989819
    outer loop
      vertex -47 -21.507 1.82089
      vertex -46 -22 1.75
      vertex -46 -21.507 1.82089
    endloop
  endfacet
  facet normal 0 -0.142329 0.989819
    outer loop
      vertex -46 -22 1.75
      vertex -47 -21.507 1.82089
      vertex -47 -22 1.75
    endloop
  endfacet
  facet normal 0 0.841248 0.540649
    outer loop
      vertex -46 -23.3226 2.35399
      vertex -47 -23.5919 2.77302
      vertex -46 -23.5919 2.77302
    endloop
  endfacet
  facet normal 0 0.841248 0.540649
    outer loop
      vertex -47 -23.5919 2.77302
      vertex -46 -23.3226 2.35399
      vertex -47 -23.3226 2.35399
    endloop
  endfacet
  facet normal -0 0.415409 0.909635
    outer loop
      vertex -47 -22.493 1.82089
      vertex -46 -22.9461 2.02781
      vertex -46 -22.493 1.82089
    endloop
  endfacet
  facet normal 0 0.415409 0.909635
    outer loop
      vertex -46 -22.9461 2.02781
      vertex -47 -22.493 1.82089
      vertex -47 -22.9461 2.02781
    endloop
  endfacet
  facet normal 0 -0.841248 0.540649
    outer loop
      vertex -47 -20.6774 2.35399
      vertex -46 -20.4081 2.77302
      vertex -47 -20.4081 2.77302
    endloop
  endfacet
  facet normal 0 -0.841248 0.540649
    outer loop
      vertex -46 -20.4081 2.77302
      vertex -47 -20.6774 2.35399
      vertex -46 -20.6774 2.35399
    endloop
  endfacet
  facet normal 0 0.959511 -0.281672
    outer loop
      vertex -46 -23.7322 3.74905
      vertex -47 -23.5919 4.22698
      vertex -46 -23.5919 4.22698
    endloop
  endfacet
  facet normal 0 0.959511 -0.281672
    outer loop
      vertex -47 -23.5919 4.22698
      vertex -46 -23.7322 3.74905
      vertex -47 -23.7322 3.74905
    endloop
  endfacet
  facet normal 0 0.959511 0.281672
    outer loop
      vertex -46 -23.5919 2.77302
      vertex -47 -23.7322 3.25095
      vertex -46 -23.7322 3.25095
    endloop
  endfacet
  facet normal 0 0.959511 0.281672
    outer loop
      vertex -47 -23.7322 3.25095
      vertex -46 -23.5919 2.77302
      vertex -47 -23.5919 2.77302
    endloop
  endfacet
  facet normal 0 0.654793 -0.755808
    outer loop
      vertex -47 -23.3226 4.64601
      vertex -46 -22.9461 4.97219
      vertex -46 -23.3226 4.64601
    endloop
  endfacet
  facet normal 0 0.654793 -0.755808
    outer loop
      vertex -46 -22.9461 4.97219
      vertex -47 -23.3226 4.64601
      vertex -47 -22.9461 4.97219
    endloop
  endfacet
  facet normal 0 -0.415409 0.909635
    outer loop
      vertex -47 -21.0539 2.02781
      vertex -46 -21.507 1.82089
      vertex -46 -21.0539 2.02781
    endloop
  endfacet
  facet normal 0 -0.415409 0.909635
    outer loop
      vertex -46 -21.507 1.82089
      vertex -47 -21.0539 2.02781
      vertex -47 -21.507 1.82089
    endloop
  endfacet
  facet normal -0 0.142329 0.989819
    outer loop
      vertex -47 -22 1.75
      vertex -46 -22.493 1.82089
      vertex -46 -22 1.75
    endloop
  endfacet
  facet normal 0 0.142329 0.989819
    outer loop
      vertex -46 -22.493 1.82089
      vertex -47 -22 1.75
      vertex -47 -22.493 1.82089
    endloop
  endfacet
  facet normal 0 -1 0
    outer loop
      vertex -47 -20.2678 3.25095
      vertex -46 -20.2678 3.74905
      vertex -47 -20.2678 3.74905
    endloop
  endfacet
  facet normal 0 -1 -0
    outer loop
      vertex -46 -20.2678 3.74905
      vertex -47 -20.2678 3.25095
      vertex -46 -20.2678 3.25095
    endloop
  endfacet
  facet normal 0 0.142329 -0.989819
    outer loop
      vertex -47 -22.493 5.17911
      vertex -46 -22 5.25
      vertex -46 -22.493 5.17911
    endloop
  endfacet
  facet normal 0 0.142329 -0.989819
    outer loop
      vertex -46 -22 5.25
      vertex -47 -22.493 5.17911
      vertex -47 -22 5.25
    endloop
  endfacet
  facet normal -1 0 0
    outer loop
      vertex -46 -20.4081 2.77302
      vertex -46 -20.2678 3.74905
      vertex -46 -20.2678 3.25095
    endloop
  endfacet
  facet normal -1 0 0
    outer loop
      vertex -46 -20.4081 2.77302
      vertex -46 -20.4081 4.22698
      vertex -46 -20.2678 3.74905
    endloop
  endfacet
  facet normal -1 0 0
    outer loop
      vertex -46 -20.6774 2.35399
      vertex -46 -20.4081 4.22698
      vertex -46 -20.4081 2.77302
    endloop
  endfacet
  facet normal -1 0 0
    outer loop
      vertex -46 -20.6774 2.35399
      vertex -46 -20.6774 4.64601
      vertex -46 -20.4081 4.22698
    endloop
  endfacet
  facet normal -1 0 0
    outer loop
      vertex -46 -21.0539 2.02781
      vertex -46 -20.6774 4.64601
      vertex -46 -20.6774 2.35399
    endloop
  endfacet
  facet normal -1 0 0
    outer loop
      vertex -46 -21.0539 2.02781
      vertex -46 -21.0539 4.97219
      vertex -46 -20.6774 4.64601
    endloop
  endfacet
  facet normal -1 0 0
    outer loop
      vertex -46 -21.507 1.82089
      vertex -46 -21.0539 4.97219
      vertex -46 -21.0539 2.02781
    endloop
  endfacet
  facet normal -1 0 0
    outer loop
      vertex -46 -21.507 1.82089
      vertex -46 -21.507 5.17911
      vertex -46 -21.0539 4.97219
    endloop
  endfacet
  facet normal -1 0 0
    outer loop
      vertex -46 -22 1.75
      vertex -46 -21.507 5.17911
      vertex -46 -21.507 1.82089
    endloop
  endfacet
  facet normal -1 0 0
    outer loop
      vertex -46 -22 1.75
      vertex -46 -22 5.25
      vertex -46 -21.507 5.17911
    endloop
  endfacet
  facet normal -1 0 0
    outer loop
      vertex -46 -22.493 1.82089
      vertex -46 -22 5.25
      vertex -46 -22 1.75
    endloop
  endfacet
  facet normal -1 0 0
    outer loop
      vertex -46 -22.493 1.82089
      vertex -46 -22.493 5.17911
      vertex -46 -22 5.25
    endloop
  endfacet
  facet normal -1 0 0
    outer loop
      vertex -46 -22.9461 2.02781
      vertex -46 -22.493 5.17911
      vertex -46 -22.493 1.82089
    endloop
  endfacet
  facet normal -1 0 0
    outer loop
      vertex -46 -22.9461 2.02781
      vertex -46 -22.9461 4.97219
      vertex -46 -22.493 5.17911
    endloop
  endfacet
  facet normal -1 0 0
    outer loop
      vertex -46 -23.3226 2.35399
      vertex -46 -22.9461 4.97219
      vertex -46 -22.9461 2.02781
    endloop
  endfacet
  facet normal -1 0 0
    outer loop
      vertex -46 -23.3226 2.35399
      vertex -46 -23.3226 4.64601
      vertex -46 -22.9461 4.97219
    endloop
  endfacet
  facet normal -1 0 0
    outer loop
      vertex -46 -23.5919 2.77302
      vertex -46 -23.3226 4.64601
      vertex -46 -23.3226 2.35399
    endloop
  endfacet
  facet normal -1 0 0
    outer loop
      vertex -46 -23.5919 2.77302
      vertex -46 -23.5919 4.22698
      vertex -46 -23.3226 4.64601
    endloop
  endfacet
  facet normal -1 0 0
    outer loop
      vertex -46 -23.7322 3.25095
      vertex -46 -23.5919 4.22698
      vertex -46 -23.5919 2.77302
    endloop
  endfacet
  facet normal -1 0 0
    outer loop
      vertex -46 -23.5919 4.22698
      vertex -46 -23.7322 3.25095
      vertex -46 -23.7322 3.74905
    endloop
  endfacet
  facet normal 0 -0.959511 -0.281672
    outer loop
      vertex -47 -20.2678 3.74905
      vertex -46 -20.4081 4.22698
      vertex -47 -20.4081 4.22698
    endloop
  endfacet
  facet normal 0 -0.959511 -0.281672
    outer loop
      vertex -46 -20.4081 4.22698
      vertex -47 -20.2678 3.74905
      vertex -46 -20.2678 3.74905
    endloop
  endfacet
  facet normal 0 -0.654793 -0.755808
    outer loop
      vertex -47 -21.0539 4.97219
      vertex -46 -20.6774 4.64601
      vertex -46 -21.0539 4.97219
    endloop
  endfacet
  facet normal -0 -0.654793 -0.755808
    outer loop
      vertex -46 -20.6774 4.64601
      vertex -47 -21.0539 4.97219
      vertex -47 -20.6774 4.64601
    endloop
  endfacet
  facet normal 0 1 -0
    outer loop
      vertex -46 -23.7322 3.25095
      vertex -47 -23.7322 3.74905
      vertex -46 -23.7322 3.74905
    endloop
  endfacet
  facet normal 0 1 0
    outer loop
      vertex -47 -23.7322 3.74905
      vertex -46 -23.7322 3.25095
      vertex -47 -23.7322 3.25095
    endloop
  endfacet
  facet normal 0 -0.415409 -0.909635
    outer loop
      vertex -47 -21.507 5.17911
      vertex -46 -21.0539 4.97219
      vertex -46 -21.507 5.17911
    endloop
  endfacet
  facet normal -0 -0.415409 -0.909635
    outer loop
      vertex -46 -21.0539 4.97219
      vertex -47 -21.507 5.17911
      vertex -47 -21.0539 4.97219
    endloop
  endfacet
  facet normal 0 -0.142329 -0.989819
    outer loop
      vertex -47 -22 5.25
      vertex -46 -21.507 5.17911
      vertex -46 -22 5.25
    endloop
  endfacet
  facet normal -0 -0.142329 -0.989819
    outer loop
      vertex -46 -21.507 5.17911
      vertex -47 -22 5.25
      vertex -47 -21.507 5.17911
    endloop
  endfacet
  facet normal 0 -0.959511 0.281672
    outer loop
      vertex -47 -20.4081 2.77302
      vertex -46 -20.2678 3.25095
      vertex -47 -20.2678 3.25095
    endloop
  endfacet
  facet normal 0 -0.959511 0.281672
    outer loop
      vertex -46 -20.2678 3.25095
      vertex -47 -20.4081 2.77302
      vertex -46 -20.4081 2.77302
    endloop
  endfacet
  facet normal 0 0.415409 -0.909635
    outer loop
      vertex -47 -22.9461 4.97219
      vertex -46 -22.493 5.17911
      vertex -46 -22.9461 4.97219
    endloop
  endfacet
  facet normal 0 0.415409 -0.909635
    outer loop
      vertex -46 -22.493 5.17911
      vertex -47 -22.9461 4.97219
      vertex -47 -22.493 5.17911
    endloop
  endfacet
  facet normal 0 0.841248 -0.540649
    outer loop
      vertex -46 -23.5919 4.22698
      vertex -47 -23.3226 4.64601
      vertex -46 -23.3226 4.64601
    endloop
  endfacet
  facet normal 0 0.841248 -0.540649
    outer loop
      vertex -47 -23.3226 4.64601
      vertex -46 -23.5919 4.22698
      vertex -47 -23.5919 4.22698
    endloop
  endfacet
  facet normal 0.540676 0 0.841231
    outer loop
      vertex 20.854 47 2.17744
      vertex 21.273 46 1.90814
      vertex 21.273 47 1.90814
    endloop
  endfacet
  facet normal 0.540676 0 0.841231
    outer loop
      vertex 21.273 46 1.90814
      vertex 20.854 47 2.17744
      vertex 20.854 46 2.17744
    endloop
  endfacet
  facet normal -0.909647 0 -0.415383
    outer loop
      vertex 23.6791 46 3.99303
      vertex 23.4722 47 4.44612
      vertex 23.6791 47 3.99303
    endloop
  endfacet
  facet normal -0.909647 -0 -0.415383
    outer loop
      vertex 23.4722 47 4.44612
      vertex 23.6791 46 3.99303
      vertex 23.4722 46 4.44612
    endloop
  endfacet
  facet normal -0.989818 0 -0.14234
    outer loop
      vertex 23.75 46 3.5
      vertex 23.6791 47 3.99303
      vertex 23.75 47 3.5
    endloop
  endfacet
  facet normal -0.989818 -0 -0.14234
    outer loop
      vertex 23.6791 47 3.99303
      vertex 23.75 46 3.5
      vertex 23.6791 46 3.99303
    endloop
  endfacet
  facet normal -0.755737 0 -0.654876
    outer loop
      vertex 23.4722 46 4.44612
      vertex 23.146 47 4.82256
      vertex 23.4722 47 4.44612
    endloop
  endfacet
  facet normal -0.755737 -0 -0.654876
    outer loop
      vertex 23.146 47 4.82256
      vertex 23.4722 46 4.44612
      vertex 23.146 46 4.82256
    endloop
  endfacet
  facet normal -0.755737 0 0.654876
    outer loop
      vertex 23.146 46 2.17744
      vertex 23.4722 47 2.55388
      vertex 23.146 47 2.17744
    endloop
  endfacet
  facet normal -0.755737 0 0.654876
    outer loop
      vertex 23.4722 47 2.55388
      vertex 23.146 46 2.17744
      vertex 23.4722 46 2.55388
    endloop
  endfacet
  facet normal 0.755737 0 -0.654876
    outer loop
      vertex 20.854 46 4.82256
      vertex 20.5278 47 4.44612
      vertex 20.854 47 4.82256
    endloop
  endfacet
  facet normal 0.755737 0 -0.654876
    outer loop
      vertex 20.5278 47 4.44612
      vertex 20.854 46 4.82256
      vertex 20.5278 46 4.44612
    endloop
  endfacet
  facet normal -0.281743 0 -0.95949
    outer loop
      vertex 22.2491 46 5.23219
      vertex 22.727 47 5.09186
      vertex 22.727 46 5.09186
    endloop
  endfacet
  facet normal -0.281743 0 -0.95949
    outer loop
      vertex 22.727 47 5.09186
      vertex 22.2491 46 5.23219
      vertex 22.2491 47 5.23219
    endloop
  endfacet
  facet normal 0.909647 0 -0.415383
    outer loop
      vertex 20.5278 46 4.44612
      vertex 20.3209 47 3.99303
      vertex 20.5278 47 4.44612
    endloop
  endfacet
  facet normal 0.909647 0 -0.415383
    outer loop
      vertex 20.3209 47 3.99303
      vertex 20.5278 46 4.44612
      vertex 20.3209 46 3.99303
    endloop
  endfacet
  facet normal 0.989818 0 -0.14234
    outer loop
      vertex 20.3209 46 3.99303
      vertex 20.25 47 3.5
      vertex 20.3209 47 3.99303
    endloop
  endfacet
  facet normal 0.989818 0 -0.14234
    outer loop
      vertex 20.25 47 3.5
      vertex 20.3209 46 3.99303
      vertex 20.25 46 3.5
    endloop
  endfacet
  facet normal -0.540676 0 0.841231
    outer loop
      vertex 22.727 47 1.90814
      vertex 23.146 46 2.17744
      vertex 23.146 47 2.17744
    endloop
  endfacet
  facet normal -0.540676 0 0.841231
    outer loop
      vertex 23.146 46 2.17744
      vertex 22.727 47 1.90814
      vertex 22.727 46 1.90814
    endloop
  endfacet
  facet normal 0 0 -1
    outer loop
      vertex 21.7509 46 5.23219
      vertex 22.2491 47 5.23219
      vertex 22.2491 46 5.23219
    endloop
  endfacet
  facet normal -0 0 -1
    outer loop
      vertex 22.2491 47 5.23219
      vertex 21.7509 46 5.23219
      vertex 21.7509 47 5.23219
    endloop
  endfacet
  facet normal 0.281743 0 -0.95949
    outer loop
      vertex 21.273 46 5.09186
      vertex 21.7509 47 5.23219
      vertex 21.7509 46 5.23219
    endloop
  endfacet
  facet normal 0.281743 0 -0.95949
    outer loop
      vertex 21.7509 47 5.23219
      vertex 21.273 46 5.09186
      vertex 21.273 47 5.09186
    endloop
  endfacet
  facet normal -0.281743 0 0.95949
    outer loop
      vertex 22.2491 47 1.76781
      vertex 22.727 46 1.90814
      vertex 22.727 47 1.90814
    endloop
  endfacet
  facet normal -0.281743 0 0.95949
    outer loop
      vertex 22.727 46 1.90814
      vertex 22.2491 47 1.76781
      vertex 22.2491 46 1.76781
    endloop
  endfacet
  facet normal -0 0 1
    outer loop
      vertex 21.7509 47 1.76781
      vertex 22.2491 46 1.76781
      vertex 22.2491 47 1.76781
    endloop
  endfacet
  facet normal 0 0 1
    outer loop
      vertex 22.2491 46 1.76781
      vertex 21.7509 47 1.76781
      vertex 21.7509 46 1.76781
    endloop
  endfacet
  facet normal 0.755737 -0 0.654876
    outer loop
      vertex 20.5278 46 2.55388
      vertex 20.854 47 2.17744
      vertex 20.5278 47 2.55388
    endloop
  endfacet
  facet normal 0.755737 0 0.654876
    outer loop
      vertex 20.854 47 2.17744
      vertex 20.5278 46 2.55388
      vertex 20.854 46 2.17744
    endloop
  endfacet
  facet normal -0.989818 0 0.14234
    outer loop
      vertex 23.6791 46 3.00697
      vertex 23.75 47 3.5
      vertex 23.6791 47 3.00697
    endloop
  endfacet
  facet normal -0.989818 0 0.14234
    outer loop
      vertex 23.75 47 3.5
      vertex 23.6791 46 3.00697
      vertex 23.75 46 3.5
    endloop
  endfacet
  facet normal 0.989818 -0 0.14234
    outer loop
      vertex 20.25 46 3.5
      vertex 20.3209 47 3.00697
      vertex 20.25 47 3.5
    endloop
  endfacet
  facet normal 0.989818 0 0.14234
    outer loop
      vertex 20.3209 47 3.00697
      vertex 20.25 46 3.5
      vertex 20.3209 46 3.00697
    endloop
  endfacet
  facet normal 0.540676 0 -0.841231
    outer loop
      vertex 20.854 46 4.82256
      vertex 21.273 47 5.09186
      vertex 21.273 46 5.09186
    endloop
  endfacet
  facet normal 0.540676 0 -0.841231
    outer loop
      vertex 21.273 47 5.09186
      vertex 20.854 46 4.82256
      vertex 20.854 47 4.82256
    endloop
  endfacet
  facet normal -0.540676 0 -0.841231
    outer loop
      vertex 22.727 46 5.09186
      vertex 23.146 47 4.82256
      vertex 23.146 46 4.82256
    endloop
  endfacet
  facet normal -0.540676 0 -0.841231
    outer loop
      vertex 23.146 47 4.82256
      vertex 22.727 46 5.09186
      vertex 22.727 47 5.09186
    endloop
  endfacet
  facet normal 0.909647 -0 0.415383
    outer loop
      vertex 20.3209 46 3.00697
      vertex 20.5278 47 2.55388
      vertex 20.3209 47 3.00697
    endloop
  endfacet
  facet normal 0.909647 0 0.415383
    outer loop
      vertex 20.5278 47 2.55388
      vertex 20.3209 46 3.00697
      vertex 20.5278 46 2.55388
    endloop
  endfacet
  facet normal -0.909647 0 0.415383
    outer loop
      vertex 23.4722 46 2.55388
      vertex 23.6791 47 3.00697
      vertex 23.4722 47 2.55388
    endloop
  endfacet
  facet normal -0.909647 0 0.415383
    outer loop
      vertex 23.6791 47 3.00697
      vertex 23.4722 46 2.55388
      vertex 23.6791 46 3.00697
    endloop
  endfacet
  facet normal 0.281743 0 0.95949
    outer loop
      vertex 21.273 47 1.90814
      vertex 21.7509 46 1.76781
      vertex 21.7509 47 1.76781
    endloop
  endfacet
  facet normal 0.281743 0 0.95949
    outer loop
      vertex 21.7509 46 1.76781
      vertex 21.273 47 1.90814
      vertex 21.273 46 1.90814
    endloop
  endfacet
  facet normal 0 1 0
    outer loop
      vertex 22.727 46 5.09186
      vertex 21.7509 46 5.23219
      vertex 22.2491 46 5.23219
    endloop
  endfacet
  facet normal 0 1 0
    outer loop
      vertex 22.727 46 5.09186
      vertex 21.273 46 5.09186
      vertex 21.7509 46 5.23219
    endloop
  endfacet
  facet normal 0 1 0
    outer loop
      vertex 23.146 46 4.82256
      vertex 21.273 46 5.09186
      vertex 22.727 46 5.09186
    endloop
  endfacet
  facet normal 0 1 0
    outer loop
      vertex 23.146 46 4.82256
      vertex 20.854 46 4.82256
      vertex 21.273 46 5.09186
    endloop
  endfacet
  facet normal 0 1 0
    outer loop
      vertex 23.4722 46 4.44612
      vertex 20.854 46 4.82256
      vertex 23.146 46 4.82256
    endloop
  endfacet
  facet normal 0 1 0
    outer loop
      vertex 23.4722 46 4.44612
      vertex 20.5278 46 4.44612
      vertex 20.854 46 4.82256
    endloop
  endfacet
  facet normal 0 1 0
    outer loop
      vertex 23.6791 46 3.99303
      vertex 20.5278 46 4.44612
      vertex 23.4722 46 4.44612
    endloop
  endfacet
  facet normal 0 1 0
    outer loop
      vertex 23.6791 46 3.99303
      vertex 20.3209 46 3.99303
      vertex 20.5278 46 4.44612
    endloop
  endfacet
  facet normal 0 1 0
    outer loop
      vertex 23.75 46 3.5
      vertex 20.3209 46 3.99303
      vertex 23.6791 46 3.99303
    endloop
  endfacet
  facet normal 0 1 0
    outer loop
      vertex 23.75 46 3.5
      vertex 20.25 46 3.5
      vertex 20.3209 46 3.99303
    endloop
  endfacet
  facet normal 0 1 -0
    outer loop
      vertex 23.6791 46 3.00697
      vertex 20.25 46 3.5
      vertex 23.75 46 3.5
    endloop
  endfacet
  facet normal 0 1 0
    outer loop
      vertex 23.6791 46 3.00697
      vertex 20.3209 46 3.00697
      vertex 20.25 46 3.5
    endloop
  endfacet
  facet normal 0 1 -0
    outer loop
      vertex 23.4722 46 2.55388
      vertex 20.3209 46 3.00697
      vertex 23.6791 46 3.00697
    endloop
  endfacet
  facet normal 0 1 0
    outer loop
      vertex 23.4722 46 2.55388
      vertex 20.5278 46 2.55388
      vertex 20.3209 46 3.00697
    endloop
  endfacet
  facet normal 0 1 -0
    outer loop
      vertex 23.146 46 2.17744
      vertex 20.5278 46 2.55388
      vertex 23.4722 46 2.55388
    endloop
  endfacet
  facet normal 0 1 0
    outer loop
      vertex 23.146 46 2.17744
      vertex 20.854 46 2.17744
      vertex 20.5278 46 2.55388
    endloop
  endfacet
  facet normal 0 1 -0
    outer loop
      vertex 22.727 46 1.90814
      vertex 20.854 46 2.17744
      vertex 23.146 46 2.17744
    endloop
  endfacet
  facet normal 0 1 0
    outer loop
      vertex 22.727 46 1.90814
      vertex 21.273 46 1.90814
      vertex 20.854 46 2.17744
    endloop
  endfacet
  facet normal 0 1 -0
    outer loop
      vertex 22.2491 46 1.76781
      vertex 21.273 46 1.90814
      vertex 22.727 46 1.90814
    endloop
  endfacet
  facet normal 0 1 0
    outer loop
      vertex 21.273 46 1.90814
      vertex 22.2491 46 1.76781
      vertex 21.7509 46 1.76781
    endloop
  endfacet
  facet normal -0.909647 0 0.415383
    outer loop
      vertex 23.4722 -47 2.55388
      vertex 23.6791 -46 3.00697
      vertex 23.4722 -46 2.55388
    endloop
  endfacet
  facet normal -0.909647 0 0.415383
    outer loop
      vertex 23.6791 -46 3.00697
      vertex 23.4722 -47 2.55388
      vertex 23.6791 -47 3.00697
    endloop
  endfacet
  facet normal -0.989818 0 0.14234
    outer loop
      vertex 23.6791 -47 3.00697
      vertex 23.75 -46 3.5
      vertex 23.6791 -46 3.00697
    endloop
  endfacet
  facet normal -0.989818 0 0.14234
    outer loop
      vertex 23.75 -46 3.5
      vertex 23.6791 -47 3.00697
      vertex 23.75 -47 3.5
    endloop
  endfacet
  facet normal -0.755737 0 0.654876
    outer loop
      vertex 23.146 -47 2.17744
      vertex 23.4722 -46 2.55388
      vertex 23.146 -46 2.17744
    endloop
  endfacet
  facet normal -0.755737 0 0.654876
    outer loop
      vertex 23.4722 -46 2.55388
      vertex 23.146 -47 2.17744
      vertex 23.4722 -47 2.55388
    endloop
  endfacet
  facet normal -0.281743 0 -0.95949
    outer loop
      vertex 22.2491 -47 5.23219
      vertex 22.727 -46 5.09186
      vertex 22.727 -47 5.09186
    endloop
  endfacet
  facet normal -0.281743 0 -0.95949
    outer loop
      vertex 22.727 -46 5.09186
      vertex 22.2491 -47 5.23219
      vertex 22.2491 -46 5.23219
    endloop
  endfacet
  facet normal -0 0 1
    outer loop
      vertex 21.7509 -46 1.76781
      vertex 22.2491 -47 1.76781
      vertex 22.2491 -46 1.76781
    endloop
  endfacet
  facet normal 0 0 1
    outer loop
      vertex 22.2491 -47 1.76781
      vertex 21.7509 -46 1.76781
      vertex 21.7509 -47 1.76781
    endloop
  endfacet
  facet normal -0.989818 0 -0.14234
    outer loop
      vertex 23.75 -47 3.5
      vertex 23.6791 -46 3.99303
      vertex 23.75 -46 3.5
    endloop
  endfacet
  facet normal -0.989818 -0 -0.14234
    outer loop
      vertex 23.6791 -46 3.99303
      vertex 23.75 -47 3.5
      vertex 23.6791 -47 3.99303
    endloop
  endfacet
  facet normal -0.755737 0 -0.654876
    outer loop
      vertex 23.4722 -47 4.44612
      vertex 23.146 -46 4.82256
      vertex 23.4722 -46 4.44612
    endloop
  endfacet
  facet normal -0.755737 -0 -0.654876
    outer loop
      vertex 23.146 -46 4.82256
      vertex 23.4722 -47 4.44612
      vertex 23.146 -47 4.82256
    endloop
  endfacet
  facet normal -0.281743 0 0.95949
    outer loop
      vertex 22.2491 -46 1.76781
      vertex 22.727 -47 1.90814
      vertex 22.727 -46 1.90814
    endloop
  endfacet
  facet normal -0.281743 0 0.95949
    outer loop
      vertex 22.727 -47 1.90814
      vertex 22.2491 -46 1.76781
      vertex 22.2491 -47 1.76781
    endloop
  endfacet
  facet normal -0.540676 0 -0.841231
    outer loop
      vertex 22.727 -47 5.09186
      vertex 23.146 -46 4.82256
      vertex 23.146 -47 4.82256
    endloop
  endfacet
  facet normal -0.540676 0 -0.841231
    outer loop
      vertex 23.146 -46 4.82256
      vertex 22.727 -47 5.09186
      vertex 22.727 -46 5.09186
    endloop
  endfacet
  facet normal 0.755737 -0 0.654876
    outer loop
      vertex 20.5278 -47 2.55388
      vertex 20.854 -46 2.17744
      vertex 20.5278 -46 2.55388
    endloop
  endfacet
  facet normal 0.755737 0 0.654876
    outer loop
      vertex 20.854 -46 2.17744
      vertex 20.5278 -47 2.55388
      vertex 20.854 -47 2.17744
    endloop
  endfacet
  facet normal 0.540676 0 0.841231
    outer loop
      vertex 20.854 -46 2.17744
      vertex 21.273 -47 1.90814
      vertex 21.273 -46 1.90814
    endloop
  endfacet
  facet normal 0.540676 0 0.841231
    outer loop
      vertex 21.273 -47 1.90814
      vertex 20.854 -46 2.17744
      vertex 20.854 -47 2.17744
    endloop
  endfacet
  facet normal 0.909647 -0 0.415383
    outer loop
      vertex 20.3209 -47 3.00697
      vertex 20.5278 -46 2.55388
      vertex 20.3209 -46 3.00697
    endloop
  endfacet
  facet normal 0.909647 0 0.415383
    outer loop
      vertex 20.5278 -46 2.55388
      vertex 20.3209 -47 3.00697
      vertex 20.5278 -47 2.55388
    endloop
  endfacet
  facet normal 0.989818 0 -0.14234
    outer loop
      vertex 20.3209 -47 3.99303
      vertex 20.25 -46 3.5
      vertex 20.3209 -46 3.99303
    endloop
  endfacet
  facet normal 0.989818 0 -0.14234
    outer loop
      vertex 20.25 -46 3.5
      vertex 20.3209 -47 3.99303
      vertex 20.25 -47 3.5
    endloop
  endfacet
  facet normal 0.755737 0 -0.654876
    outer loop
      vertex 20.854 -47 4.82256
      vertex 20.5278 -46 4.44612
      vertex 20.854 -46 4.82256
    endloop
  endfacet
  facet normal 0.755737 0 -0.654876
    outer loop
      vertex 20.5278 -46 4.44612
      vertex 20.854 -47 4.82256
      vertex 20.5278 -47 4.44612
    endloop
  endfacet
  facet normal 0.281743 0 0.95949
    outer loop
      vertex 21.273 -46 1.90814
      vertex 21.7509 -47 1.76781
      vertex 21.7509 -46 1.76781
    endloop
  endfacet
  facet normal 0.281743 0 0.95949
    outer loop
      vertex 21.7509 -47 1.76781
      vertex 21.273 -46 1.90814
      vertex 21.273 -47 1.90814
    endloop
  endfacet
  facet normal 0 0 -1
    outer loop
      vertex 21.7509 -47 5.23219
      vertex 22.2491 -46 5.23219
      vertex 22.2491 -47 5.23219
    endloop
  endfacet
  facet normal -0 0 -1
    outer loop
      vertex 22.2491 -46 5.23219
      vertex 21.7509 -47 5.23219
      vertex 21.7509 -46 5.23219
    endloop
  endfacet
  facet normal -0.540676 0 0.841231
    outer loop
      vertex 22.727 -46 1.90814
      vertex 23.146 -47 2.17744
      vertex 23.146 -46 2.17744
    endloop
  endfacet
  facet normal -0.540676 0 0.841231
    outer loop
      vertex 23.146 -47 2.17744
      vertex 22.727 -46 1.90814
      vertex 22.727 -47 1.90814
    endloop
  endfacet
  facet normal 0.909647 0 -0.415383
    outer loop
      vertex 20.5278 -47 4.44612
      vertex 20.3209 -46 3.99303
      vertex 20.5278 -46 4.44612
    endloop
  endfacet
  facet normal 0.909647 0 -0.415383
    outer loop
      vertex 20.3209 -46 3.99303
      vertex 20.5278 -47 4.44612
      vertex 20.3209 -47 3.99303
    endloop
  endfacet
  facet normal 0.989818 -0 0.14234
    outer loop
      vertex 20.25 -47 3.5
      vertex 20.3209 -46 3.00697
      vertex 20.25 -46 3.5
    endloop
  endfacet
  facet normal 0.989818 0 0.14234
    outer loop
      vertex 20.3209 -46 3.00697
      vertex 20.25 -47 3.5
      vertex 20.3209 -47 3.00697
    endloop
  endfacet
  facet normal -0.909647 0 -0.415383
    outer loop
      vertex 23.6791 -47 3.99303
      vertex 23.4722 -46 4.44612
      vertex 23.6791 -46 3.99303
    endloop
  endfacet
  facet normal -0.909647 -0 -0.415383
    outer loop
      vertex 23.4722 -46 4.44612
      vertex 23.6791 -47 3.99303
      vertex 23.4722 -47 4.44612
    endloop
  endfacet
  facet normal 0.540676 0 -0.841231
    outer loop
      vertex 20.854 -47 4.82256
      vertex 21.273 -46 5.09186
      vertex 21.273 -47 5.09186
    endloop
  endfacet
  facet normal 0.540676 0 -0.841231
    outer loop
      vertex 21.273 -46 5.09186
      vertex 20.854 -47 4.82256
      vertex 20.854 -46 4.82256
    endloop
  endfacet
  facet normal 0.281743 0 -0.95949
    outer loop
      vertex 21.273 -47 5.09186
      vertex 21.7509 -46 5.23219
      vertex 21.7509 -47 5.23219
    endloop
  endfacet
  facet normal 0.281743 0 -0.95949
    outer loop
      vertex 21.7509 -46 5.23219
      vertex 21.273 -47 5.09186
      vertex 21.273 -46 5.09186
    endloop
  endfacet
  facet normal 0 -1 0
    outer loop
      vertex 21.273 -46 5.09186
      vertex 22.2491 -46 5.23219
      vertex 21.7509 -46 5.23219
    endloop
  endfacet
  facet normal 0 -1 0
    outer loop
      vertex 21.273 -46 5.09186
      vertex 22.727 -46 5.09186
      vertex 22.2491 -46 5.23219
    endloop
  endfacet
  facet normal 0 -1 0
    outer loop
      vertex 20.854 -46 4.82256
      vertex 22.727 -46 5.09186
      vertex 21.273 -46 5.09186
    endloop
  endfacet
  facet normal 0 -1 0
    outer loop
      vertex 20.854 -46 4.82256
      vertex 23.146 -46 4.82256
      vertex 22.727 -46 5.09186
    endloop
  endfacet
  facet normal 0 -1 0
    outer loop
      vertex 20.5278 -46 4.44612
      vertex 23.146 -46 4.82256
      vertex 20.854 -46 4.82256
    endloop
  endfacet
  facet normal 0 -1 0
    outer loop
      vertex 20.5278 -46 4.44612
      vertex 23.4722 -46 4.44612
      vertex 23.146 -46 4.82256
    endloop
  endfacet
  facet normal 0 -1 0
    outer loop
      vertex 20.3209 -46 3.99303
      vertex 23.4722 -46 4.44612
      vertex 20.5278 -46 4.44612
    endloop
  endfacet
  facet normal 0 -1 0
    outer loop
      vertex 20.3209 -46 3.99303
      vertex 23.6791 -46 3.99303
      vertex 23.4722 -46 4.44612
    endloop
  endfacet
  facet normal 0 -1 0
    outer loop
      vertex 20.25 -46 3.5
      vertex 23.6791 -46 3.99303
      vertex 20.3209 -46 3.99303
    endloop
  endfacet
  facet normal 0 -1 0
    outer loop
      vertex 20.25 -46 3.5
      vertex 23.75 -46 3.5
      vertex 23.6791 -46 3.99303
    endloop
  endfacet
  facet normal 0 -1 0
    outer loop
      vertex 20.3209 -46 3.00697
      vertex 23.75 -46 3.5
      vertex 20.25 -46 3.5
    endloop
  endfacet
  facet normal 0 -1 0
    outer loop
      vertex 20.3209 -46 3.00697
      vertex 23.6791 -46 3.00697
      vertex 23.75 -46 3.5
    endloop
  endfacet
  facet normal 0 -1 0
    outer loop
      vertex 20.5278 -46 2.55388
      vertex 23.6791 -46 3.00697
      vertex 20.3209 -46 3.00697
    endloop
  endfacet
  facet normal 0 -1 0
    outer loop
      vertex 20.5278 -46 2.55388
      vertex 23.4722 -46 2.55388
      vertex 23.6791 -46 3.00697
    endloop
  endfacet
  facet normal 0 -1 0
    outer loop
      vertex 20.854 -46 2.17744
      vertex 23.4722 -46 2.55388
      vertex 20.5278 -46 2.55388
    endloop
  endfacet
  facet normal 0 -1 0
    outer loop
      vertex 20.854 -46 2.17744
      vertex 23.146 -46 2.17744
      vertex 23.4722 -46 2.55388
    endloop
  endfacet
  facet normal 0 -1 0
    outer loop
      vertex 21.273 -46 1.90814
      vertex 23.146 -46 2.17744
      vertex 20.854 -46 2.17744
    endloop
  endfacet
  facet normal 0 -1 0
    outer loop
      vertex 21.273 -46 1.90814
      vertex 22.727 -46 1.90814
      vertex 23.146 -46 2.17744
    endloop
  endfacet
  facet normal 0 -1 0
    outer loop
      vertex 21.7509 -46 1.76781
      vertex 22.727 -46 1.90814
      vertex 21.273 -46 1.90814
    endloop
  endfacet
  facet normal 0 -1 0
    outer loop
      vertex 22.727 -46 1.90814
      vertex 21.7509 -46 1.76781
      vertex 22.2491 -46 1.76781
    endloop
  endfacet
  facet normal -0.909647 0 -0.415383
    outer loop
      vertex -20.3209 46 3.99303
      vertex -20.5278 47 4.44612
      vertex -20.3209 47 3.99303
    endloop
  endfacet
  facet normal -0.909647 -0 -0.415383
    outer loop
      vertex -20.5278 47 4.44612
      vertex -20.3209 46 3.99303
      vertex -20.5278 46 4.44612
    endloop
  endfacet
  facet normal -0.989818 0 -0.14234
    outer loop
      vertex -20.25 46 3.5
      vertex -20.3209 47 3.99303
      vertex -20.25 47 3.5
    endloop
  endfacet
  facet normal -0.989818 -0 -0.14234
    outer loop
      vertex -20.3209 47 3.99303
      vertex -20.25 46 3.5
      vertex -20.3209 46 3.99303
    endloop
  endfacet
  facet normal -0.755737 0 0.654876
    outer loop
      vertex -20.854 46 2.17744
      vertex -20.5278 47 2.55388
      vertex -20.854 47 2.17744
    endloop
  endfacet
  facet normal -0.755737 0 0.654876
    outer loop
      vertex -20.5278 47 2.55388
      vertex -20.854 46 2.17744
      vertex -20.5278 46 2.55388
    endloop
  endfacet
  facet normal 0.281743 0 0.95949
    outer loop
      vertex -22.727 47 1.90814
      vertex -22.2491 46 1.76781
      vertex -22.2491 47 1.76781
    endloop
  endfacet
  facet normal 0.281743 0 0.95949
    outer loop
      vertex -22.2491 46 1.76781
      vertex -22.727 47 1.90814
      vertex -22.727 46 1.90814
    endloop
  endfacet
  facet normal -0.755737 0 -0.654876
    outer loop
      vertex -20.5278 46 4.44612
      vertex -20.854 47 4.82256
      vertex -20.5278 47 4.44612
    endloop
  endfacet
  facet normal -0.755737 -0 -0.654876
    outer loop
      vertex -20.854 47 4.82256
      vertex -20.5278 46 4.44612
      vertex -20.854 46 4.82256
    endloop
  endfacet
  facet normal 0.540676 0 -0.841231
    outer loop
      vertex -23.146 46 4.82256
      vertex -22.727 47 5.09186
      vertex -22.727 46 5.09186
    endloop
  endfacet
  facet normal 0.540676 0 -0.841231
    outer loop
      vertex -22.727 47 5.09186
      vertex -23.146 46 4.82256
      vertex -23.146 47 4.82256
    endloop
  endfacet
  facet normal -0.540676 0 -0.841231
    outer loop
      vertex -21.273 46 5.09186
      vertex -20.854 47 4.82256
      vertex -20.854 46 4.82256
    endloop
  endfacet
  facet normal -0.540676 0 -0.841231
    outer loop
      vertex -20.854 47 4.82256
      vertex -21.273 46 5.09186
      vertex -21.273 47 5.09186
    endloop
  endfacet
  facet normal 0.281743 0 -0.95949
    outer loop
      vertex -22.727 46 5.09186
      vertex -22.2491 47 5.23219
      vertex -22.2491 46 5.23219
    endloop
  endfacet
  facet normal 0.281743 0 -0.95949
    outer loop
      vertex -22.2491 47 5.23219
      vertex -22.727 46 5.09186
      vertex -22.727 47 5.09186
    endloop
  endfacet
  facet normal -0.909647 0 0.415383
    outer loop
      vertex -20.5278 46 2.55388
      vertex -20.3209 47 3.00697
      vertex -20.5278 47 2.55388
    endloop
  endfacet
  facet normal -0.909647 0 0.415383
    outer loop
      vertex -20.3209 47 3.00697
      vertex -20.5278 46 2.55388
      vertex -20.3209 46 3.00697
    endloop
  endfacet
  facet normal 0 1 0
    outer loop
      vertex -21.273 46 5.09186
      vertex -22.2491 46 5.23219
      vertex -21.7509 46 5.23219
    endloop
  endfacet
  facet normal 0 1 0
    outer loop
      vertex -21.273 46 5.09186
      vertex -22.727 46 5.09186
      vertex -22.2491 46 5.23219
    endloop
  endfacet
  facet normal 0 1 0
    outer loop
      vertex -20.854 46 4.82256
      vertex -22.727 46 5.09186
      vertex -21.273 46 5.09186
    endloop
  endfacet
  facet normal 0 1 0
    outer loop
      vertex -20.854 46 4.82256
      vertex -23.146 46 4.82256
      vertex -22.727 46 5.09186
    endloop
  endfacet
  facet normal 0 1 0
    outer loop
      vertex -20.5278 46 4.44612
      vertex -23.146 46 4.82256
      vertex -20.854 46 4.82256
    endloop
  endfacet
  facet normal 0 1 0
    outer loop
      vertex -20.5278 46 4.44612
      vertex -23.4722 46 4.44612
      vertex -23.146 46 4.82256
    endloop
  endfacet
  facet normal 0 1 0
    outer loop
      vertex -20.3209 46 3.99303
      vertex -23.4722 46 4.44612
      vertex -20.5278 46 4.44612
    endloop
  endfacet
  facet normal 0 1 0
    outer loop
      vertex -20.3209 46 3.99303
      vertex -23.6791 46 3.99303
      vertex -23.4722 46 4.44612
    endloop
  endfacet
  facet normal 0 1 0
    outer loop
      vertex -20.25 46 3.5
      vertex -23.6791 46 3.99303
      vertex -20.3209 46 3.99303
    endloop
  endfacet
  facet normal 0 1 0
    outer loop
      vertex -20.25 46 3.5
      vertex -23.75 46 3.5
      vertex -23.6791 46 3.99303
    endloop
  endfacet
  facet normal 0 1 -0
    outer loop
      vertex -20.3209 46 3.00697
      vertex -23.75 46 3.5
      vertex -20.25 46 3.5
    endloop
  endfacet
  facet normal 0 1 0
    outer loop
      vertex -20.3209 46 3.00697
      vertex -23.6791 46 3.00697
      vertex -23.75 46 3.5
    endloop
  endfacet
  facet normal 0 1 -0
    outer loop
      vertex -20.5278 46 2.55388
      vertex -23.6791 46 3.00697
      vertex -20.3209 46 3.00697
    endloop
  endfacet
  facet normal 0 1 0
    outer loop
      vertex -20.5278 46 2.55388
      vertex -23.4722 46 2.55388
      vertex -23.6791 46 3.00697
    endloop
  endfacet
  facet normal 0 1 -0
    outer loop
      vertex -20.854 46 2.17744
      vertex -23.4722 46 2.55388
      vertex -20.5278 46 2.55388
    endloop
  endfacet
  facet normal 0 1 0
    outer loop
      vertex -20.854 46 2.17744
      vertex -23.146 46 2.17744
      vertex -23.4722 46 2.55388
    endloop
  endfacet
  facet normal 0 1 -0
    outer loop
      vertex -21.273 46 1.90814
      vertex -23.146 46 2.17744
      vertex -20.854 46 2.17744
    endloop
  endfacet
  facet normal 0 1 0
    outer loop
      vertex -21.273 46 1.90814
      vertex -22.727 46 1.90814
      vertex -23.146 46 2.17744
    endloop
  endfacet
  facet normal 0 1 -0
    outer loop
      vertex -21.7509 46 1.76781
      vertex -22.727 46 1.90814
      vertex -21.273 46 1.90814
    endloop
  endfacet
  facet normal 0 1 0
    outer loop
      vertex -22.727 46 1.90814
      vertex -21.7509 46 1.76781
      vertex -22.2491 46 1.76781
    endloop
  endfacet
  facet normal -0.281743 0 0.95949
    outer loop
      vertex -21.7509 47 1.76781
      vertex -21.273 46 1.90814
      vertex -21.273 47 1.90814
    endloop
  endfacet
  facet normal -0.281743 0 0.95949
    outer loop
      vertex -21.273 46 1.90814
      vertex -21.7509 47 1.76781
      vertex -21.7509 46 1.76781
    endloop
  endfacet
  facet normal -0.989818 0 0.14234
    outer loop
      vertex -20.3209 46 3.00697
      vertex -20.25 47 3.5
      vertex -20.3209 47 3.00697
    endloop
  endfacet
  facet normal -0.989818 0 0.14234
    outer loop
      vertex -20.25 47 3.5
      vertex -20.3209 46 3.00697
      vertex -20.25 46 3.5
    endloop
  endfacet
  facet normal -0.540676 0 0.841231
    outer loop
      vertex -21.273 47 1.90814
      vertex -20.854 46 2.17744
      vertex -20.854 47 2.17744
    endloop
  endfacet
  facet normal -0.540676 0 0.841231
    outer loop
      vertex -20.854 46 2.17744
      vertex -21.273 47 1.90814
      vertex -21.273 46 1.90814
    endloop
  endfacet
  facet normal 0 0 -1
    outer loop
      vertex -22.2491 46 5.23219
      vertex -21.7509 47 5.23219
      vertex -21.7509 46 5.23219
    endloop
  endfacet
  facet normal -0 0 -1
    outer loop
      vertex -21.7509 47 5.23219
      vertex -22.2491 46 5.23219
      vertex -22.2491 47 5.23219
    endloop
  endfacet
  facet normal 0.755737 0 -0.654876
    outer loop
      vertex -23.146 46 4.82256
      vertex -23.4722 47 4.44612
      vertex -23.146 47 4.82256
    endloop
  endfacet
  facet normal 0.755737 0 -0.654876
    outer loop
      vertex -23.4722 47 4.44612
      vertex -23.146 46 4.82256
      vertex -23.4722 46 4.44612
    endloop
  endfacet
  facet normal 0.989818 0 -0.14234
    outer loop
      vertex -23.6791 46 3.99303
      vertex -23.75 47 3.5
      vertex -23.6791 47 3.99303
    endloop
  endfacet
  facet normal 0.989818 0 -0.14234
    outer loop
      vertex -23.75 47 3.5
      vertex -23.6791 46 3.99303
      vertex -23.75 46 3.5
    endloop
  endfacet
  facet normal -0 0 1
    outer loop
      vertex -22.2491 47 1.76781
      vertex -21.7509 46 1.76781
      vertex -21.7509 47 1.76781
    endloop
  endfacet
  facet normal 0 0 1
    outer loop
      vertex -21.7509 46 1.76781
      vertex -22.2491 47 1.76781
      vertex -22.2491 46 1.76781
    endloop
  endfacet
  facet normal 0.909647 0 -0.415383
    outer loop
      vertex -23.4722 46 4.44612
      vertex -23.6791 47 3.99303
      vertex -23.4722 47 4.44612
    endloop
  endfacet
  facet normal 0.909647 0 -0.415383
    outer loop
      vertex -23.6791 47 3.99303
      vertex -23.4722 46 4.44612
      vertex -23.6791 46 3.99303
    endloop
  endfacet
  facet normal 0.989818 -0 0.14234
    outer loop
      vertex -23.75 46 3.5
      vertex -23.6791 47 3.00697
      vertex -23.75 47 3.5
    endloop
  endfacet
  facet normal 0.989818 0 0.14234
    outer loop
      vertex -23.6791 47 3.00697
      vertex -23.75 46 3.5
      vertex -23.6791 46 3.00697
    endloop
  endfacet
  facet normal -0.281743 0 -0.95949
    outer loop
      vertex -21.7509 46 5.23219
      vertex -21.273 47 5.09186
      vertex -21.273 46 5.09186
    endloop
  endfacet
  facet normal -0.281743 0 -0.95949
    outer loop
      vertex -21.273 47 5.09186
      vertex -21.7509 46 5.23219
      vertex -21.7509 47 5.23219
    endloop
  endfacet
  facet normal 0.909647 -0 0.415383
    outer loop
      vertex -23.6791 46 3.00697
      vertex -23.4722 47 2.55388
      vertex -23.6791 47 3.00697
    endloop
  endfacet
  facet normal 0.909647 0 0.415383
    outer loop
      vertex -23.4722 47 2.55388
      vertex -23.6791 46 3.00697
      vertex -23.4722 46 2.55388
    endloop
  endfacet
  facet normal 0.755737 -0 0.654876
    outer loop
      vertex -23.4722 46 2.55388
      vertex -23.146 47 2.17744
      vertex -23.4722 47 2.55388
    endloop
  endfacet
  facet normal 0.755737 0 0.654876
    outer loop
      vertex -23.146 47 2.17744
      vertex -23.4722 46 2.55388
      vertex -23.146 46 2.17744
    endloop
  endfacet
  facet normal 0.540676 0 0.841231
    outer loop
      vertex -23.146 47 2.17744
      vertex -22.727 46 1.90814
      vertex -22.727 47 1.90814
    endloop
  endfacet
  facet normal 0.540676 0 0.841231
    outer loop
      vertex -22.727 46 1.90814
      vertex -23.146 47 2.17744
      vertex -23.146 46 2.17744
    endloop
  endfacet
  facet normal -0.909647 0 0.415383
    outer loop
      vertex -20.5278 -47 2.55388
      vertex -20.3209 -46 3.00697
      vertex -20.5278 -46 2.55388
    endloop
  endfacet
  facet normal -0.909647 0 0.415383
    outer loop
      vertex -20.3209 -46 3.00697
      vertex -20.5278 -47 2.55388
      vertex -20.3209 -47 3.00697
    endloop
  endfacet
  facet normal -0.989818 0 0.14234
    outer loop
      vertex -20.3209 -47 3.00697
      vertex -20.25 -46 3.5
      vertex -20.3209 -46 3.00697
    endloop
  endfacet
  facet normal -0.989818 0 0.14234
    outer loop
      vertex -20.25 -46 3.5
      vertex -20.3209 -47 3.00697
      vertex -20.25 -47 3.5
    endloop
  endfacet
  facet normal -0.755737 0 0.654876
    outer loop
      vertex -20.854 -47 2.17744
      vertex -20.5278 -46 2.55388
      vertex -20.854 -46 2.17744
    endloop
  endfacet
  facet normal -0.755737 0 0.654876
    outer loop
      vertex -20.5278 -46 2.55388
      vertex -20.854 -47 2.17744
      vertex -20.5278 -47 2.55388
    endloop
  endfacet
  facet normal -0.755737 0 -0.654876
    outer loop
      vertex -20.5278 -47 4.44612
      vertex -20.854 -46 4.82256
      vertex -20.5278 -46 4.44612
    endloop
  endfacet
  facet normal -0.755737 -0 -0.654876
    outer loop
      vertex -20.854 -46 4.82256
      vertex -20.5278 -47 4.44612
      vertex -20.854 -47 4.82256
    endloop
  endfacet
  facet normal 0.540676 0 0.841231
    outer loop
      vertex -23.146 -46 2.17744
      vertex -22.727 -47 1.90814
      vertex -22.727 -46 1.90814
    endloop
  endfacet
  facet normal 0.540676 0 0.841231
    outer loop
      vertex -22.727 -47 1.90814
      vertex -23.146 -46 2.17744
      vertex -23.146 -47 2.17744
    endloop
  endfacet
  facet normal -0.540676 0 -0.841231
    outer loop
      vertex -21.273 -47 5.09186
      vertex -20.854 -46 4.82256
      vertex -20.854 -47 4.82256
    endloop
  endfacet
  facet normal -0.540676 0 -0.841231
    outer loop
      vertex -20.854 -46 4.82256
      vertex -21.273 -47 5.09186
      vertex -21.273 -46 5.09186
    endloop
  endfacet
  facet normal -0.909647 0 -0.415383
    outer loop
      vertex -20.3209 -47 3.99303
      vertex -20.5278 -46 4.44612
      vertex -20.3209 -46 3.99303
    endloop
  endfacet
  facet normal -0.909647 -0 -0.415383
    outer loop
      vertex -20.5278 -46 4.44612
      vertex -20.3209 -47 3.99303
      vertex -20.5278 -47 4.44612
    endloop
  endfacet
  facet normal -0.540676 0 0.841231
    outer loop
      vertex -21.273 -46 1.90814
      vertex -20.854 -47 2.17744
      vertex -20.854 -46 2.17744
    endloop
  endfacet
  facet normal -0.540676 0 0.841231
    outer loop
      vertex -20.854 -47 2.17744
      vertex -21.273 -46 1.90814
      vertex -21.273 -47 1.90814
    endloop
  endfacet
  facet normal 0.281743 0 -0.95949
    outer loop
      vertex -22.727 -47 5.09186
      vertex -22.2491 -46 5.23219
      vertex -22.2491 -47 5.23219
    endloop
  endfacet
  facet normal 0.281743 0 -0.95949
    outer loop
      vertex -22.2491 -46 5.23219
      vertex -22.727 -47 5.09186
      vertex -22.727 -46 5.09186
    endloop
  endfacet
  facet normal 0 -1 0
    outer loop
      vertex -22.727 -46 5.09186
      vertex -21.7509 -46 5.23219
      vertex -22.2491 -46 5.23219
    endloop
  endfacet
  facet normal 0 -1 0
    outer loop
      vertex -22.727 -46 5.09186
      vertex -21.273 -46 5.09186
      vertex -21.7509 -46 5.23219
    endloop
  endfacet
  facet normal 0 -1 0
    outer loop
      vertex -23.146 -46 4.82256
      vertex -21.273 -46 5.09186
      vertex -22.727 -46 5.09186
    endloop
  endfacet
  facet normal 0 -1 0
    outer loop
      vertex -23.146 -46 4.82256
      vertex -20.854 -46 4.82256
      vertex -21.273 -46 5.09186
    endloop
  endfacet
  facet normal 0 -1 0
    outer loop
      vertex -23.4722 -46 4.44612
      vertex -20.854 -46 4.82256
      vertex -23.146 -46 4.82256
    endloop
  endfacet
  facet normal 0 -1 0
    outer loop
      vertex -23.4722 -46 4.44612
      vertex -20.5278 -46 4.44612
      vertex -20.854 -46 4.82256
    endloop
  endfacet
  facet normal 0 -1 0
    outer loop
      vertex -23.6791 -46 3.99303
      vertex -20.5278 -46 4.44612
      vertex -23.4722 -46 4.44612
    endloop
  endfacet
  facet normal 0 -1 0
    outer loop
      vertex -23.6791 -46 3.99303
      vertex -20.3209 -46 3.99303
      vertex -20.5278 -46 4.44612
    endloop
  endfacet
  facet normal 0 -1 0
    outer loop
      vertex -23.75 -46 3.5
      vertex -20.3209 -46 3.99303
      vertex -23.6791 -46 3.99303
    endloop
  endfacet
  facet normal 0 -1 0
    outer loop
      vertex -23.75 -46 3.5
      vertex -20.25 -46 3.5
      vertex -20.3209 -46 3.99303
    endloop
  endfacet
  facet normal 0 -1 0
    outer loop
      vertex -23.6791 -46 3.00697
      vertex -20.25 -46 3.5
      vertex -23.75 -46 3.5
    endloop
  endfacet
  facet normal 0 -1 0
    outer loop
      vertex -23.6791 -46 3.00697
      vertex -20.3209 -46 3.00697
      vertex -20.25 -46 3.5
    endloop
  endfacet
  facet normal 0 -1 0
    outer loop
      vertex -23.4722 -46 2.55388
      vertex -20.3209 -46 3.00697
      vertex -23.6791 -46 3.00697
    endloop
  endfacet
  facet normal 0 -1 0
    outer loop
      vertex -23.4722 -46 2.55388
      vertex -20.5278 -46 2.55388
      vertex -20.3209 -46 3.00697
    endloop
  endfacet
  facet normal 0 -1 0
    outer loop
      vertex -23.146 -46 2.17744
      vertex -20.5278 -46 2.55388
      vertex -23.4722 -46 2.55388
    endloop
  endfacet
  facet normal 0 -1 0
    outer loop
      vertex -23.146 -46 2.17744
      vertex -20.854 -46 2.17744
      vertex -20.5278 -46 2.55388
    endloop
  endfacet
  facet normal 0 -1 0
    outer loop
      vertex -22.727 -46 1.90814
      vertex -20.854 -46 2.17744
      vertex -23.146 -46 2.17744
    endloop
  endfacet
  facet normal 0 -1 0
    outer loop
      vertex -22.727 -46 1.90814
      vertex -21.273 -46 1.90814
      vertex -20.854 -46 2.17744
    endloop
  endfacet
  facet normal 0 -1 0
    outer loop
      vertex -22.2491 -46 1.76781
      vertex -21.273 -46 1.90814
      vertex -22.727 -46 1.90814
    endloop
  endfacet
  facet normal 0 -1 0
    outer loop
      vertex -21.273 -46 1.90814
      vertex -22.2491 -46 1.76781
      vertex -21.7509 -46 1.76781
    endloop
  endfacet
  facet normal -0.281743 0 -0.95949
    outer loop
      vertex -21.7509 -47 5.23219
      vertex -21.273 -46 5.09186
      vertex -21.273 -47 5.09186
    endloop
  endfacet
  facet normal -0.281743 0 -0.95949
    outer loop
      vertex -21.273 -46 5.09186
      vertex -21.7509 -47 5.23219
      vertex -21.7509 -46 5.23219
    endloop
  endfacet
  facet normal -0.989818 0 -0.14234
    outer loop
      vertex -20.25 -47 3.5
      vertex -20.3209 -46 3.99303
      vertex -20.25 -46 3.5
    endloop
  endfacet
  facet normal -0.989818 -0 -0.14234
    outer loop
      vertex -20.3209 -46 3.99303
      vertex -20.25 -47 3.5
      vertex -20.3209 -47 3.99303
    endloop
  endfacet
  facet normal -0 0 1
    outer loop
      vertex -22.2491 -46 1.76781
      vertex -21.7509 -47 1.76781
      vertex -21.7509 -46 1.76781
    endloop
  endfacet
  facet normal 0 0 1
    outer loop
      vertex -21.7509 -47 1.76781
      vertex -22.2491 -46 1.76781
      vertex -22.2491 -47 1.76781
    endloop
  endfacet
  facet normal 0.281743 0 0.95949
    outer loop
      vertex -22.727 -46 1.90814
      vertex -22.2491 -47 1.76781
      vertex -22.2491 -46 1.76781
    endloop
  endfacet
  facet normal 0.281743 0 0.95949
    outer loop
      vertex -22.2491 -47 1.76781
      vertex -22.727 -46 1.90814
      vertex -22.727 -47 1.90814
    endloop
  endfacet
  facet normal 0.755737 -0 0.654876
    outer loop
      vertex -23.4722 -47 2.55388
      vertex -23.146 -46 2.17744
      vertex -23.4722 -46 2.55388
    endloop
  endfacet
  facet normal 0.755737 0 0.654876
    outer loop
      vertex -23.146 -46 2.17744
      vertex -23.4722 -47 2.55388
      vertex -23.146 -47 2.17744
    endloop
  endfacet
  facet normal 0 0 -1
    outer loop
      vertex -22.2491 -47 5.23219
      vertex -21.7509 -46 5.23219
      vertex -21.7509 -47 5.23219
    endloop
  endfacet
  facet normal -0 0 -1
    outer loop
      vertex -21.7509 -46 5.23219
      vertex -22.2491 -47 5.23219
      vertex -22.2491 -46 5.23219
    endloop
  endfacet
  facet normal 0.909647 -0 0.415383
    outer loop
      vertex -23.6791 -47 3.00697
      vertex -23.4722 -46 2.55388
      vertex -23.6791 -46 3.00697
    endloop
  endfacet
  facet normal 0.909647 0 0.415383
    outer loop
      vertex -23.4722 -46 2.55388
      vertex -23.6791 -47 3.00697
      vertex -23.4722 -47 2.55388
    endloop
  endfacet
  facet normal 0.989818 0 -0.14234
    outer loop
      vertex -23.6791 -47 3.99303
      vertex -23.75 -46 3.5
      vertex -23.6791 -46 3.99303
    endloop
  endfacet
  facet normal 0.989818 0 -0.14234
    outer loop
      vertex -23.75 -46 3.5
      vertex -23.6791 -47 3.99303
      vertex -23.75 -47 3.5
    endloop
  endfacet
  facet normal 0.989818 -0 0.14234
    outer loop
      vertex -23.75 -47 3.5
      vertex -23.6791 -46 3.00697
      vertex -23.75 -46 3.5
    endloop
  endfacet
  facet normal 0.989818 0 0.14234
    outer loop
      vertex -23.6791 -46 3.00697
      vertex -23.75 -47 3.5
      vertex -23.6791 -47 3.00697
    endloop
  endfacet
  facet normal -0.281743 0 0.95949
    outer loop
      vertex -21.7509 -46 1.76781
      vertex -21.273 -47 1.90814
      vertex -21.273 -46 1.90814
    endloop
  endfacet
  facet normal -0.281743 0 0.95949
    outer loop
      vertex -21.273 -47 1.90814
      vertex -21.7509 -46 1.76781
      vertex -21.7509 -47 1.76781
    endloop
  endfacet
  facet normal 0.755737 0 -0.654876
    outer loop
      vertex -23.146 -47 4.82256
      vertex -23.4722 -46 4.44612
      vertex -23.146 -46 4.82256
    endloop
  endfacet
  facet normal 0.755737 0 -0.654876
    outer loop
      vertex -23.4722 -46 4.44612
      vertex -23.146 -47 4.82256
      vertex -23.4722 -47 4.44612
    endloop
  endfacet
  facet normal 0.909647 0 -0.415383
    outer loop
      vertex -23.4722 -47 4.44612
      vertex -23.6791 -46 3.99303
      vertex -23.4722 -46 4.44612
    endloop
  endfacet
  facet normal 0.909647 0 -0.415383
    outer loop
      vertex -23.6791 -46 3.99303
      vertex -23.4722 -47 4.44612
      vertex -23.6791 -47 3.99303
    endloop
  endfacet
  facet normal 0.540676 0 -0.841231
    outer loop
      vertex -23.146 -47 4.82256
      vertex -22.727 -46 5.09186
      vertex -22.727 -47 5.09186
    endloop
  endfacet
  facet normal 0.540676 0 -0.841231
    outer loop
      vertex -22.727 -46 5.09186
      vertex -23.146 -47 4.82256
      vertex -23.146 -46 4.82256
    endloop
  endfacet
  facet normal 0 0.309049 -0.951046
    outer loop
      vertex 47.5 21.0442 5.64683
      vertex 52 21.5114 5.79865
      vertex 52 21.0442 5.64683
    endloop
  endfacet
  facet normal 0 0.309049 -0.951046
    outer loop
      vertex 52 21.5114 5.79865
      vertex 47.5 21.0442 5.64683
      vertex 47.5 21.5114 5.79865
    endloop
  endfacet
  facet normal 0 -0.104521 0.994523
    outer loop
      vertex 47.5 22.4886 1.20135
      vertex 52 22 1.15
      vertex 52 22.4886 1.20135
    endloop
  endfacet
  facet normal 0 -0.104521 0.994523
    outer loop
      vertex 52 22 1.15
      vertex 47.5 22.4886 1.20135
      vertex 47.5 22 1.15
    endloop
  endfacet
  facet normal 0 0.913563 -0.406697
    outer loop
      vertex 52 19.765 4.22619
      vertex 47.5 19.9648 4.675
      vertex 52 19.9648 4.675
    endloop
  endfacet
  facet normal 0 0.913563 -0.406697
    outer loop
      vertex 47.5 19.9648 4.675
      vertex 52 19.765 4.22619
      vertex 47.5 19.765 4.22619
    endloop
  endfacet
  facet normal 0 0.978166 -0.207826
    outer loop
      vertex 52 19.6629 3.74564
      vertex 47.5 19.765 4.22619
      vertex 52 19.765 4.22619
    endloop
  endfacet
  facet normal 0 0.978166 -0.207826
    outer loop
      vertex 47.5 19.765 4.22619
      vertex 52 19.6629 3.74564
      vertex 47.5 19.6629 3.74564
    endloop
  endfacet
  facet normal 0 -0.104521 -0.994523
    outer loop
      vertex 47.5 22 5.85
      vertex 52 22.4886 5.79865
      vertex 52 22 5.85
    endloop
  endfacet
  facet normal -0 -0.104521 -0.994523
    outer loop
      vertex 52 22.4886 5.79865
      vertex 47.5 22 5.85
      vertex 47.5 22.4886 5.79865
    endloop
  endfacet
  facet normal 0 -0.978166 -0.207826
    outer loop
      vertex 47.5 24.3371 3.74564
      vertex 52 24.235 4.22619
      vertex 47.5 24.235 4.22619
    endloop
  endfacet
  facet normal 0 -0.978166 -0.207826
    outer loop
      vertex 52 24.235 4.22619
      vertex 47.5 24.3371 3.74564
      vertex 52 24.3371 3.74564
    endloop
  endfacet
  facet normal 0 -0.499966 -0.866045
    outer loop
      vertex 47.5 22.9558 5.64683
      vertex 52 23.3813 5.40119
      vertex 52 22.9558 5.64683
    endloop
  endfacet
  facet normal -0 -0.499966 -0.866045
    outer loop
      vertex 52 23.3813 5.40119
      vertex 47.5 22.9558 5.64683
      vertex 47.5 23.3813 5.40119
    endloop
  endfacet
  facet normal 0 -0.669122 -0.743152
    outer loop
      vertex 47.5 23.3813 5.40119
      vertex 52 23.7464 5.07246
      vertex 52 23.3813 5.40119
    endloop
  endfacet
  facet normal -0 -0.669122 -0.743152
    outer loop
      vertex 52 23.7464 5.07246
      vertex 47.5 23.3813 5.40119
      vertex 47.5 23.7464 5.07246
    endloop
  endfacet
  facet normal 0 -0.808989 0.587823
    outer loop
      vertex 47.5 23.7464 1.92754
      vertex 52 24.0352 2.325
      vertex 47.5 24.0352 2.325
    endloop
  endfacet
  facet normal 0 -0.808989 0.587823
    outer loop
      vertex 52 24.0352 2.325
      vertex 47.5 23.7464 1.92754
      vertex 52 23.7464 1.92754
    endloop
  endfacet
  facet normal 0 -0.309049 0.951046
    outer loop
      vertex 47.5 22.9558 1.35317
      vertex 52 22.4886 1.20135
      vertex 52 22.9558 1.35317
    endloop
  endfacet
  facet normal 0 -0.309049 0.951046
    outer loop
      vertex 52 22.4886 1.20135
      vertex 47.5 22.9558 1.35317
      vertex 47.5 22.4886 1.20135
    endloop
  endfacet
  facet normal 0 -0.808989 -0.587823
    outer loop
      vertex 47.5 24.0352 4.675
      vertex 52 23.7464 5.07246
      vertex 47.5 23.7464 5.07246
    endloop
  endfacet
  facet normal 0 -0.808989 -0.587823
    outer loop
      vertex 52 23.7464 5.07246
      vertex 47.5 24.0352 4.675
      vertex 52 24.0352 4.675
    endloop
  endfacet
  facet normal 0 0.808989 0.587823
    outer loop
      vertex 52 20.2536 1.92754
      vertex 47.5 19.9648 2.325
      vertex 52 19.9648 2.325
    endloop
  endfacet
  facet normal 0 0.808989 0.587823
    outer loop
      vertex 47.5 19.9648 2.325
      vertex 52 20.2536 1.92754
      vertex 47.5 20.2536 1.92754
    endloop
  endfacet
  facet normal 0 0.808989 -0.587823
    outer loop
      vertex 52 19.9648 4.675
      vertex 47.5 20.2536 5.07246
      vertex 52 20.2536 5.07246
    endloop
  endfacet
  facet normal 0 0.808989 -0.587823
    outer loop
      vertex 47.5 20.2536 5.07246
      vertex 52 19.9648 4.675
      vertex 47.5 19.9648 4.675
    endloop
  endfacet
  facet normal 0 -0.913563 0.406697
    outer loop
      vertex 47.5 24.0352 2.325
      vertex 52 24.235 2.77381
      vertex 47.5 24.235 2.77381
    endloop
  endfacet
  facet normal 0 -0.913563 0.406697
    outer loop
      vertex 52 24.235 2.77381
      vertex 47.5 24.0352 2.325
      vertex 52 24.0352 2.325
    endloop
  endfacet
  facet normal 0 0.104521 -0.994523
    outer loop
      vertex 47.5 21.5114 5.79865
      vertex 52 22 5.85
      vertex 52 21.5114 5.79865
    endloop
  endfacet
  facet normal 0 0.104521 -0.994523
    outer loop
      vertex 52 22 5.85
      vertex 47.5 21.5114 5.79865
      vertex 47.5 22 5.85
    endloop
  endfacet
  facet normal 0 0.978166 0.207826
    outer loop
      vertex 52 19.765 2.77381
      vertex 47.5 19.6629 3.25436
      vertex 52 19.6629 3.25436
    endloop
  endfacet
  facet normal 0 0.978166 0.207826
    outer loop
      vertex 47.5 19.6629 3.25436
      vertex 52 19.765 2.77381
      vertex 47.5 19.765 2.77381
    endloop
  endfacet
  facet normal 0 -0.309049 -0.951046
    outer loop
      vertex 47.5 22.4886 5.79865
      vertex 52 22.9558 5.64683
      vertex 52 22.4886 5.79865
    endloop
  endfacet
  facet normal -0 -0.309049 -0.951046
    outer loop
      vertex 52 22.9558 5.64683
      vertex 47.5 22.4886 5.79865
      vertex 47.5 22.9558 5.64683
    endloop
  endfacet
  facet normal 0 0.669122 -0.743152
    outer loop
      vertex 47.5 20.2536 5.07246
      vertex 52 20.6187 5.40119
      vertex 52 20.2536 5.07246
    endloop
  endfacet
  facet normal 0 0.669122 -0.743152
    outer loop
      vertex 52 20.6187 5.40119
      vertex 47.5 20.2536 5.07246
      vertex 47.5 20.6187 5.40119
    endloop
  endfacet
  facet normal 0 -0.913563 -0.406697
    outer loop
      vertex 47.5 24.235 4.22619
      vertex 52 24.0352 4.675
      vertex 47.5 24.0352 4.675
    endloop
  endfacet
  facet normal 0 -0.913563 -0.406697
    outer loop
      vertex 52 24.0352 4.675
      vertex 47.5 24.235 4.22619
      vertex 52 24.235 4.22619
    endloop
  endfacet
  facet normal 0 1 -0
    outer loop
      vertex 52 19.6629 3.25436
      vertex 47.5 19.6629 3.74564
      vertex 52 19.6629 3.74564
    endloop
  endfacet
  facet normal 0 1 0
    outer loop
      vertex 47.5 19.6629 3.74564
      vertex 52 19.6629 3.25436
      vertex 47.5 19.6629 3.25436
    endloop
  endfacet
  facet normal 0 0.499966 -0.866045
    outer loop
      vertex 47.5 20.6187 5.40119
      vertex 52 21.0442 5.64683
      vertex 52 20.6187 5.40119
    endloop
  endfacet
  facet normal 0 0.499966 -0.866045
    outer loop
      vertex 52 21.0442 5.64683
      vertex 47.5 20.6187 5.40119
      vertex 47.5 21.0442 5.64683
    endloop
  endfacet
  facet normal 0 -1 0
    outer loop
      vertex 47.5 24.3371 3.25436
      vertex 52 24.3371 3.74564
      vertex 47.5 24.3371 3.74564
    endloop
  endfacet
  facet normal 0 -1 -0
    outer loop
      vertex 52 24.3371 3.74564
      vertex 47.5 24.3371 3.25436
      vertex 52 24.3371 3.25436
    endloop
  endfacet
  facet normal 0 -0.978166 0.207826
    outer loop
      vertex 47.5 24.235 2.77381
      vertex 52 24.3371 3.25436
      vertex 47.5 24.3371 3.25436
    endloop
  endfacet
  facet normal 0 -0.978166 0.207826
    outer loop
      vertex 52 24.3371 3.25436
      vertex 47.5 24.235 2.77381
      vertex 52 24.235 2.77381
    endloop
  endfacet
  facet normal -0 0.309049 0.951046
    outer loop
      vertex 47.5 21.5114 1.20135
      vertex 52 21.0442 1.35317
      vertex 52 21.5114 1.20135
    endloop
  endfacet
  facet normal 0 0.309049 0.951046
    outer loop
      vertex 52 21.0442 1.35317
      vertex 47.5 21.5114 1.20135
      vertex 47.5 21.0442 1.35317
    endloop
  endfacet
  facet normal 0 -0.669122 0.743152
    outer loop
      vertex 47.5 23.7464 1.92754
      vertex 52 23.3813 1.59881
      vertex 52 23.7464 1.92754
    endloop
  endfacet
  facet normal 0 -0.669122 0.743152
    outer loop
      vertex 52 23.3813 1.59881
      vertex 47.5 23.7464 1.92754
      vertex 47.5 23.3813 1.59881
    endloop
  endfacet
  facet normal -0 0.669122 0.743152
    outer loop
      vertex 47.5 20.6187 1.59881
      vertex 52 20.2536 1.92754
      vertex 52 20.6187 1.59881
    endloop
  endfacet
  facet normal 0 0.669122 0.743152
    outer loop
      vertex 52 20.2536 1.92754
      vertex 47.5 20.6187 1.59881
      vertex 47.5 20.2536 1.92754
    endloop
  endfacet
  facet normal -0 0.499966 0.866045
    outer loop
      vertex 47.5 21.0442 1.35317
      vertex 52 20.6187 1.59881
      vertex 52 21.0442 1.35317
    endloop
  endfacet
  facet normal 0 0.499966 0.866045
    outer loop
      vertex 52 20.6187 1.59881
      vertex 47.5 21.0442 1.35317
      vertex 47.5 20.6187 1.59881
    endloop
  endfacet
  facet normal -0 0.104521 0.994523
    outer loop
      vertex 47.5 22 1.15
      vertex 52 21.5114 1.20135
      vertex 52 22 1.15
    endloop
  endfacet
  facet normal 0 0.104521 0.994523
    outer loop
      vertex 52 21.5114 1.20135
      vertex 47.5 22 1.15
      vertex 47.5 21.5114 1.20135
    endloop
  endfacet
  facet normal 0 0.913563 0.406697
    outer loop
      vertex 52 19.9648 2.325
      vertex 47.5 19.765 2.77381
      vertex 52 19.765 2.77381
    endloop
  endfacet
  facet normal 0 0.913563 0.406697
    outer loop
      vertex 47.5 19.765 2.77381
      vertex 52 19.9648 2.325
      vertex 47.5 19.9648 2.325
    endloop
  endfacet
  facet normal 0 -0.499966 0.866045
    outer loop
      vertex 47.5 23.3813 1.59881
      vertex 52 22.9558 1.35317
      vertex 52 23.3813 1.59881
    endloop
  endfacet
  facet normal 0 -0.499966 0.866045
    outer loop
      vertex 52 22.9558 1.35317
      vertex 47.5 23.3813 1.59881
      vertex 47.5 22.9558 1.35317
    endloop
  endfacet
  facet normal 0 0.808989 -0.587823
    outer loop
      vertex 52 -24.0352 4.675
      vertex 47.5 -23.7464 5.07246
      vertex 52 -23.7464 5.07246
    endloop
  endfacet
  facet normal 0 0.808989 -0.587823
    outer loop
      vertex 47.5 -23.7464 5.07246
      vertex 52 -24.0352 4.675
      vertex 47.5 -24.0352 4.675
    endloop
  endfacet
  facet normal 0 0.309049 -0.951046
    outer loop
      vertex 47.5 -22.9558 5.64683
      vertex 52 -22.4886 5.79865
      vertex 52 -22.9558 5.64683
    endloop
  endfacet
  facet normal 0 0.309049 -0.951046
    outer loop
      vertex 52 -22.4886 5.79865
      vertex 47.5 -22.9558 5.64683
      vertex 47.5 -22.4886 5.79865
    endloop
  endfacet
  facet normal 0 -0.669122 -0.743152
    outer loop
      vertex 47.5 -20.6187 5.40119
      vertex 52 -20.2536 5.07246
      vertex 52 -20.6187 5.40119
    endloop
  endfacet
  facet normal -0 -0.669122 -0.743152
    outer loop
      vertex 52 -20.2536 5.07246
      vertex 47.5 -20.6187 5.40119
      vertex 47.5 -20.2536 5.07246
    endloop
  endfacet
  facet normal 0 0.669122 -0.743152
    outer loop
      vertex 47.5 -23.7464 5.07246
      vertex 52 -23.3813 5.40119
      vertex 52 -23.7464 5.07246
    endloop
  endfacet
  facet normal 0 0.669122 -0.743152
    outer loop
      vertex 52 -23.3813 5.40119
      vertex 47.5 -23.7464 5.07246
      vertex 47.5 -23.3813 5.40119
    endloop
  endfacet
  facet normal 0 0.808989 0.587823
    outer loop
      vertex 52 -23.7464 1.92754
      vertex 47.5 -24.0352 2.325
      vertex 52 -24.0352 2.325
    endloop
  endfacet
  facet normal 0 0.808989 0.587823
    outer loop
      vertex 47.5 -24.0352 2.325
      vertex 52 -23.7464 1.92754
      vertex 47.5 -23.7464 1.92754
    endloop
  endfacet
  facet normal 0 -0.978166 -0.207826
    outer loop
      vertex 47.5 -19.6629 3.74564
      vertex 52 -19.765 4.22619
      vertex 47.5 -19.765 4.22619
    endloop
  endfacet
  facet normal 0 -0.978166 -0.207826
    outer loop
      vertex 52 -19.765 4.22619
      vertex 47.5 -19.6629 3.74564
      vertex 52 -19.6629 3.74564
    endloop
  endfacet
  facet normal 0 -0.104521 -0.994523
    outer loop
      vertex 47.5 -22 5.85
      vertex 52 -21.5114 5.79865
      vertex 52 -22 5.85
    endloop
  endfacet
  facet normal -0 -0.104521 -0.994523
    outer loop
      vertex 52 -21.5114 5.79865
      vertex 47.5 -22 5.85
      vertex 47.5 -21.5114 5.79865
    endloop
  endfacet
  facet normal 0 -0.499966 -0.866045
    outer loop
      vertex 47.5 -21.0442 5.64683
      vertex 52 -20.6187 5.40119
      vertex 52 -21.0442 5.64683
    endloop
  endfacet
  facet normal -0 -0.499966 -0.866045
    outer loop
      vertex 52 -20.6187 5.40119
      vertex 47.5 -21.0442 5.64683
      vertex 47.5 -20.6187 5.40119
    endloop
  endfacet
  facet normal 0 -0.669122 0.743152
    outer loop
      vertex 47.5 -20.2536 1.92754
      vertex 52 -20.6187 1.59881
      vertex 52 -20.2536 1.92754
    endloop
  endfacet
  facet normal 0 -0.669122 0.743152
    outer loop
      vertex 52 -20.6187 1.59881
      vertex 47.5 -20.2536 1.92754
      vertex 47.5 -20.6187 1.59881
    endloop
  endfacet
  facet normal -0 0.669122 0.743152
    outer loop
      vertex 47.5 -23.3813 1.59881
      vertex 52 -23.7464 1.92754
      vertex 52 -23.3813 1.59881
    endloop
  endfacet
  facet normal 0 0.669122 0.743152
    outer loop
      vertex 52 -23.7464 1.92754
      vertex 47.5 -23.3813 1.59881
      vertex 47.5 -23.7464 1.92754
    endloop
  endfacet
  facet normal 0 0.913563 -0.406697
    outer loop
      vertex 52 -24.235 4.22619
      vertex 47.5 -24.0352 4.675
      vertex 52 -24.0352 4.675
    endloop
  endfacet
  facet normal 0 0.913563 -0.406697
    outer loop
      vertex 47.5 -24.0352 4.675
      vertex 52 -24.235 4.22619
      vertex 47.5 -24.235 4.22619
    endloop
  endfacet
  facet normal 0 0.978166 0.207826
    outer loop
      vertex 52 -24.235 2.77381
      vertex 47.5 -24.3371 3.25436
      vertex 52 -24.3371 3.25436
    endloop
  endfacet
  facet normal 0 0.978166 0.207826
    outer loop
      vertex 47.5 -24.3371 3.25436
      vertex 52 -24.235 2.77381
      vertex 47.5 -24.235 2.77381
    endloop
  endfacet
  facet normal 0 0.499966 -0.866045
    outer loop
      vertex 47.5 -23.3813 5.40119
      vertex 52 -22.9558 5.64683
      vertex 52 -23.3813 5.40119
    endloop
  endfacet
  facet normal 0 0.499966 -0.866045
    outer loop
      vertex 52 -22.9558 5.64683
      vertex 47.5 -23.3813 5.40119
      vertex 47.5 -22.9558 5.64683
    endloop
  endfacet
  facet normal 0 -0.309049 0.951046
    outer loop
      vertex 47.5 -21.0442 1.35317
      vertex 52 -21.5114 1.20135
      vertex 52 -21.0442 1.35317
    endloop
  endfacet
  facet normal 0 -0.309049 0.951046
    outer loop
      vertex 52 -21.5114 1.20135
      vertex 47.5 -21.0442 1.35317
      vertex 47.5 -21.5114 1.20135
    endloop
  endfacet
  facet normal 0 0.104521 -0.994523
    outer loop
      vertex 47.5 -22.4886 5.79865
      vertex 52 -22 5.85
      vertex 52 -22.4886 5.79865
    endloop
  endfacet
  facet normal 0 0.104521 -0.994523
    outer loop
      vertex 52 -22 5.85
      vertex 47.5 -22.4886 5.79865
      vertex 47.5 -22 5.85
    endloop
  endfacet
  facet normal 0 -0.913563 0.406697
    outer loop
      vertex 47.5 -19.9648 2.325
      vertex 52 -19.765 2.77381
      vertex 47.5 -19.765 2.77381
    endloop
  endfacet
  facet normal 0 -0.913563 0.406697
    outer loop
      vertex 52 -19.765 2.77381
      vertex 47.5 -19.9648 2.325
      vertex 52 -19.9648 2.325
    endloop
  endfacet
  facet normal 0 -0.913563 -0.406697
    outer loop
      vertex 47.5 -19.765 4.22619
      vertex 52 -19.9648 4.675
      vertex 47.5 -19.9648 4.675
    endloop
  endfacet
  facet normal 0 -0.913563 -0.406697
    outer loop
      vertex 52 -19.9648 4.675
      vertex 47.5 -19.765 4.22619
      vertex 52 -19.765 4.22619
    endloop
  endfacet
  facet normal -0 0.499966 0.866045
    outer loop
      vertex 47.5 -22.9558 1.35317
      vertex 52 -23.3813 1.59881
      vertex 52 -22.9558 1.35317
    endloop
  endfacet
  facet normal 0 0.499966 0.866045
    outer loop
      vertex 52 -23.3813 1.59881
      vertex 47.5 -22.9558 1.35317
      vertex 47.5 -23.3813 1.59881
    endloop
  endfacet
  facet normal 0 -0.309049 -0.951046
    outer loop
      vertex 47.5 -21.5114 5.79865
      vertex 52 -21.0442 5.64683
      vertex 52 -21.5114 5.79865
    endloop
  endfacet
  facet normal -0 -0.309049 -0.951046
    outer loop
      vertex 52 -21.0442 5.64683
      vertex 47.5 -21.5114 5.79865
      vertex 47.5 -21.0442 5.64683
    endloop
  endfacet
  facet normal 0 0.978166 -0.207826
    outer loop
      vertex 52 -24.3371 3.74564
      vertex 47.5 -24.235 4.22619
      vertex 52 -24.235 4.22619
    endloop
  endfacet
  facet normal 0 0.978166 -0.207826
    outer loop
      vertex 47.5 -24.235 4.22619
      vertex 52 -24.3371 3.74564
      vertex 47.5 -24.3371 3.74564
    endloop
  endfacet
  facet normal 0 -0.499966 0.866045
    outer loop
      vertex 47.5 -20.6187 1.59881
      vertex 52 -21.0442 1.35317
      vertex 52 -20.6187 1.59881
    endloop
  endfacet
  facet normal 0 -0.499966 0.866045
    outer loop
      vertex 52 -21.0442 1.35317
      vertex 47.5 -20.6187 1.59881
      vertex 47.5 -21.0442 1.35317
    endloop
  endfacet
  facet normal -0 0.309049 0.951046
    outer loop
      vertex 47.5 -22.4886 1.20135
      vertex 52 -22.9558 1.35317
      vertex 52 -22.4886 1.20135
    endloop
  endfacet
  facet normal 0 0.309049 0.951046
    outer loop
      vertex 52 -22.9558 1.35317
      vertex 47.5 -22.4886 1.20135
      vertex 47.5 -22.9558 1.35317
    endloop
  endfacet
  facet normal 0 -0.808989 -0.587823
    outer loop
      vertex 47.5 -19.9648 4.675
      vertex 52 -20.2536 5.07246
      vertex 47.5 -20.2536 5.07246
    endloop
  endfacet
  facet normal 0 -0.808989 -0.587823
    outer loop
      vertex 52 -20.2536 5.07246
      vertex 47.5 -19.9648 4.675
      vertex 52 -19.9648 4.675
    endloop
  endfacet
  facet normal -0 0.104521 0.994523
    outer loop
      vertex 47.5 -22 1.15
      vertex 52 -22.4886 1.20135
      vertex 52 -22 1.15
    endloop
  endfacet
  facet normal 0 0.104521 0.994523
    outer loop
      vertex 52 -22.4886 1.20135
      vertex 47.5 -22 1.15
      vertex 47.5 -22.4886 1.20135
    endloop
  endfacet
  facet normal 0 -0.808989 0.587823
    outer loop
      vertex 47.5 -20.2536 1.92754
      vertex 52 -19.9648 2.325
      vertex 47.5 -19.9648 2.325
    endloop
  endfacet
  facet normal 0 -0.808989 0.587823
    outer loop
      vertex 52 -19.9648 2.325
      vertex 47.5 -20.2536 1.92754
      vertex 52 -20.2536 1.92754
    endloop
  endfacet
  facet normal 0 -0.978166 0.207826
    outer loop
      vertex 47.5 -19.765 2.77381
      vertex 52 -19.6629 3.25436
      vertex 47.5 -19.6629 3.25436
    endloop
  endfacet
  facet normal 0 -0.978166 0.207826
    outer loop
      vertex 52 -19.6629 3.25436
      vertex 47.5 -19.765 2.77381
      vertex 52 -19.765 2.77381
    endloop
  endfacet
  facet normal 0 -1 0
    outer loop
      vertex 47.5 -19.6629 3.25436
      vertex 52 -19.6629 3.74564
      vertex 47.5 -19.6629 3.74564
    endloop
  endfacet
  facet normal 0 -1 -0
    outer loop
      vertex 52 -19.6629 3.74564
      vertex 47.5 -19.6629 3.25436
      vertex 52 -19.6629 3.25436
    endloop
  endfacet
  facet normal 0 1 -0
    outer loop
      vertex 52 -24.3371 3.25436
      vertex 47.5 -24.3371 3.74564
      vertex 52 -24.3371 3.74564
    endloop
  endfacet
  facet normal 0 1 0
    outer loop
      vertex 47.5 -24.3371 3.74564
      vertex 52 -24.3371 3.25436
      vertex 47.5 -24.3371 3.25436
    endloop
  endfacet
  facet normal 0 -0.104521 0.994523
    outer loop
      vertex 47.5 -21.5114 1.20135
      vertex 52 -22 1.15
      vertex 52 -21.5114 1.20135
    endloop
  endfacet
  facet normal 0 -0.104521 0.994523
    outer loop
      vertex 52 -22 1.15
      vertex 47.5 -21.5114 1.20135
      vertex 47.5 -22 1.15
    endloop
  endfacet
  facet normal 0 0.913563 0.406697
    outer loop
      vertex 52 -24.0352 2.325
      vertex 47.5 -24.235 2.77381
      vertex 52 -24.235 2.77381
    endloop
  endfacet
  facet normal 0 0.913563 0.406697
    outer loop
      vertex 47.5 -24.235 2.77381
      vertex 52 -24.0352 2.325
      vertex 47.5 -24.0352 2.325
    endloop
  endfacet
  facet normal 0 -0.499966 0.866045
    outer loop
      vertex -52 23.3813 1.59881
      vertex -47.5 22.9558 1.35317
      vertex -47.5 23.3813 1.59881
    endloop
  endfacet
  facet normal 0 -0.499966 0.866045
    outer loop
      vertex -47.5 22.9558 1.35317
      vertex -52 23.3813 1.59881
      vertex -52 22.9558 1.35317
    endloop
  endfacet
  facet normal -0 0.309049 0.951046
    outer loop
      vertex -52 21.5114 1.20135
      vertex -47.5 21.0442 1.35317
      vertex -47.5 21.5114 1.20135
    endloop
  endfacet
  facet normal 0 0.309049 0.951046
    outer loop
      vertex -47.5 21.0442 1.35317
      vertex -52 21.5114 1.20135
      vertex -52 21.0442 1.35317
    endloop
  endfacet
  facet normal 0 0.913563 0.406697
    outer loop
      vertex -47.5 19.9648 2.325
      vertex -52 19.765 2.77381
      vertex -47.5 19.765 2.77381
    endloop
  endfacet
  facet normal 0 0.913563 0.406697
    outer loop
      vertex -52 19.765 2.77381
      vertex -47.5 19.9648 2.325
      vertex -52 19.9648 2.325
    endloop
  endfacet
  facet normal 0 -0.104521 -0.994523
    outer loop
      vertex -52 22 5.85
      vertex -47.5 22.4886 5.79865
      vertex -47.5 22 5.85
    endloop
  endfacet
  facet normal -0 -0.104521 -0.994523
    outer loop
      vertex -47.5 22.4886 5.79865
      vertex -52 22 5.85
      vertex -52 22.4886 5.79865
    endloop
  endfacet
  facet normal 0 0.913563 -0.406697
    outer loop
      vertex -47.5 19.765 4.22619
      vertex -52 19.9648 4.675
      vertex -47.5 19.9648 4.675
    endloop
  endfacet
  facet normal 0 0.913563 -0.406697
    outer loop
      vertex -52 19.9648 4.675
      vertex -47.5 19.765 4.22619
      vertex -52 19.765 4.22619
    endloop
  endfacet
  facet normal -0 0.104521 0.994523
    outer loop
      vertex -52 22 1.15
      vertex -47.5 21.5114 1.20135
      vertex -47.5 22 1.15
    endloop
  endfacet
  facet normal 0 0.104521 0.994523
    outer loop
      vertex -47.5 21.5114 1.20135
      vertex -52 22 1.15
      vertex -52 21.5114 1.20135
    endloop
  endfacet
  facet normal 0 0.978166 0.207826
    outer loop
      vertex -47.5 19.765 2.77381
      vertex -52 19.6629 3.25436
      vertex -47.5 19.6629 3.25436
    endloop
  endfacet
  facet normal 0 0.978166 0.207826
    outer loop
      vertex -52 19.6629 3.25436
      vertex -47.5 19.765 2.77381
      vertex -52 19.765 2.77381
    endloop
  endfacet
  facet normal 0 -0.104521 0.994523
    outer loop
      vertex -52 22.4886 1.20135
      vertex -47.5 22 1.15
      vertex -47.5 22.4886 1.20135
    endloop
  endfacet
  facet normal 0 -0.104521 0.994523
    outer loop
      vertex -47.5 22 1.15
      vertex -52 22.4886 1.20135
      vertex -52 22 1.15
    endloop
  endfacet
  facet normal 0 -0.978166 0.207826
    outer loop
      vertex -52 24.235 2.77381
      vertex -47.5 24.3371 3.25436
      vertex -52 24.3371 3.25436
    endloop
  endfacet
  facet normal 0 -0.978166 0.207826
    outer loop
      vertex -47.5 24.3371 3.25436
      vertex -52 24.235 2.77381
      vertex -47.5 24.235 2.77381
    endloop
  endfacet
  facet normal 0 -0.808989 -0.587823
    outer loop
      vertex -52 24.0352 4.675
      vertex -47.5 23.7464 5.07246
      vertex -52 23.7464 5.07246
    endloop
  endfacet
  facet normal 0 -0.808989 -0.587823
    outer loop
      vertex -47.5 23.7464 5.07246
      vertex -52 24.0352 4.675
      vertex -47.5 24.0352 4.675
    endloop
  endfacet
  facet normal 0 -0.309049 -0.951046
    outer loop
      vertex -52 22.4886 5.79865
      vertex -47.5 22.9558 5.64683
      vertex -47.5 22.4886 5.79865
    endloop
  endfacet
  facet normal -0 -0.309049 -0.951046
    outer loop
      vertex -47.5 22.9558 5.64683
      vertex -52 22.4886 5.79865
      vertex -52 22.9558 5.64683
    endloop
  endfacet
  facet normal 0 -0.808989 0.587823
    outer loop
      vertex -52 23.7464 1.92754
      vertex -47.5 24.0352 2.325
      vertex -52 24.0352 2.325
    endloop
  endfacet
  facet normal 0 -0.808989 0.587823
    outer loop
      vertex -47.5 24.0352 2.325
      vertex -52 23.7464 1.92754
      vertex -47.5 23.7464 1.92754
    endloop
  endfacet
  facet normal 0 0.808989 -0.587823
    outer loop
      vertex -47.5 19.9648 4.675
      vertex -52 20.2536 5.07246
      vertex -47.5 20.2536 5.07246
    endloop
  endfacet
  facet normal 0 0.808989 -0.587823
    outer loop
      vertex -52 20.2536 5.07246
      vertex -47.5 19.9648 4.675
      vertex -52 19.9648 4.675
    endloop
  endfacet
  facet normal 0 0.309049 -0.951046
    outer loop
      vertex -52 21.0442 5.64683
      vertex -47.5 21.5114 5.79865
      vertex -47.5 21.0442 5.64683
    endloop
  endfacet
  facet normal 0 0.309049 -0.951046
    outer loop
      vertex -47.5 21.5114 5.79865
      vertex -52 21.0442 5.64683
      vertex -52 21.5114 5.79865
    endloop
  endfacet
  facet normal 0 0.669122 -0.743152
    outer loop
      vertex -52 20.2536 5.07246
      vertex -47.5 20.6187 5.40119
      vertex -47.5 20.2536 5.07246
    endloop
  endfacet
  facet normal 0 0.669122 -0.743152
    outer loop
      vertex -47.5 20.6187 5.40119
      vertex -52 20.2536 5.07246
      vertex -52 20.6187 5.40119
    endloop
  endfacet
  facet normal 0 -0.913563 -0.406697
    outer loop
      vertex -52 24.235 4.22619
      vertex -47.5 24.0352 4.675
      vertex -52 24.0352 4.675
    endloop
  endfacet
  facet normal 0 -0.913563 -0.406697
    outer loop
      vertex -47.5 24.0352 4.675
      vertex -52 24.235 4.22619
      vertex -47.5 24.235 4.22619
    endloop
  endfacet
  facet normal 0 0.978166 -0.207826
    outer loop
      vertex -47.5 19.6629 3.74564
      vertex -52 19.765 4.22619
      vertex -47.5 19.765 4.22619
    endloop
  endfacet
  facet normal 0 0.978166 -0.207826
    outer loop
      vertex -52 19.765 4.22619
      vertex -47.5 19.6629 3.74564
      vertex -52 19.6629 3.74564
    endloop
  endfacet
  facet normal 0 -0.309049 0.951046
    outer loop
      vertex -52 22.9558 1.35317
      vertex -47.5 22.4886 1.20135
      vertex -47.5 22.9558 1.35317
    endloop
  endfacet
  facet normal 0 -0.309049 0.951046
    outer loop
      vertex -47.5 22.4886 1.20135
      vertex -52 22.9558 1.35317
      vertex -52 22.4886 1.20135
    endloop
  endfacet
  facet normal 0 1 -0
    outer loop
      vertex -47.5 19.6629 3.25436
      vertex -52 19.6629 3.74564
      vertex -47.5 19.6629 3.74564
    endloop
  endfacet
  facet normal 0 1 0
    outer loop
      vertex -52 19.6629 3.74564
      vertex -47.5 19.6629 3.25436
      vertex -52 19.6629 3.25436
    endloop
  endfacet
  facet normal 0 0.104521 -0.994523
    outer loop
      vertex -52 21.5114 5.79865
      vertex -47.5 22 5.85
      vertex -47.5 21.5114 5.79865
    endloop
  endfacet
  facet normal 0 0.104521 -0.994523
    outer loop
      vertex -47.5 22 5.85
      vertex -52 21.5114 5.79865
      vertex -52 22 5.85
    endloop
  endfacet
  facet normal -0 0.669122 0.743152
    outer loop
      vertex -52 20.6187 1.59881
      vertex -47.5 20.2536 1.92754
      vertex -47.5 20.6187 1.59881
    endloop
  endfacet
  facet normal 0 0.669122 0.743152
    outer loop
      vertex -47.5 20.2536 1.92754
      vertex -52 20.6187 1.59881
      vertex -52 20.2536 1.92754
    endloop
  endfacet
  facet normal 0 -0.978166 -0.207826
    outer loop
      vertex -52 24.3371 3.74564
      vertex -47.5 24.235 4.22619
      vertex -52 24.235 4.22619
    endloop
  endfacet
  facet normal 0 -0.978166 -0.207826
    outer loop
      vertex -47.5 24.235 4.22619
      vertex -52 24.3371 3.74564
      vertex -47.5 24.3371 3.74564
    endloop
  endfacet
  facet normal 0 -1 0
    outer loop
      vertex -52 24.3371 3.25436
      vertex -47.5 24.3371 3.74564
      vertex -52 24.3371 3.74564
    endloop
  endfacet
  facet normal 0 -1 -0
    outer loop
      vertex -47.5 24.3371 3.74564
      vertex -52 24.3371 3.25436
      vertex -47.5 24.3371 3.25436
    endloop
  endfacet
  facet normal 0 -0.669122 0.743152
    outer loop
      vertex -52 23.7464 1.92754
      vertex -47.5 23.3813 1.59881
      vertex -47.5 23.7464 1.92754
    endloop
  endfacet
  facet normal 0 -0.669122 0.743152
    outer loop
      vertex -47.5 23.3813 1.59881
      vertex -52 23.7464 1.92754
      vertex -52 23.3813 1.59881
    endloop
  endfacet
  facet normal -0 0.499966 0.866045
    outer loop
      vertex -52 21.0442 1.35317
      vertex -47.5 20.6187 1.59881
      vertex -47.5 21.0442 1.35317
    endloop
  endfacet
  facet normal 0 0.499966 0.866045
    outer loop
      vertex -47.5 20.6187 1.59881
      vertex -52 21.0442 1.35317
      vertex -52 20.6187 1.59881
    endloop
  endfacet
  facet normal 0 -0.913563 0.406697
    outer loop
      vertex -52 24.0352 2.325
      vertex -47.5 24.235 2.77381
      vertex -52 24.235 2.77381
    endloop
  endfacet
  facet normal 0 -0.913563 0.406697
    outer loop
      vertex -47.5 24.235 2.77381
      vertex -52 24.0352 2.325
      vertex -47.5 24.0352 2.325
    endloop
  endfacet
  facet normal 0 0.808989 0.587823
    outer loop
      vertex -47.5 20.2536 1.92754
      vertex -52 19.9648 2.325
      vertex -47.5 19.9648 2.325
    endloop
  endfacet
  facet normal 0 0.808989 0.587823
    outer loop
      vertex -52 19.9648 2.325
      vertex -47.5 20.2536 1.92754
      vertex -52 20.2536 1.92754
    endloop
  endfacet
  facet normal 0 -0.669122 -0.743152
    outer loop
      vertex -52 23.3813 5.40119
      vertex -47.5 23.7464 5.07246
      vertex -47.5 23.3813 5.40119
    endloop
  endfacet
  facet normal -0 -0.669122 -0.743152
    outer loop
      vertex -47.5 23.7464 5.07246
      vertex -52 23.3813 5.40119
      vertex -52 23.7464 5.07246
    endloop
  endfacet
  facet normal 0 0.499966 -0.866045
    outer loop
      vertex -52 20.6187 5.40119
      vertex -47.5 21.0442 5.64683
      vertex -47.5 20.6187 5.40119
    endloop
  endfacet
  facet normal 0 0.499966 -0.866045
    outer loop
      vertex -47.5 21.0442 5.64683
      vertex -52 20.6187 5.40119
      vertex -52 21.0442 5.64683
    endloop
  endfacet
  facet normal 0 -0.499966 -0.866045
    outer loop
      vertex -52 22.9558 5.64683
      vertex -47.5 23.3813 5.40119
      vertex -47.5 22.9558 5.64683
    endloop
  endfacet
  facet normal -0 -0.499966 -0.866045
    outer loop
      vertex -47.5 23.3813 5.40119
      vertex -52 22.9558 5.64683
      vertex -52 23.3813 5.40119
    endloop
  endfacet
  facet normal 0 -0.499966 0.866045
    outer loop
      vertex -52 -20.6187 1.59881
      vertex -47.5 -21.0442 1.35317
      vertex -47.5 -20.6187 1.59881
    endloop
  endfacet
  facet normal 0 -0.499966 0.866045
    outer loop
      vertex -47.5 -21.0442 1.35317
      vertex -52 -20.6187 1.59881
      vertex -52 -21.0442 1.35317
    endloop
  endfacet
  facet normal -0 0.309049 0.951046
    outer loop
      vertex -52 -22.4886 1.20135
      vertex -47.5 -22.9558 1.35317
      vertex -47.5 -22.4886 1.20135
    endloop
  endfacet
  facet normal 0 0.309049 0.951046
    outer loop
      vertex -47.5 -22.9558 1.35317
      vertex -52 -22.4886 1.20135
      vertex -52 -22.9558 1.35317
    endloop
  endfacet
  facet normal 0 0.808989 0.587823
    outer loop
      vertex -47.5 -23.7464 1.92754
      vertex -52 -24.0352 2.325
      vertex -47.5 -24.0352 2.325
    endloop
  endfacet
  facet normal 0 0.808989 0.587823
    outer loop
      vertex -52 -24.0352 2.325
      vertex -47.5 -23.7464 1.92754
      vertex -52 -23.7464 1.92754
    endloop
  endfacet
  facet normal -0 0.669122 0.743152
    outer loop
      vertex -52 -23.3813 1.59881
      vertex -47.5 -23.7464 1.92754
      vertex -47.5 -23.3813 1.59881
    endloop
  endfacet
  facet normal 0 0.669122 0.743152
    outer loop
      vertex -47.5 -23.7464 1.92754
      vertex -52 -23.3813 1.59881
      vertex -52 -23.7464 1.92754
    endloop
  endfacet
  facet normal -0 0.104521 0.994523
    outer loop
      vertex -52 -22 1.15
      vertex -47.5 -22.4886 1.20135
      vertex -47.5 -22 1.15
    endloop
  endfacet
  facet normal 0 0.104521 0.994523
    outer loop
      vertex -47.5 -22.4886 1.20135
      vertex -52 -22 1.15
      vertex -52 -22.4886 1.20135
    endloop
  endfacet
  facet normal 0 -0.978166 0.207826
    outer loop
      vertex -52 -19.765 2.77381
      vertex -47.5 -19.6629 3.25436
      vertex -52 -19.6629 3.25436
    endloop
  endfacet
  facet normal 0 -0.978166 0.207826
    outer loop
      vertex -47.5 -19.6629 3.25436
      vertex -52 -19.765 2.77381
      vertex -47.5 -19.765 2.77381
    endloop
  endfacet
  facet normal 0 -0.104521 0.994523
    outer loop
      vertex -52 -21.5114 1.20135
      vertex -47.5 -22 1.15
      vertex -47.5 -21.5114 1.20135
    endloop
  endfacet
  facet normal 0 -0.104521 0.994523
    outer loop
      vertex -47.5 -22 1.15
      vertex -52 -21.5114 1.20135
      vertex -52 -22 1.15
    endloop
  endfacet
  facet normal 0 -0.913563 0.406697
    outer loop
      vertex -52 -19.9648 2.325
      vertex -47.5 -19.765 2.77381
      vertex -52 -19.765 2.77381
    endloop
  endfacet
  facet normal 0 -0.913563 0.406697
    outer loop
      vertex -47.5 -19.765 2.77381
      vertex -52 -19.9648 2.325
      vertex -47.5 -19.9648 2.325
    endloop
  endfacet
  facet normal 0 -0.669122 0.743152
    outer loop
      vertex -52 -20.2536 1.92754
      vertex -47.5 -20.6187 1.59881
      vertex -47.5 -20.2536 1.92754
    endloop
  endfacet
  facet normal 0 -0.669122 0.743152
    outer loop
      vertex -47.5 -20.6187 1.59881
      vertex -52 -20.2536 1.92754
      vertex -52 -20.6187 1.59881
    endloop
  endfacet
  facet normal 0 0.808989 -0.587823
    outer loop
      vertex -47.5 -24.0352 4.675
      vertex -52 -23.7464 5.07246
      vertex -47.5 -23.7464 5.07246
    endloop
  endfacet
  facet normal 0 0.808989 -0.587823
    outer loop
      vertex -52 -23.7464 5.07246
      vertex -47.5 -24.0352 4.675
      vertex -52 -24.0352 4.675
    endloop
  endfacet
  facet normal 0 -0.669122 -0.743152
    outer loop
      vertex -52 -20.6187 5.40119
      vertex -47.5 -20.2536 5.07246
      vertex -47.5 -20.6187 5.40119
    endloop
  endfacet
  facet normal -0 -0.669122 -0.743152
    outer loop
      vertex -47.5 -20.2536 5.07246
      vertex -52 -20.6187 5.40119
      vertex -52 -20.2536 5.07246
    endloop
  endfacet
  facet normal 0 -1 0
    outer loop
      vertex -52 -19.6629 3.25436
      vertex -47.5 -19.6629 3.74564
      vertex -52 -19.6629 3.74564
    endloop
  endfacet
  facet normal 0 -1 -0
    outer loop
      vertex -47.5 -19.6629 3.74564
      vertex -52 -19.6629 3.25436
      vertex -47.5 -19.6629 3.25436
    endloop
  endfacet
  facet normal 0 0.669122 -0.743152
    outer loop
      vertex -52 -23.7464 5.07246
      vertex -47.5 -23.3813 5.40119
      vertex -47.5 -23.7464 5.07246
    endloop
  endfacet
  facet normal 0 0.669122 -0.743152
    outer loop
      vertex -47.5 -23.3813 5.40119
      vertex -52 -23.7464 5.07246
      vertex -52 -23.3813 5.40119
    endloop
  endfacet
  facet normal 0 0.913563 0.406697
    outer loop
      vertex -47.5 -24.0352 2.325
      vertex -52 -24.235 2.77381
      vertex -47.5 -24.235 2.77381
    endloop
  endfacet
  facet normal 0 0.913563 0.406697
    outer loop
      vertex -52 -24.235 2.77381
      vertex -47.5 -24.0352 2.325
      vertex -52 -24.0352 2.325
    endloop
  endfacet
  facet normal 0 0.978166 0.207826
    outer loop
      vertex -47.5 -24.235 2.77381
      vertex -52 -24.3371 3.25436
      vertex -47.5 -24.3371 3.25436
    endloop
  endfacet
  facet normal 0 0.978166 0.207826
    outer loop
      vertex -52 -24.3371 3.25436
      vertex -47.5 -24.235 2.77381
      vertex -52 -24.235 2.77381
    endloop
  endfacet
  facet normal 0 -0.309049 -0.951046
    outer loop
      vertex -52 -21.5114 5.79865
      vertex -47.5 -21.0442 5.64683
      vertex -47.5 -21.5114 5.79865
    endloop
  endfacet
  facet normal -0 -0.309049 -0.951046
    outer loop
      vertex -47.5 -21.0442 5.64683
      vertex -52 -21.5114 5.79865
      vertex -52 -21.0442 5.64683
    endloop
  endfacet
  facet normal 0 0.309049 -0.951046
    outer loop
      vertex -52 -22.9558 5.64683
      vertex -47.5 -22.4886 5.79865
      vertex -47.5 -22.9558 5.64683
    endloop
  endfacet
  facet normal 0 0.309049 -0.951046
    outer loop
      vertex -47.5 -22.4886 5.79865
      vertex -52 -22.9558 5.64683
      vertex -52 -22.4886 5.79865
    endloop
  endfacet
  facet normal 0 -0.913563 -0.406697
    outer loop
      vertex -52 -19.765 4.22619
      vertex -47.5 -19.9648 4.675
      vertex -52 -19.9648 4.675
    endloop
  endfacet
  facet normal 0 -0.913563 -0.406697
    outer loop
      vertex -47.5 -19.9648 4.675
      vertex -52 -19.765 4.22619
      vertex -47.5 -19.765 4.22619
    endloop
  endfacet
  facet normal 0 0.499966 -0.866045
    outer loop
      vertex -52 -23.3813 5.40119
      vertex -47.5 -22.9558 5.64683
      vertex -47.5 -23.3813 5.40119
    endloop
  endfacet
  facet normal 0 0.499966 -0.866045
    outer loop
      vertex -47.5 -22.9558 5.64683
      vertex -52 -23.3813 5.40119
      vertex -52 -22.9558 5.64683
    endloop
  endfacet
  facet normal 0 -0.309049 0.951046
    outer loop
      vertex -52 -21.0442 1.35317
      vertex -47.5 -21.5114 1.20135
      vertex -47.5 -21.0442 1.35317
    endloop
  endfacet
  facet normal 0 -0.309049 0.951046
    outer loop
      vertex -47.5 -21.5114 1.20135
      vertex -52 -21.0442 1.35317
      vertex -52 -21.5114 1.20135
    endloop
  endfacet
  facet normal 0 0.978166 -0.207826
    outer loop
      vertex -47.5 -24.3371 3.74564
      vertex -52 -24.235 4.22619
      vertex -47.5 -24.235 4.22619
    endloop
  endfacet
  facet normal 0 0.978166 -0.207826
    outer loop
      vertex -52 -24.235 4.22619
      vertex -47.5 -24.3371 3.74564
      vertex -52 -24.3371 3.74564
    endloop
  endfacet
  facet normal 0 0.104521 -0.994523
    outer loop
      vertex -52 -22.4886 5.79865
      vertex -47.5 -22 5.85
      vertex -47.5 -22.4886 5.79865
    endloop
  endfacet
  facet normal 0 0.104521 -0.994523
    outer loop
      vertex -47.5 -22 5.85
      vertex -52 -22.4886 5.79865
      vertex -52 -22 5.85
    endloop
  endfacet
  facet normal 0 -0.499966 -0.866045
    outer loop
      vertex -52 -21.0442 5.64683
      vertex -47.5 -20.6187 5.40119
      vertex -47.5 -21.0442 5.64683
    endloop
  endfacet
  facet normal -0 -0.499966 -0.866045
    outer loop
      vertex -47.5 -20.6187 5.40119
      vertex -52 -21.0442 5.64683
      vertex -52 -20.6187 5.40119
    endloop
  endfacet
  facet normal -0 0.499966 0.866045
    outer loop
      vertex -52 -22.9558 1.35317
      vertex -47.5 -23.3813 1.59881
      vertex -47.5 -22.9558 1.35317
    endloop
  endfacet
  facet normal 0 0.499966 0.866045
    outer loop
      vertex -47.5 -23.3813 1.59881
      vertex -52 -22.9558 1.35317
      vertex -52 -23.3813 1.59881
    endloop
  endfacet
  facet normal 0 -0.808989 0.587823
    outer loop
      vertex -52 -20.2536 1.92754
      vertex -47.5 -19.9648 2.325
      vertex -52 -19.9648 2.325
    endloop
  endfacet
  facet normal 0 -0.808989 0.587823
    outer loop
      vertex -47.5 -19.9648 2.325
      vertex -52 -20.2536 1.92754
      vertex -47.5 -20.2536 1.92754
    endloop
  endfacet
  facet normal 0 -0.808989 -0.587823
    outer loop
      vertex -52 -19.9648 4.675
      vertex -47.5 -20.2536 5.07246
      vertex -52 -20.2536 5.07246
    endloop
  endfacet
  facet normal 0 -0.808989 -0.587823
    outer loop
      vertex -47.5 -20.2536 5.07246
      vertex -52 -19.9648 4.675
      vertex -47.5 -19.9648 4.675
    endloop
  endfacet
  facet normal 0 -0.978166 -0.207826
    outer loop
      vertex -52 -19.6629 3.74564
      vertex -47.5 -19.765 4.22619
      vertex -52 -19.765 4.22619
    endloop
  endfacet
  facet normal 0 -0.978166 -0.207826
    outer loop
      vertex -47.5 -19.765 4.22619
      vertex -52 -19.6629 3.74564
      vertex -47.5 -19.6629 3.74564
    endloop
  endfacet
  facet normal 0 1 -0
    outer loop
      vertex -47.5 -24.3371 3.25436
      vertex -52 -24.3371 3.74564
      vertex -47.5 -24.3371 3.74564
    endloop
  endfacet
  facet normal 0 1 0
    outer loop
      vertex -52 -24.3371 3.74564
      vertex -47.5 -24.3371 3.25436
      vertex -52 -24.3371 3.25436
    endloop
  endfacet
  facet normal 0 -0.104521 -0.994523
    outer loop
      vertex -52 -22 5.85
      vertex -47.5 -21.5114 5.79865
      vertex -47.5 -22 5.85
    endloop
  endfacet
  facet normal -0 -0.104521 -0.994523
    outer loop
      vertex -47.5 -21.5114 5.79865
      vertex -52 -22 5.85
      vertex -52 -21.5114 5.79865
    endloop
  endfacet
  facet normal 0 0.913563 -0.406697
    outer loop
      vertex -47.5 -24.235 4.22619
      vertex -52 -24.0352 4.675
      vertex -47.5 -24.0352 4.675
    endloop
  endfacet
  facet normal 0 0.913563 -0.406697
    outer loop
      vertex -52 -24.0352 4.675
      vertex -47.5 -24.235 4.22619
      vertex -52 -24.235 4.22619
    endloop
  endfacet
  facet normal -0.951066 0 -0.308988
    outer loop
      vertex 24.2986 47.5 3.98859
      vertex 24.1468 52 4.45583
      vertex 24.2986 52 3.98859
    endloop
  endfacet
  facet normal -0.951066 -0 -0.308988
    outer loop
      vertex 24.1468 52 4.45583
      vertex 24.2986 47.5 3.98859
      vertex 24.1468 47.5 4.45583
    endloop
  endfacet
  facet normal -0.994512 0 -0.104623
    outer loop
      vertex 24.35 47.5 3.5
      vertex 24.2986 52 3.98859
      vertex 24.35 52 3.5
    endloop
  endfacet
  facet normal -0.994512 -0 -0.104623
    outer loop
      vertex 24.2986 52 3.98859
      vertex 24.35 47.5 3.5
      vertex 24.2986 47.5 3.98859
    endloop
  endfacet
  facet normal -0.951066 0 0.308988
    outer loop
      vertex 24.1468 47.5 2.54417
      vertex 24.2986 52 3.01141
      vertex 24.1468 52 2.54417
    endloop
  endfacet
  facet normal -0.951066 0 0.308988
    outer loop
      vertex 24.2986 52 3.01141
      vertex 24.1468 47.5 2.54417
      vertex 24.2986 47.5 3.01141
    endloop
  endfacet
  facet normal 0.994512 0 -0.104623
    outer loop
      vertex 19.7014 47.5 3.98859
      vertex 19.65 52 3.5
      vertex 19.7014 52 3.98859
    endloop
  endfacet
  facet normal 0.994512 0 -0.104623
    outer loop
      vertex 19.65 52 3.5
      vertex 19.7014 47.5 3.98859
      vertex 19.65 47.5 3.5
    endloop
  endfacet
  facet normal -0.406739 0 0.913544
    outer loop
      vertex 22.7262 52 1.26502
      vertex 23.175 47.5 1.46484
      vertex 23.175 52 1.46484
    endloop
  endfacet
  facet normal -0.406739 0 0.913544
    outer loop
      vertex 23.175 47.5 1.46484
      vertex 22.7262 52 1.26502
      vertex 22.7262 47.5 1.26502
    endloop
  endfacet
  facet normal -0.207903 0 0.97815
    outer loop
      vertex 22.2456 52 1.16287
      vertex 22.7262 47.5 1.26502
      vertex 22.7262 52 1.26502
    endloop
  endfacet
  facet normal -0.207903 0 0.97815
    outer loop
      vertex 22.7262 47.5 1.26502
      vertex 22.2456 52 1.16287
      vertex 22.2456 47.5 1.16287
    endloop
  endfacet
  facet normal -0.866065 0 -0.499931
    outer loop
      vertex 24.1468 47.5 4.45583
      vertex 23.9012 52 4.8813
      vertex 24.1468 52 4.45583
    endloop
  endfacet
  facet normal -0.866065 -0 -0.499931
    outer loop
      vertex 23.9012 52 4.8813
      vertex 24.1468 47.5 4.45583
      vertex 23.9012 47.5 4.8813
    endloop
  endfacet
  facet normal -0.743174 0 -0.669099
    outer loop
      vertex 23.9012 47.5 4.8813
      vertex 23.5725 52 5.24639
      vertex 23.9012 52 4.8813
    endloop
  endfacet
  facet normal -0.743174 -0 -0.669099
    outer loop
      vertex 23.5725 52 5.24639
      vertex 23.9012 47.5 4.8813
      vertex 23.5725 47.5 5.24639
    endloop
  endfacet
  facet normal 0.587744 0 -0.809047
    outer loop
      vertex 20.4275 47.5 5.24639
      vertex 20.825 52 5.53516
      vertex 20.825 47.5 5.53516
    endloop
  endfacet
  facet normal 0.587744 0 -0.809047
    outer loop
      vertex 20.825 52 5.53516
      vertex 20.4275 47.5 5.24639
      vertex 20.4275 52 5.24639
    endloop
  endfacet
  facet normal 0.951066 0 -0.308988
    outer loop
      vertex 19.8532 47.5 4.45583
      vertex 19.7014 52 3.98859
      vertex 19.8532 52 4.45583
    endloop
  endfacet
  facet normal 0.951066 0 -0.308988
    outer loop
      vertex 19.7014 52 3.98859
      vertex 19.8532 47.5 4.45583
      vertex 19.7014 47.5 3.98859
    endloop
  endfacet
  facet normal -0.207903 0 -0.97815
    outer loop
      vertex 22.2456 47.5 5.83713
      vertex 22.7262 52 5.73498
      vertex 22.7262 47.5 5.73498
    endloop
  endfacet
  facet normal -0.207903 0 -0.97815
    outer loop
      vertex 22.7262 52 5.73498
      vertex 22.2456 47.5 5.83713
      vertex 22.2456 52 5.83713
    endloop
  endfacet
  facet normal -0.587744 0 0.809047
    outer loop
      vertex 23.175 52 1.46484
      vertex 23.5725 47.5 1.75361
      vertex 23.5725 52 1.75361
    endloop
  endfacet
  facet normal -0.587744 0 0.809047
    outer loop
      vertex 23.5725 47.5 1.75361
      vertex 23.175 52 1.46484
      vertex 23.175 47.5 1.46484
    endloop
  endfacet
  facet normal 0.406739 0 -0.913544
    outer loop
      vertex 20.825 47.5 5.53516
      vertex 21.2738 52 5.73498
      vertex 21.2738 47.5 5.73498
    endloop
  endfacet
  facet normal 0.406739 0 -0.913544
    outer loop
      vertex 21.2738 52 5.73498
      vertex 20.825 47.5 5.53516
      vertex 20.825 52 5.53516
    endloop
  endfacet
  facet normal -0.994512 0 0.104623
    outer loop
      vertex 24.2986 47.5 3.01141
      vertex 24.35 52 3.5
      vertex 24.2986 52 3.01141
    endloop
  endfacet
  facet normal -0.994512 0 0.104623
    outer loop
      vertex 24.35 52 3.5
      vertex 24.2986 47.5 3.01141
      vertex 24.35 47.5 3.5
    endloop
  endfacet
  facet normal -0.743174 0 0.669099
    outer loop
      vertex 23.5725 47.5 1.75361
      vertex 23.9012 52 2.1187
      vertex 23.5725 52 1.75361
    endloop
  endfacet
  facet normal -0.743174 0 0.669099
    outer loop
      vertex 23.9012 52 2.1187
      vertex 23.5725 47.5 1.75361
      vertex 23.9012 47.5 2.1187
    endloop
  endfacet
  facet normal -0.406739 0 -0.913544
    outer loop
      vertex 22.7262 47.5 5.73498
      vertex 23.175 52 5.53516
      vertex 23.175 47.5 5.53516
    endloop
  endfacet
  facet normal -0.406739 0 -0.913544
    outer loop
      vertex 23.175 52 5.53516
      vertex 22.7262 47.5 5.73498
      vertex 22.7262 52 5.73498
    endloop
  endfacet
  facet normal 0.866065 -0 0.499931
    outer loop
      vertex 19.8532 47.5 2.54417
      vertex 20.0988 52 2.1187
      vertex 19.8532 52 2.54417
    endloop
  endfacet
  facet normal 0.866065 0 0.499931
    outer loop
      vertex 20.0988 52 2.1187
      vertex 19.8532 47.5 2.54417
      vertex 20.0988 47.5 2.1187
    endloop
  endfacet
  facet normal -0 0 1
    outer loop
      vertex 21.7544 52 1.16287
      vertex 22.2456 47.5 1.16287
      vertex 22.2456 52 1.16287
    endloop
  endfacet
  facet normal 0 0 1
    outer loop
      vertex 22.2456 47.5 1.16287
      vertex 21.7544 52 1.16287
      vertex 21.7544 47.5 1.16287
    endloop
  endfacet
  facet normal -0.866065 0 0.499931
    outer loop
      vertex 23.9012 47.5 2.1187
      vertex 24.1468 52 2.54417
      vertex 23.9012 52 2.1187
    endloop
  endfacet
  facet normal -0.866065 0 0.499931
    outer loop
      vertex 24.1468 52 2.54417
      vertex 23.9012 47.5 2.1187
      vertex 24.1468 47.5 2.54417
    endloop
  endfacet
  facet normal -0.587744 0 -0.809047
    outer loop
      vertex 23.175 47.5 5.53516
      vertex 23.5725 52 5.24639
      vertex 23.5725 47.5 5.24639
    endloop
  endfacet
  facet normal -0.587744 0 -0.809047
    outer loop
      vertex 23.5725 52 5.24639
      vertex 23.175 47.5 5.53516
      vertex 23.175 52 5.53516
    endloop
  endfacet
  facet normal 0 0 -1
    outer loop
      vertex 21.7544 47.5 5.83713
      vertex 22.2456 52 5.83713
      vertex 22.2456 47.5 5.83713
    endloop
  endfacet
  facet normal -0 0 -1
    outer loop
      vertex 22.2456 52 5.83713
      vertex 21.7544 47.5 5.83713
      vertex 21.7544 52 5.83713
    endloop
  endfacet
  facet normal 0.207903 0 -0.97815
    outer loop
      vertex 21.2738 47.5 5.73498
      vertex 21.7544 52 5.83713
      vertex 21.7544 47.5 5.83713
    endloop
  endfacet
  facet normal 0.207903 0 -0.97815
    outer loop
      vertex 21.7544 52 5.83713
      vertex 21.2738 47.5 5.73498
      vertex 21.2738 52 5.73498
    endloop
  endfacet
  facet normal 0.207903 0 0.97815
    outer loop
      vertex 21.2738 52 1.26502
      vertex 21.7544 47.5 1.16287
      vertex 21.7544 52 1.16287
    endloop
  endfacet
  facet normal 0.207903 0 0.97815
    outer loop
      vertex 21.7544 47.5 1.16287
      vertex 21.2738 52 1.26502
      vertex 21.2738 47.5 1.26502
    endloop
  endfacet
  facet normal 0.951066 -0 0.308988
    outer loop
      vertex 19.7014 47.5 3.01141
      vertex 19.8532 52 2.54417
      vertex 19.7014 52 3.01141
    endloop
  endfacet
  facet normal 0.951066 0 0.308988
    outer loop
      vertex 19.8532 52 2.54417
      vertex 19.7014 47.5 3.01141
      vertex 19.8532 47.5 2.54417
    endloop
  endfacet
  facet normal 0.743174 0 -0.669099
    outer loop
      vertex 20.4275 47.5 5.24639
      vertex 20.0988 52 4.8813
      vertex 20.4275 52 5.24639
    endloop
  endfacet
  facet normal 0.743174 0 -0.669099
    outer loop
      vertex 20.0988 52 4.8813
      vertex 20.4275 47.5 5.24639
      vertex 20.0988 47.5 4.8813
    endloop
  endfacet
  facet normal 0.743174 -0 0.669099
    outer loop
      vertex 20.0988 47.5 2.1187
      vertex 20.4275 52 1.75361
      vertex 20.0988 52 2.1187
    endloop
  endfacet
  facet normal 0.743174 0 0.669099
    outer loop
      vertex 20.4275 52 1.75361
      vertex 20.0988 47.5 2.1187
      vertex 20.4275 47.5 1.75361
    endloop
  endfacet
  facet normal 0.587744 0 0.809047
    outer loop
      vertex 20.4275 52 1.75361
      vertex 20.825 47.5 1.46484
      vertex 20.825 52 1.46484
    endloop
  endfacet
  facet normal 0.587744 0 0.809047
    outer loop
      vertex 20.825 47.5 1.46484
      vertex 20.4275 52 1.75361
      vertex 20.4275 47.5 1.75361
    endloop
  endfacet
  facet normal 0.994512 -0 0.104623
    outer loop
      vertex 19.65 47.5 3.5
      vertex 19.7014 52 3.01141
      vertex 19.65 52 3.5
    endloop
  endfacet
  facet normal 0.994512 0 0.104623
    outer loop
      vertex 19.7014 52 3.01141
      vertex 19.65 47.5 3.5
      vertex 19.7014 47.5 3.01141
    endloop
  endfacet
  facet normal 0.406739 0 0.913544
    outer loop
      vertex 20.825 52 1.46484
      vertex 21.2738 47.5 1.26502
      vertex 21.2738 52 1.26502
    endloop
  endfacet
  facet normal 0.406739 0 0.913544
    outer loop
      vertex 21.2738 47.5 1.26502
      vertex 20.825 52 1.46484
      vertex 20.825 47.5 1.46484
    endloop
  endfacet
  facet normal 0.866065 0 -0.499931
    outer loop
      vertex 20.0988 47.5 4.8813
      vertex 19.8532 52 4.45583
      vertex 20.0988 52 4.8813
    endloop
  endfacet
  facet normal 0.866065 0 -0.499931
    outer loop
      vertex 19.8532 52 4.45583
      vertex 20.0988 47.5 4.8813
      vertex 19.8532 47.5 4.45583
    endloop
  endfacet
  facet normal 0.743174 0 -0.669099
    outer loop
      vertex 20.4275 -52 5.24639
      vertex 20.0988 -47.5 4.8813
      vertex 20.4275 -47.5 5.24639
    endloop
  endfacet
  facet normal 0.743174 0 -0.669099
    outer loop
      vertex 20.0988 -47.5 4.8813
      vertex 20.4275 -52 5.24639
      vertex 20.0988 -52 4.8813
    endloop
  endfacet
  facet normal -0.951066 0 0.308988
    outer loop
      vertex 24.1468 -52 2.54417
      vertex 24.2986 -47.5 3.01141
      vertex 24.1468 -47.5 2.54417
    endloop
  endfacet
  facet normal -0.951066 0 0.308988
    outer loop
      vertex 24.2986 -47.5 3.01141
      vertex 24.1468 -52 2.54417
      vertex 24.2986 -52 3.01141
    endloop
  endfacet
  facet normal -0.994512 0 0.104623
    outer loop
      vertex 24.2986 -52 3.01141
      vertex 24.35 -47.5 3.5
      vertex 24.2986 -47.5 3.01141
    endloop
  endfacet
  facet normal -0.994512 0 0.104623
    outer loop
      vertex 24.35 -47.5 3.5
      vertex 24.2986 -52 3.01141
      vertex 24.35 -52 3.5
    endloop
  endfacet
  facet normal -0.866065 0 0.499931
    outer loop
      vertex 23.9012 -52 2.1187
      vertex 24.1468 -47.5 2.54417
      vertex 23.9012 -47.5 2.1187
    endloop
  endfacet
  facet normal -0.866065 0 0.499931
    outer loop
      vertex 24.1468 -47.5 2.54417
      vertex 23.9012 -52 2.1187
      vertex 24.1468 -52 2.54417
    endloop
  endfacet
  facet normal -0.951066 0 -0.308988
    outer loop
      vertex 24.2986 -52 3.98859
      vertex 24.1468 -47.5 4.45583
      vertex 24.2986 -47.5 3.98859
    endloop
  endfacet
  facet normal -0.951066 -0 -0.308988
    outer loop
      vertex 24.1468 -47.5 4.45583
      vertex 24.2986 -52 3.98859
      vertex 24.1468 -52 4.45583
    endloop
  endfacet
  facet normal 0.587744 0 0.809047
    outer loop
      vertex 20.4275 -47.5 1.75361
      vertex 20.825 -52 1.46484
      vertex 20.825 -47.5 1.46484
    endloop
  endfacet
  facet normal 0.587744 0 0.809047
    outer loop
      vertex 20.825 -52 1.46484
      vertex 20.4275 -47.5 1.75361
      vertex 20.4275 -52 1.75361
    endloop
  endfacet
  facet normal -0.587744 0 -0.809047
    outer loop
      vertex 23.175 -52 5.53516
      vertex 23.5725 -47.5 5.24639
      vertex 23.5725 -52 5.24639
    endloop
  endfacet
  facet normal -0.587744 0 -0.809047
    outer loop
      vertex 23.5725 -47.5 5.24639
      vertex 23.175 -52 5.53516
      vertex 23.175 -47.5 5.53516
    endloop
  endfacet
  facet normal -0.743174 0 -0.669099
    outer loop
      vertex 23.9012 -52 4.8813
      vertex 23.5725 -47.5 5.24639
      vertex 23.9012 -47.5 4.8813
    endloop
  endfacet
  facet normal -0.743174 -0 -0.669099
    outer loop
      vertex 23.5725 -47.5 5.24639
      vertex 23.9012 -52 4.8813
      vertex 23.5725 -52 5.24639
    endloop
  endfacet
  facet normal -0.994512 0 -0.104623
    outer loop
      vertex 24.35 -52 3.5
      vertex 24.2986 -47.5 3.98859
      vertex 24.35 -47.5 3.5
    endloop
  endfacet
  facet normal -0.994512 -0 -0.104623
    outer loop
      vertex 24.2986 -47.5 3.98859
      vertex 24.35 -52 3.5
      vertex 24.2986 -52 3.98859
    endloop
  endfacet
  facet normal 0.406739 0 -0.913544
    outer loop
      vertex 20.825 -52 5.53516
      vertex 21.2738 -47.5 5.73498
      vertex 21.2738 -52 5.73498
    endloop
  endfacet
  facet normal 0.406739 0 -0.913544
    outer loop
      vertex 21.2738 -47.5 5.73498
      vertex 20.825 -52 5.53516
      vertex 20.825 -47.5 5.53516
    endloop
  endfacet
  facet normal -0.406739 0 0.913544
    outer loop
      vertex 22.7262 -47.5 1.26502
      vertex 23.175 -52 1.46484
      vertex 23.175 -47.5 1.46484
    endloop
  endfacet
  facet normal -0.406739 0 0.913544
    outer loop
      vertex 23.175 -52 1.46484
      vertex 22.7262 -47.5 1.26502
      vertex 22.7262 -52 1.26502
    endloop
  endfacet
  facet normal -0.743174 0 0.669099
    outer loop
      vertex 23.5725 -52 1.75361
      vertex 23.9012 -47.5 2.1187
      vertex 23.5725 -47.5 1.75361
    endloop
  endfacet
  facet normal -0.743174 0 0.669099
    outer loop
      vertex 23.9012 -47.5 2.1187
      vertex 23.5725 -52 1.75361
      vertex 23.9012 -52 2.1187
    endloop
  endfacet
  facet normal 0.587744 0 -0.809047
    outer loop
      vertex 20.4275 -52 5.24639
      vertex 20.825 -47.5 5.53516
      vertex 20.825 -52 5.53516
    endloop
  endfacet
  facet normal 0.587744 0 -0.809047
    outer loop
      vertex 20.825 -47.5 5.53516
      vertex 20.4275 -52 5.24639
      vertex 20.4275 -47.5 5.24639
    endloop
  endfacet
  facet normal 0.743174 -0 0.669099
    outer loop
      vertex 20.0988 -52 2.1187
      vertex 20.4275 -47.5 1.75361
      vertex 20.0988 -47.5 2.1187
    endloop
  endfacet
  facet normal 0.743174 0 0.669099
    outer loop
      vertex 20.4275 -47.5 1.75361
      vertex 20.0988 -52 2.1187
      vertex 20.4275 -52 1.75361
    endloop
  endfacet
  facet normal -0 0 1
    outer loop
      vertex 21.7544 -47.5 1.16287
      vertex 22.2456 -52 1.16287
      vertex 22.2456 -47.5 1.16287
    endloop
  endfacet
  facet normal 0 0 1
    outer loop
      vertex 22.2456 -52 1.16287
      vertex 21.7544 -47.5 1.16287
      vertex 21.7544 -52 1.16287
    endloop
  endfacet
  facet normal -0.406739 0 -0.913544
    outer loop
      vertex 22.7262 -52 5.73498
      vertex 23.175 -47.5 5.53516
      vertex 23.175 -52 5.53516
    endloop
  endfacet
  facet normal -0.406739 0 -0.913544
    outer loop
      vertex 23.175 -47.5 5.53516
      vertex 22.7262 -52 5.73498
      vertex 22.7262 -47.5 5.73498
    endloop
  endfacet
  facet normal -0.207903 0 -0.97815
    outer loop
      vertex 22.2456 -52 5.83713
      vertex 22.7262 -47.5 5.73498
      vertex 22.7262 -52 5.73498
    endloop
  endfacet
  facet normal -0.207903 0 -0.97815
    outer loop
      vertex 22.7262 -47.5 5.73498
      vertex 22.2456 -52 5.83713
      vertex 22.2456 -47.5 5.83713
    endloop
  endfacet
  facet normal 0.951066 -0 0.308988
    outer loop
      vertex 19.7014 -52 3.01141
      vertex 19.8532 -47.5 2.54417
      vertex 19.7014 -47.5 3.01141
    endloop
  endfacet
  facet normal 0.951066 0 0.308988
    outer loop
      vertex 19.8532 -47.5 2.54417
      vertex 19.7014 -52 3.01141
      vertex 19.8532 -52 2.54417
    endloop
  endfacet
  facet normal 0.951066 0 -0.308988
    outer loop
      vertex 19.8532 -52 4.45583
      vertex 19.7014 -47.5 3.98859
      vertex 19.8532 -47.5 4.45583
    endloop
  endfacet
  facet normal 0.951066 0 -0.308988
    outer loop
      vertex 19.7014 -47.5 3.98859
      vertex 19.8532 -52 4.45583
      vertex 19.7014 -52 3.98859
    endloop
  endfacet
  facet normal 0.406739 0 0.913544
    outer loop
      vertex 20.825 -47.5 1.46484
      vertex 21.2738 -52 1.26502
      vertex 21.2738 -47.5 1.26502
    endloop
  endfacet
  facet normal 0.406739 0 0.913544
    outer loop
      vertex 21.2738 -52 1.26502
      vertex 20.825 -47.5 1.46484
      vertex 20.825 -52 1.46484
    endloop
  endfacet
  facet normal 0.207903 0 -0.97815
    outer loop
      vertex 21.2738 -52 5.73498
      vertex 21.7544 -47.5 5.83713
      vertex 21.7544 -52 5.83713
    endloop
  endfacet
  facet normal 0.207903 0 -0.97815
    outer loop
      vertex 21.7544 -47.5 5.83713
      vertex 21.2738 -52 5.73498
      vertex 21.2738 -47.5 5.73498
    endloop
  endfacet
  facet normal -0.207903 0 0.97815
    outer loop
      vertex 22.2456 -47.5 1.16287
      vertex 22.7262 -52 1.26502
      vertex 22.7262 -47.5 1.26502
    endloop
  endfacet
  facet normal -0.207903 0 0.97815
    outer loop
      vertex 22.7262 -52 1.26502
      vertex 22.2456 -47.5 1.16287
      vertex 22.2456 -52 1.16287
    endloop
  endfacet
  facet normal 0.994512 0 -0.104623
    outer loop
      vertex 19.7014 -52 3.98859
      vertex 19.65 -47.5 3.5
      vertex 19.7014 -47.5 3.98859
    endloop
  endfacet
  facet normal 0.994512 0 -0.104623
    outer loop
      vertex 19.65 -47.5 3.5
      vertex 19.7014 -52 3.98859
      vertex 19.65 -52 3.5
    endloop
  endfacet
  facet normal 0.994512 -0 0.104623
    outer loop
      vertex 19.65 -52 3.5
      vertex 19.7014 -47.5 3.01141
      vertex 19.65 -47.5 3.5
    endloop
  endfacet
  facet normal 0.994512 0 0.104623
    outer loop
      vertex 19.7014 -47.5 3.01141
      vertex 19.65 -52 3.5
      vertex 19.7014 -52 3.01141
    endloop
  endfacet
  facet normal 0.866065 0 -0.499931
    outer loop
      vertex 20.0988 -52 4.8813
      vertex 19.8532 -47.5 4.45583
      vertex 20.0988 -47.5 4.8813
    endloop
  endfacet
  facet normal 0.866065 0 -0.499931
    outer loop
      vertex 19.8532 -47.5 4.45583
      vertex 20.0988 -52 4.8813
      vertex 19.8532 -52 4.45583
    endloop
  endfacet
  facet normal 0.866065 -0 0.499931
    outer loop
      vertex 19.8532 -52 2.54417
      vertex 20.0988 -47.5 2.1187
      vertex 19.8532 -47.5 2.54417
    endloop
  endfacet
  facet normal 0.866065 0 0.499931
    outer loop
      vertex 20.0988 -47.5 2.1187
      vertex 19.8532 -52 2.54417
      vertex 20.0988 -52 2.1187
    endloop
  endfacet
  facet normal -0.866065 0 -0.499931
    outer loop
      vertex 24.1468 -52 4.45583
      vertex 23.9012 -47.5 4.8813
      vertex 24.1468 -47.5 4.45583
    endloop
  endfacet
  facet normal -0.866065 -0 -0.499931
    outer loop
      vertex 23.9012 -47.5 4.8813
      vertex 24.1468 -52 4.45583
      vertex 23.9012 -52 4.8813
    endloop
  endfacet
  facet normal -0.587744 0 0.809047
    outer loop
      vertex 23.175 -47.5 1.46484
      vertex 23.5725 -52 1.75361
      vertex 23.5725 -47.5 1.75361
    endloop
  endfacet
  facet normal -0.587744 0 0.809047
    outer loop
      vertex 23.5725 -52 1.75361
      vertex 23.175 -47.5 1.46484
      vertex 23.175 -52 1.46484
    endloop
  endfacet
  facet normal 0.207903 0 0.97815
    outer loop
      vertex 21.2738 -47.5 1.26502
      vertex 21.7544 -52 1.16287
      vertex 21.7544 -47.5 1.16287
    endloop
  endfacet
  facet normal 0.207903 0 0.97815
    outer loop
      vertex 21.7544 -52 1.16287
      vertex 21.2738 -47.5 1.26502
      vertex 21.2738 -52 1.26502
    endloop
  endfacet
  facet normal 0 0 -1
    outer loop
      vertex 21.7544 -52 5.83713
      vertex 22.2456 -47.5 5.83713
      vertex 22.2456 -52 5.83713
    endloop
  endfacet
  facet normal -0 0 -1
    outer loop
      vertex 22.2456 -47.5 5.83713
      vertex 21.7544 -52 5.83713
      vertex 21.7544 -47.5 5.83713
    endloop
  endfacet
  facet normal -0.951066 0 -0.308988
    outer loop
      vertex -19.7014 47.5 3.98859
      vertex -19.8532 52 4.45583
      vertex -19.7014 52 3.98859
    endloop
  endfacet
  facet normal -0.951066 -0 -0.308988
    outer loop
      vertex -19.8532 52 4.45583
      vertex -19.7014 47.5 3.98859
      vertex -19.8532 47.5 4.45583
    endloop
  endfacet
  facet normal -0.994512 0 -0.104623
    outer loop
      vertex -19.65 47.5 3.5
      vertex -19.7014 52 3.98859
      vertex -19.65 52 3.5
    endloop
  endfacet
  facet normal -0.994512 -0 -0.104623
    outer loop
      vertex -19.7014 52 3.98859
      vertex -19.65 47.5 3.5
      vertex -19.7014 47.5 3.98859
    endloop
  endfacet
  facet normal -0.951066 0 0.308988
    outer loop
      vertex -19.8532 47.5 2.54417
      vertex -19.7014 52 3.01141
      vertex -19.8532 52 2.54417
    endloop
  endfacet
  facet normal -0.951066 0 0.308988
    outer loop
      vertex -19.7014 52 3.01141
      vertex -19.8532 47.5 2.54417
      vertex -19.7014 47.5 3.01141
    endloop
  endfacet
  facet normal 0.994512 0 -0.104623
    outer loop
      vertex -24.2986 47.5 3.98859
      vertex -24.35 52 3.5
      vertex -24.2986 52 3.98859
    endloop
  endfacet
  facet normal 0.994512 0 -0.104623
    outer loop
      vertex -24.35 52 3.5
      vertex -24.2986 47.5 3.98859
      vertex -24.35 47.5 3.5
    endloop
  endfacet
  facet normal 0.406739 0 0.913544
    outer loop
      vertex -23.175 52 1.46484
      vertex -22.7262 47.5 1.26502
      vertex -22.7262 52 1.26502
    endloop
  endfacet
  facet normal 0.406739 0 0.913544
    outer loop
      vertex -22.7262 47.5 1.26502
      vertex -23.175 52 1.46484
      vertex -23.175 47.5 1.46484
    endloop
  endfacet
  facet normal -0.406739 0 0.913544
    outer loop
      vertex -21.2738 52 1.26502
      vertex -20.825 47.5 1.46484
      vertex -20.825 52 1.46484
    endloop
  endfacet
  facet normal -0.406739 0 0.913544
    outer loop
      vertex -20.825 47.5 1.46484
      vertex -21.2738 52 1.26502
      vertex -21.2738 47.5 1.26502
    endloop
  endfacet
  facet normal -0.207903 0 0.97815
    outer loop
      vertex -21.7544 52 1.16287
      vertex -21.2738 47.5 1.26502
      vertex -21.2738 52 1.26502
    endloop
  endfacet
  facet normal -0.207903 0 0.97815
    outer loop
      vertex -21.2738 47.5 1.26502
      vertex -21.7544 52 1.16287
      vertex -21.7544 47.5 1.16287
    endloop
  endfacet
  facet normal -0.866065 0 -0.499931
    outer loop
      vertex -19.8532 47.5 4.45583
      vertex -20.0988 52 4.8813
      vertex -19.8532 52 4.45583
    endloop
  endfacet
  facet normal -0.866065 -0 -0.499931
    outer loop
      vertex -20.0988 52 4.8813
      vertex -19.8532 47.5 4.45583
      vertex -20.0988 47.5 4.8813
    endloop
  endfacet
  facet normal -0.743174 0 -0.669099
    outer loop
      vertex -20.0988 47.5 4.8813
      vertex -20.4275 52 5.24639
      vertex -20.0988 52 4.8813
    endloop
  endfacet
  facet normal -0.743174 -0 -0.669099
    outer loop
      vertex -20.4275 52 5.24639
      vertex -20.0988 47.5 4.8813
      vertex -20.4275 47.5 5.24639
    endloop
  endfacet
  facet normal 0.587744 0 -0.809047
    outer loop
      vertex -23.5725 47.5 5.24639
      vertex -23.175 52 5.53516
      vertex -23.175 47.5 5.53516
    endloop
  endfacet
  facet normal 0.587744 0 -0.809047
    outer loop
      vertex -23.175 52 5.53516
      vertex -23.5725 47.5 5.24639
      vertex -23.5725 52 5.24639
    endloop
  endfacet
  facet normal 0.951066 0 -0.308988
    outer loop
      vertex -24.1468 47.5 4.45583
      vertex -24.2986 52 3.98859
      vertex -24.1468 52 4.45583
    endloop
  endfacet
  facet normal 0.951066 0 -0.308988
    outer loop
      vertex -24.2986 52 3.98859
      vertex -24.1468 47.5 4.45583
      vertex -24.2986 47.5 3.98859
    endloop
  endfacet
  facet normal -0.207903 0 -0.97815
    outer loop
      vertex -21.7544 47.5 5.83713
      vertex -21.2738 52 5.73498
      vertex -21.2738 47.5 5.73498
    endloop
  endfacet
  facet normal -0.207903 0 -0.97815
    outer loop
      vertex -21.2738 52 5.73498
      vertex -21.7544 47.5 5.83713
      vertex -21.7544 52 5.83713
    endloop
  endfacet
  facet normal -0.587744 0 0.809047
    outer loop
      vertex -20.825 52 1.46484
      vertex -20.4275 47.5 1.75361
      vertex -20.4275 52 1.75361
    endloop
  endfacet
  facet normal -0.587744 0 0.809047
    outer loop
      vertex -20.4275 47.5 1.75361
      vertex -20.825 52 1.46484
      vertex -20.825 47.5 1.46484
    endloop
  endfacet
  facet normal 0.406739 0 -0.913544
    outer loop
      vertex -23.175 47.5 5.53516
      vertex -22.7262 52 5.73498
      vertex -22.7262 47.5 5.73498
    endloop
  endfacet
  facet normal 0.406739 0 -0.913544
    outer loop
      vertex -22.7262 52 5.73498
      vertex -23.175 47.5 5.53516
      vertex -23.175 52 5.53516
    endloop
  endfacet
  facet normal -0.994512 0 0.104623
    outer loop
      vertex -19.7014 47.5 3.01141
      vertex -19.65 52 3.5
      vertex -19.7014 52 3.01141
    endloop
  endfacet
  facet normal -0.994512 0 0.104623
    outer loop
      vertex -19.65 52 3.5
      vertex -19.7014 47.5 3.01141
      vertex -19.65 47.5 3.5
    endloop
  endfacet
  facet normal -0.743174 0 0.669099
    outer loop
      vertex -20.4275 47.5 1.75361
      vertex -20.0988 52 2.1187
      vertex -20.4275 52 1.75361
    endloop
  endfacet
  facet normal -0.743174 0 0.669099
    outer loop
      vertex -20.0988 52 2.1187
      vertex -20.4275 47.5 1.75361
      vertex -20.0988 47.5 2.1187
    endloop
  endfacet
  facet normal -0.406739 0 -0.913544
    outer loop
      vertex -21.2738 47.5 5.73498
      vertex -20.825 52 5.53516
      vertex -20.825 47.5 5.53516
    endloop
  endfacet
  facet normal -0.406739 0 -0.913544
    outer loop
      vertex -20.825 52 5.53516
      vertex -21.2738 47.5 5.73498
      vertex -21.2738 52 5.73498
    endloop
  endfacet
  facet normal 0.866065 -0 0.499931
    outer loop
      vertex -24.1468 47.5 2.54417
      vertex -23.9012 52 2.1187
      vertex -24.1468 52 2.54417
    endloop
  endfacet
  facet normal 0.866065 0 0.499931
    outer loop
      vertex -23.9012 52 2.1187
      vertex -24.1468 47.5 2.54417
      vertex -23.9012 47.5 2.1187
    endloop
  endfacet
  facet normal -0 0 1
    outer loop
      vertex -22.2456 52 1.16287
      vertex -21.7544 47.5 1.16287
      vertex -21.7544 52 1.16287
    endloop
  endfacet
  facet normal 0 0 1
    outer loop
      vertex -21.7544 47.5 1.16287
      vertex -22.2456 52 1.16287
      vertex -22.2456 47.5 1.16287
    endloop
  endfacet
  facet normal -0.866065 0 0.499931
    outer loop
      vertex -20.0988 47.5 2.1187
      vertex -19.8532 52 2.54417
      vertex -20.0988 52 2.1187
    endloop
  endfacet
  facet normal -0.866065 0 0.499931
    outer loop
      vertex -19.8532 52 2.54417
      vertex -20.0988 47.5 2.1187
      vertex -19.8532 47.5 2.54417
    endloop
  endfacet
  facet normal -0.587744 0 -0.809047
    outer loop
      vertex -20.825 47.5 5.53516
      vertex -20.4275 52 5.24639
      vertex -20.4275 47.5 5.24639
    endloop
  endfacet
  facet normal -0.587744 0 -0.809047
    outer loop
      vertex -20.4275 52 5.24639
      vertex -20.825 47.5 5.53516
      vertex -20.825 52 5.53516
    endloop
  endfacet
  facet normal 0 0 -1
    outer loop
      vertex -22.2456 47.5 5.83713
      vertex -21.7544 52 5.83713
      vertex -21.7544 47.5 5.83713
    endloop
  endfacet
  facet normal -0 0 -1
    outer loop
      vertex -21.7544 52 5.83713
      vertex -22.2456 47.5 5.83713
      vertex -22.2456 52 5.83713
    endloop
  endfacet
  facet normal 0.207903 0 -0.97815
    outer loop
      vertex -22.7262 47.5 5.73498
      vertex -22.2456 52 5.83713
      vertex -22.2456 47.5 5.83713
    endloop
  endfacet
  facet normal 0.207903 0 -0.97815
    outer loop
      vertex -22.2456 52 5.83713
      vertex -22.7262 47.5 5.73498
      vertex -22.7262 52 5.73498
    endloop
  endfacet
  facet normal 0.207903 0 0.97815
    outer loop
      vertex -22.7262 52 1.26502
      vertex -22.2456 47.5 1.16287
      vertex -22.2456 52 1.16287
    endloop
  endfacet
  facet normal 0.207903 0 0.97815
    outer loop
      vertex -22.2456 47.5 1.16287
      vertex -22.7262 52 1.26502
      vertex -22.7262 47.5 1.26502
    endloop
  endfacet
  facet normal 0.951066 -0 0.308988
    outer loop
      vertex -24.2986 47.5 3.01141
      vertex -24.1468 52 2.54417
      vertex -24.2986 52 3.01141
    endloop
  endfacet
  facet normal 0.951066 0 0.308988
    outer loop
      vertex -24.1468 52 2.54417
      vertex -24.2986 47.5 3.01141
      vertex -24.1468 47.5 2.54417
    endloop
  endfacet
  facet normal 0.743174 0 -0.669099
    outer loop
      vertex -23.5725 47.5 5.24639
      vertex -23.9012 52 4.8813
      vertex -23.5725 52 5.24639
    endloop
  endfacet
  facet normal 0.743174 0 -0.669099
    outer loop
      vertex -23.9012 52 4.8813
      vertex -23.5725 47.5 5.24639
      vertex -23.9012 47.5 4.8813
    endloop
  endfacet
  facet normal 0.743174 -0 0.669099
    outer loop
      vertex -23.9012 47.5 2.1187
      vertex -23.5725 52 1.75361
      vertex -23.9012 52 2.1187
    endloop
  endfacet
  facet normal 0.743174 0 0.669099
    outer loop
      vertex -23.5725 52 1.75361
      vertex -23.9012 47.5 2.1187
      vertex -23.5725 47.5 1.75361
    endloop
  endfacet
  facet normal 0.587744 0 0.809047
    outer loop
      vertex -23.5725 52 1.75361
      vertex -23.175 47.5 1.46484
      vertex -23.175 52 1.46484
    endloop
  endfacet
  facet normal 0.587744 0 0.809047
    outer loop
      vertex -23.175 47.5 1.46484
      vertex -23.5725 52 1.75361
      vertex -23.5725 47.5 1.75361
    endloop
  endfacet
  facet normal 0.994512 -0 0.104623
    outer loop
      vertex -24.35 47.5 3.5
      vertex -24.2986 52 3.01141
      vertex -24.35 52 3.5
    endloop
  endfacet
  facet normal 0.994512 0 0.104623
    outer loop
      vertex -24.2986 52 3.01141
      vertex -24.35 47.5 3.5
      vertex -24.2986 47.5 3.01141
    endloop
  endfacet
  facet normal 0.866065 0 -0.499931
    outer loop
      vertex -23.9012 47.5 4.8813
      vertex -24.1468 52 4.45583
      vertex -23.9012 52 4.8813
    endloop
  endfacet
  facet normal 0.866065 0 -0.499931
    outer loop
      vertex -24.1468 52 4.45583
      vertex -23.9012 47.5 4.8813
      vertex -24.1468 47.5 4.45583
    endloop
  endfacet
  facet normal 0.743174 0 -0.669099
    outer loop
      vertex -23.5725 -52 5.24639
      vertex -23.9012 -47.5 4.8813
      vertex -23.5725 -47.5 5.24639
    endloop
  endfacet
  facet normal 0.743174 0 -0.669099
    outer loop
      vertex -23.9012 -47.5 4.8813
      vertex -23.5725 -52 5.24639
      vertex -23.9012 -52 4.8813
    endloop
  endfacet
  facet normal -0.951066 0 0.308988
    outer loop
      vertex -19.8532 -52 2.54417
      vertex -19.7014 -47.5 3.01141
      vertex -19.8532 -47.5 2.54417
    endloop
  endfacet
  facet normal -0.951066 0 0.308988
    outer loop
      vertex -19.7014 -47.5 3.01141
      vertex -19.8532 -52 2.54417
      vertex -19.7014 -52 3.01141
    endloop
  endfacet
  facet normal -0.994512 0 0.104623
    outer loop
      vertex -19.7014 -52 3.01141
      vertex -19.65 -47.5 3.5
      vertex -19.7014 -47.5 3.01141
    endloop
  endfacet
  facet normal -0.994512 0 0.104623
    outer loop
      vertex -19.65 -47.5 3.5
      vertex -19.7014 -52 3.01141
      vertex -19.65 -52 3.5
    endloop
  endfacet
  facet normal -0.866065 0 0.499931
    outer loop
      vertex -20.0988 -52 2.1187
      vertex -19.8532 -47.5 2.54417
      vertex -20.0988 -47.5 2.1187
    endloop
  endfacet
  facet normal -0.866065 0 0.499931
    outer loop
      vertex -19.8532 -47.5 2.54417
      vertex -20.0988 -52 2.1187
      vertex -19.8532 -52 2.54417
    endloop
  endfacet
  facet normal -0.951066 0 -0.308988
    outer loop
      vertex -19.7014 -52 3.98859
      vertex -19.8532 -47.5 4.45583
      vertex -19.7014 -47.5 3.98859
    endloop
  endfacet
  facet normal -0.951066 -0 -0.308988
    outer loop
      vertex -19.8532 -47.5 4.45583
      vertex -19.7014 -52 3.98859
      vertex -19.8532 -52 4.45583
    endloop
  endfacet
  facet normal 0.587744 0 0.809047
    outer loop
      vertex -23.5725 -47.5 1.75361
      vertex -23.175 -52 1.46484
      vertex -23.175 -47.5 1.46484
    endloop
  endfacet
  facet normal 0.587744 0 0.809047
    outer loop
      vertex -23.175 -52 1.46484
      vertex -23.5725 -47.5 1.75361
      vertex -23.5725 -52 1.75361
    endloop
  endfacet
  facet normal -0.587744 0 -0.809047
    outer loop
      vertex -20.825 -52 5.53516
      vertex -20.4275 -47.5 5.24639
      vertex -20.4275 -52 5.24639
    endloop
  endfacet
  facet normal -0.587744 0 -0.809047
    outer loop
      vertex -20.4275 -47.5 5.24639
      vertex -20.825 -52 5.53516
      vertex -20.825 -47.5 5.53516
    endloop
  endfacet
  facet normal -0.743174 0 -0.669099
    outer loop
      vertex -20.0988 -52 4.8813
      vertex -20.4275 -47.5 5.24639
      vertex -20.0988 -47.5 4.8813
    endloop
  endfacet
  facet normal -0.743174 -0 -0.669099
    outer loop
      vertex -20.4275 -47.5 5.24639
      vertex -20.0988 -52 4.8813
      vertex -20.4275 -52 5.24639
    endloop
  endfacet
  facet normal -0.994512 0 -0.104623
    outer loop
      vertex -19.65 -52 3.5
      vertex -19.7014 -47.5 3.98859
      vertex -19.65 -47.5 3.5
    endloop
  endfacet
  facet normal -0.994512 -0 -0.104623
    outer loop
      vertex -19.7014 -47.5 3.98859
      vertex -19.65 -52 3.5
      vertex -19.7014 -52 3.98859
    endloop
  endfacet
  facet normal 0.406739 0 -0.913544
    outer loop
      vertex -23.175 -52 5.53516
      vertex -22.7262 -47.5 5.73498
      vertex -22.7262 -52 5.73498
    endloop
  endfacet
  facet normal 0.406739 0 -0.913544
    outer loop
      vertex -22.7262 -47.5 5.73498
      vertex -23.175 -52 5.53516
      vertex -23.175 -47.5 5.53516
    endloop
  endfacet
  facet normal -0.406739 0 0.913544
    outer loop
      vertex -21.2738 -47.5 1.26502
      vertex -20.825 -52 1.46484
      vertex -20.825 -47.5 1.46484
    endloop
  endfacet
  facet normal -0.406739 0 0.913544
    outer loop
      vertex -20.825 -52 1.46484
      vertex -21.2738 -47.5 1.26502
      vertex -21.2738 -52 1.26502
    endloop
  endfacet
  facet normal -0.743174 0 0.669099
    outer loop
      vertex -20.4275 -52 1.75361
      vertex -20.0988 -47.5 2.1187
      vertex -20.4275 -47.5 1.75361
    endloop
  endfacet
  facet normal -0.743174 0 0.669099
    outer loop
      vertex -20.0988 -47.5 2.1187
      vertex -20.4275 -52 1.75361
      vertex -20.0988 -52 2.1187
    endloop
  endfacet
  facet normal 0.587744 0 -0.809047
    outer loop
      vertex -23.5725 -52 5.24639
      vertex -23.175 -47.5 5.53516
      vertex -23.175 -52 5.53516
    endloop
  endfacet
  facet normal 0.587744 0 -0.809047
    outer loop
      vertex -23.175 -47.5 5.53516
      vertex -23.5725 -52 5.24639
      vertex -23.5725 -47.5 5.24639
    endloop
  endfacet
  facet normal 0.743174 -0 0.669099
    outer loop
      vertex -23.9012 -52 2.1187
      vertex -23.5725 -47.5 1.75361
      vertex -23.9012 -47.5 2.1187
    endloop
  endfacet
  facet normal 0.743174 0 0.669099
    outer loop
      vertex -23.5725 -47.5 1.75361
      vertex -23.9012 -52 2.1187
      vertex -23.5725 -52 1.75361
    endloop
  endfacet
  facet normal -0 0 1
    outer loop
      vertex -22.2456 -47.5 1.16287
      vertex -21.7544 -52 1.16287
      vertex -21.7544 -47.5 1.16287
    endloop
  endfacet
  facet normal 0 0 1
    outer loop
      vertex -21.7544 -52 1.16287
      vertex -22.2456 -47.5 1.16287
      vertex -22.2456 -52 1.16287
    endloop
  endfacet
  facet normal -0.406739 0 -0.913544
    outer loop
      vertex -21.2738 -52 5.73498
      vertex -20.825 -47.5 5.53516
      vertex -20.825 -52 5.53516
    endloop
  endfacet
  facet normal -0.406739 0 -0.913544
    outer loop
      vertex -20.825 -47.5 5.53516
      vertex -21.2738 -52 5.73498
      vertex -21.2738 -47.5 5.73498
    endloop
  endfacet
  facet normal -0.207903 0 -0.97815
    outer loop
      vertex -21.7544 -52 5.83713
      vertex -21.2738 -47.5 5.73498
      vertex -21.2738 -52 5.73498
    endloop
  endfacet
  facet normal -0.207903 0 -0.97815
    outer loop
      vertex -21.2738 -47.5 5.73498
      vertex -21.7544 -52 5.83713
      vertex -21.7544 -47.5 5.83713
    endloop
  endfacet
  facet normal 0.951066 -0 0.308988
    outer loop
      vertex -24.2986 -52 3.01141
      vertex -24.1468 -47.5 2.54417
      vertex -24.2986 -47.5 3.01141
    endloop
  endfacet
  facet normal 0.951066 0 0.308988
    outer loop
      vertex -24.1468 -47.5 2.54417
      vertex -24.2986 -52 3.01141
      vertex -24.1468 -52 2.54417
    endloop
  endfacet
  facet normal 0.951066 0 -0.308988
    outer loop
      vertex -24.1468 -52 4.45583
      vertex -24.2986 -47.5 3.98859
      vertex -24.1468 -47.5 4.45583
    endloop
  endfacet
  facet normal 0.951066 0 -0.308988
    outer loop
      vertex -24.2986 -47.5 3.98859
      vertex -24.1468 -52 4.45583
      vertex -24.2986 -52 3.98859
    endloop
  endfacet
  facet normal 0.406739 0 0.913544
    outer loop
      vertex -23.175 -47.5 1.46484
      vertex -22.7262 -52 1.26502
      vertex -22.7262 -47.5 1.26502
    endloop
  endfacet
  facet normal 0.406739 0 0.913544
    outer loop
      vertex -22.7262 -52 1.26502
      vertex -23.175 -47.5 1.46484
      vertex -23.175 -52 1.46484
    endloop
  endfacet
  facet normal 0.207903 0 -0.97815
    outer loop
      vertex -22.7262 -52 5.73498
      vertex -22.2456 -47.5 5.83713
      vertex -22.2456 -52 5.83713
    endloop
  endfacet
  facet normal 0.207903 0 -0.97815
    outer loop
      vertex -22.2456 -47.5 5.83713
      vertex -22.7262 -52 5.73498
      vertex -22.7262 -47.5 5.73498
    endloop
  endfacet
  facet normal -0.207903 0 0.97815
    outer loop
      vertex -21.7544 -47.5 1.16287
      vertex -21.2738 -52 1.26502
      vertex -21.2738 -47.5 1.26502
    endloop
  endfacet
  facet normal -0.207903 0 0.97815
    outer loop
      vertex -21.2738 -52 1.26502
      vertex -21.7544 -47.5 1.16287
      vertex -21.7544 -52 1.16287
    endloop
  endfacet
  facet normal 0.994512 0 -0.104623
    outer loop
      vertex -24.2986 -52 3.98859
      vertex -24.35 -47.5 3.5
      vertex -24.2986 -47.5 3.98859
    endloop
  endfacet
  facet normal 0.994512 0 -0.104623
    outer loop
      vertex -24.35 -47.5 3.5
      vertex -24.2986 -52 3.98859
      vertex -24.35 -52 3.5
    endloop
  endfacet
  facet normal 0.994512 -0 0.104623
    outer loop
      vertex -24.35 -52 3.5
      vertex -24.2986 -47.5 3.01141
      vertex -24.35 -47.5 3.5
    endloop
  endfacet
  facet normal 0.994512 0 0.104623
    outer loop
      vertex -24.2986 -47.5 3.01141
      vertex -24.35 -52 3.5
      vertex -24.2986 -52 3.01141
    endloop
  endfacet
  facet normal 0.866065 0 -0.499931
    outer loop
      vertex -23.9012 -52 4.8813
      vertex -24.1468 -47.5 4.45583
      vertex -23.9012 -47.5 4.8813
    endloop
  endfacet
  facet normal 0.866065 0 -0.499931
    outer loop
      vertex -24.1468 -47.5 4.45583
      vertex -23.9012 -52 4.8813
      vertex -24.1468 -52 4.45583
    endloop
  endfacet
  facet normal 0.866065 -0 0.499931
    outer loop
      vertex -24.1468 -52 2.54417
      vertex -23.9012 -47.5 2.1187
      vertex -24.1468 -47.5 2.54417
    endloop
  endfacet
  facet normal 0.866065 0 0.499931
    outer loop
      vertex -23.9012 -47.5 2.1187
      vertex -24.1468 -52 2.54417
      vertex -23.9012 -52 2.1187
    endloop
  endfacet
  facet normal -0.866065 0 -0.499931
    outer loop
      vertex -19.8532 -52 4.45583
      vertex -20.0988 -47.5 4.8813
      vertex -19.8532 -47.5 4.45583
    endloop
  endfacet
  facet normal -0.866065 -0 -0.499931
    outer loop
      vertex -20.0988 -47.5 4.8813
      vertex -19.8532 -52 4.45583
      vertex -20.0988 -52 4.8813
    endloop
  endfacet
  facet normal -0.587744 0 0.809047
    outer loop
      vertex -20.825 -47.5 1.46484
      vertex -20.4275 -52 1.75361
      vertex -20.4275 -47.5 1.75361
    endloop
  endfacet
  facet normal -0.587744 0 0.809047
    outer loop
      vertex -20.4275 -52 1.75361
      vertex -20.825 -47.5 1.46484
      vertex -20.825 -52 1.46484
    endloop
  endfacet
  facet normal 0.207903 0 0.97815
    outer loop
      vertex -22.7262 -47.5 1.26502
      vertex -22.2456 -52 1.16287
      vertex -22.2456 -47.5 1.16287
    endloop
  endfacet
  facet normal 0.207903 0 0.97815
    outer loop
      vertex -22.2456 -52 1.16287
      vertex -22.7262 -47.5 1.26502
      vertex -22.7262 -52 1.26502
    endloop
  endfacet
  facet normal 0 0 -1
    outer loop
      vertex -22.2456 -52 5.83713
      vertex -21.7544 -47.5 5.83713
      vertex -21.7544 -52 5.83713
    endloop
  endfacet
  facet normal -0 0 -1
    outer loop
      vertex -21.7544 -47.5 5.83713
      vertex -22.2456 -52 5.83713
      vertex -22.2456 -47.5 5.83713
    endloop
  endfacet
  facet normal 0 0.309049 -0.951046
    outer loop
      vertex 46.5 39.0442 5.64683
      vertex 47 39.5114 5.79865
      vertex 47 39.0442 5.64683
    endloop
  endfacet
  facet normal 0 0.309049 -0.951046
    outer loop
      vertex 47 39.5114 5.79865
      vertex 46.5 39.0442 5.64683
      vertex 46.5 39.5114 5.79865
    endloop
  endfacet
  facet normal 0 0.309049 -0.951046
    outer loop
      vertex 47.5 39.0442 5.64683
      vertex 52 39.5114 5.79865
      vertex 52 39.0442 5.64683
    endloop
  endfacet
  facet normal 0 0.309049 -0.951046
    outer loop
      vertex 52 39.5114 5.79865
      vertex 47.5 39.0442 5.64683
      vertex 47.5 39.5114 5.79865
    endloop
  endfacet
  facet normal 0 -0.104521 0.994523
    outer loop
      vertex 47.5 40.4886 1.20135
      vertex 52 40 1.15
      vertex 52 40.4886 1.20135
    endloop
  endfacet
  facet normal 0 -0.104521 0.994523
    outer loop
      vertex 52 40 1.15
      vertex 47.5 40.4886 1.20135
      vertex 47.5 40 1.15
    endloop
  endfacet
  facet normal 0 -0.104521 0.994523
    outer loop
      vertex 46.5 40.4886 1.20135
      vertex 47 40 1.15
      vertex 47 40.4886 1.20135
    endloop
  endfacet
  facet normal 0 -0.104521 0.994523
    outer loop
      vertex 47 40 1.15
      vertex 46.5 40.4886 1.20135
      vertex 46.5 40 1.15
    endloop
  endfacet
  facet normal 0 0.913563 -0.406697
    outer loop
      vertex 52 37.765 4.22619
      vertex 47.5 37.9648 4.675
      vertex 52 37.9648 4.675
    endloop
  endfacet
  facet normal 0 0.913563 -0.406697
    outer loop
      vertex 47.5 37.9648 4.675
      vertex 52 37.765 4.22619
      vertex 47.5 37.765 4.22619
    endloop
  endfacet
  facet normal 0 0.913563 -0.406697
    outer loop
      vertex 47 37.765 4.22619
      vertex 46.5 37.9648 4.675
      vertex 47 37.9648 4.675
    endloop
  endfacet
  facet normal 0 0.913563 -0.406697
    outer loop
      vertex 46.5 37.9648 4.675
      vertex 47 37.765 4.22619
      vertex 46.5 37.765 4.22619
    endloop
  endfacet
  facet normal 0 0.978166 -0.207826
    outer loop
      vertex 52 37.6629 3.74564
      vertex 47.5 37.765 4.22619
      vertex 52 37.765 4.22619
    endloop
  endfacet
  facet normal 0 0.978166 -0.207826
    outer loop
      vertex 47.5 37.765 4.22619
      vertex 52 37.6629 3.74564
      vertex 47.5 37.6629 3.74564
    endloop
  endfacet
  facet normal 0 0.978166 -0.207826
    outer loop
      vertex 47 37.6629 3.74564
      vertex 46.5 37.765 4.22619
      vertex 47 37.765 4.22619
    endloop
  endfacet
  facet normal 0 0.978166 -0.207826
    outer loop
      vertex 46.5 37.765 4.22619
      vertex 47 37.6629 3.74564
      vertex 46.5 37.6629 3.74564
    endloop
  endfacet
  facet normal 0 -0.104521 -0.994523
    outer loop
      vertex 47.5 40 5.85
      vertex 52 40.4886 5.79865
      vertex 52 40 5.85
    endloop
  endfacet
  facet normal -0 -0.104521 -0.994523
    outer loop
      vertex 52 40.4886 5.79865
      vertex 47.5 40 5.85
      vertex 47.5 40.4886 5.79865
    endloop
  endfacet
  facet normal 0 -0.104521 -0.994523
    outer loop
      vertex 46.5 40 5.85
      vertex 47 40.4886 5.79865
      vertex 47 40 5.85
    endloop
  endfacet
  facet normal -0 -0.104521 -0.994523
    outer loop
      vertex 47 40.4886 5.79865
      vertex 46.5 40 5.85
      vertex 46.5 40.4886 5.79865
    endloop
  endfacet
  facet normal 0 -0.978166 -0.207826
    outer loop
      vertex 47.5 42.3371 3.74564
      vertex 52 42.235 4.22619
      vertex 47.5 42.235 4.22619
    endloop
  endfacet
  facet normal 0 -0.978166 -0.207826
    outer loop
      vertex 52 42.235 4.22619
      vertex 47.5 42.3371 3.74564
      vertex 52 42.3371 3.74564
    endloop
  endfacet
  facet normal 0 -0.978166 -0.207826
    outer loop
      vertex 46.5 42.3371 3.74564
      vertex 47 42.235 4.22619
      vertex 46.5 42.235 4.22619
    endloop
  endfacet
  facet normal 0 -0.978166 -0.207826
    outer loop
      vertex 47 42.235 4.22619
      vertex 46.5 42.3371 3.74564
      vertex 47 42.3371 3.74564
    endloop
  endfacet
  facet normal 0 -0.499966 -0.866045
    outer loop
      vertex 46.5 40.9558 5.64683
      vertex 47 41.3813 5.40119
      vertex 47 40.9558 5.64683
    endloop
  endfacet
  facet normal -0 -0.499966 -0.866045
    outer loop
      vertex 47 41.3813 5.40119
      vertex 46.5 40.9558 5.64683
      vertex 46.5 41.3813 5.40119
    endloop
  endfacet
  facet normal 0 -0.499966 -0.866045
    outer loop
      vertex 47.5 40.9558 5.64683
      vertex 52 41.3813 5.40119
      vertex 52 40.9558 5.64683
    endloop
  endfacet
  facet normal -0 -0.499966 -0.866045
    outer loop
      vertex 52 41.3813 5.40119
      vertex 47.5 40.9558 5.64683
      vertex 47.5 41.3813 5.40119
    endloop
  endfacet
  facet normal 0 -0.808989 0.587823
    outer loop
      vertex 46.5 41.7464 1.92754
      vertex 47 42.0352 2.325
      vertex 46.5 42.0352 2.325
    endloop
  endfacet
  facet normal 0 -0.808989 0.587823
    outer loop
      vertex 47 42.0352 2.325
      vertex 46.5 41.7464 1.92754
      vertex 47 41.7464 1.92754
    endloop
  endfacet
  facet normal 0 -0.808989 0.587823
    outer loop
      vertex 47.5 41.7464 1.92754
      vertex 52 42.0352 2.325
      vertex 47.5 42.0352 2.325
    endloop
  endfacet
  facet normal 0 -0.808989 0.587823
    outer loop
      vertex 52 42.0352 2.325
      vertex 47.5 41.7464 1.92754
      vertex 52 41.7464 1.92754
    endloop
  endfacet
  facet normal 0 -0.309049 0.951046
    outer loop
      vertex 47.5 40.9558 1.35317
      vertex 52 40.4886 1.20135
      vertex 52 40.9558 1.35317
    endloop
  endfacet
  facet normal 0 -0.309049 0.951046
    outer loop
      vertex 52 40.4886 1.20135
      vertex 47.5 40.9558 1.35317
      vertex 47.5 40.4886 1.20135
    endloop
  endfacet
  facet normal 0 -0.309049 0.951046
    outer loop
      vertex 46.5 40.9558 1.35317
      vertex 47 40.4886 1.20135
      vertex 47 40.9558 1.35317
    endloop
  endfacet
  facet normal 0 -0.309049 0.951046
    outer loop
      vertex 47 40.4886 1.20135
      vertex 46.5 40.9558 1.35317
      vertex 46.5 40.4886 1.20135
    endloop
  endfacet
  facet normal 0 -0.808989 -0.587823
    outer loop
      vertex 46.5 42.0352 4.675
      vertex 47 41.7464 5.07246
      vertex 46.5 41.7464 5.07246
    endloop
  endfacet
  facet normal 0 -0.808989 -0.587823
    outer loop
      vertex 47 41.7464 5.07246
      vertex 46.5 42.0352 4.675
      vertex 47 42.0352 4.675
    endloop
  endfacet
  facet normal 0 -0.808989 -0.587823
    outer loop
      vertex 47.5 42.0352 4.675
      vertex 52 41.7464 5.07246
      vertex 47.5 41.7464 5.07246
    endloop
  endfacet
  facet normal 0 -0.808989 -0.587823
    outer loop
      vertex 52 41.7464 5.07246
      vertex 47.5 42.0352 4.675
      vertex 52 42.0352 4.675
    endloop
  endfacet
  facet normal 0 0.808989 0.587823
    outer loop
      vertex 52 38.2536 1.92754
      vertex 47.5 37.9648 2.325
      vertex 52 37.9648 2.325
    endloop
  endfacet
  facet normal 0 0.808989 0.587823
    outer loop
      vertex 47.5 37.9648 2.325
      vertex 52 38.2536 1.92754
      vertex 47.5 38.2536 1.92754
    endloop
  endfacet
  facet normal 0 0.808989 0.587823
    outer loop
      vertex 47 38.2536 1.92754
      vertex 46.5 37.9648 2.325
      vertex 47 37.9648 2.325
    endloop
  endfacet
  facet normal 0 0.808989 0.587823
    outer loop
      vertex 46.5 37.9648 2.325
      vertex 47 38.2536 1.92754
      vertex 46.5 38.2536 1.92754
    endloop
  endfacet
  facet normal 0 0.808989 -0.587823
    outer loop
      vertex 52 37.9648 4.675
      vertex 47.5 38.2536 5.07246
      vertex 52 38.2536 5.07246
    endloop
  endfacet
  facet normal 0 0.808989 -0.587823
    outer loop
      vertex 47.5 38.2536 5.07246
      vertex 52 37.9648 4.675
      vertex 47.5 37.9648 4.675
    endloop
  endfacet
  facet normal 0 0.808989 -0.587823
    outer loop
      vertex 47 37.9648 4.675
      vertex 46.5 38.2536 5.07246
      vertex 47 38.2536 5.07246
    endloop
  endfacet
  facet normal 0 0.808989 -0.587823
    outer loop
      vertex 46.5 38.2536 5.07246
      vertex 47 37.9648 4.675
      vertex 46.5 37.9648 4.675
    endloop
  endfacet
  facet normal 0 -0.913563 0.406697
    outer loop
      vertex 46.5 42.0352 2.325
      vertex 47 42.235 2.77381
      vertex 46.5 42.235 2.77381
    endloop
  endfacet
  facet normal 0 -0.913563 0.406697
    outer loop
      vertex 47 42.235 2.77381
      vertex 46.5 42.0352 2.325
      vertex 47 42.0352 2.325
    endloop
  endfacet
  facet normal 0 -0.913563 0.406697
    outer loop
      vertex 47.5 42.0352 2.325
      vertex 52 42.235 2.77381
      vertex 47.5 42.235 2.77381
    endloop
  endfacet
  facet normal 0 -0.913563 0.406697
    outer loop
      vertex 52 42.235 2.77381
      vertex 47.5 42.0352 2.325
      vertex 52 42.0352 2.325
    endloop
  endfacet
  facet normal 0 0.104521 -0.994523
    outer loop
      vertex 47.5 39.5114 5.79865
      vertex 52 40 5.85
      vertex 52 39.5114 5.79865
    endloop
  endfacet
  facet normal 0 0.104521 -0.994523
    outer loop
      vertex 52 40 5.85
      vertex 47.5 39.5114 5.79865
      vertex 47.5 40 5.85
    endloop
  endfacet
  facet normal 0 0.104521 -0.994523
    outer loop
      vertex 46.5 39.5114 5.79865
      vertex 47 40 5.85
      vertex 47 39.5114 5.79865
    endloop
  endfacet
  facet normal 0 0.104521 -0.994523
    outer loop
      vertex 47 40 5.85
      vertex 46.5 39.5114 5.79865
      vertex 46.5 40 5.85
    endloop
  endfacet
  facet normal 0 0.978166 0.207826
    outer loop
      vertex 52 37.765 2.77381
      vertex 47.5 37.6629 3.25436
      vertex 52 37.6629 3.25436
    endloop
  endfacet
  facet normal 0 0.978166 0.207826
    outer loop
      vertex 47.5 37.6629 3.25436
      vertex 52 37.765 2.77381
      vertex 47.5 37.765 2.77381
    endloop
  endfacet
  facet normal 0 0.978166 0.207826
    outer loop
      vertex 47 37.765 2.77381
      vertex 46.5 37.6629 3.25436
      vertex 47 37.6629 3.25436
    endloop
  endfacet
  facet normal 0 0.978166 0.207826
    outer loop
      vertex 46.5 37.6629 3.25436
      vertex 47 37.765 2.77381
      vertex 46.5 37.765 2.77381
    endloop
  endfacet
  facet normal 0 -0.309049 -0.951046
    outer loop
      vertex 47.5 40.4886 5.79865
      vertex 52 40.9558 5.64683
      vertex 52 40.4886 5.79865
    endloop
  endfacet
  facet normal -0 -0.309049 -0.951046
    outer loop
      vertex 52 40.9558 5.64683
      vertex 47.5 40.4886 5.79865
      vertex 47.5 40.9558 5.64683
    endloop
  endfacet
  facet normal 0 -0.309049 -0.951046
    outer loop
      vertex 46.5 40.4886 5.79865
      vertex 47 40.9558 5.64683
      vertex 47 40.4886 5.79865
    endloop
  endfacet
  facet normal -0 -0.309049 -0.951046
    outer loop
      vertex 47 40.9558 5.64683
      vertex 46.5 40.4886 5.79865
      vertex 46.5 40.9558 5.64683
    endloop
  endfacet
  facet normal 0 0.669122 -0.743152
    outer loop
      vertex 46.5 38.2536 5.07246
      vertex 47 38.6187 5.40119
      vertex 47 38.2536 5.07246
    endloop
  endfacet
  facet normal 0 0.669122 -0.743152
    outer loop
      vertex 47 38.6187 5.40119
      vertex 46.5 38.2536 5.07246
      vertex 46.5 38.6187 5.40119
    endloop
  endfacet
  facet normal 0 0.669122 -0.743152
    outer loop
      vertex 47.5 38.2536 5.07246
      vertex 52 38.6187 5.40119
      vertex 52 38.2536 5.07246
    endloop
  endfacet
  facet normal 0 0.669122 -0.743152
    outer loop
      vertex 52 38.6187 5.40119
      vertex 47.5 38.2536 5.07246
      vertex 47.5 38.6187 5.40119
    endloop
  endfacet
  facet normal 0 -0.913563 -0.406697
    outer loop
      vertex 47.5 42.235 4.22619
      vertex 52 42.0352 4.675
      vertex 47.5 42.0352 4.675
    endloop
  endfacet
  facet normal 0 -0.913563 -0.406697
    outer loop
      vertex 52 42.0352 4.675
      vertex 47.5 42.235 4.22619
      vertex 52 42.235 4.22619
    endloop
  endfacet
  facet normal 0 -0.913563 -0.406697
    outer loop
      vertex 46.5 42.235 4.22619
      vertex 47 42.0352 4.675
      vertex 46.5 42.0352 4.675
    endloop
  endfacet
  facet normal 0 -0.913563 -0.406697
    outer loop
      vertex 47 42.0352 4.675
      vertex 46.5 42.235 4.22619
      vertex 47 42.235 4.22619
    endloop
  endfacet
  facet normal 0 -0.669122 -0.743152
    outer loop
      vertex 46.5 41.3813 5.40119
      vertex 47 41.7464 5.07246
      vertex 47 41.3813 5.40119
    endloop
  endfacet
  facet normal -0 -0.669122 -0.743152
    outer loop
      vertex 47 41.7464 5.07246
      vertex 46.5 41.3813 5.40119
      vertex 46.5 41.7464 5.07246
    endloop
  endfacet
  facet normal 0 -0.669122 -0.743152
    outer loop
      vertex 47.5 41.3813 5.40119
      vertex 52 41.7464 5.07246
      vertex 52 41.3813 5.40119
    endloop
  endfacet
  facet normal -0 -0.669122 -0.743152
    outer loop
      vertex 52 41.7464 5.07246
      vertex 47.5 41.3813 5.40119
      vertex 47.5 41.7464 5.07246
    endloop
  endfacet
  facet normal 0 1 -0
    outer loop
      vertex 52 37.6629 3.25436
      vertex 47.5 37.6629 3.74564
      vertex 52 37.6629 3.74564
    endloop
  endfacet
  facet normal 0 1 0
    outer loop
      vertex 47.5 37.6629 3.74564
      vertex 52 37.6629 3.25436
      vertex 47.5 37.6629 3.25436
    endloop
  endfacet
  facet normal 0 1 -0
    outer loop
      vertex 47 37.6629 3.25436
      vertex 46.5 37.6629 3.74564
      vertex 47 37.6629 3.74564
    endloop
  endfacet
  facet normal 0 1 0
    outer loop
      vertex 46.5 37.6629 3.74564
      vertex 47 37.6629 3.25436
      vertex 46.5 37.6629 3.25436
    endloop
  endfacet
  facet normal 0 0.499966 -0.866045
    outer loop
      vertex 46.5 38.6187 5.40119
      vertex 47 39.0442 5.64683
      vertex 47 38.6187 5.40119
    endloop
  endfacet
  facet normal 0 0.499966 -0.866045
    outer loop
      vertex 47 39.0442 5.64683
      vertex 46.5 38.6187 5.40119
      vertex 46.5 39.0442 5.64683
    endloop
  endfacet
  facet normal 0 0.499966 -0.866045
    outer loop
      vertex 47.5 38.6187 5.40119
      vertex 52 39.0442 5.64683
      vertex 52 38.6187 5.40119
    endloop
  endfacet
  facet normal 0 0.499966 -0.866045
    outer loop
      vertex 52 39.0442 5.64683
      vertex 47.5 38.6187 5.40119
      vertex 47.5 39.0442 5.64683
    endloop
  endfacet
  facet normal 0 -1 0
    outer loop
      vertex 47.5 42.3371 3.25436
      vertex 52 42.3371 3.74564
      vertex 47.5 42.3371 3.74564
    endloop
  endfacet
  facet normal 0 -1 -0
    outer loop
      vertex 52 42.3371 3.74564
      vertex 47.5 42.3371 3.25436
      vertex 52 42.3371 3.25436
    endloop
  endfacet
  facet normal 0 -1 0
    outer loop
      vertex 46.5 42.3371 3.25436
      vertex 47 42.3371 3.74564
      vertex 46.5 42.3371 3.74564
    endloop
  endfacet
  facet normal 0 -1 -0
    outer loop
      vertex 47 42.3371 3.74564
      vertex 46.5 42.3371 3.25436
      vertex 47 42.3371 3.25436
    endloop
  endfacet
  facet normal 0 -0.978166 0.207826
    outer loop
      vertex 46.5 42.235 2.77381
      vertex 47 42.3371 3.25436
      vertex 46.5 42.3371 3.25436
    endloop
  endfacet
  facet normal 0 -0.978166 0.207826
    outer loop
      vertex 47 42.3371 3.25436
      vertex 46.5 42.235 2.77381
      vertex 47 42.235 2.77381
    endloop
  endfacet
  facet normal 0 -0.978166 0.207826
    outer loop
      vertex 47.5 42.235 2.77381
      vertex 52 42.3371 3.25436
      vertex 47.5 42.3371 3.25436
    endloop
  endfacet
  facet normal 0 -0.978166 0.207826
    outer loop
      vertex 52 42.3371 3.25436
      vertex 47.5 42.235 2.77381
      vertex 52 42.235 2.77381
    endloop
  endfacet
  facet normal -0 0.309049 0.951046
    outer loop
      vertex 46.5 39.5114 1.20135
      vertex 47 39.0442 1.35317
      vertex 47 39.5114 1.20135
    endloop
  endfacet
  facet normal 0 0.309049 0.951046
    outer loop
      vertex 47 39.0442 1.35317
      vertex 46.5 39.5114 1.20135
      vertex 46.5 39.0442 1.35317
    endloop
  endfacet
  facet normal -0 0.309049 0.951046
    outer loop
      vertex 47.5 39.5114 1.20135
      vertex 52 39.0442 1.35317
      vertex 52 39.5114 1.20135
    endloop
  endfacet
  facet normal 0 0.309049 0.951046
    outer loop
      vertex 52 39.0442 1.35317
      vertex 47.5 39.5114 1.20135
      vertex 47.5 39.0442 1.35317
    endloop
  endfacet
  facet normal 0 -0.669122 0.743152
    outer loop
      vertex 47.5 41.7464 1.92754
      vertex 52 41.3813 1.59881
      vertex 52 41.7464 1.92754
    endloop
  endfacet
  facet normal 0 -0.669122 0.743152
    outer loop
      vertex 52 41.3813 1.59881
      vertex 47.5 41.7464 1.92754
      vertex 47.5 41.3813 1.59881
    endloop
  endfacet
  facet normal 0 -0.669122 0.743152
    outer loop
      vertex 46.5 41.7464 1.92754
      vertex 47 41.3813 1.59881
      vertex 47 41.7464 1.92754
    endloop
  endfacet
  facet normal 0 -0.669122 0.743152
    outer loop
      vertex 47 41.3813 1.59881
      vertex 46.5 41.7464 1.92754
      vertex 46.5 41.3813 1.59881
    endloop
  endfacet
  facet normal -0 0.669122 0.743152
    outer loop
      vertex 47.5 38.6187 1.59881
      vertex 52 38.2536 1.92754
      vertex 52 38.6187 1.59881
    endloop
  endfacet
  facet normal 0 0.669122 0.743152
    outer loop
      vertex 52 38.2536 1.92754
      vertex 47.5 38.6187 1.59881
      vertex 47.5 38.2536 1.92754
    endloop
  endfacet
  facet normal -0 0.669122 0.743152
    outer loop
      vertex 46.5 38.6187 1.59881
      vertex 47 38.2536 1.92754
      vertex 47 38.6187 1.59881
    endloop
  endfacet
  facet normal 0 0.669122 0.743152
    outer loop
      vertex 47 38.2536 1.92754
      vertex 46.5 38.6187 1.59881
      vertex 46.5 38.2536 1.92754
    endloop
  endfacet
  facet normal 1 0 0
    outer loop
      vertex 46.5 42.235 4.22619
      vertex 46.5 42.3371 3.25436
      vertex 46.5 42.3371 3.74564
    endloop
  endfacet
  facet normal 1 0 0
    outer loop
      vertex 46.5 42.235 4.22619
      vertex 46.5 42.235 2.77381
      vertex 46.5 42.3371 3.25436
    endloop
  endfacet
  facet normal 1 0 0
    outer loop
      vertex 46.5 42.0352 4.675
      vertex 46.5 42.235 2.77381
      vertex 46.5 42.235 4.22619
    endloop
  endfacet
  facet normal 1 0 0
    outer loop
      vertex 46.5 42.0352 4.675
      vertex 46.5 42.0352 2.325
      vertex 46.5 42.235 2.77381
    endloop
  endfacet
  facet normal 1 0 0
    outer loop
      vertex 46.5 41.7464 5.07246
      vertex 46.5 42.0352 2.325
      vertex 46.5 42.0352 4.675
    endloop
  endfacet
  facet normal 1 0 0
    outer loop
      vertex 46.5 41.7464 5.07246
      vertex 46.5 41.7464 1.92754
      vertex 46.5 42.0352 2.325
    endloop
  endfacet
  facet normal 1 0 0
    outer loop
      vertex 46.5 41.3813 5.40119
      vertex 46.5 41.7464 1.92754
      vertex 46.5 41.7464 5.07246
    endloop
  endfacet
  facet normal 1 0 0
    outer loop
      vertex 46.5 41.3813 5.40119
      vertex 46.5 41.3813 1.59881
      vertex 46.5 41.7464 1.92754
    endloop
  endfacet
  facet normal 1 0 0
    outer loop
      vertex 46.5 40.9558 5.64683
      vertex 46.5 41.3813 1.59881
      vertex 46.5 41.3813 5.40119
    endloop
  endfacet
  facet normal 1 0 0
    outer loop
      vertex 46.5 40.9558 5.64683
      vertex 46.5 40.9558 1.35317
      vertex 46.5 41.3813 1.59881
    endloop
  endfacet
  facet normal 1 0 0
    outer loop
      vertex 46.5 40.4886 5.79865
      vertex 46.5 40.9558 1.35317
      vertex 46.5 40.9558 5.64683
    endloop
  endfacet
  facet normal 1 0 0
    outer loop
      vertex 46.5 40.4886 5.79865
      vertex 46.5 40.4886 1.20135
      vertex 46.5 40.9558 1.35317
    endloop
  endfacet
  facet normal 1 0 0
    outer loop
      vertex 46.5 40 5.85
      vertex 46.5 40.4886 1.20135
      vertex 46.5 40.4886 5.79865
    endloop
  endfacet
  facet normal 1 0 0
    outer loop
      vertex 46.5 40 5.85
      vertex 46.5 40 1.15
      vertex 46.5 40.4886 1.20135
    endloop
  endfacet
  facet normal 1 -0 0
    outer loop
      vertex 46.5 39.5114 5.79865
      vertex 46.5 40 1.15
      vertex 46.5 40 5.85
    endloop
  endfacet
  facet normal 1 0 0
    outer loop
      vertex 46.5 39.5114 5.79865
      vertex 46.5 39.5114 1.20135
      vertex 46.5 40 1.15
    endloop
  endfacet
  facet normal 1 -0 0
    outer loop
      vertex 46.5 39.0442 5.64683
      vertex 46.5 39.5114 1.20135
      vertex 46.5 39.5114 5.79865
    endloop
  endfacet
  facet normal 1 0 0
    outer loop
      vertex 46.5 39.0442 5.64683
      vertex 46.5 39.0442 1.35317
      vertex 46.5 39.5114 1.20135
    endloop
  endfacet
  facet normal 1 -0 0
    outer loop
      vertex 46.5 38.6187 5.40119
      vertex 46.5 39.0442 1.35317
      vertex 46.5 39.0442 5.64683
    endloop
  endfacet
  facet normal 1 0 0
    outer loop
      vertex 46.5 38.6187 5.40119
      vertex 46.5 38.6187 1.59881
      vertex 46.5 39.0442 1.35317
    endloop
  endfacet
  facet normal 1 -0 0
    outer loop
      vertex 46.5 38.2536 5.07246
      vertex 46.5 38.6187 1.59881
      vertex 46.5 38.6187 5.40119
    endloop
  endfacet
  facet normal 1 0 0
    outer loop
      vertex 46.5 38.2536 5.07246
      vertex 46.5 38.2536 1.92754
      vertex 46.5 38.6187 1.59881
    endloop
  endfacet
  facet normal 1 -0 0
    outer loop
      vertex 46.5 37.9648 4.675
      vertex 46.5 38.2536 1.92754
      vertex 46.5 38.2536 5.07246
    endloop
  endfacet
  facet normal 1 0 0
    outer loop
      vertex 46.5 37.9648 4.675
      vertex 46.5 37.9648 2.325
      vertex 46.5 38.2536 1.92754
    endloop
  endfacet
  facet normal 1 -0 0
    outer loop
      vertex 46.5 37.765 4.22619
      vertex 46.5 37.9648 2.325
      vertex 46.5 37.9648 4.675
    endloop
  endfacet
  facet normal 1 0 0
    outer loop
      vertex 46.5 37.765 4.22619
      vertex 46.5 37.765 2.77381
      vertex 46.5 37.9648 2.325
    endloop
  endfacet
  facet normal 1 -0 0
    outer loop
      vertex 46.5 37.6629 3.74564
      vertex 46.5 37.765 2.77381
      vertex 46.5 37.765 4.22619
    endloop
  endfacet
  facet normal 1 0 0
    outer loop
      vertex 46.5 37.765 2.77381
      vertex 46.5 37.6629 3.74564
      vertex 46.5 37.6629 3.25436
    endloop
  endfacet
  facet normal -0 0.499966 0.866045
    outer loop
      vertex 46.5 39.0442 1.35317
      vertex 47 38.6187 1.59881
      vertex 47 39.0442 1.35317
    endloop
  endfacet
  facet normal 0 0.499966 0.866045
    outer loop
      vertex 47 38.6187 1.59881
      vertex 46.5 39.0442 1.35317
      vertex 46.5 38.6187 1.59881
    endloop
  endfacet
  facet normal -0 0.499966 0.866045
    outer loop
      vertex 47.5 39.0442 1.35317
      vertex 52 38.6187 1.59881
      vertex 52 39.0442 1.35317
    endloop
  endfacet
  facet normal 0 0.499966 0.866045
    outer loop
      vertex 52 38.6187 1.59881
      vertex 47.5 39.0442 1.35317
      vertex 47.5 38.6187 1.59881
    endloop
  endfacet
  facet normal -0 0.104521 0.994523
    outer loop
      vertex 46.5 40 1.15
      vertex 47 39.5114 1.20135
      vertex 47 40 1.15
    endloop
  endfacet
  facet normal 0 0.104521 0.994523
    outer loop
      vertex 47 39.5114 1.20135
      vertex 46.5 40 1.15
      vertex 46.5 39.5114 1.20135
    endloop
  endfacet
  facet normal -0 0.104521 0.994523
    outer loop
      vertex 47.5 40 1.15
      vertex 52 39.5114 1.20135
      vertex 52 40 1.15
    endloop
  endfacet
  facet normal 0 0.104521 0.994523
    outer loop
      vertex 52 39.5114 1.20135
      vertex 47.5 40 1.15
      vertex 47.5 39.5114 1.20135
    endloop
  endfacet
  facet normal 0 0.913563 0.406697
    outer loop
      vertex 52 37.9648 2.325
      vertex 47.5 37.765 2.77381
      vertex 52 37.765 2.77381
    endloop
  endfacet
  facet normal 0 0.913563 0.406697
    outer loop
      vertex 47.5 37.765 2.77381
      vertex 52 37.9648 2.325
      vertex 47.5 37.9648 2.325
    endloop
  endfacet
  facet normal 0 0.913563 0.406697
    outer loop
      vertex 47 37.9648 2.325
      vertex 46.5 37.765 2.77381
      vertex 47 37.765 2.77381
    endloop
  endfacet
  facet normal 0 0.913563 0.406697
    outer loop
      vertex 46.5 37.765 2.77381
      vertex 47 37.9648 2.325
      vertex 46.5 37.9648 2.325
    endloop
  endfacet
  facet normal 0 -0.499966 0.866045
    outer loop
      vertex 47.5 41.3813 1.59881
      vertex 52 40.9558 1.35317
      vertex 52 41.3813 1.59881
    endloop
  endfacet
  facet normal 0 -0.499966 0.866045
    outer loop
      vertex 52 40.9558 1.35317
      vertex 47.5 41.3813 1.59881
      vertex 47.5 40.9558 1.35317
    endloop
  endfacet
  facet normal 0 -0.499966 0.866045
    outer loop
      vertex 46.5 41.3813 1.59881
      vertex 47 40.9558 1.35317
      vertex 47 41.3813 1.59881
    endloop
  endfacet
  facet normal 0 -0.499966 0.866045
    outer loop
      vertex 47 40.9558 1.35317
      vertex 46.5 41.3813 1.59881
      vertex 46.5 40.9558 1.35317
    endloop
  endfacet
  facet normal 0 0.808989 -0.587823
    outer loop
      vertex 47 -42.0352 4.675
      vertex 46.5 -41.7464 5.07246
      vertex 47 -41.7464 5.07246
    endloop
  endfacet
  facet normal 0 0.808989 -0.587823
    outer loop
      vertex 46.5 -41.7464 5.07246
      vertex 47 -42.0352 4.675
      vertex 46.5 -42.0352 4.675
    endloop
  endfacet
  facet normal 0 0.808989 -0.587823
    outer loop
      vertex 52 -42.0352 4.675
      vertex 47.5 -41.7464 5.07246
      vertex 52 -41.7464 5.07246
    endloop
  endfacet
  facet normal 0 0.808989 -0.587823
    outer loop
      vertex 47.5 -41.7464 5.07246
      vertex 52 -42.0352 4.675
      vertex 47.5 -42.0352 4.675
    endloop
  endfacet
  facet normal 0 0.309049 -0.951046
    outer loop
      vertex 46.5 -40.9558 5.64683
      vertex 47 -40.4886 5.79865
      vertex 47 -40.9558 5.64683
    endloop
  endfacet
  facet normal 0 0.309049 -0.951046
    outer loop
      vertex 47 -40.4886 5.79865
      vertex 46.5 -40.9558 5.64683
      vertex 46.5 -40.4886 5.79865
    endloop
  endfacet
  facet normal 0 0.309049 -0.951046
    outer loop
      vertex 47.5 -40.9558 5.64683
      vertex 52 -40.4886 5.79865
      vertex 52 -40.9558 5.64683
    endloop
  endfacet
  facet normal 0 0.309049 -0.951046
    outer loop
      vertex 52 -40.4886 5.79865
      vertex 47.5 -40.9558 5.64683
      vertex 47.5 -40.4886 5.79865
    endloop
  endfacet
  facet normal 0 -0.669122 -0.743152
    outer loop
      vertex 47.5 -38.6187 5.40119
      vertex 52 -38.2536 5.07246
      vertex 52 -38.6187 5.40119
    endloop
  endfacet
  facet normal -0 -0.669122 -0.743152
    outer loop
      vertex 52 -38.2536 5.07246
      vertex 47.5 -38.6187 5.40119
      vertex 47.5 -38.2536 5.07246
    endloop
  endfacet
  facet normal 0 -0.669122 -0.743152
    outer loop
      vertex 46.5 -38.6187 5.40119
      vertex 47 -38.2536 5.07246
      vertex 47 -38.6187 5.40119
    endloop
  endfacet
  facet normal -0 -0.669122 -0.743152
    outer loop
      vertex 47 -38.2536 5.07246
      vertex 46.5 -38.6187 5.40119
      vertex 46.5 -38.2536 5.07246
    endloop
  endfacet
  facet normal 0 0.669122 -0.743152
    outer loop
      vertex 47.5 -41.7464 5.07246
      vertex 52 -41.3813 5.40119
      vertex 52 -41.7464 5.07246
    endloop
  endfacet
  facet normal 0 0.669122 -0.743152
    outer loop
      vertex 52 -41.3813 5.40119
      vertex 47.5 -41.7464 5.07246
      vertex 47.5 -41.3813 5.40119
    endloop
  endfacet
  facet normal 0 0.669122 -0.743152
    outer loop
      vertex 46.5 -41.7464 5.07246
      vertex 47 -41.3813 5.40119
      vertex 47 -41.7464 5.07246
    endloop
  endfacet
  facet normal 0 0.669122 -0.743152
    outer loop
      vertex 47 -41.3813 5.40119
      vertex 46.5 -41.7464 5.07246
      vertex 46.5 -41.3813 5.40119
    endloop
  endfacet
  facet normal 0 0.808989 0.587823
    outer loop
      vertex 47 -41.7464 1.92754
      vertex 46.5 -42.0352 2.325
      vertex 47 -42.0352 2.325
    endloop
  endfacet
  facet normal 0 0.808989 0.587823
    outer loop
      vertex 46.5 -42.0352 2.325
      vertex 47 -41.7464 1.92754
      vertex 46.5 -41.7464 1.92754
    endloop
  endfacet
  facet normal 0 0.808989 0.587823
    outer loop
      vertex 52 -41.7464 1.92754
      vertex 47.5 -42.0352 2.325
      vertex 52 -42.0352 2.325
    endloop
  endfacet
  facet normal 0 0.808989 0.587823
    outer loop
      vertex 47.5 -42.0352 2.325
      vertex 52 -41.7464 1.92754
      vertex 47.5 -41.7464 1.92754
    endloop
  endfacet
  facet normal 0 -0.978166 -0.207826
    outer loop
      vertex 47.5 -37.6629 3.74564
      vertex 52 -37.765 4.22619
      vertex 47.5 -37.765 4.22619
    endloop
  endfacet
  facet normal 0 -0.978166 -0.207826
    outer loop
      vertex 52 -37.765 4.22619
      vertex 47.5 -37.6629 3.74564
      vertex 52 -37.6629 3.74564
    endloop
  endfacet
  facet normal 0 -0.978166 -0.207826
    outer loop
      vertex 46.5 -37.6629 3.74564
      vertex 47 -37.765 4.22619
      vertex 46.5 -37.765 4.22619
    endloop
  endfacet
  facet normal 0 -0.978166 -0.207826
    outer loop
      vertex 47 -37.765 4.22619
      vertex 46.5 -37.6629 3.74564
      vertex 47 -37.6629 3.74564
    endloop
  endfacet
  facet normal 0 -0.104521 -0.994523
    outer loop
      vertex 47.5 -40 5.85
      vertex 52 -39.5114 5.79865
      vertex 52 -40 5.85
    endloop
  endfacet
  facet normal -0 -0.104521 -0.994523
    outer loop
      vertex 52 -39.5114 5.79865
      vertex 47.5 -40 5.85
      vertex 47.5 -39.5114 5.79865
    endloop
  endfacet
  facet normal 0 -0.104521 -0.994523
    outer loop
      vertex 46.5 -40 5.85
      vertex 47 -39.5114 5.79865
      vertex 47 -40 5.85
    endloop
  endfacet
  facet normal -0 -0.104521 -0.994523
    outer loop
      vertex 47 -39.5114 5.79865
      vertex 46.5 -40 5.85
      vertex 46.5 -39.5114 5.79865
    endloop
  endfacet
  facet normal 0 -0.499966 -0.866045
    outer loop
      vertex 47.5 -39.0442 5.64683
      vertex 52 -38.6187 5.40119
      vertex 52 -39.0442 5.64683
    endloop
  endfacet
  facet normal -0 -0.499966 -0.866045
    outer loop
      vertex 52 -38.6187 5.40119
      vertex 47.5 -39.0442 5.64683
      vertex 47.5 -38.6187 5.40119
    endloop
  endfacet
  facet normal 0 -0.499966 -0.866045
    outer loop
      vertex 46.5 -39.0442 5.64683
      vertex 47 -38.6187 5.40119
      vertex 47 -39.0442 5.64683
    endloop
  endfacet
  facet normal -0 -0.499966 -0.866045
    outer loop
      vertex 47 -38.6187 5.40119
      vertex 46.5 -39.0442 5.64683
      vertex 46.5 -38.6187 5.40119
    endloop
  endfacet
  facet normal 0 -0.669122 0.743152
    outer loop
      vertex 46.5 -38.2536 1.92754
      vertex 47 -38.6187 1.59881
      vertex 47 -38.2536 1.92754
    endloop
  endfacet
  facet normal 0 -0.669122 0.743152
    outer loop
      vertex 47 -38.6187 1.59881
      vertex 46.5 -38.2536 1.92754
      vertex 46.5 -38.6187 1.59881
    endloop
  endfacet
  facet normal 0 -0.669122 0.743152
    outer loop
      vertex 47.5 -38.2536 1.92754
      vertex 52 -38.6187 1.59881
      vertex 52 -38.2536 1.92754
    endloop
  endfacet
  facet normal 0 -0.669122 0.743152
    outer loop
      vertex 52 -38.6187 1.59881
      vertex 47.5 -38.2536 1.92754
      vertex 47.5 -38.6187 1.59881
    endloop
  endfacet
  facet normal -0 0.669122 0.743152
    outer loop
      vertex 46.5 -41.3813 1.59881
      vertex 47 -41.7464 1.92754
      vertex 47 -41.3813 1.59881
    endloop
  endfacet
  facet normal 0 0.669122 0.743152
    outer loop
      vertex 47 -41.7464 1.92754
      vertex 46.5 -41.3813 1.59881
      vertex 46.5 -41.7464 1.92754
    endloop
  endfacet
  facet normal -0 0.669122 0.743152
    outer loop
      vertex 47.5 -41.3813 1.59881
      vertex 52 -41.7464 1.92754
      vertex 52 -41.3813 1.59881
    endloop
  endfacet
  facet normal 0 0.669122 0.743152
    outer loop
      vertex 52 -41.7464 1.92754
      vertex 47.5 -41.3813 1.59881
      vertex 47.5 -41.7464 1.92754
    endloop
  endfacet
  facet normal 0 0.913563 -0.406697
    outer loop
      vertex 47 -42.235 4.22619
      vertex 46.5 -42.0352 4.675
      vertex 47 -42.0352 4.675
    endloop
  endfacet
  facet normal 0 0.913563 -0.406697
    outer loop
      vertex 46.5 -42.0352 4.675
      vertex 47 -42.235 4.22619
      vertex 46.5 -42.235 4.22619
    endloop
  endfacet
  facet normal 0 0.913563 -0.406697
    outer loop
      vertex 52 -42.235 4.22619
      vertex 47.5 -42.0352 4.675
      vertex 52 -42.0352 4.675
    endloop
  endfacet
  facet normal 0 0.913563 -0.406697
    outer loop
      vertex 47.5 -42.0352 4.675
      vertex 52 -42.235 4.22619
      vertex 47.5 -42.235 4.22619
    endloop
  endfacet
  facet normal 0 0.978166 0.207826
    outer loop
      vertex 47 -42.235 2.77381
      vertex 46.5 -42.3371 3.25436
      vertex 47 -42.3371 3.25436
    endloop
  endfacet
  facet normal 0 0.978166 0.207826
    outer loop
      vertex 46.5 -42.3371 3.25436
      vertex 47 -42.235 2.77381
      vertex 46.5 -42.235 2.77381
    endloop
  endfacet
  facet normal 0 0.978166 0.207826
    outer loop
      vertex 52 -42.235 2.77381
      vertex 47.5 -42.3371 3.25436
      vertex 52 -42.3371 3.25436
    endloop
  endfacet
  facet normal 0 0.978166 0.207826
    outer loop
      vertex 47.5 -42.3371 3.25436
      vertex 52 -42.235 2.77381
      vertex 47.5 -42.235 2.77381
    endloop
  endfacet
  facet normal 0 0.499966 -0.866045
    outer loop
      vertex 46.5 -41.3813 5.40119
      vertex 47 -40.9558 5.64683
      vertex 47 -41.3813 5.40119
    endloop
  endfacet
  facet normal 0 0.499966 -0.866045
    outer loop
      vertex 47 -40.9558 5.64683
      vertex 46.5 -41.3813 5.40119
      vertex 46.5 -40.9558 5.64683
    endloop
  endfacet
  facet normal 0 0.499966 -0.866045
    outer loop
      vertex 47.5 -41.3813 5.40119
      vertex 52 -40.9558 5.64683
      vertex 52 -41.3813 5.40119
    endloop
  endfacet
  facet normal 0 0.499966 -0.866045
    outer loop
      vertex 52 -40.9558 5.64683
      vertex 47.5 -41.3813 5.40119
      vertex 47.5 -40.9558 5.64683
    endloop
  endfacet
  facet normal 0 -0.309049 0.951046
    outer loop
      vertex 46.5 -39.0442 1.35317
      vertex 47 -39.5114 1.20135
      vertex 47 -39.0442 1.35317
    endloop
  endfacet
  facet normal 0 -0.309049 0.951046
    outer loop
      vertex 47 -39.5114 1.20135
      vertex 46.5 -39.0442 1.35317
      vertex 46.5 -39.5114 1.20135
    endloop
  endfacet
  facet normal 0 -0.309049 0.951046
    outer loop
      vertex 47.5 -39.0442 1.35317
      vertex 52 -39.5114 1.20135
      vertex 52 -39.0442 1.35317
    endloop
  endfacet
  facet normal 0 -0.309049 0.951046
    outer loop
      vertex 52 -39.5114 1.20135
      vertex 47.5 -39.0442 1.35317
      vertex 47.5 -39.5114 1.20135
    endloop
  endfacet
  facet normal 0 0.104521 -0.994523
    outer loop
      vertex 47.5 -40.4886 5.79865
      vertex 52 -40 5.85
      vertex 52 -40.4886 5.79865
    endloop
  endfacet
  facet normal 0 0.104521 -0.994523
    outer loop
      vertex 52 -40 5.85
      vertex 47.5 -40.4886 5.79865
      vertex 47.5 -40 5.85
    endloop
  endfacet
  facet normal 0 0.104521 -0.994523
    outer loop
      vertex 46.5 -40.4886 5.79865
      vertex 47 -40 5.85
      vertex 47 -40.4886 5.79865
    endloop
  endfacet
  facet normal 0 0.104521 -0.994523
    outer loop
      vertex 47 -40 5.85
      vertex 46.5 -40.4886 5.79865
      vertex 46.5 -40 5.85
    endloop
  endfacet
  facet normal 0 -0.913563 0.406697
    outer loop
      vertex 47.5 -37.9648 2.325
      vertex 52 -37.765 2.77381
      vertex 47.5 -37.765 2.77381
    endloop
  endfacet
  facet normal 0 -0.913563 0.406697
    outer loop
      vertex 52 -37.765 2.77381
      vertex 47.5 -37.9648 2.325
      vertex 52 -37.9648 2.325
    endloop
  endfacet
  facet normal 0 -0.913563 0.406697
    outer loop
      vertex 46.5 -37.9648 2.325
      vertex 47 -37.765 2.77381
      vertex 46.5 -37.765 2.77381
    endloop
  endfacet
  facet normal 0 -0.913563 0.406697
    outer loop
      vertex 47 -37.765 2.77381
      vertex 46.5 -37.9648 2.325
      vertex 47 -37.9648 2.325
    endloop
  endfacet
  facet normal 0 -0.913563 -0.406697
    outer loop
      vertex 47.5 -37.765 4.22619
      vertex 52 -37.9648 4.675
      vertex 47.5 -37.9648 4.675
    endloop
  endfacet
  facet normal 0 -0.913563 -0.406697
    outer loop
      vertex 52 -37.9648 4.675
      vertex 47.5 -37.765 4.22619
      vertex 52 -37.765 4.22619
    endloop
  endfacet
  facet normal 0 -0.913563 -0.406697
    outer loop
      vertex 46.5 -37.765 4.22619
      vertex 47 -37.9648 4.675
      vertex 46.5 -37.9648 4.675
    endloop
  endfacet
  facet normal 0 -0.913563 -0.406697
    outer loop
      vertex 47 -37.9648 4.675
      vertex 46.5 -37.765 4.22619
      vertex 47 -37.765 4.22619
    endloop
  endfacet
  facet normal 1 0 0
    outer loop
      vertex 46.5 -37.765 4.22619
      vertex 46.5 -37.6629 3.25436
      vertex 46.5 -37.6629 3.74564
    endloop
  endfacet
  facet normal 1 0 0
    outer loop
      vertex 46.5 -37.765 4.22619
      vertex 46.5 -37.765 2.77381
      vertex 46.5 -37.6629 3.25436
    endloop
  endfacet
  facet normal 1 0 0
    outer loop
      vertex 46.5 -37.9648 4.675
      vertex 46.5 -37.765 2.77381
      vertex 46.5 -37.765 4.22619
    endloop
  endfacet
  facet normal 1 0 0
    outer loop
      vertex 46.5 -37.9648 4.675
      vertex 46.5 -37.9648 2.325
      vertex 46.5 -37.765 2.77381
    endloop
  endfacet
  facet normal 1 0 0
    outer loop
      vertex 46.5 -38.2536 5.07246
      vertex 46.5 -37.9648 2.325
      vertex 46.5 -37.9648 4.675
    endloop
  endfacet
  facet normal 1 0 0
    outer loop
      vertex 46.5 -38.2536 5.07246
      vertex 46.5 -38.2536 1.92754
      vertex 46.5 -37.9648 2.325
    endloop
  endfacet
  facet normal 1 0 0
    outer loop
      vertex 46.5 -38.6187 5.40119
      vertex 46.5 -38.2536 1.92754
      vertex 46.5 -38.2536 5.07246
    endloop
  endfacet
  facet normal 1 0 0
    outer loop
      vertex 46.5 -38.6187 5.40119
      vertex 46.5 -38.6187 1.59881
      vertex 46.5 -38.2536 1.92754
    endloop
  endfacet
  facet normal 1 0 0
    outer loop
      vertex 46.5 -39.0442 5.64683
      vertex 46.5 -38.6187 1.59881
      vertex 46.5 -38.6187 5.40119
    endloop
  endfacet
  facet normal 1 0 0
    outer loop
      vertex 46.5 -39.0442 5.64683
      vertex 46.5 -39.0442 1.35317
      vertex 46.5 -38.6187 1.59881
    endloop
  endfacet
  facet normal 1 0 0
    outer loop
      vertex 46.5 -39.5114 5.79865
      vertex 46.5 -39.0442 1.35317
      vertex 46.5 -39.0442 5.64683
    endloop
  endfacet
  facet normal 1 0 0
    outer loop
      vertex 46.5 -39.5114 5.79865
      vertex 46.5 -39.5114 1.20135
      vertex 46.5 -39.0442 1.35317
    endloop
  endfacet
  facet normal 1 0 0
    outer loop
      vertex 46.5 -40 5.85
      vertex 46.5 -39.5114 1.20135
      vertex 46.5 -39.5114 5.79865
    endloop
  endfacet
  facet normal 1 0 0
    outer loop
      vertex 46.5 -40 5.85
      vertex 46.5 -40 1.15
      vertex 46.5 -39.5114 1.20135
    endloop
  endfacet
  facet normal 1 -0 0
    outer loop
      vertex 46.5 -40.4886 5.79865
      vertex 46.5 -40 1.15
      vertex 46.5 -40 5.85
    endloop
  endfacet
  facet normal 1 0 0
    outer loop
      vertex 46.5 -40.4886 5.79865
      vertex 46.5 -40.4886 1.20135
      vertex 46.5 -40 1.15
    endloop
  endfacet
  facet normal 1 -0 0
    outer loop
      vertex 46.5 -40.9558 5.64683
      vertex 46.5 -40.4886 1.20135
      vertex 46.5 -40.4886 5.79865
    endloop
  endfacet
  facet normal 1 0 0
    outer loop
      vertex 46.5 -40.9558 5.64683
      vertex 46.5 -40.9558 1.35317
      vertex 46.5 -40.4886 1.20135
    endloop
  endfacet
  facet normal 1 -0 0
    outer loop
      vertex 46.5 -41.3813 5.40119
      vertex 46.5 -40.9558 1.35317
      vertex 46.5 -40.9558 5.64683
    endloop
  endfacet
  facet normal 1 0 0
    outer loop
      vertex 46.5 -41.3813 5.40119
      vertex 46.5 -41.3813 1.59881
      vertex 46.5 -40.9558 1.35317
    endloop
  endfacet
  facet normal 1 -0 0
    outer loop
      vertex 46.5 -41.7464 5.07246
      vertex 46.5 -41.3813 1.59881
      vertex 46.5 -41.3813 5.40119
    endloop
  endfacet
  facet normal 1 0 0
    outer loop
      vertex 46.5 -41.7464 5.07246
      vertex 46.5 -41.7464 1.92754
      vertex 46.5 -41.3813 1.59881
    endloop
  endfacet
  facet normal 1 -0 0
    outer loop
      vertex 46.5 -42.0352 4.675
      vertex 46.5 -41.7464 1.92754
      vertex 46.5 -41.7464 5.07246
    endloop
  endfacet
  facet normal 1 0 0
    outer loop
      vertex 46.5 -42.0352 4.675
      vertex 46.5 -42.0352 2.325
      vertex 46.5 -41.7464 1.92754
    endloop
  endfacet
  facet normal 1 -0 0
    outer loop
      vertex 46.5 -42.235 4.22619
      vertex 46.5 -42.0352 2.325
      vertex 46.5 -42.0352 4.675
    endloop
  endfacet
  facet normal 1 0 0
    outer loop
      vertex 46.5 -42.235 4.22619
      vertex 46.5 -42.235 2.77381
      vertex 46.5 -42.0352 2.325
    endloop
  endfacet
  facet normal 1 -0 0
    outer loop
      vertex 46.5 -42.3371 3.74564
      vertex 46.5 -42.235 2.77381
      vertex 46.5 -42.235 4.22619
    endloop
  endfacet
  facet normal 1 0 0
    outer loop
      vertex 46.5 -42.235 2.77381
      vertex 46.5 -42.3371 3.74564
      vertex 46.5 -42.3371 3.25436
    endloop
  endfacet
  facet normal -0 0.499966 0.866045
    outer loop
      vertex 46.5 -40.9558 1.35317
      vertex 47 -41.3813 1.59881
      vertex 47 -40.9558 1.35317
    endloop
  endfacet
  facet normal 0 0.499966 0.866045
    outer loop
      vertex 47 -41.3813 1.59881
      vertex 46.5 -40.9558 1.35317
      vertex 46.5 -41.3813 1.59881
    endloop
  endfacet
  facet normal -0 0.499966 0.866045
    outer loop
      vertex 47.5 -40.9558 1.35317
      vertex 52 -41.3813 1.59881
      vertex 52 -40.9558 1.35317
    endloop
  endfacet
  facet normal 0 0.499966 0.866045
    outer loop
      vertex 52 -41.3813 1.59881
      vertex 47.5 -40.9558 1.35317
      vertex 47.5 -41.3813 1.59881
    endloop
  endfacet
  facet normal 0 -0.309049 -0.951046
    outer loop
      vertex 47.5 -39.5114 5.79865
      vertex 52 -39.0442 5.64683
      vertex 52 -39.5114 5.79865
    endloop
  endfacet
  facet normal -0 -0.309049 -0.951046
    outer loop
      vertex 52 -39.0442 5.64683
      vertex 47.5 -39.5114 5.79865
      vertex 47.5 -39.0442 5.64683
    endloop
  endfacet
  facet normal 0 -0.309049 -0.951046
    outer loop
      vertex 46.5 -39.5114 5.79865
      vertex 47 -39.0442 5.64683
      vertex 47 -39.5114 5.79865
    endloop
  endfacet
  facet normal -0 -0.309049 -0.951046
    outer loop
      vertex 47 -39.0442 5.64683
      vertex 46.5 -39.5114 5.79865
      vertex 46.5 -39.0442 5.64683
    endloop
  endfacet
  facet normal 0 0.978166 -0.207826
    outer loop
      vertex 47 -42.3371 3.74564
      vertex 46.5 -42.235 4.22619
      vertex 47 -42.235 4.22619
    endloop
  endfacet
  facet normal 0 0.978166 -0.207826
    outer loop
      vertex 46.5 -42.235 4.22619
      vertex 47 -42.3371 3.74564
      vertex 46.5 -42.3371 3.74564
    endloop
  endfacet
  facet normal 0 0.978166 -0.207826
    outer loop
      vertex 52 -42.3371 3.74564
      vertex 47.5 -42.235 4.22619
      vertex 52 -42.235 4.22619
    endloop
  endfacet
  facet normal 0 0.978166 -0.207826
    outer loop
      vertex 47.5 -42.235 4.22619
      vertex 52 -42.3371 3.74564
      vertex 47.5 -42.3371 3.74564
    endloop
  endfacet
  facet normal 0 -0.499966 0.866045
    outer loop
      vertex 47.5 -38.6187 1.59881
      vertex 52 -39.0442 1.35317
      vertex 52 -38.6187 1.59881
    endloop
  endfacet
  facet normal 0 -0.499966 0.866045
    outer loop
      vertex 52 -39.0442 1.35317
      vertex 47.5 -38.6187 1.59881
      vertex 47.5 -39.0442 1.35317
    endloop
  endfacet
  facet normal 0 -0.499966 0.866045
    outer loop
      vertex 46.5 -38.6187 1.59881
      vertex 47 -39.0442 1.35317
      vertex 47 -38.6187 1.59881
    endloop
  endfacet
  facet normal 0 -0.499966 0.866045
    outer loop
      vertex 47 -39.0442 1.35317
      vertex 46.5 -38.6187 1.59881
      vertex 46.5 -39.0442 1.35317
    endloop
  endfacet
  facet normal -0 0.309049 0.951046
    outer loop
      vertex 47.5 -40.4886 1.20135
      vertex 52 -40.9558 1.35317
      vertex 52 -40.4886 1.20135
    endloop
  endfacet
  facet normal 0 0.309049 0.951046
    outer loop
      vertex 52 -40.9558 1.35317
      vertex 47.5 -40.4886 1.20135
      vertex 47.5 -40.9558 1.35317
    endloop
  endfacet
  facet normal -0 0.309049 0.951046
    outer loop
      vertex 46.5 -40.4886 1.20135
      vertex 47 -40.9558 1.35317
      vertex 47 -40.4886 1.20135
    endloop
  endfacet
  facet normal 0 0.309049 0.951046
    outer loop
      vertex 47 -40.9558 1.35317
      vertex 46.5 -40.4886 1.20135
      vertex 46.5 -40.9558 1.35317
    endloop
  endfacet
  facet normal 0 -0.808989 -0.587823
    outer loop
      vertex 47.5 -37.9648 4.675
      vertex 52 -38.2536 5.07246
      vertex 47.5 -38.2536 5.07246
    endloop
  endfacet
  facet normal 0 -0.808989 -0.587823
    outer loop
      vertex 52 -38.2536 5.07246
      vertex 47.5 -37.9648 4.675
      vertex 52 -37.9648 4.675
    endloop
  endfacet
  facet normal 0 -0.808989 -0.587823
    outer loop
      vertex 46.5 -37.9648 4.675
      vertex 47 -38.2536 5.07246
      vertex 46.5 -38.2536 5.07246
    endloop
  endfacet
  facet normal 0 -0.808989 -0.587823
    outer loop
      vertex 47 -38.2536 5.07246
      vertex 46.5 -37.9648 4.675
      vertex 47 -37.9648 4.675
    endloop
  endfacet
  facet normal -0 0.104521 0.994523
    outer loop
      vertex 47.5 -40 1.15
      vertex 52 -40.4886 1.20135
      vertex 52 -40 1.15
    endloop
  endfacet
  facet normal 0 0.104521 0.994523
    outer loop
      vertex 52 -40.4886 1.20135
      vertex 47.5 -40 1.15
      vertex 47.5 -40.4886 1.20135
    endloop
  endfacet
  facet normal -0 0.104521 0.994523
    outer loop
      vertex 46.5 -40 1.15
      vertex 47 -40.4886 1.20135
      vertex 47 -40 1.15
    endloop
  endfacet
  facet normal 0 0.104521 0.994523
    outer loop
      vertex 47 -40.4886 1.20135
      vertex 46.5 -40 1.15
      vertex 46.5 -40.4886 1.20135
    endloop
  endfacet
  facet normal 0 -0.808989 0.587823
    outer loop
      vertex 46.5 -38.2536 1.92754
      vertex 47 -37.9648 2.325
      vertex 46.5 -37.9648 2.325
    endloop
  endfacet
  facet normal 0 -0.808989 0.587823
    outer loop
      vertex 47 -37.9648 2.325
      vertex 46.5 -38.2536 1.92754
      vertex 47 -38.2536 1.92754
    endloop
  endfacet
  facet normal 0 -0.808989 0.587823
    outer loop
      vertex 47.5 -38.2536 1.92754
      vertex 52 -37.9648 2.325
      vertex 47.5 -37.9648 2.325
    endloop
  endfacet
  facet normal 0 -0.808989 0.587823
    outer loop
      vertex 52 -37.9648 2.325
      vertex 47.5 -38.2536 1.92754
      vertex 52 -38.2536 1.92754
    endloop
  endfacet
  facet normal 0 -0.978166 0.207826
    outer loop
      vertex 47.5 -37.765 2.77381
      vertex 52 -37.6629 3.25436
      vertex 47.5 -37.6629 3.25436
    endloop
  endfacet
  facet normal 0 -0.978166 0.207826
    outer loop
      vertex 52 -37.6629 3.25436
      vertex 47.5 -37.765 2.77381
      vertex 52 -37.765 2.77381
    endloop
  endfacet
  facet normal 0 -0.978166 0.207826
    outer loop
      vertex 46.5 -37.765 2.77381
      vertex 47 -37.6629 3.25436
      vertex 46.5 -37.6629 3.25436
    endloop
  endfacet
  facet normal 0 -0.978166 0.207826
    outer loop
      vertex 47 -37.6629 3.25436
      vertex 46.5 -37.765 2.77381
      vertex 47 -37.765 2.77381
    endloop
  endfacet
  facet normal 0 -1 0
    outer loop
      vertex 47.5 -37.6629 3.25436
      vertex 52 -37.6629 3.74564
      vertex 47.5 -37.6629 3.74564
    endloop
  endfacet
  facet normal 0 -1 -0
    outer loop
      vertex 52 -37.6629 3.74564
      vertex 47.5 -37.6629 3.25436
      vertex 52 -37.6629 3.25436
    endloop
  endfacet
  facet normal 0 -1 0
    outer loop
      vertex 46.5 -37.6629 3.25436
      vertex 47 -37.6629 3.74564
      vertex 46.5 -37.6629 3.74564
    endloop
  endfacet
  facet normal 0 -1 -0
    outer loop
      vertex 47 -37.6629 3.74564
      vertex 46.5 -37.6629 3.25436
      vertex 47 -37.6629 3.25436
    endloop
  endfacet
  facet normal 0 1 -0
    outer loop
      vertex 47 -42.3371 3.25436
      vertex 46.5 -42.3371 3.74564
      vertex 47 -42.3371 3.74564
    endloop
  endfacet
  facet normal 0 1 0
    outer loop
      vertex 46.5 -42.3371 3.74564
      vertex 47 -42.3371 3.25436
      vertex 46.5 -42.3371 3.25436
    endloop
  endfacet
  facet normal 0 1 -0
    outer loop
      vertex 52 -42.3371 3.25436
      vertex 47.5 -42.3371 3.74564
      vertex 52 -42.3371 3.74564
    endloop
  endfacet
  facet normal 0 1 0
    outer loop
      vertex 47.5 -42.3371 3.74564
      vertex 52 -42.3371 3.25436
      vertex 47.5 -42.3371 3.25436
    endloop
  endfacet
  facet normal 0 -0.104521 0.994523
    outer loop
      vertex 46.5 -39.5114 1.20135
      vertex 47 -40 1.15
      vertex 47 -39.5114 1.20135
    endloop
  endfacet
  facet normal 0 -0.104521 0.994523
    outer loop
      vertex 47 -40 1.15
      vertex 46.5 -39.5114 1.20135
      vertex 46.5 -40 1.15
    endloop
  endfacet
  facet normal 0 -0.104521 0.994523
    outer loop
      vertex 47.5 -39.5114 1.20135
      vertex 52 -40 1.15
      vertex 52 -39.5114 1.20135
    endloop
  endfacet
  facet normal 0 -0.104521 0.994523
    outer loop
      vertex 52 -40 1.15
      vertex 47.5 -39.5114 1.20135
      vertex 47.5 -40 1.15
    endloop
  endfacet
  facet normal 0 0.913563 0.406697
    outer loop
      vertex 47 -42.0352 2.325
      vertex 46.5 -42.235 2.77381
      vertex 47 -42.235 2.77381
    endloop
  endfacet
  facet normal 0 0.913563 0.406697
    outer loop
      vertex 46.5 -42.235 2.77381
      vertex 47 -42.0352 2.325
      vertex 46.5 -42.0352 2.325
    endloop
  endfacet
  facet normal 0 0.913563 0.406697
    outer loop
      vertex 52 -42.0352 2.325
      vertex 47.5 -42.235 2.77381
      vertex 52 -42.235 2.77381
    endloop
  endfacet
  facet normal 0 0.913563 0.406697
    outer loop
      vertex 47.5 -42.235 2.77381
      vertex 52 -42.0352 2.325
      vertex 47.5 -42.0352 2.325
    endloop
  endfacet
  facet normal 0 -0.499966 0.866045
    outer loop
      vertex -47 41.3813 1.59881
      vertex -46.5 40.9558 1.35317
      vertex -46.5 41.3813 1.59881
    endloop
  endfacet
  facet normal 0 -0.499966 0.866045
    outer loop
      vertex -46.5 40.9558 1.35317
      vertex -47 41.3813 1.59881
      vertex -47 40.9558 1.35317
    endloop
  endfacet
  facet normal 0 -0.499966 0.866045
    outer loop
      vertex -52 41.3813 1.59881
      vertex -47.5 40.9558 1.35317
      vertex -47.5 41.3813 1.59881
    endloop
  endfacet
  facet normal 0 -0.499966 0.866045
    outer loop
      vertex -47.5 40.9558 1.35317
      vertex -52 41.3813 1.59881
      vertex -52 40.9558 1.35317
    endloop
  endfacet
  facet normal -0 0.309049 0.951046
    outer loop
      vertex -47 39.5114 1.20135
      vertex -46.5 39.0442 1.35317
      vertex -46.5 39.5114 1.20135
    endloop
  endfacet
  facet normal 0 0.309049 0.951046
    outer loop
      vertex -46.5 39.0442 1.35317
      vertex -47 39.5114 1.20135
      vertex -47 39.0442 1.35317
    endloop
  endfacet
  facet normal -0 0.309049 0.951046
    outer loop
      vertex -52 39.5114 1.20135
      vertex -47.5 39.0442 1.35317
      vertex -47.5 39.5114 1.20135
    endloop
  endfacet
  facet normal 0 0.309049 0.951046
    outer loop
      vertex -47.5 39.0442 1.35317
      vertex -52 39.5114 1.20135
      vertex -52 39.0442 1.35317
    endloop
  endfacet
  facet normal 0 0.913563 0.406697
    outer loop
      vertex -47.5 37.9648 2.325
      vertex -52 37.765 2.77381
      vertex -47.5 37.765 2.77381
    endloop
  endfacet
  facet normal 0 0.913563 0.406697
    outer loop
      vertex -52 37.765 2.77381
      vertex -47.5 37.9648 2.325
      vertex -52 37.9648 2.325
    endloop
  endfacet
  facet normal 0 0.913563 0.406697
    outer loop
      vertex -46.5 37.9648 2.325
      vertex -47 37.765 2.77381
      vertex -46.5 37.765 2.77381
    endloop
  endfacet
  facet normal 0 0.913563 0.406697
    outer loop
      vertex -47 37.765 2.77381
      vertex -46.5 37.9648 2.325
      vertex -47 37.9648 2.325
    endloop
  endfacet
  facet normal 0 -0.104521 -0.994523
    outer loop
      vertex -52 40 5.85
      vertex -47.5 40.4886 5.79865
      vertex -47.5 40 5.85
    endloop
  endfacet
  facet normal -0 -0.104521 -0.994523
    outer loop
      vertex -47.5 40.4886 5.79865
      vertex -52 40 5.85
      vertex -52 40.4886 5.79865
    endloop
  endfacet
  facet normal 0 -0.104521 -0.994523
    outer loop
      vertex -47 40 5.85
      vertex -46.5 40.4886 5.79865
      vertex -46.5 40 5.85
    endloop
  endfacet
  facet normal -0 -0.104521 -0.994523
    outer loop
      vertex -46.5 40.4886 5.79865
      vertex -47 40 5.85
      vertex -47 40.4886 5.79865
    endloop
  endfacet
  facet normal -0 0.104521 0.994523
    outer loop
      vertex -52 40 1.15
      vertex -47.5 39.5114 1.20135
      vertex -47.5 40 1.15
    endloop
  endfacet
  facet normal 0 0.104521 0.994523
    outer loop
      vertex -47.5 39.5114 1.20135
      vertex -52 40 1.15
      vertex -52 39.5114 1.20135
    endloop
  endfacet
  facet normal -0 0.104521 0.994523
    outer loop
      vertex -47 40 1.15
      vertex -46.5 39.5114 1.20135
      vertex -46.5 40 1.15
    endloop
  endfacet
  facet normal 0 0.104521 0.994523
    outer loop
      vertex -46.5 39.5114 1.20135
      vertex -47 40 1.15
      vertex -47 39.5114 1.20135
    endloop
  endfacet
  facet normal 0 0.978166 0.207826
    outer loop
      vertex -46.5 37.765 2.77381
      vertex -47 37.6629 3.25436
      vertex -46.5 37.6629 3.25436
    endloop
  endfacet
  facet normal 0 0.978166 0.207826
    outer loop
      vertex -47 37.6629 3.25436
      vertex -46.5 37.765 2.77381
      vertex -47 37.765 2.77381
    endloop
  endfacet
  facet normal 0 0.978166 0.207826
    outer loop
      vertex -47.5 37.765 2.77381
      vertex -52 37.6629 3.25436
      vertex -47.5 37.6629 3.25436
    endloop
  endfacet
  facet normal 0 0.978166 0.207826
    outer loop
      vertex -52 37.6629 3.25436
      vertex -47.5 37.765 2.77381
      vertex -52 37.765 2.77381
    endloop
  endfacet
  facet normal 0 -0.104521 0.994523
    outer loop
      vertex -52 40.4886 1.20135
      vertex -47.5 40 1.15
      vertex -47.5 40.4886 1.20135
    endloop
  endfacet
  facet normal 0 -0.104521 0.994523
    outer loop
      vertex -47.5 40 1.15
      vertex -52 40.4886 1.20135
      vertex -52 40 1.15
    endloop
  endfacet
  facet normal 0 -0.104521 0.994523
    outer loop
      vertex -47 40.4886 1.20135
      vertex -46.5 40 1.15
      vertex -46.5 40.4886 1.20135
    endloop
  endfacet
  facet normal 0 -0.104521 0.994523
    outer loop
      vertex -46.5 40 1.15
      vertex -47 40.4886 1.20135
      vertex -47 40 1.15
    endloop
  endfacet
  facet normal 0 -0.978166 0.207826
    outer loop
      vertex -52 42.235 2.77381
      vertex -47.5 42.3371 3.25436
      vertex -52 42.3371 3.25436
    endloop
  endfacet
  facet normal 0 -0.978166 0.207826
    outer loop
      vertex -47.5 42.3371 3.25436
      vertex -52 42.235 2.77381
      vertex -47.5 42.235 2.77381
    endloop
  endfacet
  facet normal 0 -0.978166 0.207826
    outer loop
      vertex -47 42.235 2.77381
      vertex -46.5 42.3371 3.25436
      vertex -47 42.3371 3.25436
    endloop
  endfacet
  facet normal 0 -0.978166 0.207826
    outer loop
      vertex -46.5 42.3371 3.25436
      vertex -47 42.235 2.77381
      vertex -46.5 42.235 2.77381
    endloop
  endfacet
  facet normal 0 -0.808989 -0.587823
    outer loop
      vertex -47 42.0352 4.675
      vertex -46.5 41.7464 5.07246
      vertex -47 41.7464 5.07246
    endloop
  endfacet
  facet normal 0 -0.808989 -0.587823
    outer loop
      vertex -46.5 41.7464 5.07246
      vertex -47 42.0352 4.675
      vertex -46.5 42.0352 4.675
    endloop
  endfacet
  facet normal 0 -0.808989 -0.587823
    outer loop
      vertex -52 42.0352 4.675
      vertex -47.5 41.7464 5.07246
      vertex -52 41.7464 5.07246
    endloop
  endfacet
  facet normal 0 -0.808989 -0.587823
    outer loop
      vertex -47.5 41.7464 5.07246
      vertex -52 42.0352 4.675
      vertex -47.5 42.0352 4.675
    endloop
  endfacet
  facet normal 0 -0.309049 -0.951046
    outer loop
      vertex -52 40.4886 5.79865
      vertex -47.5 40.9558 5.64683
      vertex -47.5 40.4886 5.79865
    endloop
  endfacet
  facet normal -0 -0.309049 -0.951046
    outer loop
      vertex -47.5 40.9558 5.64683
      vertex -52 40.4886 5.79865
      vertex -52 40.9558 5.64683
    endloop
  endfacet
  facet normal 0 -0.309049 -0.951046
    outer loop
      vertex -47 40.4886 5.79865
      vertex -46.5 40.9558 5.64683
      vertex -46.5 40.4886 5.79865
    endloop
  endfacet
  facet normal -0 -0.309049 -0.951046
    outer loop
      vertex -46.5 40.9558 5.64683
      vertex -47 40.4886 5.79865
      vertex -47 40.9558 5.64683
    endloop
  endfacet
  facet normal 0 -0.808989 0.587823
    outer loop
      vertex -52 41.7464 1.92754
      vertex -47.5 42.0352 2.325
      vertex -52 42.0352 2.325
    endloop
  endfacet
  facet normal 0 -0.808989 0.587823
    outer loop
      vertex -47.5 42.0352 2.325
      vertex -52 41.7464 1.92754
      vertex -47.5 41.7464 1.92754
    endloop
  endfacet
  facet normal 0 -0.808989 0.587823
    outer loop
      vertex -47 41.7464 1.92754
      vertex -46.5 42.0352 2.325
      vertex -47 42.0352 2.325
    endloop
  endfacet
  facet normal 0 -0.808989 0.587823
    outer loop
      vertex -46.5 42.0352 2.325
      vertex -47 41.7464 1.92754
      vertex -46.5 41.7464 1.92754
    endloop
  endfacet
  facet normal 0 0.808989 -0.587823
    outer loop
      vertex -47.5 37.9648 4.675
      vertex -52 38.2536 5.07246
      vertex -47.5 38.2536 5.07246
    endloop
  endfacet
  facet normal 0 0.808989 -0.587823
    outer loop
      vertex -52 38.2536 5.07246
      vertex -47.5 37.9648 4.675
      vertex -52 37.9648 4.675
    endloop
  endfacet
  facet normal 0 0.808989 -0.587823
    outer loop
      vertex -46.5 37.9648 4.675
      vertex -47 38.2536 5.07246
      vertex -46.5 38.2536 5.07246
    endloop
  endfacet
  facet normal 0 0.808989 -0.587823
    outer loop
      vertex -47 38.2536 5.07246
      vertex -46.5 37.9648 4.675
      vertex -47 37.9648 4.675
    endloop
  endfacet
  facet normal 0 0.309049 -0.951046
    outer loop
      vertex -47 39.0442 5.64683
      vertex -46.5 39.5114 5.79865
      vertex -46.5 39.0442 5.64683
    endloop
  endfacet
  facet normal 0 0.309049 -0.951046
    outer loop
      vertex -46.5 39.5114 5.79865
      vertex -47 39.0442 5.64683
      vertex -47 39.5114 5.79865
    endloop
  endfacet
  facet normal 0 0.309049 -0.951046
    outer loop
      vertex -52 39.0442 5.64683
      vertex -47.5 39.5114 5.79865
      vertex -47.5 39.0442 5.64683
    endloop
  endfacet
  facet normal 0 0.309049 -0.951046
    outer loop
      vertex -47.5 39.5114 5.79865
      vertex -52 39.0442 5.64683
      vertex -52 39.5114 5.79865
    endloop
  endfacet
  facet normal 0 0.669122 -0.743152
    outer loop
      vertex -47 38.2536 5.07246
      vertex -46.5 38.6187 5.40119
      vertex -46.5 38.2536 5.07246
    endloop
  endfacet
  facet normal 0 0.669122 -0.743152
    outer loop
      vertex -46.5 38.6187 5.40119
      vertex -47 38.2536 5.07246
      vertex -47 38.6187 5.40119
    endloop
  endfacet
  facet normal 0 0.669122 -0.743152
    outer loop
      vertex -52 38.2536 5.07246
      vertex -47.5 38.6187 5.40119
      vertex -47.5 38.2536 5.07246
    endloop
  endfacet
  facet normal 0 0.669122 -0.743152
    outer loop
      vertex -47.5 38.6187 5.40119
      vertex -52 38.2536 5.07246
      vertex -52 38.6187 5.40119
    endloop
  endfacet
  facet normal 0 -0.913563 -0.406697
    outer loop
      vertex -47 42.235 4.22619
      vertex -46.5 42.0352 4.675
      vertex -47 42.0352 4.675
    endloop
  endfacet
  facet normal 0 -0.913563 -0.406697
    outer loop
      vertex -46.5 42.0352 4.675
      vertex -47 42.235 4.22619
      vertex -46.5 42.235 4.22619
    endloop
  endfacet
  facet normal 0 -0.913563 -0.406697
    outer loop
      vertex -52 42.235 4.22619
      vertex -47.5 42.0352 4.675
      vertex -52 42.0352 4.675
    endloop
  endfacet
  facet normal 0 -0.913563 -0.406697
    outer loop
      vertex -47.5 42.0352 4.675
      vertex -52 42.235 4.22619
      vertex -47.5 42.235 4.22619
    endloop
  endfacet
  facet normal 0 0.978166 -0.207826
    outer loop
      vertex -47.5 37.6629 3.74564
      vertex -52 37.765 4.22619
      vertex -47.5 37.765 4.22619
    endloop
  endfacet
  facet normal 0 0.978166 -0.207826
    outer loop
      vertex -52 37.765 4.22619
      vertex -47.5 37.6629 3.74564
      vertex -52 37.6629 3.74564
    endloop
  endfacet
  facet normal 0 0.978166 -0.207826
    outer loop
      vertex -46.5 37.6629 3.74564
      vertex -47 37.765 4.22619
      vertex -46.5 37.765 4.22619
    endloop
  endfacet
  facet normal 0 0.978166 -0.207826
    outer loop
      vertex -47 37.765 4.22619
      vertex -46.5 37.6629 3.74564
      vertex -47 37.6629 3.74564
    endloop
  endfacet
  facet normal 0 -0.309049 0.951046
    outer loop
      vertex -52 40.9558 1.35317
      vertex -47.5 40.4886 1.20135
      vertex -47.5 40.9558 1.35317
    endloop
  endfacet
  facet normal 0 -0.309049 0.951046
    outer loop
      vertex -47.5 40.4886 1.20135
      vertex -52 40.9558 1.35317
      vertex -52 40.4886 1.20135
    endloop
  endfacet
  facet normal 0 -0.309049 0.951046
    outer loop
      vertex -47 40.9558 1.35317
      vertex -46.5 40.4886 1.20135
      vertex -46.5 40.9558 1.35317
    endloop
  endfacet
  facet normal 0 -0.309049 0.951046
    outer loop
      vertex -46.5 40.4886 1.20135
      vertex -47 40.9558 1.35317
      vertex -47 40.4886 1.20135
    endloop
  endfacet
  facet normal 0 1 -0
    outer loop
      vertex -46.5 37.6629 3.25436
      vertex -47 37.6629 3.74564
      vertex -46.5 37.6629 3.74564
    endloop
  endfacet
  facet normal 0 1 0
    outer loop
      vertex -47 37.6629 3.74564
      vertex -46.5 37.6629 3.25436
      vertex -47 37.6629 3.25436
    endloop
  endfacet
  facet normal 0 1 -0
    outer loop
      vertex -47.5 37.6629 3.25436
      vertex -52 37.6629 3.74564
      vertex -47.5 37.6629 3.74564
    endloop
  endfacet
  facet normal 0 1 0
    outer loop
      vertex -52 37.6629 3.74564
      vertex -47.5 37.6629 3.25436
      vertex -52 37.6629 3.25436
    endloop
  endfacet
  facet normal 0 0.104521 -0.994523
    outer loop
      vertex -47 39.5114 5.79865
      vertex -46.5 40 5.85
      vertex -46.5 39.5114 5.79865
    endloop
  endfacet
  facet normal 0 0.104521 -0.994523
    outer loop
      vertex -46.5 40 5.85
      vertex -47 39.5114 5.79865
      vertex -47 40 5.85
    endloop
  endfacet
  facet normal 0 0.104521 -0.994523
    outer loop
      vertex -52 39.5114 5.79865
      vertex -47.5 40 5.85
      vertex -47.5 39.5114 5.79865
    endloop
  endfacet
  facet normal 0 0.104521 -0.994523
    outer loop
      vertex -47.5 40 5.85
      vertex -52 39.5114 5.79865
      vertex -52 40 5.85
    endloop
  endfacet
  facet normal -0 0.669122 0.743152
    outer loop
      vertex -47 38.6187 1.59881
      vertex -46.5 38.2536 1.92754
      vertex -46.5 38.6187 1.59881
    endloop
  endfacet
  facet normal 0 0.669122 0.743152
    outer loop
      vertex -46.5 38.2536 1.92754
      vertex -47 38.6187 1.59881
      vertex -47 38.2536 1.92754
    endloop
  endfacet
  facet normal -0 0.669122 0.743152
    outer loop
      vertex -52 38.6187 1.59881
      vertex -47.5 38.2536 1.92754
      vertex -47.5 38.6187 1.59881
    endloop
  endfacet
  facet normal 0 0.669122 0.743152
    outer loop
      vertex -47.5 38.2536 1.92754
      vertex -52 38.6187 1.59881
      vertex -52 38.2536 1.92754
    endloop
  endfacet
  facet normal 0 -0.978166 -0.207826
    outer loop
      vertex -47 42.3371 3.74564
      vertex -46.5 42.235 4.22619
      vertex -47 42.235 4.22619
    endloop
  endfacet
  facet normal 0 -0.978166 -0.207826
    outer loop
      vertex -46.5 42.235 4.22619
      vertex -47 42.3371 3.74564
      vertex -46.5 42.3371 3.74564
    endloop
  endfacet
  facet normal 0 -0.978166 -0.207826
    outer loop
      vertex -52 42.3371 3.74564
      vertex -47.5 42.235 4.22619
      vertex -52 42.235 4.22619
    endloop
  endfacet
  facet normal 0 -0.978166 -0.207826
    outer loop
      vertex -47.5 42.235 4.22619
      vertex -52 42.3371 3.74564
      vertex -47.5 42.3371 3.74564
    endloop
  endfacet
  facet normal 0 -1 0
    outer loop
      vertex -52 42.3371 3.25436
      vertex -47.5 42.3371 3.74564
      vertex -52 42.3371 3.74564
    endloop
  endfacet
  facet normal 0 -1 -0
    outer loop
      vertex -47.5 42.3371 3.74564
      vertex -52 42.3371 3.25436
      vertex -47.5 42.3371 3.25436
    endloop
  endfacet
  facet normal 0 -1 0
    outer loop
      vertex -47 42.3371 3.25436
      vertex -46.5 42.3371 3.74564
      vertex -47 42.3371 3.74564
    endloop
  endfacet
  facet normal 0 -1 -0
    outer loop
      vertex -46.5 42.3371 3.74564
      vertex -47 42.3371 3.25436
      vertex -46.5 42.3371 3.25436
    endloop
  endfacet
  facet normal 0 -0.669122 0.743152
    outer loop
      vertex -52 41.7464 1.92754
      vertex -47.5 41.3813 1.59881
      vertex -47.5 41.7464 1.92754
    endloop
  endfacet
  facet normal 0 -0.669122 0.743152
    outer loop
      vertex -47.5 41.3813 1.59881
      vertex -52 41.7464 1.92754
      vertex -52 41.3813 1.59881
    endloop
  endfacet
  facet normal 0 -0.669122 0.743152
    outer loop
      vertex -47 41.7464 1.92754
      vertex -46.5 41.3813 1.59881
      vertex -46.5 41.7464 1.92754
    endloop
  endfacet
  facet normal 0 -0.669122 0.743152
    outer loop
      vertex -46.5 41.3813 1.59881
      vertex -47 41.7464 1.92754
      vertex -47 41.3813 1.59881
    endloop
  endfacet
  facet normal -0 0.499966 0.866045
    outer loop
      vertex -47 39.0442 1.35317
      vertex -46.5 38.6187 1.59881
      vertex -46.5 39.0442 1.35317
    endloop
  endfacet
  facet normal 0 0.499966 0.866045
    outer loop
      vertex -46.5 38.6187 1.59881
      vertex -47 39.0442 1.35317
      vertex -47 38.6187 1.59881
    endloop
  endfacet
  facet normal -0 0.499966 0.866045
    outer loop
      vertex -52 39.0442 1.35317
      vertex -47.5 38.6187 1.59881
      vertex -47.5 39.0442 1.35317
    endloop
  endfacet
  facet normal 0 0.499966 0.866045
    outer loop
      vertex -47.5 38.6187 1.59881
      vertex -52 39.0442 1.35317
      vertex -52 38.6187 1.59881
    endloop
  endfacet
  facet normal 0 -0.913563 0.406697
    outer loop
      vertex -47 42.0352 2.325
      vertex -46.5 42.235 2.77381
      vertex -47 42.235 2.77381
    endloop
  endfacet
  facet normal 0 -0.913563 0.406697
    outer loop
      vertex -46.5 42.235 2.77381
      vertex -47 42.0352 2.325
      vertex -46.5 42.0352 2.325
    endloop
  endfacet
  facet normal 0 -0.913563 0.406697
    outer loop
      vertex -52 42.0352 2.325
      vertex -47.5 42.235 2.77381
      vertex -52 42.235 2.77381
    endloop
  endfacet
  facet normal 0 -0.913563 0.406697
    outer loop
      vertex -47.5 42.235 2.77381
      vertex -52 42.0352 2.325
      vertex -47.5 42.0352 2.325
    endloop
  endfacet
  facet normal 0 0.808989 0.587823
    outer loop
      vertex -47.5 38.2536 1.92754
      vertex -52 37.9648 2.325
      vertex -47.5 37.9648 2.325
    endloop
  endfacet
  facet normal 0 0.808989 0.587823
    outer loop
      vertex -52 37.9648 2.325
      vertex -47.5 38.2536 1.92754
      vertex -52 38.2536 1.92754
    endloop
  endfacet
  facet normal 0 0.808989 0.587823
    outer loop
      vertex -46.5 38.2536 1.92754
      vertex -47 37.9648 2.325
      vertex -46.5 37.9648 2.325
    endloop
  endfacet
  facet normal 0 0.808989 0.587823
    outer loop
      vertex -47 37.9648 2.325
      vertex -46.5 38.2536 1.92754
      vertex -47 38.2536 1.92754
    endloop
  endfacet
  facet normal 0 -0.669122 -0.743152
    outer loop
      vertex -52 41.3813 5.40119
      vertex -47.5 41.7464 5.07246
      vertex -47.5 41.3813 5.40119
    endloop
  endfacet
  facet normal -0 -0.669122 -0.743152
    outer loop
      vertex -47.5 41.7464 5.07246
      vertex -52 41.3813 5.40119
      vertex -52 41.7464 5.07246
    endloop
  endfacet
  facet normal 0 -0.669122 -0.743152
    outer loop
      vertex -47 41.3813 5.40119
      vertex -46.5 41.7464 5.07246
      vertex -46.5 41.3813 5.40119
    endloop
  endfacet
  facet normal -0 -0.669122 -0.743152
    outer loop
      vertex -46.5 41.7464 5.07246
      vertex -47 41.3813 5.40119
      vertex -47 41.7464 5.07246
    endloop
  endfacet
  facet normal -1 0 0
    outer loop
      vertex -46.5 42.235 2.77381
      vertex -46.5 42.3371 3.74564
      vertex -46.5 42.3371 3.25436
    endloop
  endfacet
  facet normal -1 0 0
    outer loop
      vertex -46.5 42.235 2.77381
      vertex -46.5 42.235 4.22619
      vertex -46.5 42.3371 3.74564
    endloop
  endfacet
  facet normal -1 0 0
    outer loop
      vertex -46.5 42.0352 2.325
      vertex -46.5 42.235 4.22619
      vertex -46.5 42.235 2.77381
    endloop
  endfacet
  facet normal -1 0 0
    outer loop
      vertex -46.5 42.0352 2.325
      vertex -46.5 42.0352 4.675
      vertex -46.5 42.235 4.22619
    endloop
  endfacet
  facet normal -1 0 0
    outer loop
      vertex -46.5 41.7464 1.92754
      vertex -46.5 42.0352 4.675
      vertex -46.5 42.0352 2.325
    endloop
  endfacet
  facet normal -1 0 0
    outer loop
      vertex -46.5 41.7464 1.92754
      vertex -46.5 41.7464 5.07246
      vertex -46.5 42.0352 4.675
    endloop
  endfacet
  facet normal -1 0 0
    outer loop
      vertex -46.5 41.3813 1.59881
      vertex -46.5 41.7464 5.07246
      vertex -46.5 41.7464 1.92754
    endloop
  endfacet
  facet normal -1 0 0
    outer loop
      vertex -46.5 41.3813 1.59881
      vertex -46.5 41.3813 5.40119
      vertex -46.5 41.7464 5.07246
    endloop
  endfacet
  facet normal -1 0 0
    outer loop
      vertex -46.5 40.9558 1.35317
      vertex -46.5 41.3813 5.40119
      vertex -46.5 41.3813 1.59881
    endloop
  endfacet
  facet normal -1 0 0
    outer loop
      vertex -46.5 40.9558 1.35317
      vertex -46.5 40.9558 5.64683
      vertex -46.5 41.3813 5.40119
    endloop
  endfacet
  facet normal -1 0 0
    outer loop
      vertex -46.5 40.4886 1.20135
      vertex -46.5 40.9558 5.64683
      vertex -46.5 40.9558 1.35317
    endloop
  endfacet
  facet normal -1 0 0
    outer loop
      vertex -46.5 40.4886 1.20135
      vertex -46.5 40.4886 5.79865
      vertex -46.5 40.9558 5.64683
    endloop
  endfacet
  facet normal -1 0 0
    outer loop
      vertex -46.5 40 1.15
      vertex -46.5 40.4886 5.79865
      vertex -46.5 40.4886 1.20135
    endloop
  endfacet
  facet normal -1 0 0
    outer loop
      vertex -46.5 40 1.15
      vertex -46.5 40 5.85
      vertex -46.5 40.4886 5.79865
    endloop
  endfacet
  facet normal -1 0 0
    outer loop
      vertex -46.5 39.5114 1.20135
      vertex -46.5 40 5.85
      vertex -46.5 40 1.15
    endloop
  endfacet
  facet normal -1 0 0
    outer loop
      vertex -46.5 39.5114 1.20135
      vertex -46.5 39.5114 5.79865
      vertex -46.5 40 5.85
    endloop
  endfacet
  facet normal -1 0 0
    outer loop
      vertex -46.5 39.0442 1.35317
      vertex -46.5 39.5114 5.79865
      vertex -46.5 39.5114 1.20135
    endloop
  endfacet
  facet normal -1 0 0
    outer loop
      vertex -46.5 39.0442 1.35317
      vertex -46.5 39.0442 5.64683
      vertex -46.5 39.5114 5.79865
    endloop
  endfacet
  facet normal -1 0 0
    outer loop
      vertex -46.5 38.6187 1.59881
      vertex -46.5 39.0442 5.64683
      vertex -46.5 39.0442 1.35317
    endloop
  endfacet
  facet normal -1 0 0
    outer loop
      vertex -46.5 38.6187 1.59881
      vertex -46.5 38.6187 5.40119
      vertex -46.5 39.0442 5.64683
    endloop
  endfacet
  facet normal -1 0 0
    outer loop
      vertex -46.5 38.2536 1.92754
      vertex -46.5 38.6187 5.40119
      vertex -46.5 38.6187 1.59881
    endloop
  endfacet
  facet normal -1 0 0
    outer loop
      vertex -46.5 38.2536 1.92754
      vertex -46.5 38.2536 5.07246
      vertex -46.5 38.6187 5.40119
    endloop
  endfacet
  facet normal -1 0 0
    outer loop
      vertex -46.5 37.9648 2.325
      vertex -46.5 38.2536 5.07246
      vertex -46.5 38.2536 1.92754
    endloop
  endfacet
  facet normal -1 0 0
    outer loop
      vertex -46.5 37.9648 2.325
      vertex -46.5 37.9648 4.675
      vertex -46.5 38.2536 5.07246
    endloop
  endfacet
  facet normal -1 0 0
    outer loop
      vertex -46.5 37.765 2.77381
      vertex -46.5 37.9648 4.675
      vertex -46.5 37.9648 2.325
    endloop
  endfacet
  facet normal -1 0 0
    outer loop
      vertex -46.5 37.765 2.77381
      vertex -46.5 37.765 4.22619
      vertex -46.5 37.9648 4.675
    endloop
  endfacet
  facet normal -1 0 0
    outer loop
      vertex -46.5 37.6629 3.25436
      vertex -46.5 37.765 4.22619
      vertex -46.5 37.765 2.77381
    endloop
  endfacet
  facet normal -1 0 0
    outer loop
      vertex -46.5 37.765 4.22619
      vertex -46.5 37.6629 3.25436
      vertex -46.5 37.6629 3.74564
    endloop
  endfacet
  facet normal 0 0.499966 -0.866045
    outer loop
      vertex -47 38.6187 5.40119
      vertex -46.5 39.0442 5.64683
      vertex -46.5 38.6187 5.40119
    endloop
  endfacet
  facet normal 0 0.499966 -0.866045
    outer loop
      vertex -46.5 39.0442 5.64683
      vertex -47 38.6187 5.40119
      vertex -47 39.0442 5.64683
    endloop
  endfacet
  facet normal 0 0.499966 -0.866045
    outer loop
      vertex -52 38.6187 5.40119
      vertex -47.5 39.0442 5.64683
      vertex -47.5 38.6187 5.40119
    endloop
  endfacet
  facet normal 0 0.499966 -0.866045
    outer loop
      vertex -47.5 39.0442 5.64683
      vertex -52 38.6187 5.40119
      vertex -52 39.0442 5.64683
    endloop
  endfacet
  facet normal 0 0.913563 -0.406697
    outer loop
      vertex -47.5 37.765 4.22619
      vertex -52 37.9648 4.675
      vertex -47.5 37.9648 4.675
    endloop
  endfacet
  facet normal 0 0.913563 -0.406697
    outer loop
      vertex -52 37.9648 4.675
      vertex -47.5 37.765 4.22619
      vertex -52 37.765 4.22619
    endloop
  endfacet
  facet normal 0 0.913563 -0.406697
    outer loop
      vertex -46.5 37.765 4.22619
      vertex -47 37.9648 4.675
      vertex -46.5 37.9648 4.675
    endloop
  endfacet
  facet normal 0 0.913563 -0.406697
    outer loop
      vertex -47 37.9648 4.675
      vertex -46.5 37.765 4.22619
      vertex -47 37.765 4.22619
    endloop
  endfacet
  facet normal 0 -0.499966 -0.866045
    outer loop
      vertex -52 40.9558 5.64683
      vertex -47.5 41.3813 5.40119
      vertex -47.5 40.9558 5.64683
    endloop
  endfacet
  facet normal -0 -0.499966 -0.866045
    outer loop
      vertex -47.5 41.3813 5.40119
      vertex -52 40.9558 5.64683
      vertex -52 41.3813 5.40119
    endloop
  endfacet
  facet normal 0 -0.499966 -0.866045
    outer loop
      vertex -47 40.9558 5.64683
      vertex -46.5 41.3813 5.40119
      vertex -46.5 40.9558 5.64683
    endloop
  endfacet
  facet normal -0 -0.499966 -0.866045
    outer loop
      vertex -46.5 41.3813 5.40119
      vertex -47 40.9558 5.64683
      vertex -47 41.3813 5.40119
    endloop
  endfacet
  facet normal 0 -0.499966 0.866045
    outer loop
      vertex -52 -38.6187 1.59881
      vertex -47.5 -39.0442 1.35317
      vertex -47.5 -38.6187 1.59881
    endloop
  endfacet
  facet normal 0 -0.499966 0.866045
    outer loop
      vertex -47.5 -39.0442 1.35317
      vertex -52 -38.6187 1.59881
      vertex -52 -39.0442 1.35317
    endloop
  endfacet
  facet normal 0 -0.499966 0.866045
    outer loop
      vertex -47 -38.6187 1.59881
      vertex -46.5 -39.0442 1.35317
      vertex -46.5 -38.6187 1.59881
    endloop
  endfacet
  facet normal 0 -0.499966 0.866045
    outer loop
      vertex -46.5 -39.0442 1.35317
      vertex -47 -38.6187 1.59881
      vertex -47 -39.0442 1.35317
    endloop
  endfacet
  facet normal -0 0.309049 0.951046
    outer loop
      vertex -47 -40.4886 1.20135
      vertex -46.5 -40.9558 1.35317
      vertex -46.5 -40.4886 1.20135
    endloop
  endfacet
  facet normal 0 0.309049 0.951046
    outer loop
      vertex -46.5 -40.9558 1.35317
      vertex -47 -40.4886 1.20135
      vertex -47 -40.9558 1.35317
    endloop
  endfacet
  facet normal -0 0.309049 0.951046
    outer loop
      vertex -52 -40.4886 1.20135
      vertex -47.5 -40.9558 1.35317
      vertex -47.5 -40.4886 1.20135
    endloop
  endfacet
  facet normal 0 0.309049 0.951046
    outer loop
      vertex -47.5 -40.9558 1.35317
      vertex -52 -40.4886 1.20135
      vertex -52 -40.9558 1.35317
    endloop
  endfacet
  facet normal 0 -0.808989 -0.587823
    outer loop
      vertex -47 -37.9648 4.675
      vertex -46.5 -38.2536 5.07246
      vertex -47 -38.2536 5.07246
    endloop
  endfacet
  facet normal 0 -0.808989 -0.587823
    outer loop
      vertex -46.5 -38.2536 5.07246
      vertex -47 -37.9648 4.675
      vertex -46.5 -37.9648 4.675
    endloop
  endfacet
  facet normal 0 -0.808989 -0.587823
    outer loop
      vertex -52 -37.9648 4.675
      vertex -47.5 -38.2536 5.07246
      vertex -52 -38.2536 5.07246
    endloop
  endfacet
  facet normal 0 -0.808989 -0.587823
    outer loop
      vertex -47.5 -38.2536 5.07246
      vertex -52 -37.9648 4.675
      vertex -47.5 -37.9648 4.675
    endloop
  endfacet
  facet normal 0 0.808989 0.587823
    outer loop
      vertex -46.5 -41.7464 1.92754
      vertex -47 -42.0352 2.325
      vertex -46.5 -42.0352 2.325
    endloop
  endfacet
  facet normal 0 0.808989 0.587823
    outer loop
      vertex -47 -42.0352 2.325
      vertex -46.5 -41.7464 1.92754
      vertex -47 -41.7464 1.92754
    endloop
  endfacet
  facet normal 0 0.808989 0.587823
    outer loop
      vertex -47.5 -41.7464 1.92754
      vertex -52 -42.0352 2.325
      vertex -47.5 -42.0352 2.325
    endloop
  endfacet
  facet normal 0 0.808989 0.587823
    outer loop
      vertex -52 -42.0352 2.325
      vertex -47.5 -41.7464 1.92754
      vertex -52 -41.7464 1.92754
    endloop
  endfacet
  facet normal -0 0.669122 0.743152
    outer loop
      vertex -52 -41.3813 1.59881
      vertex -47.5 -41.7464 1.92754
      vertex -47.5 -41.3813 1.59881
    endloop
  endfacet
  facet normal 0 0.669122 0.743152
    outer loop
      vertex -47.5 -41.7464 1.92754
      vertex -52 -41.3813 1.59881
      vertex -52 -41.7464 1.92754
    endloop
  endfacet
  facet normal -0 0.669122 0.743152
    outer loop
      vertex -47 -41.3813 1.59881
      vertex -46.5 -41.7464 1.92754
      vertex -46.5 -41.3813 1.59881
    endloop
  endfacet
  facet normal 0 0.669122 0.743152
    outer loop
      vertex -46.5 -41.7464 1.92754
      vertex -47 -41.3813 1.59881
      vertex -47 -41.7464 1.92754
    endloop
  endfacet
  facet normal -0 0.104521 0.994523
    outer loop
      vertex -52 -40 1.15
      vertex -47.5 -40.4886 1.20135
      vertex -47.5 -40 1.15
    endloop
  endfacet
  facet normal 0 0.104521 0.994523
    outer loop
      vertex -47.5 -40.4886 1.20135
      vertex -52 -40 1.15
      vertex -52 -40.4886 1.20135
    endloop
  endfacet
  facet normal -0 0.104521 0.994523
    outer loop
      vertex -47 -40 1.15
      vertex -46.5 -40.4886 1.20135
      vertex -46.5 -40 1.15
    endloop
  endfacet
  facet normal 0 0.104521 0.994523
    outer loop
      vertex -46.5 -40.4886 1.20135
      vertex -47 -40 1.15
      vertex -47 -40.4886 1.20135
    endloop
  endfacet
  facet normal 0 -0.978166 0.207826
    outer loop
      vertex -52 -37.765 2.77381
      vertex -47.5 -37.6629 3.25436
      vertex -52 -37.6629 3.25436
    endloop
  endfacet
  facet normal 0 -0.978166 0.207826
    outer loop
      vertex -47.5 -37.6629 3.25436
      vertex -52 -37.765 2.77381
      vertex -47.5 -37.765 2.77381
    endloop
  endfacet
  facet normal 0 -0.978166 0.207826
    outer loop
      vertex -47 -37.765 2.77381
      vertex -46.5 -37.6629 3.25436
      vertex -47 -37.6629 3.25436
    endloop
  endfacet
  facet normal 0 -0.978166 0.207826
    outer loop
      vertex -46.5 -37.6629 3.25436
      vertex -47 -37.765 2.77381
      vertex -46.5 -37.765 2.77381
    endloop
  endfacet
  facet normal 0 -0.104521 0.994523
    outer loop
      vertex -52 -39.5114 1.20135
      vertex -47.5 -40 1.15
      vertex -47.5 -39.5114 1.20135
    endloop
  endfacet
  facet normal 0 -0.104521 0.994523
    outer loop
      vertex -47.5 -40 1.15
      vertex -52 -39.5114 1.20135
      vertex -52 -40 1.15
    endloop
  endfacet
  facet normal 0 -0.104521 0.994523
    outer loop
      vertex -47 -39.5114 1.20135
      vertex -46.5 -40 1.15
      vertex -46.5 -39.5114 1.20135
    endloop
  endfacet
  facet normal 0 -0.104521 0.994523
    outer loop
      vertex -46.5 -40 1.15
      vertex -47 -39.5114 1.20135
      vertex -47 -40 1.15
    endloop
  endfacet
  facet normal 0 -0.913563 0.406697
    outer loop
      vertex -52 -37.9648 2.325
      vertex -47.5 -37.765 2.77381
      vertex -52 -37.765 2.77381
    endloop
  endfacet
  facet normal 0 -0.913563 0.406697
    outer loop
      vertex -47.5 -37.765 2.77381
      vertex -52 -37.9648 2.325
      vertex -47.5 -37.9648 2.325
    endloop
  endfacet
  facet normal 0 -0.913563 0.406697
    outer loop
      vertex -47 -37.9648 2.325
      vertex -46.5 -37.765 2.77381
      vertex -47 -37.765 2.77381
    endloop
  endfacet
  facet normal 0 -0.913563 0.406697
    outer loop
      vertex -46.5 -37.765 2.77381
      vertex -47 -37.9648 2.325
      vertex -46.5 -37.9648 2.325
    endloop
  endfacet
  facet normal 0 -0.669122 0.743152
    outer loop
      vertex -52 -38.2536 1.92754
      vertex -47.5 -38.6187 1.59881
      vertex -47.5 -38.2536 1.92754
    endloop
  endfacet
  facet normal 0 -0.669122 0.743152
    outer loop
      vertex -47.5 -38.6187 1.59881
      vertex -52 -38.2536 1.92754
      vertex -52 -38.6187 1.59881
    endloop
  endfacet
  facet normal 0 -0.669122 0.743152
    outer loop
      vertex -47 -38.2536 1.92754
      vertex -46.5 -38.6187 1.59881
      vertex -46.5 -38.2536 1.92754
    endloop
  endfacet
  facet normal 0 -0.669122 0.743152
    outer loop
      vertex -46.5 -38.6187 1.59881
      vertex -47 -38.2536 1.92754
      vertex -47 -38.6187 1.59881
    endloop
  endfacet
  facet normal 0 0.808989 -0.587823
    outer loop
      vertex -46.5 -42.0352 4.675
      vertex -47 -41.7464 5.07246
      vertex -46.5 -41.7464 5.07246
    endloop
  endfacet
  facet normal 0 0.808989 -0.587823
    outer loop
      vertex -47 -41.7464 5.07246
      vertex -46.5 -42.0352 4.675
      vertex -47 -42.0352 4.675
    endloop
  endfacet
  facet normal 0 0.808989 -0.587823
    outer loop
      vertex -47.5 -42.0352 4.675
      vertex -52 -41.7464 5.07246
      vertex -47.5 -41.7464 5.07246
    endloop
  endfacet
  facet normal 0 0.808989 -0.587823
    outer loop
      vertex -52 -41.7464 5.07246
      vertex -47.5 -42.0352 4.675
      vertex -52 -42.0352 4.675
    endloop
  endfacet
  facet normal 0 -0.669122 -0.743152
    outer loop
      vertex -47 -38.6187 5.40119
      vertex -46.5 -38.2536 5.07246
      vertex -46.5 -38.6187 5.40119
    endloop
  endfacet
  facet normal -0 -0.669122 -0.743152
    outer loop
      vertex -46.5 -38.2536 5.07246
      vertex -47 -38.6187 5.40119
      vertex -47 -38.2536 5.07246
    endloop
  endfacet
  facet normal 0 -0.669122 -0.743152
    outer loop
      vertex -52 -38.6187 5.40119
      vertex -47.5 -38.2536 5.07246
      vertex -47.5 -38.6187 5.40119
    endloop
  endfacet
  facet normal -0 -0.669122 -0.743152
    outer loop
      vertex -47.5 -38.2536 5.07246
      vertex -52 -38.6187 5.40119
      vertex -52 -38.2536 5.07246
    endloop
  endfacet
  facet normal 0 -1 0
    outer loop
      vertex -52 -37.6629 3.25436
      vertex -47.5 -37.6629 3.74564
      vertex -52 -37.6629 3.74564
    endloop
  endfacet
  facet normal 0 -1 -0
    outer loop
      vertex -47.5 -37.6629 3.74564
      vertex -52 -37.6629 3.25436
      vertex -47.5 -37.6629 3.25436
    endloop
  endfacet
  facet normal 0 -1 0
    outer loop
      vertex -47 -37.6629 3.25436
      vertex -46.5 -37.6629 3.74564
      vertex -47 -37.6629 3.74564
    endloop
  endfacet
  facet normal 0 -1 -0
    outer loop
      vertex -46.5 -37.6629 3.74564
      vertex -47 -37.6629 3.25436
      vertex -46.5 -37.6629 3.25436
    endloop
  endfacet
  facet normal 0 0.669122 -0.743152
    outer loop
      vertex -47 -41.7464 5.07246
      vertex -46.5 -41.3813 5.40119
      vertex -46.5 -41.7464 5.07246
    endloop
  endfacet
  facet normal 0 0.669122 -0.743152
    outer loop
      vertex -46.5 -41.3813 5.40119
      vertex -47 -41.7464 5.07246
      vertex -47 -41.3813 5.40119
    endloop
  endfacet
  facet normal 0 0.669122 -0.743152
    outer loop
      vertex -52 -41.7464 5.07246
      vertex -47.5 -41.3813 5.40119
      vertex -47.5 -41.7464 5.07246
    endloop
  endfacet
  facet normal 0 0.669122 -0.743152
    outer loop
      vertex -47.5 -41.3813 5.40119
      vertex -52 -41.7464 5.07246
      vertex -52 -41.3813 5.40119
    endloop
  endfacet
  facet normal 0 0.913563 0.406697
    outer loop
      vertex -46.5 -42.0352 2.325
      vertex -47 -42.235 2.77381
      vertex -46.5 -42.235 2.77381
    endloop
  endfacet
  facet normal 0 0.913563 0.406697
    outer loop
      vertex -47 -42.235 2.77381
      vertex -46.5 -42.0352 2.325
      vertex -47 -42.0352 2.325
    endloop
  endfacet
  facet normal 0 0.913563 0.406697
    outer loop
      vertex -47.5 -42.0352 2.325
      vertex -52 -42.235 2.77381
      vertex -47.5 -42.235 2.77381
    endloop
  endfacet
  facet normal 0 0.913563 0.406697
    outer loop
      vertex -52 -42.235 2.77381
      vertex -47.5 -42.0352 2.325
      vertex -52 -42.0352 2.325
    endloop
  endfacet
  facet normal 0 0.978166 0.207826
    outer loop
      vertex -46.5 -42.235 2.77381
      vertex -47 -42.3371 3.25436
      vertex -46.5 -42.3371 3.25436
    endloop
  endfacet
  facet normal 0 0.978166 0.207826
    outer loop
      vertex -47 -42.3371 3.25436
      vertex -46.5 -42.235 2.77381
      vertex -47 -42.235 2.77381
    endloop
  endfacet
  facet normal 0 0.978166 0.207826
    outer loop
      vertex -47.5 -42.235 2.77381
      vertex -52 -42.3371 3.25436
      vertex -47.5 -42.3371 3.25436
    endloop
  endfacet
  facet normal 0 0.978166 0.207826
    outer loop
      vertex -52 -42.3371 3.25436
      vertex -47.5 -42.235 2.77381
      vertex -52 -42.235 2.77381
    endloop
  endfacet
  facet normal 0 -0.309049 -0.951046
    outer loop
      vertex -52 -39.5114 5.79865
      vertex -47.5 -39.0442 5.64683
      vertex -47.5 -39.5114 5.79865
    endloop
  endfacet
  facet normal -0 -0.309049 -0.951046
    outer loop
      vertex -47.5 -39.0442 5.64683
      vertex -52 -39.5114 5.79865
      vertex -52 -39.0442 5.64683
    endloop
  endfacet
  facet normal 0 -0.309049 -0.951046
    outer loop
      vertex -47 -39.5114 5.79865
      vertex -46.5 -39.0442 5.64683
      vertex -46.5 -39.5114 5.79865
    endloop
  endfacet
  facet normal -0 -0.309049 -0.951046
    outer loop
      vertex -46.5 -39.0442 5.64683
      vertex -47 -39.5114 5.79865
      vertex -47 -39.0442 5.64683
    endloop
  endfacet
  facet normal 0 0.309049 -0.951046
    outer loop
      vertex -52 -40.9558 5.64683
      vertex -47.5 -40.4886 5.79865
      vertex -47.5 -40.9558 5.64683
    endloop
  endfacet
  facet normal 0 0.309049 -0.951046
    outer loop
      vertex -47.5 -40.4886 5.79865
      vertex -52 -40.9558 5.64683
      vertex -52 -40.4886 5.79865
    endloop
  endfacet
  facet normal 0 0.309049 -0.951046
    outer loop
      vertex -47 -40.9558 5.64683
      vertex -46.5 -40.4886 5.79865
      vertex -46.5 -40.9558 5.64683
    endloop
  endfacet
  facet normal 0 0.309049 -0.951046
    outer loop
      vertex -46.5 -40.4886 5.79865
      vertex -47 -40.9558 5.64683
      vertex -47 -40.4886 5.79865
    endloop
  endfacet
  facet normal 0 -0.913563 -0.406697
    outer loop
      vertex -52 -37.765 4.22619
      vertex -47.5 -37.9648 4.675
      vertex -52 -37.9648 4.675
    endloop
  endfacet
  facet normal 0 -0.913563 -0.406697
    outer loop
      vertex -47.5 -37.9648 4.675
      vertex -52 -37.765 4.22619
      vertex -47.5 -37.765 4.22619
    endloop
  endfacet
  facet normal 0 -0.913563 -0.406697
    outer loop
      vertex -47 -37.765 4.22619
      vertex -46.5 -37.9648 4.675
      vertex -47 -37.9648 4.675
    endloop
  endfacet
  facet normal 0 -0.913563 -0.406697
    outer loop
      vertex -46.5 -37.9648 4.675
      vertex -47 -37.765 4.22619
      vertex -46.5 -37.765 4.22619
    endloop
  endfacet
  facet normal -1 0 0
    outer loop
      vertex -46.5 -37.765 2.77381
      vertex -46.5 -37.6629 3.74564
      vertex -46.5 -37.6629 3.25436
    endloop
  endfacet
  facet normal -1 0 0
    outer loop
      vertex -46.5 -37.765 2.77381
      vertex -46.5 -37.765 4.22619
      vertex -46.5 -37.6629 3.74564
    endloop
  endfacet
  facet normal -1 0 0
    outer loop
      vertex -46.5 -37.9648 2.325
      vertex -46.5 -37.765 4.22619
      vertex -46.5 -37.765 2.77381
    endloop
  endfacet
  facet normal -1 0 0
    outer loop
      vertex -46.5 -37.9648 2.325
      vertex -46.5 -37.9648 4.675
      vertex -46.5 -37.765 4.22619
    endloop
  endfacet
  facet normal -1 0 0
    outer loop
      vertex -46.5 -38.2536 1.92754
      vertex -46.5 -37.9648 4.675
      vertex -46.5 -37.9648 2.325
    endloop
  endfacet
  facet normal -1 0 0
    outer loop
      vertex -46.5 -38.2536 1.92754
      vertex -46.5 -38.2536 5.07246
      vertex -46.5 -37.9648 4.675
    endloop
  endfacet
  facet normal -1 0 0
    outer loop
      vertex -46.5 -38.6187 1.59881
      vertex -46.5 -38.2536 5.07246
      vertex -46.5 -38.2536 1.92754
    endloop
  endfacet
  facet normal -1 0 0
    outer loop
      vertex -46.5 -38.6187 1.59881
      vertex -46.5 -38.6187 5.40119
      vertex -46.5 -38.2536 5.07246
    endloop
  endfacet
  facet normal -1 0 0
    outer loop
      vertex -46.5 -39.0442 1.35317
      vertex -46.5 -38.6187 5.40119
      vertex -46.5 -38.6187 1.59881
    endloop
  endfacet
  facet normal -1 0 0
    outer loop
      vertex -46.5 -39.0442 1.35317
      vertex -46.5 -39.0442 5.64683
      vertex -46.5 -38.6187 5.40119
    endloop
  endfacet
  facet normal -1 0 0
    outer loop
      vertex -46.5 -39.5114 1.20135
      vertex -46.5 -39.0442 5.64683
      vertex -46.5 -39.0442 1.35317
    endloop
  endfacet
  facet normal -1 0 0
    outer loop
      vertex -46.5 -39.5114 1.20135
      vertex -46.5 -39.5114 5.79865
      vertex -46.5 -39.0442 5.64683
    endloop
  endfacet
  facet normal -1 0 0
    outer loop
      vertex -46.5 -40 1.15
      vertex -46.5 -39.5114 5.79865
      vertex -46.5 -39.5114 1.20135
    endloop
  endfacet
  facet normal -1 0 0
    outer loop
      vertex -46.5 -40 1.15
      vertex -46.5 -40 5.85
      vertex -46.5 -39.5114 5.79865
    endloop
  endfacet
  facet normal -1 0 0
    outer loop
      vertex -46.5 -40.4886 1.20135
      vertex -46.5 -40 5.85
      vertex -46.5 -40 1.15
    endloop
  endfacet
  facet normal -1 0 0
    outer loop
      vertex -46.5 -40.4886 1.20135
      vertex -46.5 -40.4886 5.79865
      vertex -46.5 -40 5.85
    endloop
  endfacet
  facet normal -1 0 0
    outer loop
      vertex -46.5 -40.9558 1.35317
      vertex -46.5 -40.4886 5.79865
      vertex -46.5 -40.4886 1.20135
    endloop
  endfacet
  facet normal -1 0 0
    outer loop
      vertex -46.5 -40.9558 1.35317
      vertex -46.5 -40.9558 5.64683
      vertex -46.5 -40.4886 5.79865
    endloop
  endfacet
  facet normal -1 0 0
    outer loop
      vertex -46.5 -41.3813 1.59881
      vertex -46.5 -40.9558 5.64683
      vertex -46.5 -40.9558 1.35317
    endloop
  endfacet
  facet normal -1 0 0
    outer loop
      vertex -46.5 -41.3813 1.59881
      vertex -46.5 -41.3813 5.40119
      vertex -46.5 -40.9558 5.64683
    endloop
  endfacet
  facet normal -1 0 0
    outer loop
      vertex -46.5 -41.7464 1.92754
      vertex -46.5 -41.3813 5.40119
      vertex -46.5 -41.3813 1.59881
    endloop
  endfacet
  facet normal -1 0 0
    outer loop
      vertex -46.5 -41.7464 1.92754
      vertex -46.5 -41.7464 5.07246
      vertex -46.5 -41.3813 5.40119
    endloop
  endfacet
  facet normal -1 0 0
    outer loop
      vertex -46.5 -42.0352 2.325
      vertex -46.5 -41.7464 5.07246
      vertex -46.5 -41.7464 1.92754
    endloop
  endfacet
  facet normal -1 0 0
    outer loop
      vertex -46.5 -42.0352 2.325
      vertex -46.5 -42.0352 4.675
      vertex -46.5 -41.7464 5.07246
    endloop
  endfacet
  facet normal -1 0 0
    outer loop
      vertex -46.5 -42.235 2.77381
      vertex -46.5 -42.0352 4.675
      vertex -46.5 -42.0352 2.325
    endloop
  endfacet
  facet normal -1 0 0
    outer loop
      vertex -46.5 -42.235 2.77381
      vertex -46.5 -42.235 4.22619
      vertex -46.5 -42.0352 4.675
    endloop
  endfacet
  facet normal -1 0 0
    outer loop
      vertex -46.5 -42.3371 3.25436
      vertex -46.5 -42.235 4.22619
      vertex -46.5 -42.235 2.77381
    endloop
  endfacet
  facet normal -1 0 0
    outer loop
      vertex -46.5 -42.235 4.22619
      vertex -46.5 -42.3371 3.25436
      vertex -46.5 -42.3371 3.74564
    endloop
  endfacet
  facet normal 0 0.499966 -0.866045
    outer loop
      vertex -47 -41.3813 5.40119
      vertex -46.5 -40.9558 5.64683
      vertex -46.5 -41.3813 5.40119
    endloop
  endfacet
  facet normal 0 0.499966 -0.866045
    outer loop
      vertex -46.5 -40.9558 5.64683
      vertex -47 -41.3813 5.40119
      vertex -47 -40.9558 5.64683
    endloop
  endfacet
  facet normal 0 0.499966 -0.866045
    outer loop
      vertex -52 -41.3813 5.40119
      vertex -47.5 -40.9558 5.64683
      vertex -47.5 -41.3813 5.40119
    endloop
  endfacet
  facet normal 0 0.499966 -0.866045
    outer loop
      vertex -47.5 -40.9558 5.64683
      vertex -52 -41.3813 5.40119
      vertex -52 -40.9558 5.64683
    endloop
  endfacet
  facet normal 0 -0.309049 0.951046
    outer loop
      vertex -52 -39.0442 1.35317
      vertex -47.5 -39.5114 1.20135
      vertex -47.5 -39.0442 1.35317
    endloop
  endfacet
  facet normal 0 -0.309049 0.951046
    outer loop
      vertex -47.5 -39.5114 1.20135
      vertex -52 -39.0442 1.35317
      vertex -52 -39.5114 1.20135
    endloop
  endfacet
  facet normal 0 -0.309049 0.951046
    outer loop
      vertex -47 -39.0442 1.35317
      vertex -46.5 -39.5114 1.20135
      vertex -46.5 -39.0442 1.35317
    endloop
  endfacet
  facet normal 0 -0.309049 0.951046
    outer loop
      vertex -46.5 -39.5114 1.20135
      vertex -47 -39.0442 1.35317
      vertex -47 -39.5114 1.20135
    endloop
  endfacet
  facet normal 0 0.978166 -0.207826
    outer loop
      vertex -46.5 -42.3371 3.74564
      vertex -47 -42.235 4.22619
      vertex -46.5 -42.235 4.22619
    endloop
  endfacet
  facet normal 0 0.978166 -0.207826
    outer loop
      vertex -47 -42.235 4.22619
      vertex -46.5 -42.3371 3.74564
      vertex -47 -42.3371 3.74564
    endloop
  endfacet
  facet normal 0 0.978166 -0.207826
    outer loop
      vertex -47.5 -42.3371 3.74564
      vertex -52 -42.235 4.22619
      vertex -47.5 -42.235 4.22619
    endloop
  endfacet
  facet normal 0 0.978166 -0.207826
    outer loop
      vertex -52 -42.235 4.22619
      vertex -47.5 -42.3371 3.74564
      vertex -52 -42.3371 3.74564
    endloop
  endfacet
  facet normal 0 0.104521 -0.994523
    outer loop
      vertex -52 -40.4886 5.79865
      vertex -47.5 -40 5.85
      vertex -47.5 -40.4886 5.79865
    endloop
  endfacet
  facet normal 0 0.104521 -0.994523
    outer loop
      vertex -47.5 -40 5.85
      vertex -52 -40.4886 5.79865
      vertex -52 -40 5.85
    endloop
  endfacet
  facet normal 0 0.104521 -0.994523
    outer loop
      vertex -47 -40.4886 5.79865
      vertex -46.5 -40 5.85
      vertex -46.5 -40.4886 5.79865
    endloop
  endfacet
  facet normal 0 0.104521 -0.994523
    outer loop
      vertex -46.5 -40 5.85
      vertex -47 -40.4886 5.79865
      vertex -47 -40 5.85
    endloop
  endfacet
  facet normal 0 -0.499966 -0.866045
    outer loop
      vertex -52 -39.0442 5.64683
      vertex -47.5 -38.6187 5.40119
      vertex -47.5 -39.0442 5.64683
    endloop
  endfacet
  facet normal -0 -0.499966 -0.866045
    outer loop
      vertex -47.5 -38.6187 5.40119
      vertex -52 -39.0442 5.64683
      vertex -52 -38.6187 5.40119
    endloop
  endfacet
  facet normal 0 -0.499966 -0.866045
    outer loop
      vertex -47 -39.0442 5.64683
      vertex -46.5 -38.6187 5.40119
      vertex -46.5 -39.0442 5.64683
    endloop
  endfacet
  facet normal -0 -0.499966 -0.866045
    outer loop
      vertex -46.5 -38.6187 5.40119
      vertex -47 -39.0442 5.64683
      vertex -47 -38.6187 5.40119
    endloop
  endfacet
  facet normal -0 0.499966 0.866045
    outer loop
      vertex -47 -40.9558 1.35317
      vertex -46.5 -41.3813 1.59881
      vertex -46.5 -40.9558 1.35317
    endloop
  endfacet
  facet normal 0 0.499966 0.866045
    outer loop
      vertex -46.5 -41.3813 1.59881
      vertex -47 -40.9558 1.35317
      vertex -47 -41.3813 1.59881
    endloop
  endfacet
  facet normal -0 0.499966 0.866045
    outer loop
      vertex -52 -40.9558 1.35317
      vertex -47.5 -41.3813 1.59881
      vertex -47.5 -40.9558 1.35317
    endloop
  endfacet
  facet normal 0 0.499966 0.866045
    outer loop
      vertex -47.5 -41.3813 1.59881
      vertex -52 -40.9558 1.35317
      vertex -52 -41.3813 1.59881
    endloop
  endfacet
  facet normal 0 -0.808989 0.587823
    outer loop
      vertex -52 -38.2536 1.92754
      vertex -47.5 -37.9648 2.325
      vertex -52 -37.9648 2.325
    endloop
  endfacet
  facet normal 0 -0.808989 0.587823
    outer loop
      vertex -47.5 -37.9648 2.325
      vertex -52 -38.2536 1.92754
      vertex -47.5 -38.2536 1.92754
    endloop
  endfacet
  facet normal 0 -0.808989 0.587823
    outer loop
      vertex -47 -38.2536 1.92754
      vertex -46.5 -37.9648 2.325
      vertex -47 -37.9648 2.325
    endloop
  endfacet
  facet normal 0 -0.808989 0.587823
    outer loop
      vertex -46.5 -37.9648 2.325
      vertex -47 -38.2536 1.92754
      vertex -46.5 -38.2536 1.92754
    endloop
  endfacet
  facet normal 0 -0.978166 -0.207826
    outer loop
      vertex -52 -37.6629 3.74564
      vertex -47.5 -37.765 4.22619
      vertex -52 -37.765 4.22619
    endloop
  endfacet
  facet normal 0 -0.978166 -0.207826
    outer loop
      vertex -47.5 -37.765 4.22619
      vertex -52 -37.6629 3.74564
      vertex -47.5 -37.6629 3.74564
    endloop
  endfacet
  facet normal 0 -0.978166 -0.207826
    outer loop
      vertex -47 -37.6629 3.74564
      vertex -46.5 -37.765 4.22619
      vertex -47 -37.765 4.22619
    endloop
  endfacet
  facet normal 0 -0.978166 -0.207826
    outer loop
      vertex -46.5 -37.765 4.22619
      vertex -47 -37.6629 3.74564
      vertex -46.5 -37.6629 3.74564
    endloop
  endfacet
  facet normal 0 1 -0
    outer loop
      vertex -46.5 -42.3371 3.25436
      vertex -47 -42.3371 3.74564
      vertex -46.5 -42.3371 3.74564
    endloop
  endfacet
  facet normal 0 1 0
    outer loop
      vertex -47 -42.3371 3.74564
      vertex -46.5 -42.3371 3.25436
      vertex -47 -42.3371 3.25436
    endloop
  endfacet
  facet normal 0 1 -0
    outer loop
      vertex -47.5 -42.3371 3.25436
      vertex -52 -42.3371 3.74564
      vertex -47.5 -42.3371 3.74564
    endloop
  endfacet
  facet normal 0 1 0
    outer loop
      vertex -52 -42.3371 3.74564
      vertex -47.5 -42.3371 3.25436
      vertex -52 -42.3371 3.25436
    endloop
  endfacet
  facet normal 0 -0.104521 -0.994523
    outer loop
      vertex -52 -40 5.85
      vertex -47.5 -39.5114 5.79865
      vertex -47.5 -40 5.85
    endloop
  endfacet
  facet normal -0 -0.104521 -0.994523
    outer loop
      vertex -47.5 -39.5114 5.79865
      vertex -52 -40 5.85
      vertex -52 -39.5114 5.79865
    endloop
  endfacet
  facet normal 0 -0.104521 -0.994523
    outer loop
      vertex -47 -40 5.85
      vertex -46.5 -39.5114 5.79865
      vertex -46.5 -40 5.85
    endloop
  endfacet
  facet normal -0 -0.104521 -0.994523
    outer loop
      vertex -46.5 -39.5114 5.79865
      vertex -47 -40 5.85
      vertex -47 -39.5114 5.79865
    endloop
  endfacet
  facet normal 0 0.913563 -0.406697
    outer loop
      vertex -46.5 -42.235 4.22619
      vertex -47 -42.0352 4.675
      vertex -46.5 -42.0352 4.675
    endloop
  endfacet
  facet normal 0 0.913563 -0.406697
    outer loop
      vertex -47 -42.0352 4.675
      vertex -46.5 -42.235 4.22619
      vertex -47 -42.235 4.22619
    endloop
  endfacet
  facet normal 0 0.913563 -0.406697
    outer loop
      vertex -47.5 -42.235 4.22619
      vertex -52 -42.0352 4.675
      vertex -47.5 -42.0352 4.675
    endloop
  endfacet
  facet normal 0 0.913563 -0.406697
    outer loop
      vertex -52 -42.0352 4.675
      vertex -47.5 -42.235 4.22619
      vertex -52 -42.235 4.22619
    endloop
  endfacet
  facet normal -0.951066 0 -0.308988
    outer loop
      vertex 42.2986 47.5 3.98859
      vertex 42.1468 52 4.45583
      vertex 42.2986 52 3.98859
    endloop
  endfacet
  facet normal -0.951066 -0 -0.308988
    outer loop
      vertex 42.1468 52 4.45583
      vertex 42.2986 47.5 3.98859
      vertex 42.1468 47.5 4.45583
    endloop
  endfacet
  facet normal -0.951066 0 -0.308988
    outer loop
      vertex 42.2986 46.5 3.98859
      vertex 42.1468 47 4.45583
      vertex 42.2986 47 3.98859
    endloop
  endfacet
  facet normal -0.951066 -0 -0.308988
    outer loop
      vertex 42.1468 47 4.45583
      vertex 42.2986 46.5 3.98859
      vertex 42.1468 46.5 4.45583
    endloop
  endfacet
  facet normal -0.994512 0 -0.104623
    outer loop
      vertex 42.35 47.5 3.5
      vertex 42.2986 52 3.98859
      vertex 42.35 52 3.5
    endloop
  endfacet
  facet normal -0.994512 -0 -0.104623
    outer loop
      vertex 42.2986 52 3.98859
      vertex 42.35 47.5 3.5
      vertex 42.2986 47.5 3.98859
    endloop
  endfacet
  facet normal -0.994512 0 -0.104623
    outer loop
      vertex 42.35 46.5 3.5
      vertex 42.2986 47 3.98859
      vertex 42.35 47 3.5
    endloop
  endfacet
  facet normal -0.994512 -0 -0.104623
    outer loop
      vertex 42.2986 47 3.98859
      vertex 42.35 46.5 3.5
      vertex 42.2986 46.5 3.98859
    endloop
  endfacet
  facet normal -0.951066 0 0.308988
    outer loop
      vertex 42.1468 46.5 2.54417
      vertex 42.2986 47 3.01141
      vertex 42.1468 47 2.54417
    endloop
  endfacet
  facet normal -0.951066 0 0.308988
    outer loop
      vertex 42.2986 47 3.01141
      vertex 42.1468 46.5 2.54417
      vertex 42.2986 46.5 3.01141
    endloop
  endfacet
  facet normal -0.951066 0 0.308988
    outer loop
      vertex 42.1468 47.5 2.54417
      vertex 42.2986 52 3.01141
      vertex 42.1468 52 2.54417
    endloop
  endfacet
  facet normal -0.951066 0 0.308988
    outer loop
      vertex 42.2986 52 3.01141
      vertex 42.1468 47.5 2.54417
      vertex 42.2986 47.5 3.01141
    endloop
  endfacet
  facet normal 0.994512 0 -0.104623
    outer loop
      vertex 37.7014 47.5 3.98859
      vertex 37.65 52 3.5
      vertex 37.7014 52 3.98859
    endloop
  endfacet
  facet normal 0.994512 0 -0.104623
    outer loop
      vertex 37.65 52 3.5
      vertex 37.7014 47.5 3.98859
      vertex 37.65 47.5 3.5
    endloop
  endfacet
  facet normal 0.994512 0 -0.104623
    outer loop
      vertex 37.7014 46.5 3.98859
      vertex 37.65 47 3.5
      vertex 37.7014 47 3.98859
    endloop
  endfacet
  facet normal 0.994512 0 -0.104623
    outer loop
      vertex 37.65 47 3.5
      vertex 37.7014 46.5 3.98859
      vertex 37.65 46.5 3.5
    endloop
  endfacet
  facet normal -0.406739 0 0.913544
    outer loop
      vertex 40.7262 52 1.26502
      vertex 41.175 47.5 1.46484
      vertex 41.175 52 1.46484
    endloop
  endfacet
  facet normal -0.406739 0 0.913544
    outer loop
      vertex 41.175 47.5 1.46484
      vertex 40.7262 52 1.26502
      vertex 40.7262 47.5 1.26502
    endloop
  endfacet
  facet normal -0.406739 0 0.913544
    outer loop
      vertex 40.7262 47 1.26502
      vertex 41.175 46.5 1.46484
      vertex 41.175 47 1.46484
    endloop
  endfacet
  facet normal -0.406739 0 0.913544
    outer loop
      vertex 41.175 46.5 1.46484
      vertex 40.7262 47 1.26502
      vertex 40.7262 46.5 1.26502
    endloop
  endfacet
  facet normal -0.207903 0 0.97815
    outer loop
      vertex 40.2456 47 1.16287
      vertex 40.7262 46.5 1.26502
      vertex 40.7262 47 1.26502
    endloop
  endfacet
  facet normal -0.207903 0 0.97815
    outer loop
      vertex 40.7262 46.5 1.26502
      vertex 40.2456 47 1.16287
      vertex 40.2456 46.5 1.16287
    endloop
  endfacet
  facet normal -0.207903 0 0.97815
    outer loop
      vertex 40.2456 52 1.16287
      vertex 40.7262 47.5 1.26502
      vertex 40.7262 52 1.26502
    endloop
  endfacet
  facet normal -0.207903 0 0.97815
    outer loop
      vertex 40.7262 47.5 1.26502
      vertex 40.2456 52 1.16287
      vertex 40.2456 47.5 1.16287
    endloop
  endfacet
  facet normal -0.866065 0 -0.499931
    outer loop
      vertex 42.1468 47.5 4.45583
      vertex 41.9012 52 4.8813
      vertex 42.1468 52 4.45583
    endloop
  endfacet
  facet normal -0.866065 -0 -0.499931
    outer loop
      vertex 41.9012 52 4.8813
      vertex 42.1468 47.5 4.45583
      vertex 41.9012 47.5 4.8813
    endloop
  endfacet
  facet normal -0.866065 0 -0.499931
    outer loop
      vertex 42.1468 46.5 4.45583
      vertex 41.9012 47 4.8813
      vertex 42.1468 47 4.45583
    endloop
  endfacet
  facet normal -0.866065 -0 -0.499931
    outer loop
      vertex 41.9012 47 4.8813
      vertex 42.1468 46.5 4.45583
      vertex 41.9012 46.5 4.8813
    endloop
  endfacet
  facet normal -0.743174 0 -0.669099
    outer loop
      vertex 41.9012 47.5 4.8813
      vertex 41.5725 52 5.24639
      vertex 41.9012 52 4.8813
    endloop
  endfacet
  facet normal -0.743174 -0 -0.669099
    outer loop
      vertex 41.5725 52 5.24639
      vertex 41.9012 47.5 4.8813
      vertex 41.5725 47.5 5.24639
    endloop
  endfacet
  facet normal -0.743174 0 -0.669099
    outer loop
      vertex 41.9012 46.5 4.8813
      vertex 41.5725 47 5.24639
      vertex 41.9012 47 4.8813
    endloop
  endfacet
  facet normal -0.743174 -0 -0.669099
    outer loop
      vertex 41.5725 47 5.24639
      vertex 41.9012 46.5 4.8813
      vertex 41.5725 46.5 5.24639
    endloop
  endfacet
  facet normal 0.587744 0 -0.809047
    outer loop
      vertex 38.4275 46.5 5.24639
      vertex 38.825 47 5.53516
      vertex 38.825 46.5 5.53516
    endloop
  endfacet
  facet normal 0.587744 0 -0.809047
    outer loop
      vertex 38.825 47 5.53516
      vertex 38.4275 46.5 5.24639
      vertex 38.4275 47 5.24639
    endloop
  endfacet
  facet normal 0.587744 0 -0.809047
    outer loop
      vertex 38.4275 47.5 5.24639
      vertex 38.825 52 5.53516
      vertex 38.825 47.5 5.53516
    endloop
  endfacet
  facet normal 0.587744 0 -0.809047
    outer loop
      vertex 38.825 52 5.53516
      vertex 38.4275 47.5 5.24639
      vertex 38.4275 52 5.24639
    endloop
  endfacet
  facet normal 0.951066 0 -0.308988
    outer loop
      vertex 37.8532 47.5 4.45583
      vertex 37.7014 52 3.98859
      vertex 37.8532 52 4.45583
    endloop
  endfacet
  facet normal 0.951066 0 -0.308988
    outer loop
      vertex 37.7014 52 3.98859
      vertex 37.8532 47.5 4.45583
      vertex 37.7014 47.5 3.98859
    endloop
  endfacet
  facet normal 0.951066 0 -0.308988
    outer loop
      vertex 37.8532 46.5 4.45583
      vertex 37.7014 47 3.98859
      vertex 37.8532 47 4.45583
    endloop
  endfacet
  facet normal 0.951066 0 -0.308988
    outer loop
      vertex 37.7014 47 3.98859
      vertex 37.8532 46.5 4.45583
      vertex 37.7014 46.5 3.98859
    endloop
  endfacet
  facet normal -0.207903 0 -0.97815
    outer loop
      vertex 40.2456 47.5 5.83713
      vertex 40.7262 52 5.73498
      vertex 40.7262 47.5 5.73498
    endloop
  endfacet
  facet normal -0.207903 0 -0.97815
    outer loop
      vertex 40.7262 52 5.73498
      vertex 40.2456 47.5 5.83713
      vertex 40.2456 52 5.83713
    endloop
  endfacet
  facet normal -0.207903 0 -0.97815
    outer loop
      vertex 40.2456 46.5 5.83713
      vertex 40.7262 47 5.73498
      vertex 40.7262 46.5 5.73498
    endloop
  endfacet
  facet normal -0.207903 0 -0.97815
    outer loop
      vertex 40.7262 47 5.73498
      vertex 40.2456 46.5 5.83713
      vertex 40.2456 47 5.83713
    endloop
  endfacet
  facet normal -0.587744 0 0.809047
    outer loop
      vertex 41.175 52 1.46484
      vertex 41.5725 47.5 1.75361
      vertex 41.5725 52 1.75361
    endloop
  endfacet
  facet normal -0.587744 0 0.809047
    outer loop
      vertex 41.5725 47.5 1.75361
      vertex 41.175 52 1.46484
      vertex 41.175 47.5 1.46484
    endloop
  endfacet
  facet normal -0.587744 0 0.809047
    outer loop
      vertex 41.175 47 1.46484
      vertex 41.5725 46.5 1.75361
      vertex 41.5725 47 1.75361
    endloop
  endfacet
  facet normal -0.587744 0 0.809047
    outer loop
      vertex 41.5725 46.5 1.75361
      vertex 41.175 47 1.46484
      vertex 41.175 46.5 1.46484
    endloop
  endfacet
  facet normal 0.406739 0 -0.913544
    outer loop
      vertex 38.825 46.5 5.53516
      vertex 39.2738 47 5.73498
      vertex 39.2738 46.5 5.73498
    endloop
  endfacet
  facet normal 0.406739 0 -0.913544
    outer loop
      vertex 39.2738 47 5.73498
      vertex 38.825 46.5 5.53516
      vertex 38.825 47 5.53516
    endloop
  endfacet
  facet normal 0.406739 0 -0.913544
    outer loop
      vertex 38.825 47.5 5.53516
      vertex 39.2738 52 5.73498
      vertex 39.2738 47.5 5.73498
    endloop
  endfacet
  facet normal 0.406739 0 -0.913544
    outer loop
      vertex 39.2738 52 5.73498
      vertex 38.825 47.5 5.53516
      vertex 38.825 52 5.53516
    endloop
  endfacet
  facet normal -0.994512 0 0.104623
    outer loop
      vertex 42.2986 47.5 3.01141
      vertex 42.35 52 3.5
      vertex 42.2986 52 3.01141
    endloop
  endfacet
  facet normal -0.994512 0 0.104623
    outer loop
      vertex 42.35 52 3.5
      vertex 42.2986 47.5 3.01141
      vertex 42.35 47.5 3.5
    endloop
  endfacet
  facet normal -0.994512 0 0.104623
    outer loop
      vertex 42.2986 46.5 3.01141
      vertex 42.35 47 3.5
      vertex 42.2986 47 3.01141
    endloop
  endfacet
  facet normal -0.994512 0 0.104623
    outer loop
      vertex 42.35 47 3.5
      vertex 42.2986 46.5 3.01141
      vertex 42.35 46.5 3.5
    endloop
  endfacet
  facet normal -0.743174 0 0.669099
    outer loop
      vertex 41.5725 46.5 1.75361
      vertex 41.9012 47 2.1187
      vertex 41.5725 47 1.75361
    endloop
  endfacet
  facet normal -0.743174 0 0.669099
    outer loop
      vertex 41.9012 47 2.1187
      vertex 41.5725 46.5 1.75361
      vertex 41.9012 46.5 2.1187
    endloop
  endfacet
  facet normal -0.743174 0 0.669099
    outer loop
      vertex 41.5725 47.5 1.75361
      vertex 41.9012 52 2.1187
      vertex 41.5725 52 1.75361
    endloop
  endfacet
  facet normal -0.743174 0 0.669099
    outer loop
      vertex 41.9012 52 2.1187
      vertex 41.5725 47.5 1.75361
      vertex 41.9012 47.5 2.1187
    endloop
  endfacet
  facet normal -0.406739 0 -0.913544
    outer loop
      vertex 40.7262 46.5 5.73498
      vertex 41.175 47 5.53516
      vertex 41.175 46.5 5.53516
    endloop
  endfacet
  facet normal -0.406739 0 -0.913544
    outer loop
      vertex 41.175 47 5.53516
      vertex 40.7262 46.5 5.73498
      vertex 40.7262 47 5.73498
    endloop
  endfacet
  facet normal -0.406739 0 -0.913544
    outer loop
      vertex 40.7262 47.5 5.73498
      vertex 41.175 52 5.53516
      vertex 41.175 47.5 5.53516
    endloop
  endfacet
  facet normal -0.406739 0 -0.913544
    outer loop
      vertex 41.175 52 5.53516
      vertex 40.7262 47.5 5.73498
      vertex 40.7262 52 5.73498
    endloop
  endfacet
  facet normal 0.866065 -0 0.499931
    outer loop
      vertex 37.8532 46.5 2.54417
      vertex 38.0988 47 2.1187
      vertex 37.8532 47 2.54417
    endloop
  endfacet
  facet normal 0.866065 0 0.499931
    outer loop
      vertex 38.0988 47 2.1187
      vertex 37.8532 46.5 2.54417
      vertex 38.0988 46.5 2.1187
    endloop
  endfacet
  facet normal 0.866065 -0 0.499931
    outer loop
      vertex 37.8532 47.5 2.54417
      vertex 38.0988 52 2.1187
      vertex 37.8532 52 2.54417
    endloop
  endfacet
  facet normal 0.866065 0 0.499931
    outer loop
      vertex 38.0988 52 2.1187
      vertex 37.8532 47.5 2.54417
      vertex 38.0988 47.5 2.1187
    endloop
  endfacet
  facet normal -0 0 1
    outer loop
      vertex 39.7544 47 1.16287
      vertex 40.2456 46.5 1.16287
      vertex 40.2456 47 1.16287
    endloop
  endfacet
  facet normal 0 0 1
    outer loop
      vertex 40.2456 46.5 1.16287
      vertex 39.7544 47 1.16287
      vertex 39.7544 46.5 1.16287
    endloop
  endfacet
  facet normal -0 0 1
    outer loop
      vertex 39.7544 52 1.16287
      vertex 40.2456 47.5 1.16287
      vertex 40.2456 52 1.16287
    endloop
  endfacet
  facet normal 0 0 1
    outer loop
      vertex 40.2456 47.5 1.16287
      vertex 39.7544 52 1.16287
      vertex 39.7544 47.5 1.16287
    endloop
  endfacet
  facet normal -0.866065 0 0.499931
    outer loop
      vertex 41.9012 46.5 2.1187
      vertex 42.1468 47 2.54417
      vertex 41.9012 47 2.1187
    endloop
  endfacet
  facet normal -0.866065 0 0.499931
    outer loop
      vertex 42.1468 47 2.54417
      vertex 41.9012 46.5 2.1187
      vertex 42.1468 46.5 2.54417
    endloop
  endfacet
  facet normal -0.866065 0 0.499931
    outer loop
      vertex 41.9012 47.5 2.1187
      vertex 42.1468 52 2.54417
      vertex 41.9012 52 2.1187
    endloop
  endfacet
  facet normal -0.866065 0 0.499931
    outer loop
      vertex 42.1468 52 2.54417
      vertex 41.9012 47.5 2.1187
      vertex 42.1468 47.5 2.54417
    endloop
  endfacet
  facet normal -0.587744 0 -0.809047
    outer loop
      vertex 41.175 47.5 5.53516
      vertex 41.5725 52 5.24639
      vertex 41.5725 47.5 5.24639
    endloop
  endfacet
  facet normal -0.587744 0 -0.809047
    outer loop
      vertex 41.5725 52 5.24639
      vertex 41.175 47.5 5.53516
      vertex 41.175 52 5.53516
    endloop
  endfacet
  facet normal -0.587744 0 -0.809047
    outer loop
      vertex 41.175 46.5 5.53516
      vertex 41.5725 47 5.24639
      vertex 41.5725 46.5 5.24639
    endloop
  endfacet
  facet normal -0.587744 0 -0.809047
    outer loop
      vertex 41.5725 47 5.24639
      vertex 41.175 46.5 5.53516
      vertex 41.175 47 5.53516
    endloop
  endfacet
  facet normal 0 0 -1
    outer loop
      vertex 39.7544 47.5 5.83713
      vertex 40.2456 52 5.83713
      vertex 40.2456 47.5 5.83713
    endloop
  endfacet
  facet normal -0 0 -1
    outer loop
      vertex 40.2456 52 5.83713
      vertex 39.7544 47.5 5.83713
      vertex 39.7544 52 5.83713
    endloop
  endfacet
  facet normal 0 0 -1
    outer loop
      vertex 39.7544 46.5 5.83713
      vertex 40.2456 47 5.83713
      vertex 40.2456 46.5 5.83713
    endloop
  endfacet
  facet normal -0 0 -1
    outer loop
      vertex 40.2456 47 5.83713
      vertex 39.7544 46.5 5.83713
      vertex 39.7544 47 5.83713
    endloop
  endfacet
  facet normal 0.207903 0 -0.97815
    outer loop
      vertex 39.2738 46.5 5.73498
      vertex 39.7544 47 5.83713
      vertex 39.7544 46.5 5.83713
    endloop
  endfacet
  facet normal 0.207903 0 -0.97815
    outer loop
      vertex 39.7544 47 5.83713
      vertex 39.2738 46.5 5.73498
      vertex 39.2738 47 5.73498
    endloop
  endfacet
  facet normal 0.207903 0 -0.97815
    outer loop
      vertex 39.2738 47.5 5.73498
      vertex 39.7544 52 5.83713
      vertex 39.7544 47.5 5.83713
    endloop
  endfacet
  facet normal 0.207903 0 -0.97815
    outer loop
      vertex 39.7544 52 5.83713
      vertex 39.2738 47.5 5.73498
      vertex 39.2738 52 5.73498
    endloop
  endfacet
  facet normal 0.207903 0 0.97815
    outer loop
      vertex 39.2738 52 1.26502
      vertex 39.7544 47.5 1.16287
      vertex 39.7544 52 1.16287
    endloop
  endfacet
  facet normal 0.207903 0 0.97815
    outer loop
      vertex 39.7544 47.5 1.16287
      vertex 39.2738 52 1.26502
      vertex 39.2738 47.5 1.26502
    endloop
  endfacet
  facet normal 0.207903 0 0.97815
    outer loop
      vertex 39.2738 47 1.26502
      vertex 39.7544 46.5 1.16287
      vertex 39.7544 47 1.16287
    endloop
  endfacet
  facet normal 0.207903 0 0.97815
    outer loop
      vertex 39.7544 46.5 1.16287
      vertex 39.2738 47 1.26502
      vertex 39.2738 46.5 1.26502
    endloop
  endfacet
  facet normal 0.951066 -0 0.308988
    outer loop
      vertex 37.7014 47.5 3.01141
      vertex 37.8532 52 2.54417
      vertex 37.7014 52 3.01141
    endloop
  endfacet
  facet normal 0.951066 0 0.308988
    outer loop
      vertex 37.8532 52 2.54417
      vertex 37.7014 47.5 3.01141
      vertex 37.8532 47.5 2.54417
    endloop
  endfacet
  facet normal 0.951066 -0 0.308988
    outer loop
      vertex 37.7014 46.5 3.01141
      vertex 37.8532 47 2.54417
      vertex 37.7014 47 3.01141
    endloop
  endfacet
  facet normal 0.951066 0 0.308988
    outer loop
      vertex 37.8532 47 2.54417
      vertex 37.7014 46.5 3.01141
      vertex 37.8532 46.5 2.54417
    endloop
  endfacet
  facet normal 0.743174 0 -0.669099
    outer loop
      vertex 38.4275 47.5 5.24639
      vertex 38.0988 52 4.8813
      vertex 38.4275 52 5.24639
    endloop
  endfacet
  facet normal 0.743174 0 -0.669099
    outer loop
      vertex 38.0988 52 4.8813
      vertex 38.4275 47.5 5.24639
      vertex 38.0988 47.5 4.8813
    endloop
  endfacet
  facet normal 0.743174 0 -0.669099
    outer loop
      vertex 38.4275 46.5 5.24639
      vertex 38.0988 47 4.8813
      vertex 38.4275 47 5.24639
    endloop
  endfacet
  facet normal 0.743174 0 -0.669099
    outer loop
      vertex 38.0988 47 4.8813
      vertex 38.4275 46.5 5.24639
      vertex 38.0988 46.5 4.8813
    endloop
  endfacet
  facet normal 0.743174 -0 0.669099
    outer loop
      vertex 38.0988 46.5 2.1187
      vertex 38.4275 47 1.75361
      vertex 38.0988 47 2.1187
    endloop
  endfacet
  facet normal 0.743174 0 0.669099
    outer loop
      vertex 38.4275 47 1.75361
      vertex 38.0988 46.5 2.1187
      vertex 38.4275 46.5 1.75361
    endloop
  endfacet
  facet normal 0.743174 -0 0.669099
    outer loop
      vertex 38.0988 47.5 2.1187
      vertex 38.4275 52 1.75361
      vertex 38.0988 52 2.1187
    endloop
  endfacet
  facet normal 0.743174 0 0.669099
    outer loop
      vertex 38.4275 52 1.75361
      vertex 38.0988 47.5 2.1187
      vertex 38.4275 47.5 1.75361
    endloop
  endfacet
  facet normal 0.587744 0 0.809047
    outer loop
      vertex 38.4275 52 1.75361
      vertex 38.825 47.5 1.46484
      vertex 38.825 52 1.46484
    endloop
  endfacet
  facet normal 0.587744 0 0.809047
    outer loop
      vertex 38.825 47.5 1.46484
      vertex 38.4275 52 1.75361
      vertex 38.4275 47.5 1.75361
    endloop
  endfacet
  facet normal 0.587744 0 0.809047
    outer loop
      vertex 38.4275 47 1.75361
      vertex 38.825 46.5 1.46484
      vertex 38.825 47 1.46484
    endloop
  endfacet
  facet normal 0.587744 0 0.809047
    outer loop
      vertex 38.825 46.5 1.46484
      vertex 38.4275 47 1.75361
      vertex 38.4275 46.5 1.75361
    endloop
  endfacet
  facet normal 0.994512 -0 0.104623
    outer loop
      vertex 37.65 47.5 3.5
      vertex 37.7014 52 3.01141
      vertex 37.65 52 3.5
    endloop
  endfacet
  facet normal 0.994512 0 0.104623
    outer loop
      vertex 37.7014 52 3.01141
      vertex 37.65 47.5 3.5
      vertex 37.7014 47.5 3.01141
    endloop
  endfacet
  facet normal 0.994512 -0 0.104623
    outer loop
      vertex 37.65 46.5 3.5
      vertex 37.7014 47 3.01141
      vertex 37.65 47 3.5
    endloop
  endfacet
  facet normal 0.994512 0 0.104623
    outer loop
      vertex 37.7014 47 3.01141
      vertex 37.65 46.5 3.5
      vertex 37.7014 46.5 3.01141
    endloop
  endfacet
  facet normal 0 1 0
    outer loop
      vertex 40.7262 46.5 5.73498
      vertex 39.7544 46.5 5.83713
      vertex 40.2456 46.5 5.83713
    endloop
  endfacet
  facet normal 0 1 0
    outer loop
      vertex 40.7262 46.5 5.73498
      vertex 39.2738 46.5 5.73498
      vertex 39.7544 46.5 5.83713
    endloop
  endfacet
  facet normal 0 1 0
    outer loop
      vertex 41.175 46.5 5.53516
      vertex 39.2738 46.5 5.73498
      vertex 40.7262 46.5 5.73498
    endloop
  endfacet
  facet normal 0 1 0
    outer loop
      vertex 41.175 46.5 5.53516
      vertex 38.825 46.5 5.53516
      vertex 39.2738 46.5 5.73498
    endloop
  endfacet
  facet normal 0 1 0
    outer loop
      vertex 41.5725 46.5 5.24639
      vertex 38.825 46.5 5.53516
      vertex 41.175 46.5 5.53516
    endloop
  endfacet
  facet normal 0 1 0
    outer loop
      vertex 41.5725 46.5 5.24639
      vertex 38.4275 46.5 5.24639
      vertex 38.825 46.5 5.53516
    endloop
  endfacet
  facet normal 0 1 0
    outer loop
      vertex 41.9012 46.5 4.8813
      vertex 38.4275 46.5 5.24639
      vertex 41.5725 46.5 5.24639
    endloop
  endfacet
  facet normal 0 1 0
    outer loop
      vertex 41.9012 46.5 4.8813
      vertex 38.0988 46.5 4.8813
      vertex 38.4275 46.5 5.24639
    endloop
  endfacet
  facet normal 0 1 0
    outer loop
      vertex 42.1468 46.5 4.45583
      vertex 38.0988 46.5 4.8813
      vertex 41.9012 46.5 4.8813
    endloop
  endfacet
  facet normal 0 1 0
    outer loop
      vertex 42.1468 46.5 4.45583
      vertex 37.8532 46.5 4.45583
      vertex 38.0988 46.5 4.8813
    endloop
  endfacet
  facet normal 0 1 0
    outer loop
      vertex 42.2986 46.5 3.98859
      vertex 37.8532 46.5 4.45583
      vertex 42.1468 46.5 4.45583
    endloop
  endfacet
  facet normal 0 1 0
    outer loop
      vertex 42.2986 46.5 3.98859
      vertex 37.7014 46.5 3.98859
      vertex 37.8532 46.5 4.45583
    endloop
  endfacet
  facet normal 0 1 0
    outer loop
      vertex 42.35 46.5 3.5
      vertex 37.7014 46.5 3.98859
      vertex 42.2986 46.5 3.98859
    endloop
  endfacet
  facet normal 0 1 0
    outer loop
      vertex 42.35 46.5 3.5
      vertex 37.65 46.5 3.5
      vertex 37.7014 46.5 3.98859
    endloop
  endfacet
  facet normal 0 1 -0
    outer loop
      vertex 42.2986 46.5 3.01141
      vertex 37.65 46.5 3.5
      vertex 42.35 46.5 3.5
    endloop
  endfacet
  facet normal 0 1 0
    outer loop
      vertex 42.2986 46.5 3.01141
      vertex 37.7014 46.5 3.01141
      vertex 37.65 46.5 3.5
    endloop
  endfacet
  facet normal 0 1 -0
    outer loop
      vertex 42.1468 46.5 2.54417
      vertex 37.7014 46.5 3.01141
      vertex 42.2986 46.5 3.01141
    endloop
  endfacet
  facet normal 0 1 0
    outer loop
      vertex 42.1468 46.5 2.54417
      vertex 37.8532 46.5 2.54417
      vertex 37.7014 46.5 3.01141
    endloop
  endfacet
  facet normal 0 1 -0
    outer loop
      vertex 41.9012 46.5 2.1187
      vertex 37.8532 46.5 2.54417
      vertex 42.1468 46.5 2.54417
    endloop
  endfacet
  facet normal 0 1 0
    outer loop
      vertex 41.9012 46.5 2.1187
      vertex 38.0988 46.5 2.1187
      vertex 37.8532 46.5 2.54417
    endloop
  endfacet
  facet normal 0 1 -0
    outer loop
      vertex 41.5725 46.5 1.75361
      vertex 38.0988 46.5 2.1187
      vertex 41.9012 46.5 2.1187
    endloop
  endfacet
  facet normal 0 1 0
    outer loop
      vertex 41.5725 46.5 1.75361
      vertex 38.4275 46.5 1.75361
      vertex 38.0988 46.5 2.1187
    endloop
  endfacet
  facet normal 0 1 -0
    outer loop
      vertex 41.175 46.5 1.46484
      vertex 38.4275 46.5 1.75361
      vertex 41.5725 46.5 1.75361
    endloop
  endfacet
  facet normal 0 1 0
    outer loop
      vertex 41.175 46.5 1.46484
      vertex 38.825 46.5 1.46484
      vertex 38.4275 46.5 1.75361
    endloop
  endfacet
  facet normal 0 1 -0
    outer loop
      vertex 40.7262 46.5 1.26502
      vertex 38.825 46.5 1.46484
      vertex 41.175 46.5 1.46484
    endloop
  endfacet
  facet normal 0 1 0
    outer loop
      vertex 40.7262 46.5 1.26502
      vertex 39.2738 46.5 1.26502
      vertex 38.825 46.5 1.46484
    endloop
  endfacet
  facet normal 0 1 -0
    outer loop
      vertex 40.2456 46.5 1.16287
      vertex 39.2738 46.5 1.26502
      vertex 40.7262 46.5 1.26502
    endloop
  endfacet
  facet normal 0 1 0
    outer loop
      vertex 39.2738 46.5 1.26502
      vertex 40.2456 46.5 1.16287
      vertex 39.7544 46.5 1.16287
    endloop
  endfacet
  facet normal 0.406739 0 0.913544
    outer loop
      vertex 38.825 52 1.46484
      vertex 39.2738 47.5 1.26502
      vertex 39.2738 52 1.26502
    endloop
  endfacet
  facet normal 0.406739 0 0.913544
    outer loop
      vertex 39.2738 47.5 1.26502
      vertex 38.825 52 1.46484
      vertex 38.825 47.5 1.46484
    endloop
  endfacet
  facet normal 0.406739 0 0.913544
    outer loop
      vertex 38.825 47 1.46484
      vertex 39.2738 46.5 1.26502
      vertex 39.2738 47 1.26502
    endloop
  endfacet
  facet normal 0.406739 0 0.913544
    outer loop
      vertex 39.2738 46.5 1.26502
      vertex 38.825 47 1.46484
      vertex 38.825 46.5 1.46484
    endloop
  endfacet
  facet normal 0.866065 0 -0.499931
    outer loop
      vertex 38.0988 47.5 4.8813
      vertex 37.8532 52 4.45583
      vertex 38.0988 52 4.8813
    endloop
  endfacet
  facet normal 0.866065 0 -0.499931
    outer loop
      vertex 37.8532 52 4.45583
      vertex 38.0988 47.5 4.8813
      vertex 37.8532 47.5 4.45583
    endloop
  endfacet
  facet normal 0.866065 0 -0.499931
    outer loop
      vertex 38.0988 46.5 4.8813
      vertex 37.8532 47 4.45583
      vertex 38.0988 47 4.8813
    endloop
  endfacet
  facet normal 0.866065 0 -0.499931
    outer loop
      vertex 37.8532 47 4.45583
      vertex 38.0988 46.5 4.8813
      vertex 37.8532 46.5 4.45583
    endloop
  endfacet
  facet normal 0.743174 0 -0.669099
    outer loop
      vertex 38.4275 -47 5.24639
      vertex 38.0988 -46.5 4.8813
      vertex 38.4275 -46.5 5.24639
    endloop
  endfacet
  facet normal 0.743174 0 -0.669099
    outer loop
      vertex 38.0988 -46.5 4.8813
      vertex 38.4275 -47 5.24639
      vertex 38.0988 -47 4.8813
    endloop
  endfacet
  facet normal 0.743174 0 -0.669099
    outer loop
      vertex 38.4275 -52 5.24639
      vertex 38.0988 -47.5 4.8813
      vertex 38.4275 -47.5 5.24639
    endloop
  endfacet
  facet normal 0.743174 0 -0.669099
    outer loop
      vertex 38.0988 -47.5 4.8813
      vertex 38.4275 -52 5.24639
      vertex 38.0988 -52 4.8813
    endloop
  endfacet
  facet normal -0.951066 0 0.308988
    outer loop
      vertex 42.1468 -52 2.54417
      vertex 42.2986 -47.5 3.01141
      vertex 42.1468 -47.5 2.54417
    endloop
  endfacet
  facet normal -0.951066 0 0.308988
    outer loop
      vertex 42.2986 -47.5 3.01141
      vertex 42.1468 -52 2.54417
      vertex 42.2986 -52 3.01141
    endloop
  endfacet
  facet normal -0.951066 0 0.308988
    outer loop
      vertex 42.1468 -47 2.54417
      vertex 42.2986 -46.5 3.01141
      vertex 42.1468 -46.5 2.54417
    endloop
  endfacet
  facet normal -0.951066 0 0.308988
    outer loop
      vertex 42.2986 -46.5 3.01141
      vertex 42.1468 -47 2.54417
      vertex 42.2986 -47 3.01141
    endloop
  endfacet
  facet normal -0.994512 0 0.104623
    outer loop
      vertex 42.2986 -52 3.01141
      vertex 42.35 -47.5 3.5
      vertex 42.2986 -47.5 3.01141
    endloop
  endfacet
  facet normal -0.994512 0 0.104623
    outer loop
      vertex 42.35 -47.5 3.5
      vertex 42.2986 -52 3.01141
      vertex 42.35 -52 3.5
    endloop
  endfacet
  facet normal -0.994512 0 0.104623
    outer loop
      vertex 42.2986 -47 3.01141
      vertex 42.35 -46.5 3.5
      vertex 42.2986 -46.5 3.01141
    endloop
  endfacet
  facet normal -0.994512 0 0.104623
    outer loop
      vertex 42.35 -46.5 3.5
      vertex 42.2986 -47 3.01141
      vertex 42.35 -47 3.5
    endloop
  endfacet
  facet normal -0.866065 0 0.499931
    outer loop
      vertex 41.9012 -52 2.1187
      vertex 42.1468 -47.5 2.54417
      vertex 41.9012 -47.5 2.1187
    endloop
  endfacet
  facet normal -0.866065 0 0.499931
    outer loop
      vertex 42.1468 -47.5 2.54417
      vertex 41.9012 -52 2.1187
      vertex 42.1468 -52 2.54417
    endloop
  endfacet
  facet normal -0.866065 0 0.499931
    outer loop
      vertex 41.9012 -47 2.1187
      vertex 42.1468 -46.5 2.54417
      vertex 41.9012 -46.5 2.1187
    endloop
  endfacet
  facet normal -0.866065 0 0.499931
    outer loop
      vertex 42.1468 -46.5 2.54417
      vertex 41.9012 -47 2.1187
      vertex 42.1468 -47 2.54417
    endloop
  endfacet
  facet normal -0.951066 0 -0.308988
    outer loop
      vertex 42.2986 -47 3.98859
      vertex 42.1468 -46.5 4.45583
      vertex 42.2986 -46.5 3.98859
    endloop
  endfacet
  facet normal -0.951066 -0 -0.308988
    outer loop
      vertex 42.1468 -46.5 4.45583
      vertex 42.2986 -47 3.98859
      vertex 42.1468 -47 4.45583
    endloop
  endfacet
  facet normal -0.951066 0 -0.308988
    outer loop
      vertex 42.2986 -52 3.98859
      vertex 42.1468 -47.5 4.45583
      vertex 42.2986 -47.5 3.98859
    endloop
  endfacet
  facet normal -0.951066 -0 -0.308988
    outer loop
      vertex 42.1468 -47.5 4.45583
      vertex 42.2986 -52 3.98859
      vertex 42.1468 -52 4.45583
    endloop
  endfacet
  facet normal 0.587744 0 0.809047
    outer loop
      vertex 38.4275 -46.5 1.75361
      vertex 38.825 -47 1.46484
      vertex 38.825 -46.5 1.46484
    endloop
  endfacet
  facet normal 0.587744 0 0.809047
    outer loop
      vertex 38.825 -47 1.46484
      vertex 38.4275 -46.5 1.75361
      vertex 38.4275 -47 1.75361
    endloop
  endfacet
  facet normal 0.587744 0 0.809047
    outer loop
      vertex 38.4275 -47.5 1.75361
      vertex 38.825 -52 1.46484
      vertex 38.825 -47.5 1.46484
    endloop
  endfacet
  facet normal 0.587744 0 0.809047
    outer loop
      vertex 38.825 -52 1.46484
      vertex 38.4275 -47.5 1.75361
      vertex 38.4275 -52 1.75361
    endloop
  endfacet
  facet normal -0.587744 0 -0.809047
    outer loop
      vertex 41.175 -47 5.53516
      vertex 41.5725 -46.5 5.24639
      vertex 41.5725 -47 5.24639
    endloop
  endfacet
  facet normal -0.587744 0 -0.809047
    outer loop
      vertex 41.5725 -46.5 5.24639
      vertex 41.175 -47 5.53516
      vertex 41.175 -46.5 5.53516
    endloop
  endfacet
  facet normal -0.587744 0 -0.809047
    outer loop
      vertex 41.175 -52 5.53516
      vertex 41.5725 -47.5 5.24639
      vertex 41.5725 -52 5.24639
    endloop
  endfacet
  facet normal -0.587744 0 -0.809047
    outer loop
      vertex 41.5725 -47.5 5.24639
      vertex 41.175 -52 5.53516
      vertex 41.175 -47.5 5.53516
    endloop
  endfacet
  facet normal -0.743174 0 -0.669099
    outer loop
      vertex 41.9012 -52 4.8813
      vertex 41.5725 -47.5 5.24639
      vertex 41.9012 -47.5 4.8813
    endloop
  endfacet
  facet normal -0.743174 -0 -0.669099
    outer loop
      vertex 41.5725 -47.5 5.24639
      vertex 41.9012 -52 4.8813
      vertex 41.5725 -52 5.24639
    endloop
  endfacet
  facet normal -0.743174 0 -0.669099
    outer loop
      vertex 41.9012 -47 4.8813
      vertex 41.5725 -46.5 5.24639
      vertex 41.9012 -46.5 4.8813
    endloop
  endfacet
  facet normal -0.743174 -0 -0.669099
    outer loop
      vertex 41.5725 -46.5 5.24639
      vertex 41.9012 -47 4.8813
      vertex 41.5725 -47 5.24639
    endloop
  endfacet
  facet normal -0.994512 0 -0.104623
    outer loop
      vertex 42.35 -52 3.5
      vertex 42.2986 -47.5 3.98859
      vertex 42.35 -47.5 3.5
    endloop
  endfacet
  facet normal -0.994512 -0 -0.104623
    outer loop
      vertex 42.2986 -47.5 3.98859
      vertex 42.35 -52 3.5
      vertex 42.2986 -52 3.98859
    endloop
  endfacet
  facet normal -0.994512 0 -0.104623
    outer loop
      vertex 42.35 -47 3.5
      vertex 42.2986 -46.5 3.98859
      vertex 42.35 -46.5 3.5
    endloop
  endfacet
  facet normal -0.994512 -0 -0.104623
    outer loop
      vertex 42.2986 -46.5 3.98859
      vertex 42.35 -47 3.5
      vertex 42.2986 -47 3.98859
    endloop
  endfacet
  facet normal 0.406739 0 -0.913544
    outer loop
      vertex 38.825 -47 5.53516
      vertex 39.2738 -46.5 5.73498
      vertex 39.2738 -47 5.73498
    endloop
  endfacet
  facet normal 0.406739 0 -0.913544
    outer loop
      vertex 39.2738 -46.5 5.73498
      vertex 38.825 -47 5.53516
      vertex 38.825 -46.5 5.53516
    endloop
  endfacet
  facet normal 0.406739 0 -0.913544
    outer loop
      vertex 38.825 -52 5.53516
      vertex 39.2738 -47.5 5.73498
      vertex 39.2738 -52 5.73498
    endloop
  endfacet
  facet normal 0.406739 0 -0.913544
    outer loop
      vertex 39.2738 -47.5 5.73498
      vertex 38.825 -52 5.53516
      vertex 38.825 -47.5 5.53516
    endloop
  endfacet
  facet normal -0.406739 0 0.913544
    outer loop
      vertex 40.7262 -47.5 1.26502
      vertex 41.175 -52 1.46484
      vertex 41.175 -47.5 1.46484
    endloop
  endfacet
  facet normal -0.406739 0 0.913544
    outer loop
      vertex 41.175 -52 1.46484
      vertex 40.7262 -47.5 1.26502
      vertex 40.7262 -52 1.26502
    endloop
  endfacet
  facet normal -0.406739 0 0.913544
    outer loop
      vertex 40.7262 -46.5 1.26502
      vertex 41.175 -47 1.46484
      vertex 41.175 -46.5 1.46484
    endloop
  endfacet
  facet normal -0.406739 0 0.913544
    outer loop
      vertex 41.175 -47 1.46484
      vertex 40.7262 -46.5 1.26502
      vertex 40.7262 -47 1.26502
    endloop
  endfacet
  facet normal -0.743174 0 0.669099
    outer loop
      vertex 41.5725 -52 1.75361
      vertex 41.9012 -47.5 2.1187
      vertex 41.5725 -47.5 1.75361
    endloop
  endfacet
  facet normal -0.743174 0 0.669099
    outer loop
      vertex 41.9012 -47.5 2.1187
      vertex 41.5725 -52 1.75361
      vertex 41.9012 -52 2.1187
    endloop
  endfacet
  facet normal -0.743174 0 0.669099
    outer loop
      vertex 41.5725 -47 1.75361
      vertex 41.9012 -46.5 2.1187
      vertex 41.5725 -46.5 1.75361
    endloop
  endfacet
  facet normal -0.743174 0 0.669099
    outer loop
      vertex 41.9012 -46.5 2.1187
      vertex 41.5725 -47 1.75361
      vertex 41.9012 -47 2.1187
    endloop
  endfacet
  facet normal 0.587744 0 -0.809047
    outer loop
      vertex 38.4275 -47 5.24639
      vertex 38.825 -46.5 5.53516
      vertex 38.825 -47 5.53516
    endloop
  endfacet
  facet normal 0.587744 0 -0.809047
    outer loop
      vertex 38.825 -46.5 5.53516
      vertex 38.4275 -47 5.24639
      vertex 38.4275 -46.5 5.24639
    endloop
  endfacet
  facet normal 0.587744 0 -0.809047
    outer loop
      vertex 38.4275 -52 5.24639
      vertex 38.825 -47.5 5.53516
      vertex 38.825 -52 5.53516
    endloop
  endfacet
  facet normal 0.587744 0 -0.809047
    outer loop
      vertex 38.825 -47.5 5.53516
      vertex 38.4275 -52 5.24639
      vertex 38.4275 -47.5 5.24639
    endloop
  endfacet
  facet normal 0.743174 -0 0.669099
    outer loop
      vertex 38.0988 -47 2.1187
      vertex 38.4275 -46.5 1.75361
      vertex 38.0988 -46.5 2.1187
    endloop
  endfacet
  facet normal 0.743174 0 0.669099
    outer loop
      vertex 38.4275 -46.5 1.75361
      vertex 38.0988 -47 2.1187
      vertex 38.4275 -47 1.75361
    endloop
  endfacet
  facet normal 0.743174 -0 0.669099
    outer loop
      vertex 38.0988 -52 2.1187
      vertex 38.4275 -47.5 1.75361
      vertex 38.0988 -47.5 2.1187
    endloop
  endfacet
  facet normal 0.743174 0 0.669099
    outer loop
      vertex 38.4275 -47.5 1.75361
      vertex 38.0988 -52 2.1187
      vertex 38.4275 -52 1.75361
    endloop
  endfacet
  facet normal -0 0 1
    outer loop
      vertex 39.7544 -47.5 1.16287
      vertex 40.2456 -52 1.16287
      vertex 40.2456 -47.5 1.16287
    endloop
  endfacet
  facet normal 0 0 1
    outer loop
      vertex 40.2456 -52 1.16287
      vertex 39.7544 -47.5 1.16287
      vertex 39.7544 -52 1.16287
    endloop
  endfacet
  facet normal -0 0 1
    outer loop
      vertex 39.7544 -46.5 1.16287
      vertex 40.2456 -47 1.16287
      vertex 40.2456 -46.5 1.16287
    endloop
  endfacet
  facet normal 0 0 1
    outer loop
      vertex 40.2456 -47 1.16287
      vertex 39.7544 -46.5 1.16287
      vertex 39.7544 -47 1.16287
    endloop
  endfacet
  facet normal -0.406739 0 -0.913544
    outer loop
      vertex 40.7262 -47 5.73498
      vertex 41.175 -46.5 5.53516
      vertex 41.175 -47 5.53516
    endloop
  endfacet
  facet normal -0.406739 0 -0.913544
    outer loop
      vertex 41.175 -46.5 5.53516
      vertex 40.7262 -47 5.73498
      vertex 40.7262 -46.5 5.73498
    endloop
  endfacet
  facet normal -0.406739 0 -0.913544
    outer loop
      vertex 40.7262 -52 5.73498
      vertex 41.175 -47.5 5.53516
      vertex 41.175 -52 5.53516
    endloop
  endfacet
  facet normal -0.406739 0 -0.913544
    outer loop
      vertex 41.175 -47.5 5.53516
      vertex 40.7262 -52 5.73498
      vertex 40.7262 -47.5 5.73498
    endloop
  endfacet
  facet normal -0.207903 0 -0.97815
    outer loop
      vertex 40.2456 -47 5.83713
      vertex 40.7262 -46.5 5.73498
      vertex 40.7262 -47 5.73498
    endloop
  endfacet
  facet normal -0.207903 0 -0.97815
    outer loop
      vertex 40.7262 -46.5 5.73498
      vertex 40.2456 -47 5.83713
      vertex 40.2456 -46.5 5.83713
    endloop
  endfacet
  facet normal -0.207903 0 -0.97815
    outer loop
      vertex 40.2456 -52 5.83713
      vertex 40.7262 -47.5 5.73498
      vertex 40.7262 -52 5.73498
    endloop
  endfacet
  facet normal -0.207903 0 -0.97815
    outer loop
      vertex 40.7262 -47.5 5.73498
      vertex 40.2456 -52 5.83713
      vertex 40.2456 -47.5 5.83713
    endloop
  endfacet
  facet normal 0.951066 -0 0.308988
    outer loop
      vertex 37.7014 -52 3.01141
      vertex 37.8532 -47.5 2.54417
      vertex 37.7014 -47.5 3.01141
    endloop
  endfacet
  facet normal 0.951066 0 0.308988
    outer loop
      vertex 37.8532 -47.5 2.54417
      vertex 37.7014 -52 3.01141
      vertex 37.8532 -52 2.54417
    endloop
  endfacet
  facet normal 0.951066 -0 0.308988
    outer loop
      vertex 37.7014 -47 3.01141
      vertex 37.8532 -46.5 2.54417
      vertex 37.7014 -46.5 3.01141
    endloop
  endfacet
  facet normal 0.951066 0 0.308988
    outer loop
      vertex 37.8532 -46.5 2.54417
      vertex 37.7014 -47 3.01141
      vertex 37.8532 -47 2.54417
    endloop
  endfacet
  facet normal 0.951066 0 -0.308988
    outer loop
      vertex 37.8532 -52 4.45583
      vertex 37.7014 -47.5 3.98859
      vertex 37.8532 -47.5 4.45583
    endloop
  endfacet
  facet normal 0.951066 0 -0.308988
    outer loop
      vertex 37.7014 -47.5 3.98859
      vertex 37.8532 -52 4.45583
      vertex 37.7014 -52 3.98859
    endloop
  endfacet
  facet normal 0.951066 0 -0.308988
    outer loop
      vertex 37.8532 -47 4.45583
      vertex 37.7014 -46.5 3.98859
      vertex 37.8532 -46.5 4.45583
    endloop
  endfacet
  facet normal 0.951066 0 -0.308988
    outer loop
      vertex 37.7014 -46.5 3.98859
      vertex 37.8532 -47 4.45583
      vertex 37.7014 -47 3.98859
    endloop
  endfacet
  facet normal 0.406739 0 0.913544
    outer loop
      vertex 38.825 -47.5 1.46484
      vertex 39.2738 -52 1.26502
      vertex 39.2738 -47.5 1.26502
    endloop
  endfacet
  facet normal 0.406739 0 0.913544
    outer loop
      vertex 39.2738 -52 1.26502
      vertex 38.825 -47.5 1.46484
      vertex 38.825 -52 1.46484
    endloop
  endfacet
  facet normal 0.406739 0 0.913544
    outer loop
      vertex 38.825 -46.5 1.46484
      vertex 39.2738 -47 1.26502
      vertex 39.2738 -46.5 1.26502
    endloop
  endfacet
  facet normal 0.406739 0 0.913544
    outer loop
      vertex 39.2738 -47 1.26502
      vertex 38.825 -46.5 1.46484
      vertex 38.825 -47 1.46484
    endloop
  endfacet
  facet normal 0 -1 0
    outer loop
      vertex 39.2738 -46.5 5.73498
      vertex 40.2456 -46.5 5.83713
      vertex 39.7544 -46.5 5.83713
    endloop
  endfacet
  facet normal 0 -1 0
    outer loop
      vertex 39.2738 -46.5 5.73498
      vertex 40.7262 -46.5 5.73498
      vertex 40.2456 -46.5 5.83713
    endloop
  endfacet
  facet normal 0 -1 0
    outer loop
      vertex 38.825 -46.5 5.53516
      vertex 40.7262 -46.5 5.73498
      vertex 39.2738 -46.5 5.73498
    endloop
  endfacet
  facet normal 0 -1 0
    outer loop
      vertex 38.825 -46.5 5.53516
      vertex 41.175 -46.5 5.53516
      vertex 40.7262 -46.5 5.73498
    endloop
  endfacet
  facet normal 0 -1 0
    outer loop
      vertex 38.4275 -46.5 5.24639
      vertex 41.175 -46.5 5.53516
      vertex 38.825 -46.5 5.53516
    endloop
  endfacet
  facet normal 0 -1 0
    outer loop
      vertex 38.4275 -46.5 5.24639
      vertex 41.5725 -46.5 5.24639
      vertex 41.175 -46.5 5.53516
    endloop
  endfacet
  facet normal 0 -1 0
    outer loop
      vertex 38.0988 -46.5 4.8813
      vertex 41.5725 -46.5 5.24639
      vertex 38.4275 -46.5 5.24639
    endloop
  endfacet
  facet normal 0 -1 0
    outer loop
      vertex 38.0988 -46.5 4.8813
      vertex 41.9012 -46.5 4.8813
      vertex 41.5725 -46.5 5.24639
    endloop
  endfacet
  facet normal 0 -1 0
    outer loop
      vertex 37.8532 -46.5 4.45583
      vertex 41.9012 -46.5 4.8813
      vertex 38.0988 -46.5 4.8813
    endloop
  endfacet
  facet normal 0 -1 0
    outer loop
      vertex 37.8532 -46.5 4.45583
      vertex 42.1468 -46.5 4.45583
      vertex 41.9012 -46.5 4.8813
    endloop
  endfacet
  facet normal 0 -1 0
    outer loop
      vertex 37.7014 -46.5 3.98859
      vertex 42.1468 -46.5 4.45583
      vertex 37.8532 -46.5 4.45583
    endloop
  endfacet
  facet normal 0 -1 0
    outer loop
      vertex 37.7014 -46.5 3.98859
      vertex 42.2986 -46.5 3.98859
      vertex 42.1468 -46.5 4.45583
    endloop
  endfacet
  facet normal 0 -1 0
    outer loop
      vertex 37.65 -46.5 3.5
      vertex 42.2986 -46.5 3.98859
      vertex 37.7014 -46.5 3.98859
    endloop
  endfacet
  facet normal 0 -1 0
    outer loop
      vertex 37.65 -46.5 3.5
      vertex 42.35 -46.5 3.5
      vertex 42.2986 -46.5 3.98859
    endloop
  endfacet
  facet normal 0 -1 0
    outer loop
      vertex 37.7014 -46.5 3.01141
      vertex 42.35 -46.5 3.5
      vertex 37.65 -46.5 3.5
    endloop
  endfacet
  facet normal 0 -1 0
    outer loop
      vertex 37.7014 -46.5 3.01141
      vertex 42.2986 -46.5 3.01141
      vertex 42.35 -46.5 3.5
    endloop
  endfacet
  facet normal 0 -1 0
    outer loop
      vertex 37.8532 -46.5 2.54417
      vertex 42.2986 -46.5 3.01141
      vertex 37.7014 -46.5 3.01141
    endloop
  endfacet
  facet normal 0 -1 0
    outer loop
      vertex 37.8532 -46.5 2.54417
      vertex 42.1468 -46.5 2.54417
      vertex 42.2986 -46.5 3.01141
    endloop
  endfacet
  facet normal 0 -1 0
    outer loop
      vertex 38.0988 -46.5 2.1187
      vertex 42.1468 -46.5 2.54417
      vertex 37.8532 -46.5 2.54417
    endloop
  endfacet
  facet normal 0 -1 0
    outer loop
      vertex 38.0988 -46.5 2.1187
      vertex 41.9012 -46.5 2.1187
      vertex 42.1468 -46.5 2.54417
    endloop
  endfacet
  facet normal 0 -1 0
    outer loop
      vertex 38.4275 -46.5 1.75361
      vertex 41.9012 -46.5 2.1187
      vertex 38.0988 -46.5 2.1187
    endloop
  endfacet
  facet normal 0 -1 0
    outer loop
      vertex 38.4275 -46.5 1.75361
      vertex 41.5725 -46.5 1.75361
      vertex 41.9012 -46.5 2.1187
    endloop
  endfacet
  facet normal 0 -1 0
    outer loop
      vertex 38.825 -46.5 1.46484
      vertex 41.5725 -46.5 1.75361
      vertex 38.4275 -46.5 1.75361
    endloop
  endfacet
  facet normal 0 -1 0
    outer loop
      vertex 38.825 -46.5 1.46484
      vertex 41.175 -46.5 1.46484
      vertex 41.5725 -46.5 1.75361
    endloop
  endfacet
  facet normal 0 -1 0
    outer loop
      vertex 39.2738 -46.5 1.26502
      vertex 41.175 -46.5 1.46484
      vertex 38.825 -46.5 1.46484
    endloop
  endfacet
  facet normal 0 -1 0
    outer loop
      vertex 39.2738 -46.5 1.26502
      vertex 40.7262 -46.5 1.26502
      vertex 41.175 -46.5 1.46484
    endloop
  endfacet
  facet normal 0 -1 0
    outer loop
      vertex 39.7544 -46.5 1.16287
      vertex 40.7262 -46.5 1.26502
      vertex 39.2738 -46.5 1.26502
    endloop
  endfacet
  facet normal 0 -1 0
    outer loop
      vertex 40.7262 -46.5 1.26502
      vertex 39.7544 -46.5 1.16287
      vertex 40.2456 -46.5 1.16287
    endloop
  endfacet
  facet normal 0.207903 0 -0.97815
    outer loop
      vertex 39.2738 -47 5.73498
      vertex 39.7544 -46.5 5.83713
      vertex 39.7544 -47 5.83713
    endloop
  endfacet
  facet normal 0.207903 0 -0.97815
    outer loop
      vertex 39.7544 -46.5 5.83713
      vertex 39.2738 -47 5.73498
      vertex 39.2738 -46.5 5.73498
    endloop
  endfacet
  facet normal 0.207903 0 -0.97815
    outer loop
      vertex 39.2738 -52 5.73498
      vertex 39.7544 -47.5 5.83713
      vertex 39.7544 -52 5.83713
    endloop
  endfacet
  facet normal 0.207903 0 -0.97815
    outer loop
      vertex 39.7544 -47.5 5.83713
      vertex 39.2738 -52 5.73498
      vertex 39.2738 -47.5 5.73498
    endloop
  endfacet
  facet normal -0.207903 0 0.97815
    outer loop
      vertex 40.2456 -47.5 1.16287
      vertex 40.7262 -52 1.26502
      vertex 40.7262 -47.5 1.26502
    endloop
  endfacet
  facet normal -0.207903 0 0.97815
    outer loop
      vertex 40.7262 -52 1.26502
      vertex 40.2456 -47.5 1.16287
      vertex 40.2456 -52 1.16287
    endloop
  endfacet
  facet normal -0.207903 0 0.97815
    outer loop
      vertex 40.2456 -46.5 1.16287
      vertex 40.7262 -47 1.26502
      vertex 40.7262 -46.5 1.26502
    endloop
  endfacet
  facet normal -0.207903 0 0.97815
    outer loop
      vertex 40.7262 -47 1.26502
      vertex 40.2456 -46.5 1.16287
      vertex 40.2456 -47 1.16287
    endloop
  endfacet
  facet normal 0.994512 0 -0.104623
    outer loop
      vertex 37.7014 -52 3.98859
      vertex 37.65 -47.5 3.5
      vertex 37.7014 -47.5 3.98859
    endloop
  endfacet
  facet normal 0.994512 0 -0.104623
    outer loop
      vertex 37.65 -47.5 3.5
      vertex 37.7014 -52 3.98859
      vertex 37.65 -52 3.5
    endloop
  endfacet
  facet normal 0.994512 0 -0.104623
    outer loop
      vertex 37.7014 -47 3.98859
      vertex 37.65 -46.5 3.5
      vertex 37.7014 -46.5 3.98859
    endloop
  endfacet
  facet normal 0.994512 0 -0.104623
    outer loop
      vertex 37.65 -46.5 3.5
      vertex 37.7014 -47 3.98859
      vertex 37.65 -47 3.5
    endloop
  endfacet
  facet normal 0.866065 0 -0.499931
    outer loop
      vertex 38.0988 -47 4.8813
      vertex 37.8532 -46.5 4.45583
      vertex 38.0988 -46.5 4.8813
    endloop
  endfacet
  facet normal 0.866065 0 -0.499931
    outer loop
      vertex 37.8532 -46.5 4.45583
      vertex 38.0988 -47 4.8813
      vertex 37.8532 -47 4.45583
    endloop
  endfacet
  facet normal 0.866065 0 -0.499931
    outer loop
      vertex 38.0988 -52 4.8813
      vertex 37.8532 -47.5 4.45583
      vertex 38.0988 -47.5 4.8813
    endloop
  endfacet
  facet normal 0.866065 0 -0.499931
    outer loop
      vertex 37.8532 -47.5 4.45583
      vertex 38.0988 -52 4.8813
      vertex 37.8532 -52 4.45583
    endloop
  endfacet
  facet normal 0.866065 -0 0.499931
    outer loop
      vertex 37.8532 -52 2.54417
      vertex 38.0988 -47.5 2.1187
      vertex 37.8532 -47.5 2.54417
    endloop
  endfacet
  facet normal 0.866065 0 0.499931
    outer loop
      vertex 38.0988 -47.5 2.1187
      vertex 37.8532 -52 2.54417
      vertex 38.0988 -52 2.1187
    endloop
  endfacet
  facet normal 0.866065 -0 0.499931
    outer loop
      vertex 37.8532 -47 2.54417
      vertex 38.0988 -46.5 2.1187
      vertex 37.8532 -46.5 2.54417
    endloop
  endfacet
  facet normal 0.866065 0 0.499931
    outer loop
      vertex 38.0988 -46.5 2.1187
      vertex 37.8532 -47 2.54417
      vertex 38.0988 -47 2.1187
    endloop
  endfacet
  facet normal -0.866065 0 -0.499931
    outer loop
      vertex 42.1468 -47 4.45583
      vertex 41.9012 -46.5 4.8813
      vertex 42.1468 -46.5 4.45583
    endloop
  endfacet
  facet normal -0.866065 -0 -0.499931
    outer loop
      vertex 41.9012 -46.5 4.8813
      vertex 42.1468 -47 4.45583
      vertex 41.9012 -47 4.8813
    endloop
  endfacet
  facet normal -0.866065 0 -0.499931
    outer loop
      vertex 42.1468 -52 4.45583
      vertex 41.9012 -47.5 4.8813
      vertex 42.1468 -47.5 4.45583
    endloop
  endfacet
  facet normal -0.866065 -0 -0.499931
    outer loop
      vertex 41.9012 -47.5 4.8813
      vertex 42.1468 -52 4.45583
      vertex 41.9012 -52 4.8813
    endloop
  endfacet
  facet normal -0.587744 0 0.809047
    outer loop
      vertex 41.175 -47.5 1.46484
      vertex 41.5725 -52 1.75361
      vertex 41.5725 -47.5 1.75361
    endloop
  endfacet
  facet normal -0.587744 0 0.809047
    outer loop
      vertex 41.5725 -52 1.75361
      vertex 41.175 -47.5 1.46484
      vertex 41.175 -52 1.46484
    endloop
  endfacet
  facet normal -0.587744 0 0.809047
    outer loop
      vertex 41.175 -46.5 1.46484
      vertex 41.5725 -47 1.75361
      vertex 41.5725 -46.5 1.75361
    endloop
  endfacet
  facet normal -0.587744 0 0.809047
    outer loop
      vertex 41.5725 -47 1.75361
      vertex 41.175 -46.5 1.46484
      vertex 41.175 -47 1.46484
    endloop
  endfacet
  facet normal 0.207903 0 0.97815
    outer loop
      vertex 39.2738 -47.5 1.26502
      vertex 39.7544 -52 1.16287
      vertex 39.7544 -47.5 1.16287
    endloop
  endfacet
  facet normal 0.207903 0 0.97815
    outer loop
      vertex 39.7544 -52 1.16287
      vertex 39.2738 -47.5 1.26502
      vertex 39.2738 -52 1.26502
    endloop
  endfacet
  facet normal 0.207903 0 0.97815
    outer loop
      vertex 39.2738 -46.5 1.26502
      vertex 39.7544 -47 1.16287
      vertex 39.7544 -46.5 1.16287
    endloop
  endfacet
  facet normal 0.207903 0 0.97815
    outer loop
      vertex 39.7544 -47 1.16287
      vertex 39.2738 -46.5 1.26502
      vertex 39.2738 -47 1.26502
    endloop
  endfacet
  facet normal 0 0 -1
    outer loop
      vertex 39.7544 -47 5.83713
      vertex 40.2456 -46.5 5.83713
      vertex 40.2456 -47 5.83713
    endloop
  endfacet
  facet normal -0 0 -1
    outer loop
      vertex 40.2456 -46.5 5.83713
      vertex 39.7544 -47 5.83713
      vertex 39.7544 -46.5 5.83713
    endloop
  endfacet
  facet normal 0 0 -1
    outer loop
      vertex 39.7544 -52 5.83713
      vertex 40.2456 -47.5 5.83713
      vertex 40.2456 -52 5.83713
    endloop
  endfacet
  facet normal -0 0 -1
    outer loop
      vertex 40.2456 -47.5 5.83713
      vertex 39.7544 -52 5.83713
      vertex 39.7544 -47.5 5.83713
    endloop
  endfacet
  facet normal 0.994512 -0 0.104623
    outer loop
      vertex 37.65 -52 3.5
      vertex 37.7014 -47.5 3.01141
      vertex 37.65 -47.5 3.5
    endloop
  endfacet
  facet normal 0.994512 0 0.104623
    outer loop
      vertex 37.7014 -47.5 3.01141
      vertex 37.65 -52 3.5
      vertex 37.7014 -52 3.01141
    endloop
  endfacet
  facet normal 0.994512 -0 0.104623
    outer loop
      vertex 37.65 -47 3.5
      vertex 37.7014 -46.5 3.01141
      vertex 37.65 -46.5 3.5
    endloop
  endfacet
  facet normal 0.994512 0 0.104623
    outer loop
      vertex 37.7014 -46.5 3.01141
      vertex 37.65 -47 3.5
      vertex 37.7014 -47 3.01141
    endloop
  endfacet
  facet normal -0.951066 0 -0.308988
    outer loop
      vertex -37.7014 47.5 3.98859
      vertex -37.8532 52 4.45583
      vertex -37.7014 52 3.98859
    endloop
  endfacet
  facet normal -0.951066 -0 -0.308988
    outer loop
      vertex -37.8532 52 4.45583
      vertex -37.7014 47.5 3.98859
      vertex -37.8532 47.5 4.45583
    endloop
  endfacet
  facet normal -0.951066 0 -0.308988
    outer loop
      vertex -37.7014 46.5 3.98859
      vertex -37.8532 47 4.45583
      vertex -37.7014 47 3.98859
    endloop
  endfacet
  facet normal -0.951066 -0 -0.308988
    outer loop
      vertex -37.8532 47 4.45583
      vertex -37.7014 46.5 3.98859
      vertex -37.8532 46.5 4.45583
    endloop
  endfacet
  facet normal -0.994512 0 -0.104623
    outer loop
      vertex -37.65 47.5 3.5
      vertex -37.7014 52 3.98859
      vertex -37.65 52 3.5
    endloop
  endfacet
  facet normal -0.994512 -0 -0.104623
    outer loop
      vertex -37.7014 52 3.98859
      vertex -37.65 47.5 3.5
      vertex -37.7014 47.5 3.98859
    endloop
  endfacet
  facet normal -0.994512 0 -0.104623
    outer loop
      vertex -37.65 46.5 3.5
      vertex -37.7014 47 3.98859
      vertex -37.65 47 3.5
    endloop
  endfacet
  facet normal -0.994512 -0 -0.104623
    outer loop
      vertex -37.7014 47 3.98859
      vertex -37.65 46.5 3.5
      vertex -37.7014 46.5 3.98859
    endloop
  endfacet
  facet normal -0.951066 0 0.308988
    outer loop
      vertex -37.8532 46.5 2.54417
      vertex -37.7014 47 3.01141
      vertex -37.8532 47 2.54417
    endloop
  endfacet
  facet normal -0.951066 0 0.308988
    outer loop
      vertex -37.7014 47 3.01141
      vertex -37.8532 46.5 2.54417
      vertex -37.7014 46.5 3.01141
    endloop
  endfacet
  facet normal -0.951066 0 0.308988
    outer loop
      vertex -37.8532 47.5 2.54417
      vertex -37.7014 52 3.01141
      vertex -37.8532 52 2.54417
    endloop
  endfacet
  facet normal -0.951066 0 0.308988
    outer loop
      vertex -37.7014 52 3.01141
      vertex -37.8532 47.5 2.54417
      vertex -37.7014 47.5 3.01141
    endloop
  endfacet
  facet normal 0.994512 0 -0.104623
    outer loop
      vertex -42.2986 47.5 3.98859
      vertex -42.35 52 3.5
      vertex -42.2986 52 3.98859
    endloop
  endfacet
  facet normal 0.994512 0 -0.104623
    outer loop
      vertex -42.35 52 3.5
      vertex -42.2986 47.5 3.98859
      vertex -42.35 47.5 3.5
    endloop
  endfacet
  facet normal 0.994512 0 -0.104623
    outer loop
      vertex -42.2986 46.5 3.98859
      vertex -42.35 47 3.5
      vertex -42.2986 47 3.98859
    endloop
  endfacet
  facet normal 0.994512 0 -0.104623
    outer loop
      vertex -42.35 47 3.5
      vertex -42.2986 46.5 3.98859
      vertex -42.35 46.5 3.5
    endloop
  endfacet
  facet normal -0.406739 0 0.913544
    outer loop
      vertex -39.2738 52 1.26502
      vertex -38.825 47.5 1.46484
      vertex -38.825 52 1.46484
    endloop
  endfacet
  facet normal -0.406739 0 0.913544
    outer loop
      vertex -38.825 47.5 1.46484
      vertex -39.2738 52 1.26502
      vertex -39.2738 47.5 1.26502
    endloop
  endfacet
  facet normal -0.406739 0 0.913544
    outer loop
      vertex -39.2738 47 1.26502
      vertex -38.825 46.5 1.46484
      vertex -38.825 47 1.46484
    endloop
  endfacet
  facet normal -0.406739 0 0.913544
    outer loop
      vertex -38.825 46.5 1.46484
      vertex -39.2738 47 1.26502
      vertex -39.2738 46.5 1.26502
    endloop
  endfacet
  facet normal -0.207903 0 0.97815
    outer loop
      vertex -39.7544 47 1.16287
      vertex -39.2738 46.5 1.26502
      vertex -39.2738 47 1.26502
    endloop
  endfacet
  facet normal -0.207903 0 0.97815
    outer loop
      vertex -39.2738 46.5 1.26502
      vertex -39.7544 47 1.16287
      vertex -39.7544 46.5 1.16287
    endloop
  endfacet
  facet normal -0.207903 0 0.97815
    outer loop
      vertex -39.7544 52 1.16287
      vertex -39.2738 47.5 1.26502
      vertex -39.2738 52 1.26502
    endloop
  endfacet
  facet normal -0.207903 0 0.97815
    outer loop
      vertex -39.2738 47.5 1.26502
      vertex -39.7544 52 1.16287
      vertex -39.7544 47.5 1.16287
    endloop
  endfacet
  facet normal -0.866065 0 -0.499931
    outer loop
      vertex -37.8532 47.5 4.45583
      vertex -38.0988 52 4.8813
      vertex -37.8532 52 4.45583
    endloop
  endfacet
  facet normal -0.866065 -0 -0.499931
    outer loop
      vertex -38.0988 52 4.8813
      vertex -37.8532 47.5 4.45583
      vertex -38.0988 47.5 4.8813
    endloop
  endfacet
  facet normal -0.866065 0 -0.499931
    outer loop
      vertex -37.8532 46.5 4.45583
      vertex -38.0988 47 4.8813
      vertex -37.8532 47 4.45583
    endloop
  endfacet
  facet normal -0.866065 -0 -0.499931
    outer loop
      vertex -38.0988 47 4.8813
      vertex -37.8532 46.5 4.45583
      vertex -38.0988 46.5 4.8813
    endloop
  endfacet
  facet normal -0.743174 0 -0.669099
    outer loop
      vertex -38.0988 47.5 4.8813
      vertex -38.4275 52 5.24639
      vertex -38.0988 52 4.8813
    endloop
  endfacet
  facet normal -0.743174 -0 -0.669099
    outer loop
      vertex -38.4275 52 5.24639
      vertex -38.0988 47.5 4.8813
      vertex -38.4275 47.5 5.24639
    endloop
  endfacet
  facet normal -0.743174 0 -0.669099
    outer loop
      vertex -38.0988 46.5 4.8813
      vertex -38.4275 47 5.24639
      vertex -38.0988 47 4.8813
    endloop
  endfacet
  facet normal -0.743174 -0 -0.669099
    outer loop
      vertex -38.4275 47 5.24639
      vertex -38.0988 46.5 4.8813
      vertex -38.4275 46.5 5.24639
    endloop
  endfacet
  facet normal 0.587744 0 -0.809047
    outer loop
      vertex -41.5725 46.5 5.24639
      vertex -41.175 47 5.53516
      vertex -41.175 46.5 5.53516
    endloop
  endfacet
  facet normal 0.587744 0 -0.809047
    outer loop
      vertex -41.175 47 5.53516
      vertex -41.5725 46.5 5.24639
      vertex -41.5725 47 5.24639
    endloop
  endfacet
  facet normal 0.587744 0 -0.809047
    outer loop
      vertex -41.5725 47.5 5.24639
      vertex -41.175 52 5.53516
      vertex -41.175 47.5 5.53516
    endloop
  endfacet
  facet normal 0.587744 0 -0.809047
    outer loop
      vertex -41.175 52 5.53516
      vertex -41.5725 47.5 5.24639
      vertex -41.5725 52 5.24639
    endloop
  endfacet
  facet normal 0.951066 0 -0.308988
    outer loop
      vertex -42.1468 47.5 4.45583
      vertex -42.2986 52 3.98859
      vertex -42.1468 52 4.45583
    endloop
  endfacet
  facet normal 0.951066 0 -0.308988
    outer loop
      vertex -42.2986 52 3.98859
      vertex -42.1468 47.5 4.45583
      vertex -42.2986 47.5 3.98859
    endloop
  endfacet
  facet normal 0.951066 0 -0.308988
    outer loop
      vertex -42.1468 46.5 4.45583
      vertex -42.2986 47 3.98859
      vertex -42.1468 47 4.45583
    endloop
  endfacet
  facet normal 0.951066 0 -0.308988
    outer loop
      vertex -42.2986 47 3.98859
      vertex -42.1468 46.5 4.45583
      vertex -42.2986 46.5 3.98859
    endloop
  endfacet
  facet normal -0.207903 0 -0.97815
    outer loop
      vertex -39.7544 47.5 5.83713
      vertex -39.2738 52 5.73498
      vertex -39.2738 47.5 5.73498
    endloop
  endfacet
  facet normal -0.207903 0 -0.97815
    outer loop
      vertex -39.2738 52 5.73498
      vertex -39.7544 47.5 5.83713
      vertex -39.7544 52 5.83713
    endloop
  endfacet
  facet normal -0.207903 0 -0.97815
    outer loop
      vertex -39.7544 46.5 5.83713
      vertex -39.2738 47 5.73498
      vertex -39.2738 46.5 5.73498
    endloop
  endfacet
  facet normal -0.207903 0 -0.97815
    outer loop
      vertex -39.2738 47 5.73498
      vertex -39.7544 46.5 5.83713
      vertex -39.7544 47 5.83713
    endloop
  endfacet
  facet normal -0.587744 0 0.809047
    outer loop
      vertex -38.825 52 1.46484
      vertex -38.4275 47.5 1.75361
      vertex -38.4275 52 1.75361
    endloop
  endfacet
  facet normal -0.587744 0 0.809047
    outer loop
      vertex -38.4275 47.5 1.75361
      vertex -38.825 52 1.46484
      vertex -38.825 47.5 1.46484
    endloop
  endfacet
  facet normal -0.587744 0 0.809047
    outer loop
      vertex -38.825 47 1.46484
      vertex -38.4275 46.5 1.75361
      vertex -38.4275 47 1.75361
    endloop
  endfacet
  facet normal -0.587744 0 0.809047
    outer loop
      vertex -38.4275 46.5 1.75361
      vertex -38.825 47 1.46484
      vertex -38.825 46.5 1.46484
    endloop
  endfacet
  facet normal 0.406739 0 -0.913544
    outer loop
      vertex -41.175 46.5 5.53516
      vertex -40.7262 47 5.73498
      vertex -40.7262 46.5 5.73498
    endloop
  endfacet
  facet normal 0.406739 0 -0.913544
    outer loop
      vertex -40.7262 47 5.73498
      vertex -41.175 46.5 5.53516
      vertex -41.175 47 5.53516
    endloop
  endfacet
  facet normal 0.406739 0 -0.913544
    outer loop
      vertex -41.175 47.5 5.53516
      vertex -40.7262 52 5.73498
      vertex -40.7262 47.5 5.73498
    endloop
  endfacet
  facet normal 0.406739 0 -0.913544
    outer loop
      vertex -40.7262 52 5.73498
      vertex -41.175 47.5 5.53516
      vertex -41.175 52 5.53516
    endloop
  endfacet
  facet normal -0.994512 0 0.104623
    outer loop
      vertex -37.7014 47.5 3.01141
      vertex -37.65 52 3.5
      vertex -37.7014 52 3.01141
    endloop
  endfacet
  facet normal -0.994512 0 0.104623
    outer loop
      vertex -37.65 52 3.5
      vertex -37.7014 47.5 3.01141
      vertex -37.65 47.5 3.5
    endloop
  endfacet
  facet normal -0.994512 0 0.104623
    outer loop
      vertex -37.7014 46.5 3.01141
      vertex -37.65 47 3.5
      vertex -37.7014 47 3.01141
    endloop
  endfacet
  facet normal -0.994512 0 0.104623
    outer loop
      vertex -37.65 47 3.5
      vertex -37.7014 46.5 3.01141
      vertex -37.65 46.5 3.5
    endloop
  endfacet
  facet normal -0.743174 0 0.669099
    outer loop
      vertex -38.4275 46.5 1.75361
      vertex -38.0988 47 2.1187
      vertex -38.4275 47 1.75361
    endloop
  endfacet
  facet normal -0.743174 0 0.669099
    outer loop
      vertex -38.0988 47 2.1187
      vertex -38.4275 46.5 1.75361
      vertex -38.0988 46.5 2.1187
    endloop
  endfacet
  facet normal -0.743174 0 0.669099
    outer loop
      vertex -38.4275 47.5 1.75361
      vertex -38.0988 52 2.1187
      vertex -38.4275 52 1.75361
    endloop
  endfacet
  facet normal -0.743174 0 0.669099
    outer loop
      vertex -38.0988 52 2.1187
      vertex -38.4275 47.5 1.75361
      vertex -38.0988 47.5 2.1187
    endloop
  endfacet
  facet normal -0.406739 0 -0.913544
    outer loop
      vertex -39.2738 46.5 5.73498
      vertex -38.825 47 5.53516
      vertex -38.825 46.5 5.53516
    endloop
  endfacet
  facet normal -0.406739 0 -0.913544
    outer loop
      vertex -38.825 47 5.53516
      vertex -39.2738 46.5 5.73498
      vertex -39.2738 47 5.73498
    endloop
  endfacet
  facet normal -0.406739 0 -0.913544
    outer loop
      vertex -39.2738 47.5 5.73498
      vertex -38.825 52 5.53516
      vertex -38.825 47.5 5.53516
    endloop
  endfacet
  facet normal -0.406739 0 -0.913544
    outer loop
      vertex -38.825 52 5.53516
      vertex -39.2738 47.5 5.73498
      vertex -39.2738 52 5.73498
    endloop
  endfacet
  facet normal 0.866065 -0 0.499931
    outer loop
      vertex -42.1468 46.5 2.54417
      vertex -41.9012 47 2.1187
      vertex -42.1468 47 2.54417
    endloop
  endfacet
  facet normal 0.866065 0 0.499931
    outer loop
      vertex -41.9012 47 2.1187
      vertex -42.1468 46.5 2.54417
      vertex -41.9012 46.5 2.1187
    endloop
  endfacet
  facet normal 0.866065 -0 0.499931
    outer loop
      vertex -42.1468 47.5 2.54417
      vertex -41.9012 52 2.1187
      vertex -42.1468 52 2.54417
    endloop
  endfacet
  facet normal 0.866065 0 0.499931
    outer loop
      vertex -41.9012 52 2.1187
      vertex -42.1468 47.5 2.54417
      vertex -41.9012 47.5 2.1187
    endloop
  endfacet
  facet normal -0 0 1
    outer loop
      vertex -40.2456 47 1.16287
      vertex -39.7544 46.5 1.16287
      vertex -39.7544 47 1.16287
    endloop
  endfacet
  facet normal 0 0 1
    outer loop
      vertex -39.7544 46.5 1.16287
      vertex -40.2456 47 1.16287
      vertex -40.2456 46.5 1.16287
    endloop
  endfacet
  facet normal -0 0 1
    outer loop
      vertex -40.2456 52 1.16287
      vertex -39.7544 47.5 1.16287
      vertex -39.7544 52 1.16287
    endloop
  endfacet
  facet normal 0 0 1
    outer loop
      vertex -39.7544 47.5 1.16287
      vertex -40.2456 52 1.16287
      vertex -40.2456 47.5 1.16287
    endloop
  endfacet
  facet normal -0.866065 0 0.499931
    outer loop
      vertex -38.0988 46.5 2.1187
      vertex -37.8532 47 2.54417
      vertex -38.0988 47 2.1187
    endloop
  endfacet
  facet normal -0.866065 0 0.499931
    outer loop
      vertex -37.8532 47 2.54417
      vertex -38.0988 46.5 2.1187
      vertex -37.8532 46.5 2.54417
    endloop
  endfacet
  facet normal -0.866065 0 0.499931
    outer loop
      vertex -38.0988 47.5 2.1187
      vertex -37.8532 52 2.54417
      vertex -38.0988 52 2.1187
    endloop
  endfacet
  facet normal -0.866065 0 0.499931
    outer loop
      vertex -37.8532 52 2.54417
      vertex -38.0988 47.5 2.1187
      vertex -37.8532 47.5 2.54417
    endloop
  endfacet
  facet normal -0.587744 0 -0.809047
    outer loop
      vertex -38.825 47.5 5.53516
      vertex -38.4275 52 5.24639
      vertex -38.4275 47.5 5.24639
    endloop
  endfacet
  facet normal -0.587744 0 -0.809047
    outer loop
      vertex -38.4275 52 5.24639
      vertex -38.825 47.5 5.53516
      vertex -38.825 52 5.53516
    endloop
  endfacet
  facet normal -0.587744 0 -0.809047
    outer loop
      vertex -38.825 46.5 5.53516
      vertex -38.4275 47 5.24639
      vertex -38.4275 46.5 5.24639
    endloop
  endfacet
  facet normal -0.587744 0 -0.809047
    outer loop
      vertex -38.4275 47 5.24639
      vertex -38.825 46.5 5.53516
      vertex -38.825 47 5.53516
    endloop
  endfacet
  facet normal 0 0 -1
    outer loop
      vertex -40.2456 47.5 5.83713
      vertex -39.7544 52 5.83713
      vertex -39.7544 47.5 5.83713
    endloop
  endfacet
  facet normal -0 0 -1
    outer loop
      vertex -39.7544 52 5.83713
      vertex -40.2456 47.5 5.83713
      vertex -40.2456 52 5.83713
    endloop
  endfacet
  facet normal 0 0 -1
    outer loop
      vertex -40.2456 46.5 5.83713
      vertex -39.7544 47 5.83713
      vertex -39.7544 46.5 5.83713
    endloop
  endfacet
  facet normal -0 0 -1
    outer loop
      vertex -39.7544 47 5.83713
      vertex -40.2456 46.5 5.83713
      vertex -40.2456 47 5.83713
    endloop
  endfacet
  facet normal 0.207903 0 -0.97815
    outer loop
      vertex -40.7262 46.5 5.73498
      vertex -40.2456 47 5.83713
      vertex -40.2456 46.5 5.83713
    endloop
  endfacet
  facet normal 0.207903 0 -0.97815
    outer loop
      vertex -40.2456 47 5.83713
      vertex -40.7262 46.5 5.73498
      vertex -40.7262 47 5.73498
    endloop
  endfacet
  facet normal 0.207903 0 -0.97815
    outer loop
      vertex -40.7262 47.5 5.73498
      vertex -40.2456 52 5.83713
      vertex -40.2456 47.5 5.83713
    endloop
  endfacet
  facet normal 0.207903 0 -0.97815
    outer loop
      vertex -40.2456 52 5.83713
      vertex -40.7262 47.5 5.73498
      vertex -40.7262 52 5.73498
    endloop
  endfacet
  facet normal 0.207903 0 0.97815
    outer loop
      vertex -40.7262 52 1.26502
      vertex -40.2456 47.5 1.16287
      vertex -40.2456 52 1.16287
    endloop
  endfacet
  facet normal 0.207903 0 0.97815
    outer loop
      vertex -40.2456 47.5 1.16287
      vertex -40.7262 52 1.26502
      vertex -40.7262 47.5 1.26502
    endloop
  endfacet
  facet normal 0.207903 0 0.97815
    outer loop
      vertex -40.7262 47 1.26502
      vertex -40.2456 46.5 1.16287
      vertex -40.2456 47 1.16287
    endloop
  endfacet
  facet normal 0.207903 0 0.97815
    outer loop
      vertex -40.2456 46.5 1.16287
      vertex -40.7262 47 1.26502
      vertex -40.7262 46.5 1.26502
    endloop
  endfacet
  facet normal 0.951066 -0 0.308988
    outer loop
      vertex -42.2986 47.5 3.01141
      vertex -42.1468 52 2.54417
      vertex -42.2986 52 3.01141
    endloop
  endfacet
  facet normal 0.951066 0 0.308988
    outer loop
      vertex -42.1468 52 2.54417
      vertex -42.2986 47.5 3.01141
      vertex -42.1468 47.5 2.54417
    endloop
  endfacet
  facet normal 0.951066 -0 0.308988
    outer loop
      vertex -42.2986 46.5 3.01141
      vertex -42.1468 47 2.54417
      vertex -42.2986 47 3.01141
    endloop
  endfacet
  facet normal 0.951066 0 0.308988
    outer loop
      vertex -42.1468 47 2.54417
      vertex -42.2986 46.5 3.01141
      vertex -42.1468 46.5 2.54417
    endloop
  endfacet
  facet normal 0.743174 0 -0.669099
    outer loop
      vertex -41.5725 47.5 5.24639
      vertex -41.9012 52 4.8813
      vertex -41.5725 52 5.24639
    endloop
  endfacet
  facet normal 0.743174 0 -0.669099
    outer loop
      vertex -41.9012 52 4.8813
      vertex -41.5725 47.5 5.24639
      vertex -41.9012 47.5 4.8813
    endloop
  endfacet
  facet normal 0.743174 0 -0.669099
    outer loop
      vertex -41.5725 46.5 5.24639
      vertex -41.9012 47 4.8813
      vertex -41.5725 47 5.24639
    endloop
  endfacet
  facet normal 0.743174 0 -0.669099
    outer loop
      vertex -41.9012 47 4.8813
      vertex -41.5725 46.5 5.24639
      vertex -41.9012 46.5 4.8813
    endloop
  endfacet
  facet normal 0.743174 -0 0.669099
    outer loop
      vertex -41.9012 46.5 2.1187
      vertex -41.5725 47 1.75361
      vertex -41.9012 47 2.1187
    endloop
  endfacet
  facet normal 0.743174 0 0.669099
    outer loop
      vertex -41.5725 47 1.75361
      vertex -41.9012 46.5 2.1187
      vertex -41.5725 46.5 1.75361
    endloop
  endfacet
  facet normal 0.743174 -0 0.669099
    outer loop
      vertex -41.9012 47.5 2.1187
      vertex -41.5725 52 1.75361
      vertex -41.9012 52 2.1187
    endloop
  endfacet
  facet normal 0.743174 0 0.669099
    outer loop
      vertex -41.5725 52 1.75361
      vertex -41.9012 47.5 2.1187
      vertex -41.5725 47.5 1.75361
    endloop
  endfacet
  facet normal 0.587744 0 0.809047
    outer loop
      vertex -41.5725 52 1.75361
      vertex -41.175 47.5 1.46484
      vertex -41.175 52 1.46484
    endloop
  endfacet
  facet normal 0.587744 0 0.809047
    outer loop
      vertex -41.175 47.5 1.46484
      vertex -41.5725 52 1.75361
      vertex -41.5725 47.5 1.75361
    endloop
  endfacet
  facet normal 0.587744 0 0.809047
    outer loop
      vertex -41.5725 47 1.75361
      vertex -41.175 46.5 1.46484
      vertex -41.175 47 1.46484
    endloop
  endfacet
  facet normal 0.587744 0 0.809047
    outer loop
      vertex -41.175 46.5 1.46484
      vertex -41.5725 47 1.75361
      vertex -41.5725 46.5 1.75361
    endloop
  endfacet
  facet normal 0.994512 -0 0.104623
    outer loop
      vertex -42.35 47.5 3.5
      vertex -42.2986 52 3.01141
      vertex -42.35 52 3.5
    endloop
  endfacet
  facet normal 0.994512 0 0.104623
    outer loop
      vertex -42.2986 52 3.01141
      vertex -42.35 47.5 3.5
      vertex -42.2986 47.5 3.01141
    endloop
  endfacet
  facet normal 0.994512 -0 0.104623
    outer loop
      vertex -42.35 46.5 3.5
      vertex -42.2986 47 3.01141
      vertex -42.35 47 3.5
    endloop
  endfacet
  facet normal 0.994512 0 0.104623
    outer loop
      vertex -42.2986 47 3.01141
      vertex -42.35 46.5 3.5
      vertex -42.2986 46.5 3.01141
    endloop
  endfacet
  facet normal 0 1 0
    outer loop
      vertex -39.2738 46.5 5.73498
      vertex -40.2456 46.5 5.83713
      vertex -39.7544 46.5 5.83713
    endloop
  endfacet
  facet normal 0 1 0
    outer loop
      vertex -39.2738 46.5 5.73498
      vertex -40.7262 46.5 5.73498
      vertex -40.2456 46.5 5.83713
    endloop
  endfacet
  facet normal 0 1 0
    outer loop
      vertex -38.825 46.5 5.53516
      vertex -40.7262 46.5 5.73498
      vertex -39.2738 46.5 5.73498
    endloop
  endfacet
  facet normal 0 1 0
    outer loop
      vertex -38.825 46.5 5.53516
      vertex -41.175 46.5 5.53516
      vertex -40.7262 46.5 5.73498
    endloop
  endfacet
  facet normal 0 1 0
    outer loop
      vertex -38.4275 46.5 5.24639
      vertex -41.175 46.5 5.53516
      vertex -38.825 46.5 5.53516
    endloop
  endfacet
  facet normal 0 1 0
    outer loop
      vertex -38.4275 46.5 5.24639
      vertex -41.5725 46.5 5.24639
      vertex -41.175 46.5 5.53516
    endloop
  endfacet
  facet normal 0 1 0
    outer loop
      vertex -38.0988 46.5 4.8813
      vertex -41.5725 46.5 5.24639
      vertex -38.4275 46.5 5.24639
    endloop
  endfacet
  facet normal 0 1 0
    outer loop
      vertex -38.0988 46.5 4.8813
      vertex -41.9012 46.5 4.8813
      vertex -41.5725 46.5 5.24639
    endloop
  endfacet
  facet normal 0 1 0
    outer loop
      vertex -37.8532 46.5 4.45583
      vertex -41.9012 46.5 4.8813
      vertex -38.0988 46.5 4.8813
    endloop
  endfacet
  facet normal 0 1 0
    outer loop
      vertex -37.8532 46.5 4.45583
      vertex -42.1468 46.5 4.45583
      vertex -41.9012 46.5 4.8813
    endloop
  endfacet
  facet normal 0 1 0
    outer loop
      vertex -37.7014 46.5 3.98859
      vertex -42.1468 46.5 4.45583
      vertex -37.8532 46.5 4.45583
    endloop
  endfacet
  facet normal 0 1 0
    outer loop
      vertex -37.7014 46.5 3.98859
      vertex -42.2986 46.5 3.98859
      vertex -42.1468 46.5 4.45583
    endloop
  endfacet
  facet normal 0 1 0
    outer loop
      vertex -37.65 46.5 3.5
      vertex -42.2986 46.5 3.98859
      vertex -37.7014 46.5 3.98859
    endloop
  endfacet
  facet normal 0 1 0
    outer loop
      vertex -37.65 46.5 3.5
      vertex -42.35 46.5 3.5
      vertex -42.2986 46.5 3.98859
    endloop
  endfacet
  facet normal 0 1 -0
    outer loop
      vertex -37.7014 46.5 3.01141
      vertex -42.35 46.5 3.5
      vertex -37.65 46.5 3.5
    endloop
  endfacet
  facet normal 0 1 0
    outer loop
      vertex -37.7014 46.5 3.01141
      vertex -42.2986 46.5 3.01141
      vertex -42.35 46.5 3.5
    endloop
  endfacet
  facet normal 0 1 -0
    outer loop
      vertex -37.8532 46.5 2.54417
      vertex -42.2986 46.5 3.01141
      vertex -37.7014 46.5 3.01141
    endloop
  endfacet
  facet normal 0 1 0
    outer loop
      vertex -37.8532 46.5 2.54417
      vertex -42.1468 46.5 2.54417
      vertex -42.2986 46.5 3.01141
    endloop
  endfacet
  facet normal 0 1 -0
    outer loop
      vertex -38.0988 46.5 2.1187
      vertex -42.1468 46.5 2.54417
      vertex -37.8532 46.5 2.54417
    endloop
  endfacet
  facet normal 0 1 0
    outer loop
      vertex -38.0988 46.5 2.1187
      vertex -41.9012 46.5 2.1187
      vertex -42.1468 46.5 2.54417
    endloop
  endfacet
  facet normal 0 1 -0
    outer loop
      vertex -38.4275 46.5 1.75361
      vertex -41.9012 46.5 2.1187
      vertex -38.0988 46.5 2.1187
    endloop
  endfacet
  facet normal 0 1 0
    outer loop
      vertex -38.4275 46.5 1.75361
      vertex -41.5725 46.5 1.75361
      vertex -41.9012 46.5 2.1187
    endloop
  endfacet
  facet normal 0 1 -0
    outer loop
      vertex -38.825 46.5 1.46484
      vertex -41.5725 46.5 1.75361
      vertex -38.4275 46.5 1.75361
    endloop
  endfacet
  facet normal 0 1 0
    outer loop
      vertex -38.825 46.5 1.46484
      vertex -41.175 46.5 1.46484
      vertex -41.5725 46.5 1.75361
    endloop
  endfacet
  facet normal 0 1 -0
    outer loop
      vertex -39.2738 46.5 1.26502
      vertex -41.175 46.5 1.46484
      vertex -38.825 46.5 1.46484
    endloop
  endfacet
  facet normal 0 1 0
    outer loop
      vertex -39.2738 46.5 1.26502
      vertex -40.7262 46.5 1.26502
      vertex -41.175 46.5 1.46484
    endloop
  endfacet
  facet normal 0 1 -0
    outer loop
      vertex -39.7544 46.5 1.16287
      vertex -40.7262 46.5 1.26502
      vertex -39.2738 46.5 1.26502
    endloop
  endfacet
  facet normal 0 1 0
    outer loop
      vertex -40.7262 46.5 1.26502
      vertex -39.7544 46.5 1.16287
      vertex -40.2456 46.5 1.16287
    endloop
  endfacet
  facet normal 0.406739 0 0.913544
    outer loop
      vertex -41.175 52 1.46484
      vertex -40.7262 47.5 1.26502
      vertex -40.7262 52 1.26502
    endloop
  endfacet
  facet normal 0.406739 0 0.913544
    outer loop
      vertex -40.7262 47.5 1.26502
      vertex -41.175 52 1.46484
      vertex -41.175 47.5 1.46484
    endloop
  endfacet
  facet normal 0.406739 0 0.913544
    outer loop
      vertex -41.175 47 1.46484
      vertex -40.7262 46.5 1.26502
      vertex -40.7262 47 1.26502
    endloop
  endfacet
  facet normal 0.406739 0 0.913544
    outer loop
      vertex -40.7262 46.5 1.26502
      vertex -41.175 47 1.46484
      vertex -41.175 46.5 1.46484
    endloop
  endfacet
  facet normal 0.866065 0 -0.499931
    outer loop
      vertex -41.9012 47.5 4.8813
      vertex -42.1468 52 4.45583
      vertex -41.9012 52 4.8813
    endloop
  endfacet
  facet normal 0.866065 0 -0.499931
    outer loop
      vertex -42.1468 52 4.45583
      vertex -41.9012 47.5 4.8813
      vertex -42.1468 47.5 4.45583
    endloop
  endfacet
  facet normal 0.866065 0 -0.499931
    outer loop
      vertex -41.9012 46.5 4.8813
      vertex -42.1468 47 4.45583
      vertex -41.9012 47 4.8813
    endloop
  endfacet
  facet normal 0.866065 0 -0.499931
    outer loop
      vertex -42.1468 47 4.45583
      vertex -41.9012 46.5 4.8813
      vertex -42.1468 46.5 4.45583
    endloop
  endfacet
  facet normal 0.743174 0 -0.669099
    outer loop
      vertex -41.5725 -47 5.24639
      vertex -41.9012 -46.5 4.8813
      vertex -41.5725 -46.5 5.24639
    endloop
  endfacet
  facet normal 0.743174 0 -0.669099
    outer loop
      vertex -41.9012 -46.5 4.8813
      vertex -41.5725 -47 5.24639
      vertex -41.9012 -47 4.8813
    endloop
  endfacet
  facet normal 0.743174 0 -0.669099
    outer loop
      vertex -41.5725 -52 5.24639
      vertex -41.9012 -47.5 4.8813
      vertex -41.5725 -47.5 5.24639
    endloop
  endfacet
  facet normal 0.743174 0 -0.669099
    outer loop
      vertex -41.9012 -47.5 4.8813
      vertex -41.5725 -52 5.24639
      vertex -41.9012 -52 4.8813
    endloop
  endfacet
  facet normal -0.951066 0 0.308988
    outer loop
      vertex -37.8532 -52 2.54417
      vertex -37.7014 -47.5 3.01141
      vertex -37.8532 -47.5 2.54417
    endloop
  endfacet
  facet normal -0.951066 0 0.308988
    outer loop
      vertex -37.7014 -47.5 3.01141
      vertex -37.8532 -52 2.54417
      vertex -37.7014 -52 3.01141
    endloop
  endfacet
  facet normal -0.951066 0 0.308988
    outer loop
      vertex -37.8532 -47 2.54417
      vertex -37.7014 -46.5 3.01141
      vertex -37.8532 -46.5 2.54417
    endloop
  endfacet
  facet normal -0.951066 0 0.308988
    outer loop
      vertex -37.7014 -46.5 3.01141
      vertex -37.8532 -47 2.54417
      vertex -37.7014 -47 3.01141
    endloop
  endfacet
  facet normal -0.994512 0 0.104623
    outer loop
      vertex -37.7014 -52 3.01141
      vertex -37.65 -47.5 3.5
      vertex -37.7014 -47.5 3.01141
    endloop
  endfacet
  facet normal -0.994512 0 0.104623
    outer loop
      vertex -37.65 -47.5 3.5
      vertex -37.7014 -52 3.01141
      vertex -37.65 -52 3.5
    endloop
  endfacet
  facet normal -0.994512 0 0.104623
    outer loop
      vertex -37.7014 -47 3.01141
      vertex -37.65 -46.5 3.5
      vertex -37.7014 -46.5 3.01141
    endloop
  endfacet
  facet normal -0.994512 0 0.104623
    outer loop
      vertex -37.65 -46.5 3.5
      vertex -37.7014 -47 3.01141
      vertex -37.65 -47 3.5
    endloop
  endfacet
  facet normal -0.866065 0 0.499931
    outer loop
      vertex -38.0988 -52 2.1187
      vertex -37.8532 -47.5 2.54417
      vertex -38.0988 -47.5 2.1187
    endloop
  endfacet
  facet normal -0.866065 0 0.499931
    outer loop
      vertex -37.8532 -47.5 2.54417
      vertex -38.0988 -52 2.1187
      vertex -37.8532 -52 2.54417
    endloop
  endfacet
  facet normal -0.866065 0 0.499931
    outer loop
      vertex -38.0988 -47 2.1187
      vertex -37.8532 -46.5 2.54417
      vertex -38.0988 -46.5 2.1187
    endloop
  endfacet
  facet normal -0.866065 0 0.499931
    outer loop
      vertex -37.8532 -46.5 2.54417
      vertex -38.0988 -47 2.1187
      vertex -37.8532 -47 2.54417
    endloop
  endfacet
  facet normal -0.951066 0 -0.308988
    outer loop
      vertex -37.7014 -47 3.98859
      vertex -37.8532 -46.5 4.45583
      vertex -37.7014 -46.5 3.98859
    endloop
  endfacet
  facet normal -0.951066 -0 -0.308988
    outer loop
      vertex -37.8532 -46.5 4.45583
      vertex -37.7014 -47 3.98859
      vertex -37.8532 -47 4.45583
    endloop
  endfacet
  facet normal -0.951066 0 -0.308988
    outer loop
      vertex -37.7014 -52 3.98859
      vertex -37.8532 -47.5 4.45583
      vertex -37.7014 -47.5 3.98859
    endloop
  endfacet
  facet normal -0.951066 -0 -0.308988
    outer loop
      vertex -37.8532 -47.5 4.45583
      vertex -37.7014 -52 3.98859
      vertex -37.8532 -52 4.45583
    endloop
  endfacet
  facet normal 0.587744 0 0.809047
    outer loop
      vertex -41.5725 -46.5 1.75361
      vertex -41.175 -47 1.46484
      vertex -41.175 -46.5 1.46484
    endloop
  endfacet
  facet normal 0.587744 0 0.809047
    outer loop
      vertex -41.175 -47 1.46484
      vertex -41.5725 -46.5 1.75361
      vertex -41.5725 -47 1.75361
    endloop
  endfacet
  facet normal 0.587744 0 0.809047
    outer loop
      vertex -41.5725 -47.5 1.75361
      vertex -41.175 -52 1.46484
      vertex -41.175 -47.5 1.46484
    endloop
  endfacet
  facet normal 0.587744 0 0.809047
    outer loop
      vertex -41.175 -52 1.46484
      vertex -41.5725 -47.5 1.75361
      vertex -41.5725 -52 1.75361
    endloop
  endfacet
  facet normal -0.587744 0 -0.809047
    outer loop
      vertex -38.825 -47 5.53516
      vertex -38.4275 -46.5 5.24639
      vertex -38.4275 -47 5.24639
    endloop
  endfacet
  facet normal -0.587744 0 -0.809047
    outer loop
      vertex -38.4275 -46.5 5.24639
      vertex -38.825 -47 5.53516
      vertex -38.825 -46.5 5.53516
    endloop
  endfacet
  facet normal -0.587744 0 -0.809047
    outer loop
      vertex -38.825 -52 5.53516
      vertex -38.4275 -47.5 5.24639
      vertex -38.4275 -52 5.24639
    endloop
  endfacet
  facet normal -0.587744 0 -0.809047
    outer loop
      vertex -38.4275 -47.5 5.24639
      vertex -38.825 -52 5.53516
      vertex -38.825 -47.5 5.53516
    endloop
  endfacet
  facet normal -0.743174 0 -0.669099
    outer loop
      vertex -38.0988 -52 4.8813
      vertex -38.4275 -47.5 5.24639
      vertex -38.0988 -47.5 4.8813
    endloop
  endfacet
  facet normal -0.743174 -0 -0.669099
    outer loop
      vertex -38.4275 -47.5 5.24639
      vertex -38.0988 -52 4.8813
      vertex -38.4275 -52 5.24639
    endloop
  endfacet
  facet normal -0.743174 0 -0.669099
    outer loop
      vertex -38.0988 -47 4.8813
      vertex -38.4275 -46.5 5.24639
      vertex -38.0988 -46.5 4.8813
    endloop
  endfacet
  facet normal -0.743174 -0 -0.669099
    outer loop
      vertex -38.4275 -46.5 5.24639
      vertex -38.0988 -47 4.8813
      vertex -38.4275 -47 5.24639
    endloop
  endfacet
  facet normal -0.994512 0 -0.104623
    outer loop
      vertex -37.65 -52 3.5
      vertex -37.7014 -47.5 3.98859
      vertex -37.65 -47.5 3.5
    endloop
  endfacet
  facet normal -0.994512 -0 -0.104623
    outer loop
      vertex -37.7014 -47.5 3.98859
      vertex -37.65 -52 3.5
      vertex -37.7014 -52 3.98859
    endloop
  endfacet
  facet normal -0.994512 0 -0.104623
    outer loop
      vertex -37.65 -47 3.5
      vertex -37.7014 -46.5 3.98859
      vertex -37.65 -46.5 3.5
    endloop
  endfacet
  facet normal -0.994512 -0 -0.104623
    outer loop
      vertex -37.7014 -46.5 3.98859
      vertex -37.65 -47 3.5
      vertex -37.7014 -47 3.98859
    endloop
  endfacet
  facet normal 0.406739 0 -0.913544
    outer loop
      vertex -41.175 -47 5.53516
      vertex -40.7262 -46.5 5.73498
      vertex -40.7262 -47 5.73498
    endloop
  endfacet
  facet normal 0.406739 0 -0.913544
    outer loop
      vertex -40.7262 -46.5 5.73498
      vertex -41.175 -47 5.53516
      vertex -41.175 -46.5 5.53516
    endloop
  endfacet
  facet normal 0.406739 0 -0.913544
    outer loop
      vertex -41.175 -52 5.53516
      vertex -40.7262 -47.5 5.73498
      vertex -40.7262 -52 5.73498
    endloop
  endfacet
  facet normal 0.406739 0 -0.913544
    outer loop
      vertex -40.7262 -47.5 5.73498
      vertex -41.175 -52 5.53516
      vertex -41.175 -47.5 5.53516
    endloop
  endfacet
  facet normal -0.406739 0 0.913544
    outer loop
      vertex -39.2738 -47.5 1.26502
      vertex -38.825 -52 1.46484
      vertex -38.825 -47.5 1.46484
    endloop
  endfacet
  facet normal -0.406739 0 0.913544
    outer loop
      vertex -38.825 -52 1.46484
      vertex -39.2738 -47.5 1.26502
      vertex -39.2738 -52 1.26502
    endloop
  endfacet
  facet normal -0.406739 0 0.913544
    outer loop
      vertex -39.2738 -46.5 1.26502
      vertex -38.825 -47 1.46484
      vertex -38.825 -46.5 1.46484
    endloop
  endfacet
  facet normal -0.406739 0 0.913544
    outer loop
      vertex -38.825 -47 1.46484
      vertex -39.2738 -46.5 1.26502
      vertex -39.2738 -47 1.26502
    endloop
  endfacet
  facet normal -0.743174 0 0.669099
    outer loop
      vertex -38.4275 -52 1.75361
      vertex -38.0988 -47.5 2.1187
      vertex -38.4275 -47.5 1.75361
    endloop
  endfacet
  facet normal -0.743174 0 0.669099
    outer loop
      vertex -38.0988 -47.5 2.1187
      vertex -38.4275 -52 1.75361
      vertex -38.0988 -52 2.1187
    endloop
  endfacet
  facet normal -0.743174 0 0.669099
    outer loop
      vertex -38.4275 -47 1.75361
      vertex -38.0988 -46.5 2.1187
      vertex -38.4275 -46.5 1.75361
    endloop
  endfacet
  facet normal -0.743174 0 0.669099
    outer loop
      vertex -38.0988 -46.5 2.1187
      vertex -38.4275 -47 1.75361
      vertex -38.0988 -47 2.1187
    endloop
  endfacet
  facet normal 0.587744 0 -0.809047
    outer loop
      vertex -41.5725 -47 5.24639
      vertex -41.175 -46.5 5.53516
      vertex -41.175 -47 5.53516
    endloop
  endfacet
  facet normal 0.587744 0 -0.809047
    outer loop
      vertex -41.175 -46.5 5.53516
      vertex -41.5725 -47 5.24639
      vertex -41.5725 -46.5 5.24639
    endloop
  endfacet
  facet normal 0.587744 0 -0.809047
    outer loop
      vertex -41.5725 -52 5.24639
      vertex -41.175 -47.5 5.53516
      vertex -41.175 -52 5.53516
    endloop
  endfacet
  facet normal 0.587744 0 -0.809047
    outer loop
      vertex -41.175 -47.5 5.53516
      vertex -41.5725 -52 5.24639
      vertex -41.5725 -47.5 5.24639
    endloop
  endfacet
  facet normal 0.743174 -0 0.669099
    outer loop
      vertex -41.9012 -47 2.1187
      vertex -41.5725 -46.5 1.75361
      vertex -41.9012 -46.5 2.1187
    endloop
  endfacet
  facet normal 0.743174 0 0.669099
    outer loop
      vertex -41.5725 -46.5 1.75361
      vertex -41.9012 -47 2.1187
      vertex -41.5725 -47 1.75361
    endloop
  endfacet
  facet normal 0.743174 -0 0.669099
    outer loop
      vertex -41.9012 -52 2.1187
      vertex -41.5725 -47.5 1.75361
      vertex -41.9012 -47.5 2.1187
    endloop
  endfacet
  facet normal 0.743174 0 0.669099
    outer loop
      vertex -41.5725 -47.5 1.75361
      vertex -41.9012 -52 2.1187
      vertex -41.5725 -52 1.75361
    endloop
  endfacet
  facet normal -0 0 1
    outer loop
      vertex -40.2456 -47.5 1.16287
      vertex -39.7544 -52 1.16287
      vertex -39.7544 -47.5 1.16287
    endloop
  endfacet
  facet normal 0 0 1
    outer loop
      vertex -39.7544 -52 1.16287
      vertex -40.2456 -47.5 1.16287
      vertex -40.2456 -52 1.16287
    endloop
  endfacet
  facet normal -0 0 1
    outer loop
      vertex -40.2456 -46.5 1.16287
      vertex -39.7544 -47 1.16287
      vertex -39.7544 -46.5 1.16287
    endloop
  endfacet
  facet normal 0 0 1
    outer loop
      vertex -39.7544 -47 1.16287
      vertex -40.2456 -46.5 1.16287
      vertex -40.2456 -47 1.16287
    endloop
  endfacet
  facet normal -0.406739 0 -0.913544
    outer loop
      vertex -39.2738 -47 5.73498
      vertex -38.825 -46.5 5.53516
      vertex -38.825 -47 5.53516
    endloop
  endfacet
  facet normal -0.406739 0 -0.913544
    outer loop
      vertex -38.825 -46.5 5.53516
      vertex -39.2738 -47 5.73498
      vertex -39.2738 -46.5 5.73498
    endloop
  endfacet
  facet normal -0.406739 0 -0.913544
    outer loop
      vertex -39.2738 -52 5.73498
      vertex -38.825 -47.5 5.53516
      vertex -38.825 -52 5.53516
    endloop
  endfacet
  facet normal -0.406739 0 -0.913544
    outer loop
      vertex -38.825 -47.5 5.53516
      vertex -39.2738 -52 5.73498
      vertex -39.2738 -47.5 5.73498
    endloop
  endfacet
  facet normal -0.207903 0 -0.97815
    outer loop
      vertex -39.7544 -47 5.83713
      vertex -39.2738 -46.5 5.73498
      vertex -39.2738 -47 5.73498
    endloop
  endfacet
  facet normal -0.207903 0 -0.97815
    outer loop
      vertex -39.2738 -46.5 5.73498
      vertex -39.7544 -47 5.83713
      vertex -39.7544 -46.5 5.83713
    endloop
  endfacet
  facet normal -0.207903 0 -0.97815
    outer loop
      vertex -39.7544 -52 5.83713
      vertex -39.2738 -47.5 5.73498
      vertex -39.2738 -52 5.73498
    endloop
  endfacet
  facet normal -0.207903 0 -0.97815
    outer loop
      vertex -39.2738 -47.5 5.73498
      vertex -39.7544 -52 5.83713
      vertex -39.7544 -47.5 5.83713
    endloop
  endfacet
  facet normal 0.951066 -0 0.308988
    outer loop
      vertex -42.2986 -52 3.01141
      vertex -42.1468 -47.5 2.54417
      vertex -42.2986 -47.5 3.01141
    endloop
  endfacet
  facet normal 0.951066 0 0.308988
    outer loop
      vertex -42.1468 -47.5 2.54417
      vertex -42.2986 -52 3.01141
      vertex -42.1468 -52 2.54417
    endloop
  endfacet
  facet normal 0.951066 -0 0.308988
    outer loop
      vertex -42.2986 -47 3.01141
      vertex -42.1468 -46.5 2.54417
      vertex -42.2986 -46.5 3.01141
    endloop
  endfacet
  facet normal 0.951066 0 0.308988
    outer loop
      vertex -42.1468 -46.5 2.54417
      vertex -42.2986 -47 3.01141
      vertex -42.1468 -47 2.54417
    endloop
  endfacet
  facet normal 0.951066 0 -0.308988
    outer loop
      vertex -42.1468 -52 4.45583
      vertex -42.2986 -47.5 3.98859
      vertex -42.1468 -47.5 4.45583
    endloop
  endfacet
  facet normal 0.951066 0 -0.308988
    outer loop
      vertex -42.2986 -47.5 3.98859
      vertex -42.1468 -52 4.45583
      vertex -42.2986 -52 3.98859
    endloop
  endfacet
  facet normal 0.951066 0 -0.308988
    outer loop
      vertex -42.1468 -47 4.45583
      vertex -42.2986 -46.5 3.98859
      vertex -42.1468 -46.5 4.45583
    endloop
  endfacet
  facet normal 0.951066 0 -0.308988
    outer loop
      vertex -42.2986 -46.5 3.98859
      vertex -42.1468 -47 4.45583
      vertex -42.2986 -47 3.98859
    endloop
  endfacet
  facet normal 0.406739 0 0.913544
    outer loop
      vertex -41.175 -47.5 1.46484
      vertex -40.7262 -52 1.26502
      vertex -40.7262 -47.5 1.26502
    endloop
  endfacet
  facet normal 0.406739 0 0.913544
    outer loop
      vertex -40.7262 -52 1.26502
      vertex -41.175 -47.5 1.46484
      vertex -41.175 -52 1.46484
    endloop
  endfacet
  facet normal 0.406739 0 0.913544
    outer loop
      vertex -41.175 -46.5 1.46484
      vertex -40.7262 -47 1.26502
      vertex -40.7262 -46.5 1.26502
    endloop
  endfacet
  facet normal 0.406739 0 0.913544
    outer loop
      vertex -40.7262 -47 1.26502
      vertex -41.175 -46.5 1.46484
      vertex -41.175 -47 1.46484
    endloop
  endfacet
  facet normal 0 -1 0
    outer loop
      vertex -40.7262 -46.5 5.73498
      vertex -39.7544 -46.5 5.83713
      vertex -40.2456 -46.5 5.83713
    endloop
  endfacet
  facet normal 0 -1 0
    outer loop
      vertex -40.7262 -46.5 5.73498
      vertex -39.2738 -46.5 5.73498
      vertex -39.7544 -46.5 5.83713
    endloop
  endfacet
  facet normal 0 -1 0
    outer loop
      vertex -41.175 -46.5 5.53516
      vertex -39.2738 -46.5 5.73498
      vertex -40.7262 -46.5 5.73498
    endloop
  endfacet
  facet normal 0 -1 0
    outer loop
      vertex -41.175 -46.5 5.53516
      vertex -38.825 -46.5 5.53516
      vertex -39.2738 -46.5 5.73498
    endloop
  endfacet
  facet normal 0 -1 0
    outer loop
      vertex -41.5725 -46.5 5.24639
      vertex -38.825 -46.5 5.53516
      vertex -41.175 -46.5 5.53516
    endloop
  endfacet
  facet normal 0 -1 0
    outer loop
      vertex -41.5725 -46.5 5.24639
      vertex -38.4275 -46.5 5.24639
      vertex -38.825 -46.5 5.53516
    endloop
  endfacet
  facet normal 0 -1 0
    outer loop
      vertex -41.9012 -46.5 4.8813
      vertex -38.4275 -46.5 5.24639
      vertex -41.5725 -46.5 5.24639
    endloop
  endfacet
  facet normal 0 -1 0
    outer loop
      vertex -41.9012 -46.5 4.8813
      vertex -38.0988 -46.5 4.8813
      vertex -38.4275 -46.5 5.24639
    endloop
  endfacet
  facet normal 0 -1 0
    outer loop
      vertex -42.1468 -46.5 4.45583
      vertex -38.0988 -46.5 4.8813
      vertex -41.9012 -46.5 4.8813
    endloop
  endfacet
  facet normal 0 -1 0
    outer loop
      vertex -42.1468 -46.5 4.45583
      vertex -37.8532 -46.5 4.45583
      vertex -38.0988 -46.5 4.8813
    endloop
  endfacet
  facet normal 0 -1 0
    outer loop
      vertex -42.2986 -46.5 3.98859
      vertex -37.8532 -46.5 4.45583
      vertex -42.1468 -46.5 4.45583
    endloop
  endfacet
  facet normal 0 -1 0
    outer loop
      vertex -42.2986 -46.5 3.98859
      vertex -37.7014 -46.5 3.98859
      vertex -37.8532 -46.5 4.45583
    endloop
  endfacet
  facet normal 0 -1 0
    outer loop
      vertex -42.35 -46.5 3.5
      vertex -37.7014 -46.5 3.98859
      vertex -42.2986 -46.5 3.98859
    endloop
  endfacet
  facet normal 0 -1 0
    outer loop
      vertex -42.35 -46.5 3.5
      vertex -37.65 -46.5 3.5
      vertex -37.7014 -46.5 3.98859
    endloop
  endfacet
  facet normal 0 -1 0
    outer loop
      vertex -42.2986 -46.5 3.01141
      vertex -37.65 -46.5 3.5
      vertex -42.35 -46.5 3.5
    endloop
  endfacet
  facet normal 0 -1 0
    outer loop
      vertex -42.2986 -46.5 3.01141
      vertex -37.7014 -46.5 3.01141
      vertex -37.65 -46.5 3.5
    endloop
  endfacet
  facet normal 0 -1 0
    outer loop
      vertex -42.1468 -46.5 2.54417
      vertex -37.7014 -46.5 3.01141
      vertex -42.2986 -46.5 3.01141
    endloop
  endfacet
  facet normal 0 -1 0
    outer loop
      vertex -42.1468 -46.5 2.54417
      vertex -37.8532 -46.5 2.54417
      vertex -37.7014 -46.5 3.01141
    endloop
  endfacet
  facet normal 0 -1 0
    outer loop
      vertex -41.9012 -46.5 2.1187
      vertex -37.8532 -46.5 2.54417
      vertex -42.1468 -46.5 2.54417
    endloop
  endfacet
  facet normal 0 -1 0
    outer loop
      vertex -41.9012 -46.5 2.1187
      vertex -38.0988 -46.5 2.1187
      vertex -37.8532 -46.5 2.54417
    endloop
  endfacet
  facet normal 0 -1 0
    outer loop
      vertex -41.5725 -46.5 1.75361
      vertex -38.0988 -46.5 2.1187
      vertex -41.9012 -46.5 2.1187
    endloop
  endfacet
  facet normal 0 -1 0
    outer loop
      vertex -41.5725 -46.5 1.75361
      vertex -38.4275 -46.5 1.75361
      vertex -38.0988 -46.5 2.1187
    endloop
  endfacet
  facet normal 0 -1 0
    outer loop
      vertex -41.175 -46.5 1.46484
      vertex -38.4275 -46.5 1.75361
      vertex -41.5725 -46.5 1.75361
    endloop
  endfacet
  facet normal 0 -1 0
    outer loop
      vertex -41.175 -46.5 1.46484
      vertex -38.825 -46.5 1.46484
      vertex -38.4275 -46.5 1.75361
    endloop
  endfacet
  facet normal 0 -1 0
    outer loop
      vertex -40.7262 -46.5 1.26502
      vertex -38.825 -46.5 1.46484
      vertex -41.175 -46.5 1.46484
    endloop
  endfacet
  facet normal 0 -1 0
    outer loop
      vertex -40.7262 -46.5 1.26502
      vertex -39.2738 -46.5 1.26502
      vertex -38.825 -46.5 1.46484
    endloop
  endfacet
  facet normal 0 -1 0
    outer loop
      vertex -40.2456 -46.5 1.16287
      vertex -39.2738 -46.5 1.26502
      vertex -40.7262 -46.5 1.26502
    endloop
  endfacet
  facet normal 0 -1 0
    outer loop
      vertex -39.2738 -46.5 1.26502
      vertex -40.2456 -46.5 1.16287
      vertex -39.7544 -46.5 1.16287
    endloop
  endfacet
  facet normal 0.207903 0 -0.97815
    outer loop
      vertex -40.7262 -47 5.73498
      vertex -40.2456 -46.5 5.83713
      vertex -40.2456 -47 5.83713
    endloop
  endfacet
  facet normal 0.207903 0 -0.97815
    outer loop
      vertex -40.2456 -46.5 5.83713
      vertex -40.7262 -47 5.73498
      vertex -40.7262 -46.5 5.73498
    endloop
  endfacet
  facet normal 0.207903 0 -0.97815
    outer loop
      vertex -40.7262 -52 5.73498
      vertex -40.2456 -47.5 5.83713
      vertex -40.2456 -52 5.83713
    endloop
  endfacet
  facet normal 0.207903 0 -0.97815
    outer loop
      vertex -40.2456 -47.5 5.83713
      vertex -40.7262 -52 5.73498
      vertex -40.7262 -47.5 5.73498
    endloop
  endfacet
  facet normal -0.207903 0 0.97815
    outer loop
      vertex -39.7544 -47.5 1.16287
      vertex -39.2738 -52 1.26502
      vertex -39.2738 -47.5 1.26502
    endloop
  endfacet
  facet normal -0.207903 0 0.97815
    outer loop
      vertex -39.2738 -52 1.26502
      vertex -39.7544 -47.5 1.16287
      vertex -39.7544 -52 1.16287
    endloop
  endfacet
  facet normal -0.207903 0 0.97815
    outer loop
      vertex -39.7544 -46.5 1.16287
      vertex -39.2738 -47 1.26502
      vertex -39.2738 -46.5 1.26502
    endloop
  endfacet
  facet normal -0.207903 0 0.97815
    outer loop
      vertex -39.2738 -47 1.26502
      vertex -39.7544 -46.5 1.16287
      vertex -39.7544 -47 1.16287
    endloop
  endfacet
  facet normal 0.994512 0 -0.104623
    outer loop
      vertex -42.2986 -52 3.98859
      vertex -42.35 -47.5 3.5
      vertex -42.2986 -47.5 3.98859
    endloop
  endfacet
  facet normal 0.994512 0 -0.104623
    outer loop
      vertex -42.35 -47.5 3.5
      vertex -42.2986 -52 3.98859
      vertex -42.35 -52 3.5
    endloop
  endfacet
  facet normal 0.994512 0 -0.104623
    outer loop
      vertex -42.2986 -47 3.98859
      vertex -42.35 -46.5 3.5
      vertex -42.2986 -46.5 3.98859
    endloop
  endfacet
  facet normal 0.994512 0 -0.104623
    outer loop
      vertex -42.35 -46.5 3.5
      vertex -42.2986 -47 3.98859
      vertex -42.35 -47 3.5
    endloop
  endfacet
  facet normal 0.866065 0 -0.499931
    outer loop
      vertex -41.9012 -47 4.8813
      vertex -42.1468 -46.5 4.45583
      vertex -41.9012 -46.5 4.8813
    endloop
  endfacet
  facet normal 0.866065 0 -0.499931
    outer loop
      vertex -42.1468 -46.5 4.45583
      vertex -41.9012 -47 4.8813
      vertex -42.1468 -47 4.45583
    endloop
  endfacet
  facet normal 0.866065 0 -0.499931
    outer loop
      vertex -41.9012 -52 4.8813
      vertex -42.1468 -47.5 4.45583
      vertex -41.9012 -47.5 4.8813
    endloop
  endfacet
  facet normal 0.866065 0 -0.499931
    outer loop
      vertex -42.1468 -47.5 4.45583
      vertex -41.9012 -52 4.8813
      vertex -42.1468 -52 4.45583
    endloop
  endfacet
  facet normal 0.866065 -0 0.499931
    outer loop
      vertex -42.1468 -52 2.54417
      vertex -41.9012 -47.5 2.1187
      vertex -42.1468 -47.5 2.54417
    endloop
  endfacet
  facet normal 0.866065 0 0.499931
    outer loop
      vertex -41.9012 -47.5 2.1187
      vertex -42.1468 -52 2.54417
      vertex -41.9012 -52 2.1187
    endloop
  endfacet
  facet normal 0.866065 -0 0.499931
    outer loop
      vertex -42.1468 -47 2.54417
      vertex -41.9012 -46.5 2.1187
      vertex -42.1468 -46.5 2.54417
    endloop
  endfacet
  facet normal 0.866065 0 0.499931
    outer loop
      vertex -41.9012 -46.5 2.1187
      vertex -42.1468 -47 2.54417
      vertex -41.9012 -47 2.1187
    endloop
  endfacet
  facet normal -0.866065 0 -0.499931
    outer loop
      vertex -37.8532 -47 4.45583
      vertex -38.0988 -46.5 4.8813
      vertex -37.8532 -46.5 4.45583
    endloop
  endfacet
  facet normal -0.866065 -0 -0.499931
    outer loop
      vertex -38.0988 -46.5 4.8813
      vertex -37.8532 -47 4.45583
      vertex -38.0988 -47 4.8813
    endloop
  endfacet
  facet normal -0.866065 0 -0.499931
    outer loop
      vertex -37.8532 -52 4.45583
      vertex -38.0988 -47.5 4.8813
      vertex -37.8532 -47.5 4.45583
    endloop
  endfacet
  facet normal -0.866065 -0 -0.499931
    outer loop
      vertex -38.0988 -47.5 4.8813
      vertex -37.8532 -52 4.45583
      vertex -38.0988 -52 4.8813
    endloop
  endfacet
  facet normal -0.587744 0 0.809047
    outer loop
      vertex -38.825 -47.5 1.46484
      vertex -38.4275 -52 1.75361
      vertex -38.4275 -47.5 1.75361
    endloop
  endfacet
  facet normal -0.587744 0 0.809047
    outer loop
      vertex -38.4275 -52 1.75361
      vertex -38.825 -47.5 1.46484
      vertex -38.825 -52 1.46484
    endloop
  endfacet
  facet normal -0.587744 0 0.809047
    outer loop
      vertex -38.825 -46.5 1.46484
      vertex -38.4275 -47 1.75361
      vertex -38.4275 -46.5 1.75361
    endloop
  endfacet
  facet normal -0.587744 0 0.809047
    outer loop
      vertex -38.4275 -47 1.75361
      vertex -38.825 -46.5 1.46484
      vertex -38.825 -47 1.46484
    endloop
  endfacet
  facet normal 0.207903 0 0.97815
    outer loop
      vertex -40.7262 -47.5 1.26502
      vertex -40.2456 -52 1.16287
      vertex -40.2456 -47.5 1.16287
    endloop
  endfacet
  facet normal 0.207903 0 0.97815
    outer loop
      vertex -40.2456 -52 1.16287
      vertex -40.7262 -47.5 1.26502
      vertex -40.7262 -52 1.26502
    endloop
  endfacet
  facet normal 0.207903 0 0.97815
    outer loop
      vertex -40.7262 -46.5 1.26502
      vertex -40.2456 -47 1.16287
      vertex -40.2456 -46.5 1.16287
    endloop
  endfacet
  facet normal 0.207903 0 0.97815
    outer loop
      vertex -40.2456 -47 1.16287
      vertex -40.7262 -46.5 1.26502
      vertex -40.7262 -47 1.26502
    endloop
  endfacet
  facet normal 0 0 -1
    outer loop
      vertex -40.2456 -47 5.83713
      vertex -39.7544 -46.5 5.83713
      vertex -39.7544 -47 5.83713
    endloop
  endfacet
  facet normal -0 0 -1
    outer loop
      vertex -39.7544 -46.5 5.83713
      vertex -40.2456 -47 5.83713
      vertex -40.2456 -46.5 5.83713
    endloop
  endfacet
  facet normal 0 0 -1
    outer loop
      vertex -40.2456 -52 5.83713
      vertex -39.7544 -47.5 5.83713
      vertex -39.7544 -52 5.83713
    endloop
  endfacet
  facet normal -0 0 -1
    outer loop
      vertex -39.7544 -47.5 5.83713
      vertex -40.2456 -52 5.83713
      vertex -40.2456 -47.5 5.83713
    endloop
  endfacet
  facet normal 0.994512 -0 0.104623
    outer loop
      vertex -42.35 -52 3.5
      vertex -42.2986 -47.5 3.01141
      vertex -42.35 -47.5 3.5
    endloop
  endfacet
  facet normal 0.994512 0 0.104623
    outer loop
      vertex -42.2986 -47.5 3.01141
      vertex -42.35 -52 3.5
      vertex -42.2986 -52 3.01141
    endloop
  endfacet
  facet normal 0.994512 -0 0.104623
    outer loop
      vertex -42.35 -47 3.5
      vertex -42.2986 -46.5 3.01141
      vertex -42.35 -46.5 3.5
    endloop
  endfacet
  facet normal 0.994512 0 0.104623
    outer loop
      vertex -42.2986 -46.5 3.01141
      vertex -42.35 -47 3.5
      vertex -42.2986 -47 3.01141
    endloop
  endfacet
endsolid OpenSCAD_Model
