solid OpenSCAD_Model
  facet normal -1 0 0
    outer loop
      vertex -95 80 0
      vertex -95 69.9 60
      vertex -95 80 60
    endloop
  endfacet
  facet normal -1 0 0
    outer loop
      vertex -95 69.9 60
      vertex -95 50.1 60
      vertex -95 69.9 65
    endloop
  endfacet
  facet normal -1 0 0
    outer loop
      vertex -95 45 0
      vertex -95 69.9 60
      vertex -95 80 0
    endloop
  endfacet
  facet normal -1 -0 0
    outer loop
      vertex -95 69.9 60
      vertex -95 45 0
      vertex -95 50.1 60
    endloop
  endfacet
  facet normal -1 -0 0
    outer loop
      vertex -95 50.1 60
      vertex -95 45 0
      vertex -95 45 60
    endloop
  endfacet
  facet normal -1 -0 0
    outer loop
      vertex -95 69.9 65
      vertex -95 50.1 60
      vertex -95 50.1 65
    endloop
  endfacet
  facet normal -1 0 0
    outer loop
      vertex -95 -45 0
      vertex -95 -50.1 60
      vertex -95 -45 60
    endloop
  endfacet
  facet normal -1 0 0
    outer loop
      vertex -95 -50.1 60
      vertex -95 -69.9 60
      vertex -95 -50.1 65
    endloop
  endfacet
  facet normal -1 0 0
    outer loop
      vertex -95 -45 0
      vertex -95 -69.9 60
      vertex -95 -50.1 60
    endloop
  endfacet
  facet normal -1 0 0
    outer loop
      vertex -95 -80 0
      vertex -95 -69.9 60
      vertex -95 -45 0
    endloop
  endfacet
  facet normal -1 -0 0
    outer loop
      vertex -95 -69.9 60
      vertex -95 -80 0
      vertex -95 -80 60
    endloop
  endfacet
  facet normal -1 -0 0
    outer loop
      vertex -95 -50.1 65
      vertex -95 -69.9 60
      vertex -95 -69.9 65
    endloop
  endfacet
  facet normal -0.894427 -0.447214 0
    outer loop
      vertex -95 -45 0
      vertex -107 -21 60
      vertex -107 -21 0
    endloop
  endfacet
  facet normal -0.894427 -0.447214 0
    outer loop
      vertex -107 -21 60
      vertex -95 -45 0
      vertex -95 -45 60
    endloop
  endfacet
  facet normal -0.894427 0.447214 0
    outer loop
      vertex -107 21 0
      vertex -95 45 60
      vertex -95 45 0
    endloop
  endfacet
  facet normal -0.894427 0.447214 0
    outer loop
      vertex -95 45 60
      vertex -107 21 0
      vertex -107 21 60
    endloop
  endfacet
  facet normal 0 0 1
    outer loop
      vertex -90.3738 84.9256 60
      vertex -91.9134 84.6194 60
      vertex -90.3738 80 60
    endloop
  endfacet
  facet normal -0 0 1
    outer loop
      vertex -89.2544 80 60
      vertex -85.3806 78.0866 60
      vertex -85 80 60
    endloop
  endfacet
  facet normal 0 0 1
    outer loop
      vertex -85.3806 78.0866 60
      vertex -89.2544 80 60
      vertex -86.4645 76.4645 60
    endloop
  endfacet
  facet normal 0 0 1
    outer loop
      vertex -86.4645 76.4645 60
      vertex -89.2544 80 60
      vertex -88.0866 75.3806 60
    endloop
  endfacet
  facet normal 0 0 1
    outer loop
      vertex -89.2544 80 60
      vertex -90 75 60
      vertex -88.0866 75.3806 60
    endloop
  endfacet
  facet normal -0 0 1
    outer loop
      vertex -90.3738 80 60
      vertex -90 75 60
      vertex -89.2544 80 60
    endloop
  endfacet
  facet normal -0 0 1
    outer loop
      vertex -95 80 60
      vertex -90 75 60
      vertex -90.3738 80 60
    endloop
  endfacet
  facet normal -0 0 1
    outer loop
      vertex -93.5355 83.5355 60
      vertex -90.3738 80 60
      vertex -91.9134 84.6194 60
    endloop
  endfacet
  facet normal -0 0 1
    outer loop
      vertex -94.6194 81.9134 60
      vertex -90.3738 80 60
      vertex -93.5355 83.5355 60
    endloop
  endfacet
  facet normal 0 0 1
    outer loop
      vertex -90.3738 80 60
      vertex -94.6194 81.9134 60
      vertex -95 80 60
    endloop
  endfacet
  facet normal 0 0 1
    outer loop
      vertex -90 75 60
      vertex -95 80 60
      vertex -95 69.9 60
    endloop
  endfacet
  facet normal 0 0 1
    outer loop
      vertex -90 75 60
      vertex -95 69.9 60
      vertex -90 69.9 60
    endloop
  endfacet
  facet normal -0 0 1
    outer loop
      vertex -95 -69.9 60
      vertex -90 -75 60
      vertex -90 -69.9 60
    endloop
  endfacet
  facet normal 0 0 1
    outer loop
      vertex -90.3738 -80 60
      vertex -91.9134 -84.6194 60
      vertex -90.3738 -84.9256 60
    endloop
  endfacet
  facet normal 0 0 1
    outer loop
      vertex -95 -80 60
      vertex -90 -75 60
      vertex -95 -69.9 60
    endloop
  endfacet
  facet normal 0 -0 1
    outer loop
      vertex -94.6194 -81.9134 60
      vertex -90.3738 -80 60
      vertex -95 -80 60
    endloop
  endfacet
  facet normal 0 0 1
    outer loop
      vertex -90.3738 -80 60
      vertex -93.5355 -83.5355 60
      vertex -91.9134 -84.6194 60
    endloop
  endfacet
  facet normal 0 0 1
    outer loop
      vertex -90 -75 60
      vertex -95 -80 60
      vertex -90.3738 -80 60
    endloop
  endfacet
  facet normal 0 0 1
    outer loop
      vertex -90.3738 -80 60
      vertex -94.6194 -81.9134 60
      vertex -93.5355 -83.5355 60
    endloop
  endfacet
  facet normal 0 0 1
    outer loop
      vertex -89.2544 -80 60
      vertex -85.3806 -78.0866 60
      vertex -86.4645 -76.4645 60
    endloop
  endfacet
  facet normal 0 0 1
    outer loop
      vertex -89.2544 -80 60
      vertex -86.4645 -76.4645 60
      vertex -88.0866 -75.3806 60
    endloop
  endfacet
  facet normal 0 0 1
    outer loop
      vertex -85.3806 -78.0866 60
      vertex -89.2544 -80 60
      vertex -85 -80 60
    endloop
  endfacet
  facet normal 0 0 1
    outer loop
      vertex -90 -75 60
      vertex -89.2544 -80 60
      vertex -88.0866 -75.3806 60
    endloop
  endfacet
  facet normal 0 0 1
    outer loop
      vertex -89.2544 -80 60
      vertex -90 -75 60
      vertex -90.3738 -80 60
    endloop
  endfacet
  facet normal -0 0 1
    outer loop
      vertex -102 -25.1 60
      vertex -90 -50.1 60
      vertex -102 25.1 60
    endloop
  endfacet
  facet normal 0 0 1
    outer loop
      vertex -95 45 60
      vertex -102.2 25.1 60
      vertex -102 25.1 60
    endloop
  endfacet
  facet normal 0 0 1
    outer loop
      vertex -107 21 60
      vertex -102.2 25.1 60
      vertex -95 45 60
    endloop
  endfacet
  facet normal 0 0 1
    outer loop
      vertex -102.2 25.1 60
      vertex -107 21 60
      vertex -107 20.3 60
    endloop
  endfacet
  facet normal 0 0 1
    outer loop
      vertex -95 45 60
      vertex -90 50.1 60
      vertex -95 50.1 60
    endloop
  endfacet
  facet normal 0 0 1
    outer loop
      vertex -102 25.1 60
      vertex -90 50.1 60
      vertex -95 45 60
    endloop
  endfacet
  facet normal 0 0 1
    outer loop
      vertex -90 50.1 60
      vertex -102 25.1 60
      vertex -90 -50.1 60
    endloop
  endfacet
  facet normal 0 0 1
    outer loop
      vertex -90 -50.1 60
      vertex -95 -45 60
      vertex -95 -50.1 60
    endloop
  endfacet
  facet normal 0 0 1
    outer loop
      vertex -90 -50.1 60
      vertex -102 -25.1 60
      vertex -95 -45 60
    endloop
  endfacet
  facet normal -0 0 1
    outer loop
      vertex -102.2 -25.1 60
      vertex -95 -45 60
      vertex -102 -25.1 60
    endloop
  endfacet
  facet normal -0 0 1
    outer loop
      vertex -107 -21 60
      vertex -102.2 -25.1 60
      vertex -107 -20.3 60
    endloop
  endfacet
  facet normal 0 0 1
    outer loop
      vertex -102.2 -25.1 60
      vertex -107 -21 60
      vertex -95 -45 60
    endloop
  endfacet
  facet normal 0 0 -1
    outer loop
      vertex -95 -45 0
      vertex -102 -25.1 0
      vertex -95 45 0
    endloop
  endfacet
  facet normal 0 0 -1
    outer loop
      vertex -95 -45 0
      vertex -102.2 -25.1 0
      vertex -102 -25.1 0
    endloop
  endfacet
  facet normal 0 0 -1
    outer loop
      vertex -107 -21 0
      vertex -102.2 -25.1 0
      vertex -95 -45 0
    endloop
  endfacet
  facet normal 0 0 -1
    outer loop
      vertex -102.2 -25.1 0
      vertex -107 -21 0
      vertex -107 -20.3 0
    endloop
  endfacet
  facet normal 0 0 -1
    outer loop
      vertex -102 25.1 0
      vertex -95 45 0
      vertex -102 -25.1 0
    endloop
  endfacet
  facet normal 0 0 -1
    outer loop
      vertex -102.2 25.1 0
      vertex -95 45 0
      vertex -102 25.1 0
    endloop
  endfacet
  facet normal 0 0 -1
    outer loop
      vertex -107 21 0
      vertex -102.2 25.1 0
      vertex -107 20.3 0
    endloop
  endfacet
  facet normal -0 0 -1
    outer loop
      vertex -102.2 25.1 0
      vertex -107 21 0
      vertex -95 45 0
    endloop
  endfacet
  facet normal 0 0 -1
    outer loop
      vertex -84.2 66.3856 0
      vertex -83.4 75 0
      vertex -83.4 65 0
    endloop
  endfacet
  facet normal 0 0 -1
    outer loop
      vertex -84.2 66.3856 0
      vertex -84.2 73.6144 0
      vertex -83.4 75 0
    endloop
  endfacet
  facet normal 0 0 -1
    outer loop
      vertex -85.8 66.3856 0
      vertex -84.2 73.6144 0
      vertex -84.2 66.3856 0
    endloop
  endfacet
  facet normal 0 0 -1
    outer loop
      vertex -85.8 66.3856 0
      vertex -85.8 73.6144 0
      vertex -84.2 73.6144 0
    endloop
  endfacet
  facet normal 0 0 -1
    outer loop
      vertex -86.6 65 0
      vertex -85.8 73.6144 0
      vertex -85.8 66.3856 0
    endloop
  endfacet
  facet normal -0 0 -1
    outer loop
      vertex -85.8 73.6144 0
      vertex -86.6 65 0
      vertex -86.6 75 0
    endloop
  endfacet
  facet normal 0 0 -1
    outer loop
      vertex -84.2 -63.6144 0
      vertex -83.4 65 0
      vertex -83.4 -65 0
    endloop
  endfacet
  facet normal 0 0 -1
    outer loop
      vertex -84.2 -63.6144 0
      vertex -84.2 63.6144 0
      vertex -83.4 65 0
    endloop
  endfacet
  facet normal 0 0 -1
    outer loop
      vertex -95 -45 0
      vertex -84.2 -63.6144 0
      vertex -85.8 -63.6144 0
    endloop
  endfacet
  facet normal 0 0 -1
    outer loop
      vertex -84.2 -63.6144 0
      vertex -95 -45 0
      vertex -84.2 63.6144 0
    endloop
  endfacet
  facet normal 0 0 -1
    outer loop
      vertex -95 -45 0
      vertex -85.8 -63.6144 0
      vertex -86.6 -65 0
    endloop
  endfacet
  facet normal 0 0 -1
    outer loop
      vertex -95 45 0
      vertex -84.2 63.6144 0
      vertex -95 -45 0
    endloop
  endfacet
  facet normal 0 0 -1
    outer loop
      vertex -84.2 -73.6144 0
      vertex -83.4 -65 0
      vertex -83.4 -75 0
    endloop
  endfacet
  facet normal 0 0 -1
    outer loop
      vertex -84.2 -73.6144 0
      vertex -84.2 -66.3856 0
      vertex -83.4 -65 0
    endloop
  endfacet
  facet normal 0 0 -1
    outer loop
      vertex -85.8 -73.6144 0
      vertex -84.2 -66.3856 0
      vertex -84.2 -73.6144 0
    endloop
  endfacet
  facet normal 0 0 -1
    outer loop
      vertex -85.8 -73.6144 0
      vertex -85.8 -66.3856 0
      vertex -84.2 -66.3856 0
    endloop
  endfacet
  facet normal 0 0 -1
    outer loop
      vertex -86.6 -75 0
      vertex -85.8 -66.3856 0
      vertex -85.8 -73.6144 0
    endloop
  endfacet
  facet normal -0 0 -1
    outer loop
      vertex -85.8 -66.3856 0
      vertex -86.6 -75 0
      vertex -86.6 -65 0
    endloop
  endfacet
  facet normal 0 0 -1
    outer loop
      vertex 85.8 78.6144 0
      vertex 90 80 0
      vertex 85.8 -78.6144 0
    endloop
  endfacet
  facet normal -0 0 -1
    outer loop
      vertex 90 80 0
      vertex 85.8 78.6144 0
      vertex 86.6 80 0
    endloop
  endfacet
  facet normal 0 0 -1
    outer loop
      vertex 84.2 -78.6144 0
      vertex 85.8 78.6144 0
      vertex 85.8 -78.6144 0
    endloop
  endfacet
  facet normal 0 0 -1
    outer loop
      vertex 84.2 -78.6144 0
      vertex 84.2 78.6144 0
      vertex 85.8 78.6144 0
    endloop
  endfacet
  facet normal 0 0 -1
    outer loop
      vertex 80 -80 0
      vertex 84.2 -78.6144 0
      vertex 83.4 -80 0
    endloop
  endfacet
  facet normal -0 0 -1
    outer loop
      vertex 84.2 -78.6144 0
      vertex 80 -80 0
      vertex 84.2 78.6144 0
    endloop
  endfacet
  facet normal 0 0 -1
    outer loop
      vertex 86.6 -80 0
      vertex 90 -80 0
      vertex 89.6194 -81.9134 0
    endloop
  endfacet
  facet normal 0 0 -1
    outer loop
      vertex 85.8 -78.6144 0
      vertex 90 -80 0
      vertex 86.6 -80 0
    endloop
  endfacet
  facet normal 0 0 -1
    outer loop
      vertex 85.8 -81.3856 0
      vertex 89.6194 -81.9134 0
      vertex 88.5355 -83.5355 0
    endloop
  endfacet
  facet normal 0 0 -1
    outer loop
      vertex 90 -80 0
      vertex 85.8 -78.6144 0
      vertex 90 80 0
    endloop
  endfacet
  facet normal 0 0 -1
    outer loop
      vertex 85.8 -81.3856 0
      vertex 88.5355 -83.5355 0
      vertex 86.9134 -84.6194 0
    endloop
  endfacet
  facet normal 0 0 -1
    outer loop
      vertex 90 80 0
      vertex 86.6 80 0
      vertex 89.6194 81.9134 0
    endloop
  endfacet
  facet normal 0 0 -1
    outer loop
      vertex 85.8 81.3856 0
      vertex 89.6194 81.9134 0
      vertex 86.6 80 0
    endloop
  endfacet
  facet normal 0 0 -1
    outer loop
      vertex 89.6194 -81.9134 0
      vertex 85.8 -81.3856 0
      vertex 86.6 -80 0
    endloop
  endfacet
  facet normal 0 0 -1
    outer loop
      vertex 85 -85 0
      vertex 85.8 -81.3856 0
      vertex 86.9134 -84.6194 0
    endloop
  endfacet
  facet normal 0 0 -1
    outer loop
      vertex 85 -85 0
      vertex 84.2 -81.3856 0
      vertex 85.8 -81.3856 0
    endloop
  endfacet
  facet normal 0 0 -1
    outer loop
      vertex 80 -80 0
      vertex 84.2 -81.3856 0
      vertex 85 -85 0
    endloop
  endfacet
  facet normal 0 0 -1
    outer loop
      vertex 80 80 0
      vertex 84.2 78.6144 0
      vertex 80 -80 0
    endloop
  endfacet
  facet normal 0 0 -1
    outer loop
      vertex 84.2 -81.3856 0
      vertex 80 -80 0
      vertex 83.4 -80 0
    endloop
  endfacet
  facet normal 0 0 -1
    outer loop
      vertex 85 -85 0
      vertex -80 -80 0
      vertex 80 -80 0
    endloop
  endfacet
  facet normal 0 0 -1
    outer loop
      vertex -83.4 -65 0
      vertex -80 -80 0
      vertex -83.4 -75 0
    endloop
  endfacet
  facet normal 0 0 -1
    outer loop
      vertex -80 -80 0
      vertex -84.2 -76.3856 0
      vertex -83.4 -75 0
    endloop
  endfacet
  facet normal 0 0 -1
    outer loop
      vertex -80 -80 0
      vertex -85.8 -76.3856 0
      vertex -84.2 -76.3856 0
    endloop
  endfacet
  facet normal 0 0 -1
    outer loop
      vertex -95 -80 0
      vertex -86.6 -65 0
      vertex -86.6 -75 0
    endloop
  endfacet
  facet normal -0 0 -1
    outer loop
      vertex -84.2 63.6144 0
      vertex -95 45 0
      vertex -85.8 63.6144 0
    endloop
  endfacet
  facet normal -0 0 -1
    outer loop
      vertex -85.8 -76.3856 0
      vertex -95 -80 0
      vertex -86.6 -75 0
    endloop
  endfacet
  facet normal 0 0 -1
    outer loop
      vertex -95 -80 0
      vertex -85.8 -76.3856 0
      vertex -90 -85 0
    endloop
  endfacet
  facet normal -0 0 -1
    outer loop
      vertex -80 -80 0
      vertex -90 -85 0
      vertex -85.8 -76.3856 0
    endloop
  endfacet
  facet normal 0 0 -1
    outer loop
      vertex -90 -85 0
      vertex -80 -80 0
      vertex 85 -85 0
    endloop
  endfacet
  facet normal -0 0 -1
    outer loop
      vertex 89.6194 81.9134 0
      vertex 85.8 81.3856 0
      vertex 88.5355 83.5355 0
    endloop
  endfacet
  facet normal -0 0 -1
    outer loop
      vertex 88.5355 83.5355 0
      vertex 85.8 81.3856 0
      vertex 86.9134 84.6194 0
    endloop
  endfacet
  facet normal 0 0 -1
    outer loop
      vertex 85.8 81.3856 0
      vertex 85 85 0
      vertex 86.9134 84.6194 0
    endloop
  endfacet
  facet normal 0 0 -1
    outer loop
      vertex 84.2 81.3856 0
      vertex 85 85 0
      vertex 85.8 81.3856 0
    endloop
  endfacet
  facet normal 0 0 -1
    outer loop
      vertex 80 80 0
      vertex 84.2 81.3856 0
      vertex 83.4 80 0
    endloop
  endfacet
  facet normal 0 0 -1
    outer loop
      vertex 84.2 78.6144 0
      vertex 80 80 0
      vertex 83.4 80 0
    endloop
  endfacet
  facet normal -0 0 -1
    outer loop
      vertex 84.2 81.3856 0
      vertex 80 80 0
      vertex 85 85 0
    endloop
  endfacet
  facet normal 0 0 -1
    outer loop
      vertex -80 80 0
      vertex 85 85 0
      vertex 80 80 0
    endloop
  endfacet
  facet normal 0 0 -1
    outer loop
      vertex -80 -80 0
      vertex -83.4 -65 0
      vertex -80 80 0
    endloop
  endfacet
  facet normal 0 0 -1
    outer loop
      vertex -83.4 65 0
      vertex -80 80 0
      vertex -83.4 -65 0
    endloop
  endfacet
  facet normal 0 0 -1
    outer loop
      vertex -83.4 75 0
      vertex -80 80 0
      vertex -83.4 65 0
    endloop
  endfacet
  facet normal 0 0 -1
    outer loop
      vertex -84.2 76.3856 0
      vertex -80 80 0
      vertex -83.4 75 0
    endloop
  endfacet
  facet normal 0 0 -1
    outer loop
      vertex -85.8 76.3856 0
      vertex -80 80 0
      vertex -84.2 76.3856 0
    endloop
  endfacet
  facet normal 0 0 -1
    outer loop
      vertex -80 80 0
      vertex -90 85 0
      vertex 85 85 0
    endloop
  endfacet
  facet normal 0 0 -1
    outer loop
      vertex -85.8 76.3856 0
      vertex -90 85 0
      vertex -80 80 0
    endloop
  endfacet
  facet normal 0 0 -1
    outer loop
      vertex -95 80 0
      vertex -85.8 76.3856 0
      vertex -86.6 75 0
    endloop
  endfacet
  facet normal -0 0 -1
    outer loop
      vertex -85.8 63.6144 0
      vertex -95 45 0
      vertex -86.6 65 0
    endloop
  endfacet
  facet normal 0 0 -1
    outer loop
      vertex -95 -80 0
      vertex -90 -85 0
      vertex -91.9134 -84.6194 0
    endloop
  endfacet
  facet normal 0 0 -1
    outer loop
      vertex -95 80 0
      vertex -86.6 65 0
      vertex -95 45 0
    endloop
  endfacet
  facet normal 0 0 -1
    outer loop
      vertex -95 -80 0
      vertex -91.9134 -84.6194 0
      vertex -93.5355 -83.5355 0
    endloop
  endfacet
  facet normal 0 0 -1
    outer loop
      vertex -86.6 65 0
      vertex -95 80 0
      vertex -86.6 75 0
    endloop
  endfacet
  facet normal 0 0 -1
    outer loop
      vertex -95 -80 0
      vertex -93.5355 -83.5355 0
      vertex -94.6194 -81.9134 0
    endloop
  endfacet
  facet normal 0 0 -1
    outer loop
      vertex -85.8 76.3856 0
      vertex -95 80 0
      vertex -90 85 0
    endloop
  endfacet
  facet normal -0 0 -1
    outer loop
      vertex -86.6 -65 0
      vertex -95 -80 0
      vertex -95 -45 0
    endloop
  endfacet
  facet normal 0 0 -1
    outer loop
      vertex -90 85 0
      vertex -95 80 0
      vertex -91.9134 84.6194 0
    endloop
  endfacet
  facet normal 0 0 -1
    outer loop
      vertex -91.9134 84.6194 0
      vertex -95 80 0
      vertex -93.5355 83.5355 0
    endloop
  endfacet
  facet normal 0 0 -1
    outer loop
      vertex -93.5355 83.5355 0
      vertex -95 80 0
      vertex -94.6194 81.9134 0
    endloop
  endfacet
  facet normal -1 0 0
    outer loop
      vertex -107 -21 0
      vertex -107 -20.3 60
      vertex -107 -20.3 0
    endloop
  endfacet
  facet normal -1 -0 0
    outer loop
      vertex -107 -20.3 60
      vertex -107 -21 0
      vertex -107 -21 60
    endloop
  endfacet
  facet normal -1 0 0
    outer loop
      vertex -107 20.3 0
      vertex -107 21 60
      vertex -107 21 0
    endloop
  endfacet
  facet normal -1 -0 0
    outer loop
      vertex -107 21 60
      vertex -107 20.3 0
      vertex -107 20.3 60
    endloop
  endfacet
  facet normal -1 0 0
    outer loop
      vertex 85 38.3742 54.6709
      vertex 85 75 65
      vertex 85 75 12
    endloop
  endfacet
  facet normal -1 0 0
    outer loop
      vertex 85 75 65
      vertex 85 38.3742 54.6709
      vertex 85 39.0701 56.5058
    endloop
  endfacet
  facet normal -1 0 0
    outer loop
      vertex 85 75 12
      vertex 85 36.9054 53.3696
      vertex 85 38.3742 54.6709
    endloop
  endfacet
  facet normal -1 0 0
    outer loop
      vertex 85 75 12
      vertex 85 35 52.9
      vertex 85 36.9054 53.3696
    endloop
  endfacet
  facet normal -1 0 0
    outer loop
      vertex 85 75 12
      vertex 85 33.0946 53.3696
      vertex 85 35 52.9
    endloop
  endfacet
  facet normal -1 0 0
    outer loop
      vertex 85 -33.0946 53.3696
      vertex 85 33.0946 53.3696
      vertex 85 75 12
    endloop
  endfacet
  facet normal -1 0 0
    outer loop
      vertex 85 31.6258 54.6709
      vertex 85 -30.9299 56.5058
      vertex 85 30.9299 56.5058
    endloop
  endfacet
  facet normal -1 0 0
    outer loop
      vertex 85 33.0946 53.3696
      vertex 85 -33.0946 53.3696
      vertex 85 31.6258 54.6709
    endloop
  endfacet
  facet normal -1 0 0
    outer loop
      vertex 85 31.6258 54.6709
      vertex 85 -31.6258 54.6709
      vertex 85 -30.9299 56.5058
    endloop
  endfacet
  facet normal -1 -0 0
    outer loop
      vertex 85 31.6258 54.6709
      vertex 85 -33.0946 53.3696
      vertex 85 -31.6258 54.6709
    endloop
  endfacet
  facet normal -1 0 0
    outer loop
      vertex 85 -75 12
      vertex 85 -33.0946 53.3696
      vertex 85 75 12
    endloop
  endfacet
  facet normal -1 0 0
    outer loop
      vertex 85 -33.0946 53.3696
      vertex 85 -75 12
      vertex 85 -35 52.9
    endloop
  endfacet
  facet normal -1 0 0
    outer loop
      vertex 85 -75 65
      vertex 85 -38.3742 54.6709
      vertex 85 -75 12
    endloop
  endfacet
  facet normal -1 -0 0
    outer loop
      vertex 85 -36.9054 53.3696
      vertex 85 -75 12
      vertex 85 -38.3742 54.6709
    endloop
  endfacet
  facet normal -1 -0 0
    outer loop
      vertex 85 -35 52.9
      vertex 85 -75 12
      vertex 85 -36.9054 53.3696
    endloop
  endfacet
  facet normal -1 0 0
    outer loop
      vertex 85 38.8336 58.4539
      vertex 85 75 65
      vertex 85 39.0701 56.5058
    endloop
  endfacet
  facet normal -1 0 0
    outer loop
      vertex 85 37.7188 60.0689
      vertex 85 75 65
      vertex 85 38.8336 58.4539
    endloop
  endfacet
  facet normal -1 0 0
    outer loop
      vertex 85 35.9812 60.9809
      vertex 85 75 65
      vertex 85 37.7188 60.0689
    endloop
  endfacet
  facet normal -1 0 0
    outer loop
      vertex 85 34.0188 60.9809
      vertex 85 75 65
      vertex 85 35.9812 60.9809
    endloop
  endfacet
  facet normal -1 0 0
    outer loop
      vertex 85 -30.9299 56.5058
      vertex 85 31.1664 58.4539
      vertex 85 30.9299 56.5058
    endloop
  endfacet
  facet normal -1 0 0
    outer loop
      vertex 85 -31.1664 58.4539
      vertex 85 31.1664 58.4539
      vertex 85 -30.9299 56.5058
    endloop
  endfacet
  facet normal -1 0 0
    outer loop
      vertex 85 31.1664 58.4539
      vertex 85 -31.1664 58.4539
      vertex 85 32.2812 60.0689
    endloop
  endfacet
  facet normal -1 0 0
    outer loop
      vertex 85 -32.2812 60.0689
      vertex 85 32.2812 60.0689
      vertex 85 -31.1664 58.4539
    endloop
  endfacet
  facet normal -1 0 0
    outer loop
      vertex 85 32.2812 60.0689
      vertex 85 -32.2812 60.0689
      vertex 85 34.0188 60.9809
    endloop
  endfacet
  facet normal -1 0 0
    outer loop
      vertex 85 -34.0188 60.9809
      vertex 85 34.0188 60.9809
      vertex 85 -32.2812 60.0689
    endloop
  endfacet
  facet normal -1 0 0
    outer loop
      vertex 85 34.0188 60.9809
      vertex 85 -34.0188 60.9809
      vertex 85 75 65
    endloop
  endfacet
  facet normal -1 0 0
    outer loop
      vertex 85 -75 65
      vertex 85 -34.0188 60.9809
      vertex 85 -35.9812 60.9809
    endloop
  endfacet
  facet normal -1 0 0
    outer loop
      vertex 85 -38.3742 54.6709
      vertex 85 -75 65
      vertex 85 -39.0701 56.5058
    endloop
  endfacet
  facet normal -1 0 0
    outer loop
      vertex 85 -39.0701 56.5058
      vertex 85 -75 65
      vertex 85 -38.8336 58.4539
    endloop
  endfacet
  facet normal -1 0 0
    outer loop
      vertex 85 -34.0188 60.9809
      vertex 85 -75 65
      vertex 85 75 65
    endloop
  endfacet
  facet normal -1 0 0
    outer loop
      vertex 85 -37.7188 60.0689
      vertex 85 -75 65
      vertex 85 -35.9812 60.9809
    endloop
  endfacet
  facet normal -1 0 0
    outer loop
      vertex 85 -38.8336 58.4539
      vertex 85 -75 65
      vertex 85 -37.7188 60.0689
    endloop
  endfacet
  facet normal -0 0 1
    outer loop
      vertex -90 50.1 12
      vertex -85 -50.1 12
      vertex -85 50.1 12
    endloop
  endfacet
  facet normal 0 0 1
    outer loop
      vertex -85 -50.1 12
      vertex -90 50.1 12
      vertex -90 -50.1 12
    endloop
  endfacet
  facet normal 0 0 1
    outer loop
      vertex -80 80 12
      vertex -85.3806 78.0866 12
      vertex -85 69.9 12
    endloop
  endfacet
  facet normal -0 0 1
    outer loop
      vertex -86.4645 76.4645 12
      vertex -85 69.9 12
      vertex -85.3806 78.0866 12
    endloop
  endfacet
  facet normal -0 0 1
    outer loop
      vertex -88.0866 75.3806 12
      vertex -85 69.9 12
      vertex -86.4645 76.4645 12
    endloop
  endfacet
  facet normal 0 0 1
    outer loop
      vertex -90 69.9 12
      vertex -88.0866 75.3806 12
      vertex -90 75 12
    endloop
  endfacet
  facet normal 0 0 1
    outer loop
      vertex -88.0866 75.3806 12
      vertex -90 69.9 12
      vertex -85 69.9 12
    endloop
  endfacet
  facet normal 0 0 1
    outer loop
      vertex -85.3806 78.0866 12
      vertex -80 80 12
      vertex -85 80 12
    endloop
  endfacet
  facet normal 0 0 1
    outer loop
      vertex -85 50.1 12
      vertex -80 80 12
      vertex -85 69.9 12
    endloop
  endfacet
  facet normal 0 0 1
    outer loop
      vertex -80 80 12
      vertex -85 50.1 12
      vertex -80 -80 12
    endloop
  endfacet
  facet normal -0 0 1
    outer loop
      vertex -85 -50.1 12
      vertex -80 -80 12
      vertex -85 50.1 12
    endloop
  endfacet
  facet normal -0 0 1
    outer loop
      vertex -85 -69.9 12
      vertex -80 -80 12
      vertex -85 -50.1 12
    endloop
  endfacet
  facet normal -0 0 1
    outer loop
      vertex -85.3806 -78.0866 12
      vertex -80 -80 12
      vertex -85 -69.9 12
    endloop
  endfacet
  facet normal 0 0 1
    outer loop
      vertex -80 -80 12
      vertex -85.3806 -78.0866 12
      vertex -85 -80 12
    endloop
  endfacet
  facet normal 0 0 1
    outer loop
      vertex -85 -69.9 12
      vertex -86.4645 -76.4645 12
      vertex -85.3806 -78.0866 12
    endloop
  endfacet
  facet normal 0 0 1
    outer loop
      vertex -85 -69.9 12
      vertex -88.0866 -75.3806 12
      vertex -86.4645 -76.4645 12
    endloop
  endfacet
  facet normal -0 0 1
    outer loop
      vertex -90 -69.9 12
      vertex -88.0866 -75.3806 12
      vertex -85 -69.9 12
    endloop
  endfacet
  facet normal 0 0 1
    outer loop
      vertex -88.0866 -75.3806 12
      vertex -90 -69.9 12
      vertex -90 -75 12
    endloop
  endfacet
  facet normal 0 0 1
    outer loop
      vertex 83.0866 75.3806 12
      vertex 85 -75 12
      vertex 85 75 12
    endloop
  endfacet
  facet normal 0 0 1
    outer loop
      vertex 83.0866 75.3806 12
      vertex 83.0866 -75.3806 12
      vertex 85 -75 12
    endloop
  endfacet
  facet normal 0 0 1
    outer loop
      vertex 81.4645 76.4645 12
      vertex 83.0866 -75.3806 12
      vertex 83.0866 75.3806 12
    endloop
  endfacet
  facet normal 0 0 1
    outer loop
      vertex 81.4645 76.4645 12
      vertex 81.4645 -76.4645 12
      vertex 83.0866 -75.3806 12
    endloop
  endfacet
  facet normal 0 0 1
    outer loop
      vertex 80.3806 78.0866 12
      vertex 81.4645 -76.4645 12
      vertex 81.4645 76.4645 12
    endloop
  endfacet
  facet normal 0 0 1
    outer loop
      vertex 80.3806 78.0866 12
      vertex 80.3806 -78.0866 12
      vertex 81.4645 -76.4645 12
    endloop
  endfacet
  facet normal 0 0 1
    outer loop
      vertex 80 80 12
      vertex 80.3806 -78.0866 12
      vertex 80.3806 78.0866 12
    endloop
  endfacet
  facet normal 0 0 1
    outer loop
      vertex 80.3806 -78.0866 12
      vertex 80 80 12
      vertex 80 -80 12
    endloop
  endfacet
  facet normal 1 -0 0
    outer loop
      vertex -90 69.9 60
      vertex -90 75 12
      vertex -90 75 60
    endloop
  endfacet
  facet normal 1 0 0
    outer loop
      vertex -90 75 12
      vertex -90 69.9 60
      vertex -90 69.9 12
    endloop
  endfacet
  facet normal 1 -0 0
    outer loop
      vertex -90 -50.1 60
      vertex -90 50.1 12
      vertex -90 50.1 60
    endloop
  endfacet
  facet normal 1 0 0
    outer loop
      vertex -90 50.1 12
      vertex -90 -50.1 60
      vertex -90 -50.1 12
    endloop
  endfacet
  facet normal 1 -0 0
    outer loop
      vertex -90 -75 60
      vertex -90 -69.9 12
      vertex -90 -69.9 60
    endloop
  endfacet
  facet normal 1 0 0
    outer loop
      vertex -90 -69.9 12
      vertex -90 -75 60
      vertex -90 -75 12
    endloop
  endfacet
  facet normal 0 -1 -0
    outer loop
      vertex -47.3383 80 30.8383
      vertex -69.2 80 14.1144
      vertex 47.3383 80 30.8383
    endloop
  endfacet
  facet normal 0 -1 0
    outer loop
      vertex 47.3383 80 30.8383
      vertex 68.4 80 15.5
      vertex 69.2 80 16.8856
    endloop
  endfacet
  facet normal 0 -1 0
    outer loop
      vertex 69.2 80 14.1144
      vertex 47.3383 80 30.8383
      vertex -69.2 80 14.1144
    endloop
  endfacet
  facet normal 0 -1 0
    outer loop
      vertex 47.3383 80 30.8383
      vertex 69.2 80 14.1144
      vertex 68.4 80 15.5
    endloop
  endfacet
  facet normal 0 -1 0
    outer loop
      vertex 72.3383 80 34.1617
      vertex 80 80 65
      vertex 50.6617 80 34.1617
    endloop
  endfacet
  facet normal 0 -1 0
    outer loop
      vertex 80 80 65
      vertex 72.3383 80 34.1617
      vertex 74 80 34.85
    endloop
  endfacet
  facet normal 0 -1 0
    outer loop
      vertex 51.35 80 32.5
      vertex 72.3383 80 34.1617
      vertex 50.6617 80 34.1617
    endloop
  endfacet
  facet normal 0 -1 0
    outer loop
      vertex 51.35 80 32.5
      vertex 71.65 80 32.5
      vertex 72.3383 80 34.1617
    endloop
  endfacet
  facet normal 0 -1 0
    outer loop
      vertex 50.6617 80 30.8383
      vertex 71.65 80 32.5
      vertex 51.35 80 32.5
    endloop
  endfacet
  facet normal 0 -1 0
    outer loop
      vertex 50.6617 80 30.8383
      vertex 72.3383 80 30.8383
      vertex 71.65 80 32.5
    endloop
  endfacet
  facet normal 0 -1 0
    outer loop
      vertex 69.2 80 16.8856
      vertex 50.6617 80 30.8383
      vertex 49 80 30.15
    endloop
  endfacet
  facet normal 0 -1 0
    outer loop
      vertex 50.6617 80 30.8383
      vertex 69.2 80 16.8856
      vertex 72.3383 80 30.8383
    endloop
  endfacet
  facet normal 0 -1 0
    outer loop
      vertex 47.3383 80 34.1617
      vertex 80 80 65
      vertex -47.3383 80 34.1617
    endloop
  endfacet
  facet normal 0 -1 0
    outer loop
      vertex 80 80 65
      vertex 47.3383 80 34.1617
      vertex 49 80 34.85
    endloop
  endfacet
  facet normal 0 -1 0
    outer loop
      vertex -46.65 80 32.5
      vertex 47.3383 80 34.1617
      vertex -47.3383 80 34.1617
    endloop
  endfacet
  facet normal 0 -1 0
    outer loop
      vertex -46.65 80 32.5
      vertex 46.65 80 32.5
      vertex 47.3383 80 34.1617
    endloop
  endfacet
  facet normal 0 -1 0
    outer loop
      vertex -47.3383 80 30.8383
      vertex 46.65 80 32.5
      vertex -46.65 80 32.5
    endloop
  endfacet
  facet normal 0 -1 0
    outer loop
      vertex -47.3383 80 30.8383
      vertex 47.3383 80 30.8383
      vertex 46.65 80 32.5
    endloop
  endfacet
  facet normal 0 -1 -0
    outer loop
      vertex -50.6617 80 30.8383
      vertex -68.4 80 15.5
      vertex -49 80 30.15
    endloop
  endfacet
  facet normal 0 -1 0
    outer loop
      vertex -69.2 80 14.1144
      vertex -49 80 30.15
      vertex -68.4 80 15.5
    endloop
  endfacet
  facet normal 0 -1 0
    outer loop
      vertex -50.6617 80 34.1617
      vertex -85 80 60
      vertex -72.3383 80 34.1617
    endloop
  endfacet
  facet normal 0 -1 0
    outer loop
      vertex -85 80 60
      vertex -50.6617 80 34.1617
      vertex -49 80 34.85
    endloop
  endfacet
  facet normal 0 -1 0
    outer loop
      vertex -71.65 80 32.5
      vertex -50.6617 80 34.1617
      vertex -72.3383 80 34.1617
    endloop
  endfacet
  facet normal 0 -1 0
    outer loop
      vertex -71.65 80 32.5
      vertex -51.35 80 32.5
      vertex -50.6617 80 34.1617
    endloop
  endfacet
  facet normal 0 -1 0
    outer loop
      vertex -72.3383 80 30.8383
      vertex -51.35 80 32.5
      vertex -71.65 80 32.5
    endloop
  endfacet
  facet normal 0 -1 0
    outer loop
      vertex -72.3383 80 30.8383
      vertex -50.6617 80 30.8383
      vertex -51.35 80 32.5
    endloop
  endfacet
  facet normal 0 -1 0
    outer loop
      vertex -70.8 80 16.8856
      vertex -72.3383 80 30.8383
      vertex -74 80 30.15
    endloop
  endfacet
  facet normal 0 -1 0
    outer loop
      vertex -72.3383 80 30.8383
      vertex -69.2 80 16.8856
      vertex -50.6617 80 30.8383
    endloop
  endfacet
  facet normal 0 -1 0
    outer loop
      vertex -85 80 60
      vertex -75.6617 80 34.1617
      vertex -74 80 34.85
    endloop
  endfacet
  facet normal 0 -1 0
    outer loop
      vertex -85 80 60
      vertex -76.35 80 32.5
      vertex -75.6617 80 34.1617
    endloop
  endfacet
  facet normal 0 -1 0
    outer loop
      vertex -68.4 80 15.5
      vertex -50.6617 80 30.8383
      vertex -69.2 80 16.8856
    endloop
  endfacet
  facet normal 0 -1 -0
    outer loop
      vertex -49 80 30.15
      vertex -69.2 80 14.1144
      vertex -47.3383 80 30.8383
    endloop
  endfacet
  facet normal 0 -1 0
    outer loop
      vertex -72.3383 80 30.8383
      vertex -70.8 80 16.8856
      vertex -69.2 80 16.8856
    endloop
  endfacet
  facet normal 0 -1 0
    outer loop
      vertex -75.6617 80 30.8383
      vertex -70.8 80 16.8856
      vertex -74 80 30.15
    endloop
  endfacet
  facet normal 0 -1 0
    outer loop
      vertex -85 80 12
      vertex -75.6617 80 30.8383
      vertex -76.35 80 32.5
    endloop
  endfacet
  facet normal 0 -1 -0
    outer loop
      vertex -75.6617 80 30.8383
      vertex -80 80 12
      vertex -70.8 80 16.8856
    endloop
  endfacet
  facet normal 0 -1 0
    outer loop
      vertex -85 80 12
      vertex -76.35 80 32.5
      vertex -85 80 60
    endloop
  endfacet
  facet normal 0 -1 0
    outer loop
      vertex -80 80 12
      vertex -69.2 80 14.1144
      vertex -70.8 80 14.1144
    endloop
  endfacet
  facet normal 0 -1 -0
    outer loop
      vertex -69.2 80 14.1144
      vertex -80 80 12
      vertex 69.2 80 14.1144
    endloop
  endfacet
  facet normal 0 -1 -0
    outer loop
      vertex -71.6 80 15.5
      vertex -80 80 12
      vertex -70.8 80 14.1144
    endloop
  endfacet
  facet normal 0 -1 0
    outer loop
      vertex -70.8 80 16.8856
      vertex -80 80 12
      vertex -71.6 80 15.5
    endloop
  endfacet
  facet normal 0 -1 0
    outer loop
      vertex -75.6617 80 30.8383
      vertex -85 80 12
      vertex -80 80 12
    endloop
  endfacet
  facet normal 0 -1 0
    outer loop
      vertex -85 80 60
      vertex -84.9 80 65
      vertex -85.2444 80 63.1577
    endloop
  endfacet
  facet normal 0 -1 0
    outer loop
      vertex -85 80 60
      vertex -85.2444 80 63.1577
      vertex -86.2311 80 61.5642
    endloop
  endfacet
  facet normal 0 -1 0
    outer loop
      vertex -85 80 60
      vertex -86.2311 80 61.5642
      vertex -87.7267 80 60.4347
    endloop
  endfacet
  facet normal 0 -1 0
    outer loop
      vertex -85 80 60
      vertex -87.7267 80 60.4347
      vertex -89.2544 80 60
    endloop
  endfacet
  facet normal 0 -1 -0
    outer loop
      vertex -84.9 80 65
      vertex -85 80 60
      vertex -49 80 34.85
    endloop
  endfacet
  facet normal 0 -1 0
    outer loop
      vertex -72.3383 80 34.1617
      vertex -85 80 60
      vertex -74 80 34.85
    endloop
  endfacet
  facet normal 0 -1 0
    outer loop
      vertex -47.3383 80 34.1617
      vertex -84.9 80 65
      vertex -49 80 34.85
    endloop
  endfacet
  facet normal 0 -1 0
    outer loop
      vertex -84.9 80 65
      vertex -47.3383 80 34.1617
      vertex 80 80 65
    endloop
  endfacet
  facet normal 0 -1 0
    outer loop
      vertex 50.6617 80 34.1617
      vertex 80 80 65
      vertex 49 80 34.85
    endloop
  endfacet
  facet normal 0 -1 0
    outer loop
      vertex 75.6617 80 34.1617
      vertex 80 80 65
      vertex 74 80 34.85
    endloop
  endfacet
  facet normal 0 -1 0
    outer loop
      vertex 76.35 80 32.5
      vertex 80 80 65
      vertex 75.6617 80 34.1617
    endloop
  endfacet
  facet normal 0 -1 0
    outer loop
      vertex 47.3383 80 30.8383
      vertex 69.2 80 16.8856
      vertex 49 80 30.15
    endloop
  endfacet
  facet normal 0 -1 0
    outer loop
      vertex 70.8 80 16.8856
      vertex 72.3383 80 30.8383
      vertex 69.2 80 16.8856
    endloop
  endfacet
  facet normal 0 -1 -0
    outer loop
      vertex 72.3383 80 30.8383
      vertex 70.8 80 16.8856
      vertex 74 80 30.15
    endloop
  endfacet
  facet normal 0 -1 -0
    outer loop
      vertex 74 80 30.15
      vertex 70.8 80 16.8856
      vertex 75.6617 80 30.8383
    endloop
  endfacet
  facet normal 0 -1 0
    outer loop
      vertex 80 80 12
      vertex 75.6617 80 30.8383
      vertex 70.8 80 16.8856
    endloop
  endfacet
  facet normal 0 -1 0
    outer loop
      vertex 80 80 12
      vertex 70.8 80 16.8856
      vertex 71.6 80 15.5
    endloop
  endfacet
  facet normal 0 -1 0
    outer loop
      vertex 80 80 12
      vertex 69.2 80 14.1144
      vertex -80 80 12
    endloop
  endfacet
  facet normal 0 -1 0
    outer loop
      vertex 76.35 80 32.5
      vertex 80 80 12
      vertex 80 80 65
    endloop
  endfacet
  facet normal 0 -1 0
    outer loop
      vertex 75.6617 80 30.8383
      vertex 80 80 12
      vertex 76.35 80 32.5
    endloop
  endfacet
  facet normal 0 -1 0
    outer loop
      vertex 70.8 80 14.1144
      vertex 80 80 12
      vertex 71.6 80 15.5
    endloop
  endfacet
  facet normal 0 -1 0
    outer loop
      vertex 69.2 80 14.1144
      vertex 80 80 12
      vertex 70.8 80 14.1144
    endloop
  endfacet
  facet normal 0 1 0
    outer loop
      vertex -89.2544 80 60
      vertex -89.5294 80 59.9218
      vertex -90.3738 80 60
    endloop
  endfacet
  facet normal 0 1 -0
    outer loop
      vertex 68.4 -80 15.5
      vertex -69.2 -80 16.8856
      vertex 69.2 -80 16.8856
    endloop
  endfacet
  facet normal 0 1 0
    outer loop
      vertex 68.4 -80 15.5
      vertex -68.4 -80 15.5
      vertex -69.2 -80 16.8856
    endloop
  endfacet
  facet normal 0 1 0
    outer loop
      vertex 69.2 -80 14.1144
      vertex -68.4 -80 15.5
      vertex 68.4 -80 15.5
    endloop
  endfacet
  facet normal 0 1 0
    outer loop
      vertex -68.4 -80 15.5
      vertex 69.2 -80 14.1144
      vertex -69.2 -80 14.1144
    endloop
  endfacet
  facet normal 0 1 -0
    outer loop
      vertex -69.2 -80 16.8856
      vertex -84.9 -80 65
      vertex 80 -80 65
    endloop
  endfacet
  facet normal 0 1 0
    outer loop
      vertex -84.9 -80 65
      vertex -85 -80 60
      vertex -85.2444 -80 63.1577
    endloop
  endfacet
  facet normal 0 1 0
    outer loop
      vertex -85.2444 -80 63.1577
      vertex -85 -80 60
      vertex -86.2311 -80 61.5642
    endloop
  endfacet
  facet normal 0 1 0
    outer loop
      vertex -86.2311 -80 61.5642
      vertex -85 -80 60
      vertex -87.7267 -80 60.4347
    endloop
  endfacet
  facet normal 0 1 0
    outer loop
      vertex 69.2 -80 16.8856
      vertex 80 -80 65
      vertex 70.8 -80 16.8856
    endloop
  endfacet
  facet normal 0 1 -0
    outer loop
      vertex 80 -80 12
      vertex 70.8 -80 16.8856
      vertex 80 -80 65
    endloop
  endfacet
  facet normal 0 1 0
    outer loop
      vertex 80 -80 12
      vertex 69.2 -80 14.1144
      vertex 70.8 -80 14.1144
    endloop
  endfacet
  facet normal 0 1 0
    outer loop
      vertex 69.2 -80 14.1144
      vertex 80 -80 12
      vertex -69.2 -80 14.1144
    endloop
  endfacet
  facet normal 0 1 0
    outer loop
      vertex -80 -80 12
      vertex -69.2 -80 14.1144
      vertex 80 -80 12
    endloop
  endfacet
  facet normal 0 1 0
    outer loop
      vertex 71.6 -80 15.5
      vertex 80 -80 12
      vertex 70.8 -80 14.1144
    endloop
  endfacet
  facet normal 0 1 0
    outer loop
      vertex 70.8 -80 16.8856
      vertex 80 -80 12
      vertex 71.6 -80 15.5
    endloop
  endfacet
  facet normal 0 1 0
    outer loop
      vertex -87.7267 -80 60.4347
      vertex -85 -80 60
      vertex -89.2544 -80 60
    endloop
  endfacet
  facet normal 0 1 0
    outer loop
      vertex -69.2 -80 16.8856
      vertex 80 -80 65
      vertex 69.2 -80 16.8856
    endloop
  endfacet
  facet normal 0 1 0
    outer loop
      vertex -84.9 -80 65
      vertex -69.2 -80 16.8856
      vertex -85 -80 60
    endloop
  endfacet
  facet normal 0 1 -0
    outer loop
      vertex -70.8 -80 16.8856
      vertex -85 -80 60
      vertex -69.2 -80 16.8856
    endloop
  endfacet
  facet normal 0 1 0
    outer loop
      vertex -80 -80 12
      vertex -70.8 -80 16.8856
      vertex -71.6 -80 15.5
    endloop
  endfacet
  facet normal 0 1 0
    outer loop
      vertex -69.2 -80 14.1144
      vertex -80 -80 12
      vertex -70.8 -80 14.1144
    endloop
  endfacet
  facet normal 0 1 0
    outer loop
      vertex -80 -80 12
      vertex -71.6 -80 15.5
      vertex -70.8 -80 14.1144
    endloop
  endfacet
  facet normal 0 1 0
    outer loop
      vertex -70.8 -80 16.8856
      vertex -80 -80 12
      vertex -85 -80 12
    endloop
  endfacet
  facet normal 0 1 0
    outer loop
      vertex -70.8 -80 16.8856
      vertex -85 -80 12
      vertex -85 -80 60
    endloop
  endfacet
  facet normal -0 -1 0
    outer loop
      vertex -89.2544 -80 60
      vertex -90.3738 -80 60
      vertex -89.5294 -80 59.9218
    endloop
  endfacet
  facet normal 1 0 0
    outer loop
      vertex 90 38.3742 54.6709
      vertex 90 80 65
      vertex 90 39.0701 56.5058
    endloop
  endfacet
  facet normal 1 0 0
    outer loop
      vertex 90 80 65
      vertex 90 38.8336 58.4539
      vertex 90 39.0701 56.5058
    endloop
  endfacet
  facet normal 1 0 0
    outer loop
      vertex 90 80 65
      vertex 90 37.7188 60.0689
      vertex 90 38.8336 58.4539
    endloop
  endfacet
  facet normal 1 0 0
    outer loop
      vertex 90 80 65
      vertex 90 35.9812 60.9809
      vertex 90 37.7188 60.0689
    endloop
  endfacet
  facet normal 1 0 0
    outer loop
      vertex 90 80 65
      vertex 90 34.0188 60.9809
      vertex 90 35.9812 60.9809
    endloop
  endfacet
  facet normal 1 0 0
    outer loop
      vertex 90 31.1664 58.4539
      vertex 90 -30.9299 56.5058
      vertex 90 30.9299 56.5058
    endloop
  endfacet
  facet normal 1 0 0
    outer loop
      vertex 90 -31.1664 58.4539
      vertex 90 31.1664 58.4539
      vertex 90 32.2812 60.0689
    endloop
  endfacet
  facet normal 1 0 0
    outer loop
      vertex 90 -32.2812 60.0689
      vertex 90 32.2812 60.0689
      vertex 90 34.0188 60.9809
    endloop
  endfacet
  facet normal 1 0 0
    outer loop
      vertex 90 -34.0188 60.9809
      vertex 90 34.0188 60.9809
      vertex 90 80 65
    endloop
  endfacet
  facet normal 1 0 0
    outer loop
      vertex 90 31.1664 58.4539
      vertex 90 -31.1664 58.4539
      vertex 90 -30.9299 56.5058
    endloop
  endfacet
  facet normal 1 0 0
    outer loop
      vertex 90 32.2812 60.0689
      vertex 90 -32.2812 60.0689
      vertex 90 -31.1664 58.4539
    endloop
  endfacet
  facet normal 1 0 0
    outer loop
      vertex 90 34.0188 60.9809
      vertex 90 -34.0188 60.9809
      vertex 90 -32.2812 60.0689
    endloop
  endfacet
  facet normal 1 -0 0
    outer loop
      vertex 90 -80 65
      vertex 90 -34.0188 60.9809
      vertex 90 80 65
    endloop
  endfacet
  facet normal 1 0 0
    outer loop
      vertex 90 -38.8336 58.4539
      vertex 90 -80 65
      vertex 90 -39.0701 56.5058
    endloop
  endfacet
  facet normal 1 0 0
    outer loop
      vertex 90 -37.7188 60.0689
      vertex 90 -80 65
      vertex 90 -38.8336 58.4539
    endloop
  endfacet
  facet normal 1 0 0
    outer loop
      vertex 90 -35.9812 60.9809
      vertex 90 -80 65
      vertex 90 -37.7188 60.0689
    endloop
  endfacet
  facet normal 1 0 0
    outer loop
      vertex 90 -34.0188 60.9809
      vertex 90 -80 65
      vertex 90 -35.9812 60.9809
    endloop
  endfacet
  facet normal 1 0 0
    outer loop
      vertex 90 80 65
      vertex 90 38.3742 54.6709
      vertex 90 80 0
    endloop
  endfacet
  facet normal 1 -0 0
    outer loop
      vertex 90 36.9054 53.3696
      vertex 90 80 0
      vertex 90 38.3742 54.6709
    endloop
  endfacet
  facet normal 1 -0 0
    outer loop
      vertex 90 35 52.9
      vertex 90 80 0
      vertex 90 36.9054 53.3696
    endloop
  endfacet
  facet normal 1 0 0
    outer loop
      vertex 90 33.0946 53.3696
      vertex 90 80 0
      vertex 90 35 52.9
    endloop
  endfacet
  facet normal 1 0 0
    outer loop
      vertex 90 -33.0946 53.3696
      vertex 90 33.0946 53.3696
      vertex 90 31.6258 54.6709
    endloop
  endfacet
  facet normal 1 -0 0
    outer loop
      vertex 90 -30.9299 56.5058
      vertex 90 31.6258 54.6709
      vertex 90 30.9299 56.5058
    endloop
  endfacet
  facet normal 1 0 0
    outer loop
      vertex 90 -31.6258 54.6709
      vertex 90 31.6258 54.6709
      vertex 90 -30.9299 56.5058
    endloop
  endfacet
  facet normal 1 0 0
    outer loop
      vertex 90 -33.0946 53.3696
      vertex 90 31.6258 54.6709
      vertex 90 -31.6258 54.6709
    endloop
  endfacet
  facet normal 1 0 0
    outer loop
      vertex 90 33.0946 53.3696
      vertex 90 -33.0946 53.3696
      vertex 90 80 0
    endloop
  endfacet
  facet normal 1 0 0
    outer loop
      vertex 90 -80 0
      vertex 90 -33.0946 53.3696
      vertex 90 -35 52.9
    endloop
  endfacet
  facet normal 1 0 0
    outer loop
      vertex 90 -80 0
      vertex 90 -35 52.9
      vertex 90 -36.9054 53.3696
    endloop
  endfacet
  facet normal 1 0 0
    outer loop
      vertex 90 -80 65
      vertex 90 -38.3742 54.6709
      vertex 90 -39.0701 56.5058
    endloop
  endfacet
  facet normal 1 0 0
    outer loop
      vertex 90 -80 0
      vertex 90 -38.3742 54.6709
      vertex 90 -80 65
    endloop
  endfacet
  facet normal 1 0 0
    outer loop
      vertex 90 -38.3742 54.6709
      vertex 90 -80 0
      vertex 90 -36.9054 53.3696
    endloop
  endfacet
  facet normal 1 0 0
    outer loop
      vertex 90 -33.0946 53.3696
      vertex 90 -80 0
      vertex 90 80 0
    endloop
  endfacet
  facet normal 0 0 1
    outer loop
      vertex 90 80 65
      vertex 85 75 65
      vertex 90 -80 65
    endloop
  endfacet
  facet normal 0 0 1
    outer loop
      vertex 90 -80 65
      vertex 87.427 -78.2366 65
      vertex 88 -80 65
    endloop
  endfacet
  facet normal 0 0 1
    outer loop
      vertex 85 75 65
      vertex 87.427 78.2366 65
      vertex 85.927 77.1468 65
    endloop
  endfacet
  facet normal -0 0 1
    outer loop
      vertex 85 -75 65
      vertex 90 -80 65
      vertex 85 75 65
    endloop
  endfacet
  facet normal 0 0 1
    outer loop
      vertex 90 -80 65
      vertex 85 -75 65
      vertex 87.427 -78.2366 65
    endloop
  endfacet
  facet normal -0 0 1
    outer loop
      vertex 84.073 77.1468 65
      vertex 85 75 65
      vertex 85.927 77.1468 65
    endloop
  endfacet
  facet normal 0 0 1
    outer loop
      vertex 84.073 77.1468 65
      vertex 83.0866 75.3806 65
      vertex 85 75 65
    endloop
  endfacet
  facet normal 0 0 1
    outer loop
      vertex 81.4645 76.4645 65
      vertex 84.073 77.1468 65
      vertex 82.573 78.2366 65
    endloop
  endfacet
  facet normal 0 0 1
    outer loop
      vertex 80.3806 78.0866 65
      vertex 82.573 78.2366 65
      vertex 82 80 65
    endloop
  endfacet
  facet normal 0 0 1
    outer loop
      vertex 84.073 77.1468 65
      vertex 81.4645 76.4645 65
      vertex 83.0866 75.3806 65
    endloop
  endfacet
  facet normal 0 0 1
    outer loop
      vertex 88 80 65
      vertex 90 80 65
      vertex 89.6194 81.9134 65
    endloop
  endfacet
  facet normal 0 0 1
    outer loop
      vertex 87.427 78.2366 65
      vertex 90 80 65
      vertex 88 80 65
    endloop
  endfacet
  facet normal 0 0 1
    outer loop
      vertex 87.427 81.7634 65
      vertex 89.6194 81.9134 65
      vertex 88.5355 83.5355 65
    endloop
  endfacet
  facet normal 0 0 1
    outer loop
      vertex 85 75 65
      vertex 90 80 65
      vertex 87.427 78.2366 65
    endloop
  endfacet
  facet normal 0 0 1
    outer loop
      vertex 90 -80 65
      vertex 88 -80 65
      vertex 89.6194 -81.9134 65
    endloop
  endfacet
  facet normal 0 0 1
    outer loop
      vertex 89.6194 81.9134 65
      vertex 87.427 81.7634 65
      vertex 88 80 65
    endloop
  endfacet
  facet normal 0 0 1
    outer loop
      vertex 85.927 82.8532 65
      vertex 88.5355 83.5355 65
      vertex 86.9134 84.6194 65
    endloop
  endfacet
  facet normal 0 0 1
    outer loop
      vertex 88.5355 83.5355 65
      vertex 85.927 82.8532 65
      vertex 87.427 81.7634 65
    endloop
  endfacet
  facet normal 0 0 1
    outer loop
      vertex 85 85 65
      vertex 85.927 82.8532 65
      vertex 86.9134 84.6194 65
    endloop
  endfacet
  facet normal 0 0 1
    outer loop
      vertex 85 85 65
      vertex 84.073 82.8532 65
      vertex 85.927 82.8532 65
    endloop
  endfacet
  facet normal 0 0 1
    outer loop
      vertex 85 85 65
      vertex 82.573 81.7634 65
      vertex 84.073 82.8532 65
    endloop
  endfacet
  facet normal 0 0 1
    outer loop
      vertex 82.573 78.2366 65
      vertex 80.3806 78.0866 65
      vertex 81.4645 76.4645 65
    endloop
  endfacet
  facet normal 0 0 1
    outer loop
      vertex 80 80 65
      vertex 82 80 65
      vertex 82.573 81.7634 65
    endloop
  endfacet
  facet normal 0 0 1
    outer loop
      vertex 82 80 65
      vertex 80 80 65
      vertex 80.3806 78.0866 65
    endloop
  endfacet
  facet normal 0 0 1
    outer loop
      vertex 85 85 65
      vertex 80 80 65
      vertex 82.573 81.7634 65
    endloop
  endfacet
  facet normal -0 0 1
    outer loop
      vertex -84.9 85 65
      vertex 80 80 65
      vertex 85 85 65
    endloop
  endfacet
  facet normal 0 0 1
    outer loop
      vertex 80 80 65
      vertex -84.9 85 65
      vertex -84.9 80 65
    endloop
  endfacet
  facet normal -0 0 1
    outer loop
      vertex 87.427 -81.7634 65
      vertex 89.6194 -81.9134 65
      vertex 88 -80 65
    endloop
  endfacet
  facet normal 0 0 1
    outer loop
      vertex 89.6194 -81.9134 65
      vertex 87.427 -81.7634 65
      vertex 88.5355 -83.5355 65
    endloop
  endfacet
  facet normal -0 0 1
    outer loop
      vertex 85.927 -82.8532 65
      vertex 88.5355 -83.5355 65
      vertex 87.427 -81.7634 65
    endloop
  endfacet
  facet normal 0 0 1
    outer loop
      vertex 88.5355 -83.5355 65
      vertex 85.927 -82.8532 65
      vertex 86.9134 -84.6194 65
    endloop
  endfacet
  facet normal 0 0 1
    outer loop
      vertex 85.927 -82.8532 65
      vertex 85 -85 65
      vertex 86.9134 -84.6194 65
    endloop
  endfacet
  facet normal -0 0 1
    outer loop
      vertex 84.073 -82.8532 65
      vertex 85 -85 65
      vertex 85.927 -82.8532 65
    endloop
  endfacet
  facet normal 0 0 1
    outer loop
      vertex 82.573 -81.7634 65
      vertex 85 -85 65
      vertex 84.073 -82.8532 65
    endloop
  endfacet
  facet normal 0 0 1
    outer loop
      vertex 82.573 -78.2366 65
      vertex 80.3806 -78.0866 65
      vertex 82 -80 65
    endloop
  endfacet
  facet normal 0 0 1
    outer loop
      vertex 80 -80 65
      vertex 82 -80 65
      vertex 80.3806 -78.0866 65
    endloop
  endfacet
  facet normal 0 0 1
    outer loop
      vertex 82 -80 65
      vertex 80 -80 65
      vertex 82.573 -81.7634 65
    endloop
  endfacet
  facet normal 0 0 1
    outer loop
      vertex 80 -80 65
      vertex 85 -85 65
      vertex 82.573 -81.7634 65
    endloop
  endfacet
  facet normal 0 0 1
    outer loop
      vertex -84.9 -85 65
      vertex 80 -80 65
      vertex -84.9 -80 65
    endloop
  endfacet
  facet normal 0 0 1
    outer loop
      vertex 80 -80 65
      vertex -84.9 -85 65
      vertex 85 -85 65
    endloop
  endfacet
  facet normal 0 0 1
    outer loop
      vertex 87.427 -78.2366 65
      vertex 85 -75 65
      vertex 85.927 -77.1468 65
    endloop
  endfacet
  facet normal 0 0 1
    outer loop
      vertex 85 -75 65
      vertex 84.073 -77.1468 65
      vertex 85.927 -77.1468 65
    endloop
  endfacet
  facet normal -0 0 1
    outer loop
      vertex 83.0866 -75.3806 65
      vertex 84.073 -77.1468 65
      vertex 85 -75 65
    endloop
  endfacet
  facet normal -0 0 1
    outer loop
      vertex 81.4645 -76.4645 65
      vertex 84.073 -77.1468 65
      vertex 83.0866 -75.3806 65
    endloop
  endfacet
  facet normal 0 0 1
    outer loop
      vertex 84.073 -77.1468 65
      vertex 81.4645 -76.4645 65
      vertex 82.573 -78.2366 65
    endloop
  endfacet
  facet normal -0 0 1
    outer loop
      vertex 80.3806 -78.0866 65
      vertex 82.573 -78.2366 65
      vertex 81.4645 -76.4645 65
    endloop
  endfacet
  facet normal 0 1 0
    outer loop
      vertex -72.3383 85 30.8383
      vertex -68.6707 85 18.4108
      vertex -70.4554 85 18.6674
    endloop
  endfacet
  facet normal 0 1 -0
    outer loop
      vertex 66.9296 85 14.5985
      vertex 49 85 30.15
      vertex 66.9296 85 16.4015
    endloop
  endfacet
  facet normal 0 1 0
    outer loop
      vertex 47.3383 85 30.8383
      vertex -67.308 85 17.23
      vertex -68.6707 85 18.4108
    endloop
  endfacet
  facet normal 0 1 0
    outer loop
      vertex 49 85 30.15
      vertex 66.9296 85 14.5985
      vertex 47.3383 85 30.8383
    endloop
  endfacet
  facet normal 0 1 0
    outer loop
      vertex 47.3383 85 30.8383
      vertex -66.8 85 15.5
      vertex -67.308 85 17.23
    endloop
  endfacet
  facet normal 0 1 0
    outer loop
      vertex 67.9044 85 13.0816
      vertex 47.3383 85 30.8383
      vertex 66.9296 85 14.5985
    endloop
  endfacet
  facet normal 0 1 0
    outer loop
      vertex 47.3383 85 30.8383
      vertex -67.308 85 13.7699
      vertex -66.8 85 15.5
    endloop
  endfacet
  facet normal 0 1 0
    outer loop
      vertex 47.3383 85 30.8383
      vertex 67.9044 85 13.0816
      vertex -67.308 85 13.7699
    endloop
  endfacet
  facet normal 0 1 0
    outer loop
      vertex 67.9044 85 13.0816
      vertex -68.6707 85 12.5892
      vertex -67.308 85 13.7699
    endloop
  endfacet
  facet normal 0 1 0
    outer loop
      vertex 85 85 0
      vertex 67.9044 85 13.0816
      vertex 69.5446 85 12.3326
    endloop
  endfacet
  facet normal 0 1 0
    outer loop
      vertex 67.9044 85 13.0816
      vertex 85 85 0
      vertex -68.6707 85 12.5892
    endloop
  endfacet
  facet normal 0 1 -0
    outer loop
      vertex -72.3383 85 34.1617
      vertex -85.2444 85 63.1577
      vertex -50.6617 85 34.1617
    endloop
  endfacet
  facet normal 0 1 0
    outer loop
      vertex -85.2444 85 63.1577
      vertex -72.3383 85 34.1617
      vertex -74 85 34.85
    endloop
  endfacet
  facet normal 0 1 -0
    outer loop
      vertex -51.35 85 32.5
      vertex -72.3383 85 34.1617
      vertex -50.6617 85 34.1617
    endloop
  endfacet
  facet normal 0 1 0
    outer loop
      vertex -51.35 85 32.5
      vertex -71.65 85 32.5
      vertex -72.3383 85 34.1617
    endloop
  endfacet
  facet normal 0 1 0
    outer loop
      vertex -50.6617 85 30.8383
      vertex -71.65 85 32.5
      vertex -51.35 85 32.5
    endloop
  endfacet
  facet normal 0 1 0
    outer loop
      vertex -50.6617 85 30.8383
      vertex -72.3383 85 30.8383
      vertex -71.65 85 32.5
    endloop
  endfacet
  facet normal 0 1 0
    outer loop
      vertex -68.6707 85 18.4108
      vertex -50.6617 85 30.8383
      vertex -49 85 30.15
    endloop
  endfacet
  facet normal 0 1 -0
    outer loop
      vertex -68.6707 85 18.4108
      vertex -72.3383 85 30.8383
      vertex -50.6617 85 30.8383
    endloop
  endfacet
  facet normal 0 1 0
    outer loop
      vertex -47.3383 85 34.1617
      vertex 85 85 65
      vertex 47.3383 85 34.1617
    endloop
  endfacet
  facet normal 0 1 0
    outer loop
      vertex 85 85 65
      vertex -47.3383 85 34.1617
      vertex -49 85 34.85
    endloop
  endfacet
  facet normal 0 1 -0
    outer loop
      vertex 46.65 85 32.5
      vertex -47.3383 85 34.1617
      vertex 47.3383 85 34.1617
    endloop
  endfacet
  facet normal 0 1 0
    outer loop
      vertex 46.65 85 32.5
      vertex -46.65 85 32.5
      vertex -47.3383 85 34.1617
    endloop
  endfacet
  facet normal 0 1 0
    outer loop
      vertex 47.3383 85 30.8383
      vertex -46.65 85 32.5
      vertex 46.65 85 32.5
    endloop
  endfacet
  facet normal 0 1 0
    outer loop
      vertex 47.3383 85 30.8383
      vertex -47.3383 85 30.8383
      vertex -46.65 85 32.5
    endloop
  endfacet
  facet normal 0 1 -0
    outer loop
      vertex 66.9296 85 16.4015
      vertex 50.6617 85 30.8383
      vertex 67.9044 85 17.9184
    endloop
  endfacet
  facet normal 0 1 0
    outer loop
      vertex 50.6617 85 30.8383
      vertex 66.9296 85 16.4015
      vertex 49 85 30.15
    endloop
  endfacet
  facet normal 0 1 0
    outer loop
      vertex 50.6617 85 34.1617
      vertex 85 85 65
      vertex 72.3383 85 34.1617
    endloop
  endfacet
  facet normal 0 1 0
    outer loop
      vertex 85 85 65
      vertex 50.6617 85 34.1617
      vertex 49 85 34.85
    endloop
  endfacet
  facet normal 0 1 -0
    outer loop
      vertex 71.65 85 32.5
      vertex 50.6617 85 34.1617
      vertex 72.3383 85 34.1617
    endloop
  endfacet
  facet normal 0 1 0
    outer loop
      vertex 71.65 85 32.5
      vertex 51.35 85 32.5
      vertex 50.6617 85 34.1617
    endloop
  endfacet
  facet normal 0 1 0
    outer loop
      vertex 72.3383 85 30.8383
      vertex 51.35 85 32.5
      vertex 71.65 85 32.5
    endloop
  endfacet
  facet normal 0 1 0
    outer loop
      vertex 72.3383 85 30.8383
      vertex 50.6617 85 30.8383
      vertex 51.35 85 32.5
    endloop
  endfacet
  facet normal 0 1 0
    outer loop
      vertex 69.5446 85 18.6674
      vertex 72.3383 85 30.8383
      vertex 74 85 30.15
    endloop
  endfacet
  facet normal 0 1 0
    outer loop
      vertex 67.9044 85 17.9184
      vertex 72.3383 85 30.8383
      vertex 69.5446 85 18.6674
    endloop
  endfacet
  facet normal 0 1 -0
    outer loop
      vertex -49 85 34.85
      vertex -84.9 85 65
      vertex 85 85 65
    endloop
  endfacet
  facet normal 0 1 0
    outer loop
      vertex -84.9 85 65
      vertex -49 85 34.85
      vertex -85.2444 85 63.1577
    endloop
  endfacet
  facet normal 0 1 -0
    outer loop
      vertex -50.6617 85 34.1617
      vertex -85.2444 85 63.1577
      vertex -49 85 34.85
    endloop
  endfacet
  facet normal 0 1 0
    outer loop
      vertex -85.2444 85 63.1577
      vertex -74 85 34.85
      vertex -86.2311 85 61.5642
    endloop
  endfacet
  facet normal 0 1 0
    outer loop
      vertex 72.3383 85 34.1617
      vertex 85 85 65
      vertex 74 85 34.85
    endloop
  endfacet
  facet normal 0 1 0
    outer loop
      vertex 85 85 65
      vertex 75.6617 85 34.1617
      vertex 74 85 34.85
    endloop
  endfacet
  facet normal 0 1 0
    outer loop
      vertex 85 85 65
      vertex 76.35 85 32.5
      vertex 75.6617 85 34.1617
    endloop
  endfacet
  facet normal 0 1 0
    outer loop
      vertex 72.3383 85 30.8383
      vertex 67.9044 85 17.9184
      vertex 50.6617 85 30.8383
    endloop
  endfacet
  facet normal 0 1 0
    outer loop
      vertex 47.3383 85 30.8383
      vertex -68.6707 85 18.4108
      vertex -47.3383 85 30.8383
    endloop
  endfacet
  facet normal 0 1 0
    outer loop
      vertex -47.3383 85 30.8383
      vertex -68.6707 85 18.4108
      vertex -49 85 30.15
    endloop
  endfacet
  facet normal 0 1 0
    outer loop
      vertex 72.692 85 17.23
      vertex 74 85 30.15
      vertex 75.6617 85 30.8383
    endloop
  endfacet
  facet normal 0 1 0
    outer loop
      vertex 74 85 30.15
      vertex 71.3293 85 18.4108
      vertex 69.5446 85 18.6674
    endloop
  endfacet
  facet normal 0 1 0
    outer loop
      vertex 85 85 0
      vertex 75.6617 85 30.8383
      vertex 76.35 85 32.5
    endloop
  endfacet
  facet normal 0 1 0
    outer loop
      vertex 74 85 30.15
      vertex 72.692 85 17.23
      vertex 71.3293 85 18.4108
    endloop
  endfacet
  facet normal 0 1 -0
    outer loop
      vertex 85 85 0
      vertex 76.35 85 32.5
      vertex 85 85 65
    endloop
  endfacet
  facet normal 0 1 0
    outer loop
      vertex 75.6617 85 30.8383
      vertex 85 85 0
      vertex 73.2 85 15.5
    endloop
  endfacet
  facet normal 0 1 0
    outer loop
      vertex -90 85 0
      vertex -68.6707 85 12.5892
      vertex 85 85 0
    endloop
  endfacet
  facet normal 0 1 0
    outer loop
      vertex 71.3293 85 12.5892
      vertex 85 85 0
      vertex 69.5446 85 12.3326
    endloop
  endfacet
  facet normal 0 1 0
    outer loop
      vertex 72.692 85 13.7699
      vertex 85 85 0
      vertex 71.3293 85 12.5892
    endloop
  endfacet
  facet normal 0 1 0
    outer loop
      vertex 73.2 85 15.5
      vertex 85 85 0
      vertex 72.692 85 13.7699
    endloop
  endfacet
  facet normal 0 1 0
    outer loop
      vertex 75.6617 85 30.8383
      vertex 73.2 85 15.5
      vertex 72.692 85 17.23
    endloop
  endfacet
  facet normal 0 1 0
    outer loop
      vertex 47.3383 85 34.1617
      vertex 85 85 65
      vertex 49 85 34.85
    endloop
  endfacet
  facet normal 0 1 0
    outer loop
      vertex -86.2311 85 61.5642
      vertex -74 85 34.85
      vertex -87.7267 85 60.4347
    endloop
  endfacet
  facet normal 0 1 -0
    outer loop
      vertex -75.6617 85 34.1617
      vertex -87.7267 85 60.4347
      vertex -74 85 34.85
    endloop
  endfacet
  facet normal 0 1 0
    outer loop
      vertex -87.7267 85 60.4347
      vertex -75.6617 85 34.1617
      vertex -89.5294 85 59.9218
    endloop
  endfacet
  facet normal 0 1 0
    outer loop
      vertex -89.5294 85 59.9218
      vertex -75.6617 85 34.1617
      vertex -90 85 59.9654
    endloop
  endfacet
  facet normal 0 1 -0
    outer loop
      vertex -76.35 85 32.5
      vertex -90 85 59.9654
      vertex -75.6617 85 34.1617
    endloop
  endfacet
  facet normal 0 1 0
    outer loop
      vertex -90 85 0
      vertex -76.35 85 32.5
      vertex -75.6617 85 30.8383
    endloop
  endfacet
  facet normal 0 1 0
    outer loop
      vertex -72.3383 85 30.8383
      vertex -70.4554 85 18.6674
      vertex -74 85 30.15
    endloop
  endfacet
  facet normal 0 1 -0
    outer loop
      vertex -72.0956 85 17.9184
      vertex -74 85 30.15
      vertex -70.4554 85 18.6674
    endloop
  endfacet
  facet normal 0 1 0
    outer loop
      vertex -74 85 30.15
      vertex -72.0956 85 17.9184
      vertex -75.6617 85 30.8383
    endloop
  endfacet
  facet normal 0 1 -0
    outer loop
      vertex -73.0704 85 16.4015
      vertex -75.6617 85 30.8383
      vertex -72.0956 85 17.9184
    endloop
  endfacet
  facet normal 0 1 0
    outer loop
      vertex -90 85 0
      vertex -75.6617 85 30.8383
      vertex -73.0704 85 16.4015
    endloop
  endfacet
  facet normal 0 1 0
    outer loop
      vertex -90 85 0
      vertex -73.0704 85 16.4015
      vertex -73.0704 85 14.5985
    endloop
  endfacet
  facet normal 0 1 0
    outer loop
      vertex -76.35 85 32.5
      vertex -90 85 0
      vertex -90 85 59.9654
    endloop
  endfacet
  facet normal 0 1 0
    outer loop
      vertex -72.0956 85 13.0816
      vertex -90 85 0
      vertex -73.0704 85 14.5985
    endloop
  endfacet
  facet normal 0 1 0
    outer loop
      vertex -70.4554 85 12.3326
      vertex -90 85 0
      vertex -72.0956 85 13.0816
    endloop
  endfacet
  facet normal 0 1 0
    outer loop
      vertex -68.6707 85 12.5892
      vertex -90 85 0
      vertex -70.4554 85 12.3326
    endloop
  endfacet
  facet normal 0 -1 0
    outer loop
      vertex -84.9 -85 65
      vertex -67.308 -85 17.23
      vertex 85 -85 65
    endloop
  endfacet
  facet normal 0 -1 0
    outer loop
      vertex 85 -85 65
      vertex 67.9044 -85 17.9184
      vertex 69.5446 -85 18.6674
    endloop
  endfacet
  facet normal 0 -1 0
    outer loop
      vertex 85 -85 65
      vertex -67.308 -85 17.23
      vertex 67.9044 -85 17.9184
    endloop
  endfacet
  facet normal 0 -1 0
    outer loop
      vertex -67.308 -85 17.23
      vertex 66.9296 -85 16.4015
      vertex 67.9044 -85 17.9184
    endloop
  endfacet
  facet normal 0 -1 0
    outer loop
      vertex -66.8 -85 15.5
      vertex 66.9296 -85 16.4015
      vertex -67.308 -85 17.23
    endloop
  endfacet
  facet normal 0 -1 0
    outer loop
      vertex -66.8 -85 15.5
      vertex 66.9296 -85 14.5985
      vertex 66.9296 -85 16.4015
    endloop
  endfacet
  facet normal 0 -1 0
    outer loop
      vertex -67.308 -85 13.7699
      vertex 66.9296 -85 14.5985
      vertex -66.8 -85 15.5
    endloop
  endfacet
  facet normal 0 -1 0
    outer loop
      vertex -67.308 -85 13.7699
      vertex 67.9044 -85 13.0816
      vertex 66.9296 -85 14.5985
    endloop
  endfacet
  facet normal 0 -1 0
    outer loop
      vertex -68.6707 -85 12.5892
      vertex 67.9044 -85 13.0816
      vertex -67.308 -85 13.7699
    endloop
  endfacet
  facet normal 0 -1 0
    outer loop
      vertex -90 -85 0
      vertex -68.6707 -85 12.5892
      vertex -70.4554 -85 12.3326
    endloop
  endfacet
  facet normal 0 -1 0
    outer loop
      vertex -68.6707 -85 12.5892
      vertex 85 -85 0
      vertex 67.9044 -85 13.0816
    endloop
  endfacet
  facet normal 0 -1 0
    outer loop
      vertex -72.0956 -85 17.9184
      vertex -89.5294 -85 59.9218
      vertex -90 -85 59.9654
    endloop
  endfacet
  facet normal 0 -1 0
    outer loop
      vertex -89.5294 -85 59.9218
      vertex -72.0956 -85 17.9184
      vertex -70.4554 -85 18.6674
    endloop
  endfacet
  facet normal 0 -1 0
    outer loop
      vertex -90 -85 59.9654
      vertex -73.0704 -85 16.4015
      vertex -72.0956 -85 17.9184
    endloop
  endfacet
  facet normal 0 -1 0
    outer loop
      vertex -90 -85 0
      vertex -73.0704 -85 16.4015
      vertex -90 -85 59.9654
    endloop
  endfacet
  facet normal 0 -1 -0
    outer loop
      vertex -68.6707 -85 12.5892
      vertex -90 -85 0
      vertex 85 -85 0
    endloop
  endfacet
  facet normal 0 -1 -0
    outer loop
      vertex -72.0956 -85 13.0816
      vertex -90 -85 0
      vertex -70.4554 -85 12.3326
    endloop
  endfacet
  facet normal 0 -1 -0
    outer loop
      vertex -73.0704 -85 14.5985
      vertex -90 -85 0
      vertex -72.0956 -85 13.0816
    endloop
  endfacet
  facet normal 0 -1 -0
    outer loop
      vertex -73.0704 -85 16.4015
      vertex -90 -85 0
      vertex -73.0704 -85 14.5985
    endloop
  endfacet
  facet normal 0 -1 0
    outer loop
      vertex -86.2311 -85 61.5642
      vertex -68.6707 -85 18.4108
      vertex -85.2444 -85 63.1577
    endloop
  endfacet
  facet normal 0 -1 0
    outer loop
      vertex -68.6707 -85 18.4108
      vertex -86.2311 -85 61.5642
      vertex -70.4554 -85 18.6674
    endloop
  endfacet
  facet normal 0 -1 0
    outer loop
      vertex -70.4554 -85 18.6674
      vertex -86.2311 -85 61.5642
      vertex -87.7267 -85 60.4347
    endloop
  endfacet
  facet normal 0 -1 0
    outer loop
      vertex -70.4554 -85 18.6674
      vertex -87.7267 -85 60.4347
      vertex -89.5294 -85 59.9218
    endloop
  endfacet
  facet normal 0 -1 0
    outer loop
      vertex -85.2444 -85 63.1577
      vertex -68.6707 -85 18.4108
      vertex -84.9 -85 65
    endloop
  endfacet
  facet normal 0 -1 0
    outer loop
      vertex -67.308 -85 17.23
      vertex -84.9 -85 65
      vertex -68.6707 -85 18.4108
    endloop
  endfacet
  facet normal 0 -1 0
    outer loop
      vertex 71.3293 -85 18.4108
      vertex 85 -85 65
      vertex 69.5446 -85 18.6674
    endloop
  endfacet
  facet normal 0 -1 0
    outer loop
      vertex 72.692 -85 17.23
      vertex 85 -85 65
      vertex 71.3293 -85 18.4108
    endloop
  endfacet
  facet normal 0 -1 0
    outer loop
      vertex 85 -85 0
      vertex 72.692 -85 17.23
      vertex 73.2 -85 15.5
    endloop
  endfacet
  facet normal 0 -1 0
    outer loop
      vertex 72.692 -85 17.23
      vertex 85 -85 0
      vertex 85 -85 65
    endloop
  endfacet
  facet normal 0 -1 0
    outer loop
      vertex 72.692 -85 13.7699
      vertex 85 -85 0
      vertex 73.2 -85 15.5
    endloop
  endfacet
  facet normal 0 -1 0
    outer loop
      vertex 71.3293 -85 12.5892
      vertex 85 -85 0
      vertex 72.692 -85 13.7699
    endloop
  endfacet
  facet normal 0 -1 0
    outer loop
      vertex 69.5446 -85 12.3326
      vertex 85 -85 0
      vertex 71.3293 -85 12.5892
    endloop
  endfacet
  facet normal 0 -1 0
    outer loop
      vertex 67.9044 -85 13.0816
      vertex 85 -85 0
      vertex 69.5446 -85 12.3326
    endloop
  endfacet
  facet normal -0.980785 0.195091 0
    outer loop
      vertex -95 80 0
      vertex -94.6194 81.9134 60
      vertex -94.6194 81.9134 0
    endloop
  endfacet
  facet normal -0.980785 0.195091 0
    outer loop
      vertex -94.6194 81.9134 60
      vertex -95 80 0
      vertex -95 80 60
    endloop
  endfacet
  facet normal 0.555587 -0.831458 0
    outer loop
      vertex -88.0866 75.3806 12
      vertex -86.4645 76.4645 60
      vertex -88.0866 75.3806 60
    endloop
  endfacet
  facet normal 0.555587 -0.831458 0
    outer loop
      vertex -86.4645 76.4645 60
      vertex -88.0866 75.3806 12
      vertex -86.4645 76.4645 12
    endloop
  endfacet
  facet normal -0.555587 0.831458 0
    outer loop
      vertex -91.9134 84.6194 0
      vertex -93.5355 83.5355 60
      vertex -91.9134 84.6194 60
    endloop
  endfacet
  facet normal -0.555587 0.831458 0
    outer loop
      vertex -93.5355 83.5355 60
      vertex -91.9134 84.6194 0
      vertex -93.5355 83.5355 0
    endloop
  endfacet
  facet normal 0.980785 -0.195091 0
    outer loop
      vertex -85.3806 78.0866 60
      vertex -85 80 12
      vertex -85 80 60
    endloop
  endfacet
  facet normal 0.980785 -0.195091 0
    outer loop
      vertex -85 80 12
      vertex -85.3806 78.0866 60
      vertex -85.3806 78.0866 12
    endloop
  endfacet
  facet normal 0.195091 -0.980785 0
    outer loop
      vertex -90 75 12
      vertex -88.0866 75.3806 60
      vertex -90 75 60
    endloop
  endfacet
  facet normal 0.195091 -0.980785 0
    outer loop
      vertex -88.0866 75.3806 60
      vertex -90 75 12
      vertex -88.0866 75.3806 12
    endloop
  endfacet
  facet normal 0.831458 -0.555587 0
    outer loop
      vertex -86.4645 76.4645 60
      vertex -85.3806 78.0866 12
      vertex -85.3806 78.0866 60
    endloop
  endfacet
  facet normal 0.831458 -0.555587 0
    outer loop
      vertex -85.3806 78.0866 12
      vertex -86.4645 76.4645 60
      vertex -86.4645 76.4645 12
    endloop
  endfacet
  facet normal -0.195062 0.98079 0.00163274
    outer loop
      vertex -90 85 59.9654
      vertex -91.9134 84.6194 60
      vertex -90.3738 84.9256 60
    endloop
  endfacet
  facet normal -0.195091 0.980785 0
    outer loop
      vertex -91.9134 84.6194 0
      vertex -90 85 59.9654
      vertex -90 85 0
    endloop
  endfacet
  facet normal -0.195091 0.980785 0
    outer loop
      vertex -90 85 59.9654
      vertex -91.9134 84.6194 0
      vertex -91.9134 84.6194 60
    endloop
  endfacet
  facet normal -0.831458 0.555587 0
    outer loop
      vertex -94.6194 81.9134 0
      vertex -93.5355 83.5355 60
      vertex -93.5355 83.5355 0
    endloop
  endfacet
  facet normal -0.831458 0.555587 0
    outer loop
      vertex -93.5355 83.5355 60
      vertex -94.6194 81.9134 0
      vertex -94.6194 81.9134 60
    endloop
  endfacet
  facet normal 0.831458 0.555587 0
    outer loop
      vertex -85.3806 -78.0866 60
      vertex -86.4645 -76.4645 12
      vertex -86.4645 -76.4645 60
    endloop
  endfacet
  facet normal 0.831458 0.555587 0
    outer loop
      vertex -86.4645 -76.4645 12
      vertex -85.3806 -78.0866 60
      vertex -85.3806 -78.0866 12
    endloop
  endfacet
  facet normal 0.980785 0.195091 0
    outer loop
      vertex -85 -80 60
      vertex -85.3806 -78.0866 12
      vertex -85.3806 -78.0866 60
    endloop
  endfacet
  facet normal 0.980785 0.195091 0
    outer loop
      vertex -85.3806 -78.0866 12
      vertex -85 -80 60
      vertex -85 -80 12
    endloop
  endfacet
  facet normal 0.555587 0.831458 -0
    outer loop
      vertex -86.4645 -76.4645 12
      vertex -88.0866 -75.3806 60
      vertex -86.4645 -76.4645 60
    endloop
  endfacet
  facet normal 0.555587 0.831458 0
    outer loop
      vertex -88.0866 -75.3806 60
      vertex -86.4645 -76.4645 12
      vertex -88.0866 -75.3806 12
    endloop
  endfacet
  facet normal -0.195062 -0.98079 0.00163274
    outer loop
      vertex -91.9134 -84.6194 60
      vertex -90 -85 59.9654
      vertex -90.3738 -84.9256 60
    endloop
  endfacet
  facet normal -0.195091 -0.980785 0
    outer loop
      vertex -91.9134 -84.6194 0
      vertex -90 -85 59.9654
      vertex -91.9134 -84.6194 60
    endloop
  endfacet
  facet normal -0.195091 -0.980785 -0
    outer loop
      vertex -90 -85 59.9654
      vertex -91.9134 -84.6194 0
      vertex -90 -85 0
    endloop
  endfacet
  facet normal 0.195091 0.980785 -0
    outer loop
      vertex -88.0866 -75.3806 12
      vertex -90 -75 60
      vertex -88.0866 -75.3806 60
    endloop
  endfacet
  facet normal 0.195091 0.980785 0
    outer loop
      vertex -90 -75 60
      vertex -88.0866 -75.3806 12
      vertex -90 -75 12
    endloop
  endfacet
  facet normal -0.831458 -0.555587 0
    outer loop
      vertex -93.5355 -83.5355 0
      vertex -94.6194 -81.9134 60
      vertex -94.6194 -81.9134 0
    endloop
  endfacet
  facet normal -0.831458 -0.555587 0
    outer loop
      vertex -94.6194 -81.9134 60
      vertex -93.5355 -83.5355 0
      vertex -93.5355 -83.5355 60
    endloop
  endfacet
  facet normal -0.980785 -0.195091 0
    outer loop
      vertex -94.6194 -81.9134 0
      vertex -95 -80 60
      vertex -95 -80 0
    endloop
  endfacet
  facet normal -0.980785 -0.195091 0
    outer loop
      vertex -95 -80 60
      vertex -94.6194 -81.9134 0
      vertex -94.6194 -81.9134 60
    endloop
  endfacet
  facet normal -0.555587 -0.831458 0
    outer loop
      vertex -93.5355 -83.5355 0
      vertex -91.9134 -84.6194 60
      vertex -93.5355 -83.5355 60
    endloop
  endfacet
  facet normal -0.555587 -0.831458 -0
    outer loop
      vertex -91.9134 -84.6194 60
      vertex -93.5355 -83.5355 0
      vertex -91.9134 -84.6194 0
    endloop
  endfacet
  facet normal 0.831458 0.555587 0
    outer loop
      vertex 89.6194 81.9134 65
      vertex 88.5355 83.5355 0
      vertex 88.5355 83.5355 65
    endloop
  endfacet
  facet normal 0.831458 0.555587 0
    outer loop
      vertex 88.5355 83.5355 0
      vertex 89.6194 81.9134 65
      vertex 89.6194 81.9134 0
    endloop
  endfacet
  facet normal 0.980785 0.195091 0
    outer loop
      vertex 90 80 65
      vertex 89.6194 81.9134 0
      vertex 89.6194 81.9134 65
    endloop
  endfacet
  facet normal 0.980785 0.195091 0
    outer loop
      vertex 89.6194 81.9134 0
      vertex 90 80 65
      vertex 90 80 0
    endloop
  endfacet
  facet normal 0.555587 0.831458 -0
    outer loop
      vertex 88.5355 83.5355 0
      vertex 86.9134 84.6194 65
      vertex 88.5355 83.5355 65
    endloop
  endfacet
  facet normal 0.555587 0.831458 0
    outer loop
      vertex 86.9134 84.6194 65
      vertex 88.5355 83.5355 0
      vertex 86.9134 84.6194 0
    endloop
  endfacet
  facet normal -0.195091 -0.980785 0
    outer loop
      vertex 83.0866 75.3806 12
      vertex 85 75 65
      vertex 83.0866 75.3806 65
    endloop
  endfacet
  facet normal -0.195091 -0.980785 -0
    outer loop
      vertex 85 75 65
      vertex 83.0866 75.3806 12
      vertex 85 75 12
    endloop
  endfacet
  facet normal -0.980785 -0.195091 0
    outer loop
      vertex 80.3806 78.0866 12
      vertex 80 80 65
      vertex 80 80 12
    endloop
  endfacet
  facet normal -0.980785 -0.195091 0
    outer loop
      vertex 80 80 65
      vertex 80.3806 78.0866 12
      vertex 80.3806 78.0866 65
    endloop
  endfacet
  facet normal 0.195091 0.980785 -0
    outer loop
      vertex 86.9134 84.6194 0
      vertex 85 85 65
      vertex 86.9134 84.6194 65
    endloop
  endfacet
  facet normal 0.195091 0.980785 0
    outer loop
      vertex 85 85 65
      vertex 86.9134 84.6194 0
      vertex 85 85 0
    endloop
  endfacet
  facet normal -0.831458 -0.555587 0
    outer loop
      vertex 81.4645 76.4645 12
      vertex 80.3806 78.0866 65
      vertex 80.3806 78.0866 12
    endloop
  endfacet
  facet normal -0.831458 -0.555587 0
    outer loop
      vertex 80.3806 78.0866 65
      vertex 81.4645 76.4645 12
      vertex 81.4645 76.4645 65
    endloop
  endfacet
  facet normal -0.555587 -0.831458 0
    outer loop
      vertex 81.4645 76.4645 12
      vertex 83.0866 75.3806 65
      vertex 81.4645 76.4645 65
    endloop
  endfacet
  facet normal -0.555587 -0.831458 -0
    outer loop
      vertex 83.0866 75.3806 65
      vertex 81.4645 76.4645 12
      vertex 83.0866 75.3806 12
    endloop
  endfacet
  facet normal 0.858888 0.279087 0.429444
    outer loop
      vertex 87.427 81.7634 65
      vertex 86.5 80 68
      vertex 88 80 65
    endloop
  endfacet
  facet normal -0.53082 0.73062 0.429446
    outer loop
      vertex 84.073 82.8532 65
      vertex 82.573 81.7634 65
      vertex 83.7865 80.8817 68
    endloop
  endfacet
  facet normal -0.53082 -0.73062 0.429446
    outer loop
      vertex 84.5365 78.5734 68
      vertex 83.7865 79.1183 68
      vertex 84.073 77.1468 65
    endloop
  endfacet
  facet normal 0.53082 0.73062 0.429446
    outer loop
      vertex 87.427 81.7634 65
      vertex 85.927 82.8532 65
      vertex 86.2135 80.8817 68
    endloop
  endfacet
  facet normal 0.858888 -0.279087 0.429444
    outer loop
      vertex 88 80 65
      vertex 86.5 80 68
      vertex 87.427 78.2366 65
    endloop
  endfacet
  facet normal 0 0 1
    outer loop
      vertex 86.2135 80.8817 68
      vertex 86.2135 79.1183 68
      vertex 86.5 80 68
    endloop
  endfacet
  facet normal 0 0 1
    outer loop
      vertex 85.4635 81.4266 68
      vertex 86.2135 79.1183 68
      vertex 86.2135 80.8817 68
    endloop
  endfacet
  facet normal 0 0 1
    outer loop
      vertex 85.4635 81.4266 68
      vertex 85.4635 78.5734 68
      vertex 86.2135 79.1183 68
    endloop
  endfacet
  facet normal -0 0 1
    outer loop
      vertex 84.5365 81.4266 68
      vertex 85.4635 78.5734 68
      vertex 85.4635 81.4266 68
    endloop
  endfacet
  facet normal 0 0 1
    outer loop
      vertex 84.5365 81.4266 68
      vertex 84.5365 78.5734 68
      vertex 85.4635 78.5734 68
    endloop
  endfacet
  facet normal -0 0 1
    outer loop
      vertex 83.7865 80.8817 68
      vertex 84.5365 78.5734 68
      vertex 84.5365 81.4266 68
    endloop
  endfacet
  facet normal 0 0 1
    outer loop
      vertex 83.7865 80.8817 68
      vertex 83.7865 79.1183 68
      vertex 84.5365 78.5734 68
    endloop
  endfacet
  facet normal 0 -0 1
    outer loop
      vertex 83.7865 79.1183 68
      vertex 83.7865 80.8817 68
      vertex 83.5 80 68
    endloop
  endfacet
  facet normal -0.858888 0.279087 0.429444
    outer loop
      vertex 82 80 65
      vertex 83.7865 80.8817 68
      vertex 82.573 81.7634 65
    endloop
  endfacet
  facet normal -0.858888 0.279087 0.429444
    outer loop
      vertex 83.7865 80.8817 68
      vertex 82 80 65
      vertex 83.5 80 68
    endloop
  endfacet
  facet normal -0.53082 -0.73062 0.429446
    outer loop
      vertex 83.7865 79.1183 68
      vertex 82.573 78.2366 65
      vertex 84.073 77.1468 65
    endloop
  endfacet
  facet normal -0.858888 -0.279087 0.429444
    outer loop
      vertex 83.7865 79.1183 68
      vertex 82 80 65
      vertex 82.573 78.2366 65
    endloop
  endfacet
  facet normal 0 0.903091 0.42945
    outer loop
      vertex 85.927 82.8532 65
      vertex 84.5365 81.4266 68
      vertex 85.4635 81.4266 68
    endloop
  endfacet
  facet normal 0 0.903091 0.42945
    outer loop
      vertex 84.5365 81.4266 68
      vertex 85.927 82.8532 65
      vertex 84.073 82.8532 65
    endloop
  endfacet
  facet normal 0.53082 0.73062 0.429446
    outer loop
      vertex 85.927 82.8532 65
      vertex 85.4635 81.4266 68
      vertex 86.2135 80.8817 68
    endloop
  endfacet
  facet normal 0.53082 -0.73062 0.429446
    outer loop
      vertex 86.2135 79.1183 68
      vertex 85.927 77.1468 65
      vertex 87.427 78.2366 65
    endloop
  endfacet
  facet normal 0.858888 -0.279087 0.429444
    outer loop
      vertex 86.5 80 68
      vertex 86.2135 79.1183 68
      vertex 87.427 78.2366 65
    endloop
  endfacet
  facet normal 0 -0.903091 0.42945
    outer loop
      vertex 84.073 77.1468 65
      vertex 85.4635 78.5734 68
      vertex 84.5365 78.5734 68
    endloop
  endfacet
  facet normal 0 -0.903091 0.42945
    outer loop
      vertex 85.4635 78.5734 68
      vertex 84.073 77.1468 65
      vertex 85.927 77.1468 65
    endloop
  endfacet
  facet normal -0.53082 0.73062 0.429446
    outer loop
      vertex 84.073 82.8532 65
      vertex 83.7865 80.8817 68
      vertex 84.5365 81.4266 68
    endloop
  endfacet
  facet normal 0.858888 0.279087 0.429444
    outer loop
      vertex 87.427 81.7634 65
      vertex 86.2135 80.8817 68
      vertex 86.5 80 68
    endloop
  endfacet
  facet normal -0.858888 -0.279087 0.429444
    outer loop
      vertex 83.5 80 68
      vertex 82 80 65
      vertex 83.7865 79.1183 68
    endloop
  endfacet
  facet normal 0.53082 -0.73062 0.429446
    outer loop
      vertex 86.2135 79.1183 68
      vertex 85.4635 78.5734 68
      vertex 85.927 77.1468 65
    endloop
  endfacet
  facet normal 0.831458 -0.555587 0
    outer loop
      vertex 88.5355 -83.5355 65
      vertex 89.6194 -81.9134 0
      vertex 89.6194 -81.9134 65
    endloop
  endfacet
  facet normal 0.831458 -0.555587 0
    outer loop
      vertex 89.6194 -81.9134 0
      vertex 88.5355 -83.5355 65
      vertex 88.5355 -83.5355 0
    endloop
  endfacet
  facet normal 0.555587 -0.831458 0
    outer loop
      vertex 86.9134 -84.6194 0
      vertex 88.5355 -83.5355 65
      vertex 86.9134 -84.6194 65
    endloop
  endfacet
  facet normal 0.555587 -0.831458 0
    outer loop
      vertex 88.5355 -83.5355 65
      vertex 86.9134 -84.6194 0
      vertex 88.5355 -83.5355 0
    endloop
  endfacet
  facet normal -0.831458 0.555587 0
    outer loop
      vertex 80.3806 -78.0866 12
      vertex 81.4645 -76.4645 65
      vertex 81.4645 -76.4645 12
    endloop
  endfacet
  facet normal -0.831458 0.555587 0
    outer loop
      vertex 81.4645 -76.4645 65
      vertex 80.3806 -78.0866 12
      vertex 80.3806 -78.0866 65
    endloop
  endfacet
  facet normal 0.195091 -0.980785 0
    outer loop
      vertex 85 -85 0
      vertex 86.9134 -84.6194 65
      vertex 85 -85 65
    endloop
  endfacet
  facet normal 0.195091 -0.980785 0
    outer loop
      vertex 86.9134 -84.6194 65
      vertex 85 -85 0
      vertex 86.9134 -84.6194 0
    endloop
  endfacet
  facet normal -0.195091 0.980785 0
    outer loop
      vertex 85 -75 12
      vertex 83.0866 -75.3806 65
      vertex 85 -75 65
    endloop
  endfacet
  facet normal -0.195091 0.980785 0
    outer loop
      vertex 83.0866 -75.3806 65
      vertex 85 -75 12
      vertex 83.0866 -75.3806 12
    endloop
  endfacet
  facet normal -0.555587 0.831458 0
    outer loop
      vertex 83.0866 -75.3806 12
      vertex 81.4645 -76.4645 65
      vertex 83.0866 -75.3806 65
    endloop
  endfacet
  facet normal -0.555587 0.831458 0
    outer loop
      vertex 81.4645 -76.4645 65
      vertex 83.0866 -75.3806 12
      vertex 81.4645 -76.4645 12
    endloop
  endfacet
  facet normal 0.980785 -0.195091 0
    outer loop
      vertex 89.6194 -81.9134 65
      vertex 90 -80 0
      vertex 90 -80 65
    endloop
  endfacet
  facet normal 0.980785 -0.195091 0
    outer loop
      vertex 90 -80 0
      vertex 89.6194 -81.9134 65
      vertex 89.6194 -81.9134 0
    endloop
  endfacet
  facet normal -0.980785 0.195091 0
    outer loop
      vertex 80 -80 12
      vertex 80.3806 -78.0866 65
      vertex 80.3806 -78.0866 12
    endloop
  endfacet
  facet normal -0.980785 0.195091 0
    outer loop
      vertex 80.3806 -78.0866 65
      vertex 80 -80 12
      vertex 80 -80 65
    endloop
  endfacet
  facet normal 0.858888 0.279087 0.429444
    outer loop
      vertex 87.427 -78.2366 65
      vertex 86.5 -80 68
      vertex 88 -80 65
    endloop
  endfacet
  facet normal -0.53082 -0.73062 0.429446
    outer loop
      vertex 83.7865 -80.8817 68
      vertex 82.573 -81.7634 65
      vertex 84.073 -82.8532 65
    endloop
  endfacet
  facet normal 0.858888 -0.279087 0.429444
    outer loop
      vertex 88 -80 65
      vertex 86.5 -80 68
      vertex 87.427 -81.7634 65
    endloop
  endfacet
  facet normal 0.53082 -0.73062 0.429446
    outer loop
      vertex 86.2135 -80.8817 68
      vertex 85.4635 -81.4266 68
      vertex 85.927 -82.8532 65
    endloop
  endfacet
  facet normal -0.53082 -0.73062 0.429446
    outer loop
      vertex 84.5365 -81.4266 68
      vertex 83.7865 -80.8817 68
      vertex 84.073 -82.8532 65
    endloop
  endfacet
  facet normal -0.858888 -0.279087 0.429444
    outer loop
      vertex 82 -80 65
      vertex 83.7865 -80.8817 68
      vertex 83.5 -80 68
    endloop
  endfacet
  facet normal -0.858888 -0.279087 0.429444
    outer loop
      vertex 83.7865 -80.8817 68
      vertex 82 -80 65
      vertex 82.573 -81.7634 65
    endloop
  endfacet
  facet normal 0.53082 0.73062 0.429446
    outer loop
      vertex 87.427 -78.2366 65
      vertex 85.927 -77.1468 65
      vertex 86.2135 -79.1183 68
    endloop
  endfacet
  facet normal -0.53082 0.73062 0.429446
    outer loop
      vertex 84.073 -77.1468 65
      vertex 82.573 -78.2366 65
      vertex 83.7865 -79.1183 68
    endloop
  endfacet
  facet normal -0.858888 0.279087 0.429444
    outer loop
      vertex 82.573 -78.2366 65
      vertex 82 -80 65
      vertex 83.7865 -79.1183 68
    endloop
  endfacet
  facet normal -0.53082 0.73062 0.429446
    outer loop
      vertex 84.073 -77.1468 65
      vertex 83.7865 -79.1183 68
      vertex 84.5365 -78.5734 68
    endloop
  endfacet
  facet normal 0.53082 -0.73062 0.429446
    outer loop
      vertex 86.2135 -80.8817 68
      vertex 85.927 -82.8532 65
      vertex 87.427 -81.7634 65
    endloop
  endfacet
  facet normal 0.858888 -0.279087 0.429444
    outer loop
      vertex 86.5 -80 68
      vertex 86.2135 -80.8817 68
      vertex 87.427 -81.7634 65
    endloop
  endfacet
  facet normal 0 0.903091 0.42945
    outer loop
      vertex 85.927 -77.1468 65
      vertex 84.5365 -78.5734 68
      vertex 85.4635 -78.5734 68
    endloop
  endfacet
  facet normal 0 0.903091 0.42945
    outer loop
      vertex 84.5365 -78.5734 68
      vertex 85.927 -77.1468 65
      vertex 84.073 -77.1468 65
    endloop
  endfacet
  facet normal 0.53082 0.73062 0.429446
    outer loop
      vertex 85.927 -77.1468 65
      vertex 85.4635 -78.5734 68
      vertex 86.2135 -79.1183 68
    endloop
  endfacet
  facet normal 0 -0.903091 0.42945
    outer loop
      vertex 84.073 -82.8532 65
      vertex 85.4635 -81.4266 68
      vertex 84.5365 -81.4266 68
    endloop
  endfacet
  facet normal 0 -0.903091 0.42945
    outer loop
      vertex 85.4635 -81.4266 68
      vertex 84.073 -82.8532 65
      vertex 85.927 -82.8532 65
    endloop
  endfacet
  facet normal -0.858888 0.279087 0.429444
    outer loop
      vertex 83.7865 -79.1183 68
      vertex 82 -80 65
      vertex 83.5 -80 68
    endloop
  endfacet
  facet normal 0.858888 0.279087 0.429444
    outer loop
      vertex 87.427 -78.2366 65
      vertex 86.2135 -79.1183 68
      vertex 86.5 -80 68
    endloop
  endfacet
  facet normal 0 0 1
    outer loop
      vertex 86.2135 -79.1183 68
      vertex 86.2135 -80.8817 68
      vertex 86.5 -80 68
    endloop
  endfacet
  facet normal 0 0 1
    outer loop
      vertex 85.4635 -78.5734 68
      vertex 86.2135 -80.8817 68
      vertex 86.2135 -79.1183 68
    endloop
  endfacet
  facet normal 0 0 1
    outer loop
      vertex 85.4635 -78.5734 68
      vertex 85.4635 -81.4266 68
      vertex 86.2135 -80.8817 68
    endloop
  endfacet
  facet normal -0 0 1
    outer loop
      vertex 84.5365 -78.5734 68
      vertex 85.4635 -81.4266 68
      vertex 85.4635 -78.5734 68
    endloop
  endfacet
  facet normal 0 0 1
    outer loop
      vertex 84.5365 -78.5734 68
      vertex 84.5365 -81.4266 68
      vertex 85.4635 -81.4266 68
    endloop
  endfacet
  facet normal -0 0 1
    outer loop
      vertex 83.7865 -79.1183 68
      vertex 84.5365 -81.4266 68
      vertex 84.5365 -78.5734 68
    endloop
  endfacet
  facet normal 0 0 1
    outer loop
      vertex 83.7865 -79.1183 68
      vertex 83.7865 -80.8817 68
      vertex 84.5365 -81.4266 68
    endloop
  endfacet
  facet normal 0 -0 1
    outer loop
      vertex 83.7865 -80.8817 68
      vertex 83.7865 -79.1183 68
      vertex 83.5 -80 68
    endloop
  endfacet
  facet normal 1 -0 0
    outer loop
      vertex -85 50.1 65
      vertex -85 69.9 12
      vertex -85 69.9 65
    endloop
  endfacet
  facet normal 1 0 0
    outer loop
      vertex -85 69.9 12
      vertex -85 50.1 65
      vertex -85 50.1 12
    endloop
  endfacet
  facet normal -0 0 1
    outer loop
      vertex -95 69.9 65
      vertex -94.9602 50.1 65
      vertex -94.9602 69.9 65
    endloop
  endfacet
  facet normal 0 0 1
    outer loop
      vertex -94.9602 50.1 65
      vertex -95 69.9 65
      vertex -95 50.1 65
    endloop
  endfacet
  facet normal -0 0 1
    outer loop
      vertex -85.0398 69.9 65
      vertex -85 50.1 65
      vertex -85 69.9 65
    endloop
  endfacet
  facet normal 0 0 1
    outer loop
      vertex -85 50.1 65
      vertex -85.0398 69.9 65
      vertex -85.0398 50.1 65
    endloop
  endfacet
  facet normal 0 1 0
    outer loop
      vertex -90 69.9 60
      vertex -85.0398 69.9 65
      vertex -85 69.9 65
    endloop
  endfacet
  facet normal 0 1 0
    outer loop
      vertex -88.6907 69.9 63.5582
      vertex -90 69.9 60
      vertex -90.4673 69.9 63.1526
    endloop
  endfacet
  facet normal 0 1 0
    outer loop
      vertex -85.0398 69.9 65
      vertex -90 69.9 60
      vertex -88.6907 69.9 63.5582
    endloop
  endfacet
  facet normal 0 1 -0
    outer loop
      vertex -85 69.9 12
      vertex -90 69.9 60
      vertex -85 69.9 65
    endloop
  endfacet
  facet normal 0 1 0
    outer loop
      vertex -90 69.9 60
      vertex -85 69.9 12
      vertex -90 69.9 12
    endloop
  endfacet
  facet normal 0 1 0
    outer loop
      vertex -90.4673 69.9 67.2473
      vertex -90 69.9 70.2
      vertex -88.0866 69.9 69.8194
    endloop
  endfacet
  facet normal 0 1 0
    outer loop
      vertex -88.6907 69.9 66.8418
      vertex -88.0866 69.9 69.8194
      vertex -86.4645 69.9 68.7355
    endloop
  endfacet
  facet normal 0 1 0
    outer loop
      vertex -90 69.9 70.2
      vertex -90.4673 69.9 67.2473
      vertex -91.9134 69.9 69.8194
    endloop
  endfacet
  facet normal 0 1 0
    outer loop
      vertex -91.9134 69.9 69.8194
      vertex -90.4673 69.9 67.2473
      vertex -93.5355 69.9 68.7355
    endloop
  endfacet
  facet normal 0 1 0
    outer loop
      vertex -88.6907 69.9 66.8418
      vertex -86.4645 69.9 68.7355
      vertex -85.3806 69.9 67.1134
    endloop
  endfacet
  facet normal 0 1 0
    outer loop
      vertex -88.0866 69.9 69.8194
      vertex -88.6907 69.9 66.8418
      vertex -90.4673 69.9 67.2473
    endloop
  endfacet
  facet normal 0 1 0
    outer loop
      vertex -87.9 69.9 65.2
      vertex -85.3806 69.9 67.1134
      vertex -85 69.9 65.2
    endloop
  endfacet
  facet normal 0 1 0
    outer loop
      vertex -85.3806 69.9 67.1134
      vertex -87.9 69.9 65.2
      vertex -88.6907 69.9 66.8418
    endloop
  endfacet
  facet normal 0 1 -0
    outer loop
      vertex -85.0398 69.9 65
      vertex -87.9 69.9 65.2
      vertex -85 69.9 65.2
    endloop
  endfacet
  facet normal 0 1 0
    outer loop
      vertex -87.9 69.9 65.2
      vertex -85.0398 69.9 65
      vertex -88.6907 69.9 63.5582
    endloop
  endfacet
  facet normal 0 1 -0
    outer loop
      vertex -91.892 69.9 66.1112
      vertex -93.5355 69.9 68.7355
      vertex -90.4673 69.9 67.2473
    endloop
  endfacet
  facet normal 0 1 0
    outer loop
      vertex -93.5355 69.9 68.7355
      vertex -91.892 69.9 66.1112
      vertex -94.6194 69.9 67.1134
    endloop
  endfacet
  facet normal 0 1 0
    outer loop
      vertex -91.892 69.9 66.1112
      vertex -95 69.9 65.2
      vertex -94.6194 69.9 67.1134
    endloop
  endfacet
  facet normal 0 1 0
    outer loop
      vertex -91.892 69.9 66.1112
      vertex -94.9602 69.9 65
      vertex -95 69.9 65.2
    endloop
  endfacet
  facet normal 0 1 -0
    outer loop
      vertex -91.892 69.9 64.2888
      vertex -94.9602 69.9 65
      vertex -91.892 69.9 66.1112
    endloop
  endfacet
  facet normal 0 1 0
    outer loop
      vertex -95 69.9 60
      vertex -94.9602 69.9 65
      vertex -91.892 69.9 64.2888
    endloop
  endfacet
  facet normal 0 1 0
    outer loop
      vertex -95 69.9 60
      vertex -91.892 69.9 64.2888
      vertex -90.4673 69.9 63.1526
    endloop
  endfacet
  facet normal 0 1 0
    outer loop
      vertex -95 69.9 60
      vertex -90.4673 69.9 63.1526
      vertex -90 69.9 60
    endloop
  endfacet
  facet normal 0 1 0
    outer loop
      vertex -94.9602 69.9 65
      vertex -95 69.9 60
      vertex -95 69.9 65
    endloop
  endfacet
  facet normal 0 -1 0
    outer loop
      vertex -95 50.1 60
      vertex -94.9602 50.1 65
      vertex -95 50.1 65
    endloop
  endfacet
  facet normal 0 -1 -0
    outer loop
      vertex -94.9602 50.1 65
      vertex -95 50.1 60
      vertex -91.892 50.1 64.2888
    endloop
  endfacet
  facet normal 0 -1 -0
    outer loop
      vertex -91.892 50.1 64.2888
      vertex -95 50.1 60
      vertex -90.4673 50.1 63.1526
    endloop
  endfacet
  facet normal 0 -1 0
    outer loop
      vertex -90.4673 50.1 67.2473
      vertex -90 50.1 70.2
      vertex -91.9134 50.1 69.8194
    endloop
  endfacet
  facet normal 0 -1 0
    outer loop
      vertex -90.4673 50.1 67.2473
      vertex -91.9134 50.1 69.8194
      vertex -93.5355 50.1 68.7355
    endloop
  endfacet
  facet normal 0 -1 -0
    outer loop
      vertex -90 50.1 70.2
      vertex -90.4673 50.1 67.2473
      vertex -88.0866 50.1 69.8194
    endloop
  endfacet
  facet normal 0 -1 0
    outer loop
      vertex -88.6907 50.1 66.8418
      vertex -88.0866 50.1 69.8194
      vertex -90.4673 50.1 67.2473
    endloop
  endfacet
  facet normal 0 -1 0
    outer loop
      vertex -91.892 50.1 66.1112
      vertex -93.5355 50.1 68.7355
      vertex -94.6194 50.1 67.1134
    endloop
  endfacet
  facet normal 0 -1 0
    outer loop
      vertex -93.5355 50.1 68.7355
      vertex -91.892 50.1 66.1112
      vertex -90.4673 50.1 67.2473
    endloop
  endfacet
  facet normal 0 -1 0
    outer loop
      vertex -95 50.1 65.2
      vertex -91.892 50.1 66.1112
      vertex -94.6194 50.1 67.1134
    endloop
  endfacet
  facet normal 0 -1 0
    outer loop
      vertex -94.9602 50.1 65
      vertex -91.892 50.1 66.1112
      vertex -95 50.1 65.2
    endloop
  endfacet
  facet normal 0 -1 -0
    outer loop
      vertex -91.892 50.1 66.1112
      vertex -94.9602 50.1 65
      vertex -91.892 50.1 64.2888
    endloop
  endfacet
  facet normal 0 -1 -0
    outer loop
      vertex -88.0866 50.1 69.8194
      vertex -88.6907 50.1 66.8418
      vertex -86.4645 50.1 68.7355
    endloop
  endfacet
  facet normal 0 -1 -0
    outer loop
      vertex -86.4645 50.1 68.7355
      vertex -88.6907 50.1 66.8418
      vertex -85.3806 50.1 67.1134
    endloop
  endfacet
  facet normal 0 -1 0
    outer loop
      vertex -87.9 50.1 65.2
      vertex -85.3806 50.1 67.1134
      vertex -88.6907 50.1 66.8418
    endloop
  endfacet
  facet normal 0 -1 0
    outer loop
      vertex -87.9 50.1 65.2
      vertex -85 50.1 65.2
      vertex -85.3806 50.1 67.1134
    endloop
  endfacet
  facet normal 0 -1 0
    outer loop
      vertex -87.9 50.1 65.2
      vertex -85.0398 50.1 65
      vertex -85 50.1 65.2
    endloop
  endfacet
  facet normal 0 -1 0
    outer loop
      vertex -88.6907 50.1 63.5582
      vertex -85.0398 50.1 65
      vertex -87.9 50.1 65.2
    endloop
  endfacet
  facet normal 0 -1 0
    outer loop
      vertex -90 50.1 60
      vertex -85.0398 50.1 65
      vertex -88.6907 50.1 63.5582
    endloop
  endfacet
  facet normal 0 -1 0
    outer loop
      vertex -90 50.1 60
      vertex -90.4673 50.1 63.1526
      vertex -95 50.1 60
    endloop
  endfacet
  facet normal 0 -1 0
    outer loop
      vertex -90.4673 50.1 63.1526
      vertex -90 50.1 60
      vertex -88.6907 50.1 63.5582
    endloop
  endfacet
  facet normal 0 -1 -0
    outer loop
      vertex -85.0398 50.1 65
      vertex -90 50.1 60
      vertex -85 50.1 65
    endloop
  endfacet
  facet normal 0 -1 0
    outer loop
      vertex -85 50.1 12
      vertex -90 50.1 60
      vertex -90 50.1 12
    endloop
  endfacet
  facet normal 0 -1 0
    outer loop
      vertex -90 50.1 60
      vertex -85 50.1 12
      vertex -85 50.1 65
    endloop
  endfacet
  facet normal 1 -0 0
    outer loop
      vertex -85 -69.9 65
      vertex -85 -50.1 12
      vertex -85 -50.1 65
    endloop
  endfacet
  facet normal 1 0 0
    outer loop
      vertex -85 -50.1 12
      vertex -85 -69.9 65
      vertex -85 -69.9 12
    endloop
  endfacet
  facet normal -0 0 1
    outer loop
      vertex -95 -50.1 65
      vertex -94.9602 -69.9 65
      vertex -94.9602 -50.1 65
    endloop
  endfacet
  facet normal 0 0 1
    outer loop
      vertex -94.9602 -69.9 65
      vertex -95 -50.1 65
      vertex -95 -69.9 65
    endloop
  endfacet
  facet normal -0 0 1
    outer loop
      vertex -85.0398 -50.1 65
      vertex -85 -69.9 65
      vertex -85 -50.1 65
    endloop
  endfacet
  facet normal 0 0 1
    outer loop
      vertex -85 -69.9 65
      vertex -85.0398 -50.1 65
      vertex -85.0398 -69.9 65
    endloop
  endfacet
  facet normal 0 1 0
    outer loop
      vertex -90 -50.1 60
      vertex -85.0398 -50.1 65
      vertex -85 -50.1 65
    endloop
  endfacet
  facet normal 0 1 0
    outer loop
      vertex -88.6907 -50.1 63.5582
      vertex -90 -50.1 60
      vertex -90.4673 -50.1 63.1526
    endloop
  endfacet
  facet normal 0 1 0
    outer loop
      vertex -85.0398 -50.1 65
      vertex -90 -50.1 60
      vertex -88.6907 -50.1 63.5582
    endloop
  endfacet
  facet normal 0 1 -0
    outer loop
      vertex -85 -50.1 12
      vertex -90 -50.1 60
      vertex -85 -50.1 65
    endloop
  endfacet
  facet normal 0 1 0
    outer loop
      vertex -90 -50.1 60
      vertex -85 -50.1 12
      vertex -90 -50.1 12
    endloop
  endfacet
  facet normal 0 1 0
    outer loop
      vertex -90.4673 -50.1 67.2473
      vertex -90 -50.1 70.2
      vertex -88.0866 -50.1 69.8194
    endloop
  endfacet
  facet normal 0 1 0
    outer loop
      vertex -88.6907 -50.1 66.8418
      vertex -88.0866 -50.1 69.8194
      vertex -86.4645 -50.1 68.7355
    endloop
  endfacet
  facet normal 0 1 0
    outer loop
      vertex -90 -50.1 70.2
      vertex -90.4673 -50.1 67.2473
      vertex -91.9134 -50.1 69.8194
    endloop
  endfacet
  facet normal 0 1 0
    outer loop
      vertex -91.9134 -50.1 69.8194
      vertex -90.4673 -50.1 67.2473
      vertex -93.5355 -50.1 68.7355
    endloop
  endfacet
  facet normal 0 1 0
    outer loop
      vertex -88.6907 -50.1 66.8418
      vertex -86.4645 -50.1 68.7355
      vertex -85.3806 -50.1 67.1134
    endloop
  endfacet
  facet normal 0 1 0
    outer loop
      vertex -88.0866 -50.1 69.8194
      vertex -88.6907 -50.1 66.8418
      vertex -90.4673 -50.1 67.2473
    endloop
  endfacet
  facet normal 0 1 0
    outer loop
      vertex -87.9 -50.1 65.2
      vertex -85.3806 -50.1 67.1134
      vertex -85 -50.1 65.2
    endloop
  endfacet
  facet normal 0 1 0
    outer loop
      vertex -85.3806 -50.1 67.1134
      vertex -87.9 -50.1 65.2
      vertex -88.6907 -50.1 66.8418
    endloop
  endfacet
  facet normal 0 1 -0
    outer loop
      vertex -85.0398 -50.1 65
      vertex -87.9 -50.1 65.2
      vertex -85 -50.1 65.2
    endloop
  endfacet
  facet normal 0 1 0
    outer loop
      vertex -87.9 -50.1 65.2
      vertex -85.0398 -50.1 65
      vertex -88.6907 -50.1 63.5582
    endloop
  endfacet
  facet normal 0 1 -0
    outer loop
      vertex -91.892 -50.1 66.1112
      vertex -93.5355 -50.1 68.7355
      vertex -90.4673 -50.1 67.2473
    endloop
  endfacet
  facet normal 0 1 0
    outer loop
      vertex -93.5355 -50.1 68.7355
      vertex -91.892 -50.1 66.1112
      vertex -94.6194 -50.1 67.1134
    endloop
  endfacet
  facet normal 0 1 0
    outer loop
      vertex -91.892 -50.1 66.1112
      vertex -95 -50.1 65.2
      vertex -94.6194 -50.1 67.1134
    endloop
  endfacet
  facet normal 0 1 0
    outer loop
      vertex -91.892 -50.1 66.1112
      vertex -94.9602 -50.1 65
      vertex -95 -50.1 65.2
    endloop
  endfacet
  facet normal 0 1 -0
    outer loop
      vertex -91.892 -50.1 64.2888
      vertex -94.9602 -50.1 65
      vertex -91.892 -50.1 66.1112
    endloop
  endfacet
  facet normal 0 1 0
    outer loop
      vertex -95 -50.1 60
      vertex -94.9602 -50.1 65
      vertex -91.892 -50.1 64.2888
    endloop
  endfacet
  facet normal 0 1 0
    outer loop
      vertex -95 -50.1 60
      vertex -91.892 -50.1 64.2888
      vertex -90.4673 -50.1 63.1526
    endloop
  endfacet
  facet normal 0 1 0
    outer loop
      vertex -95 -50.1 60
      vertex -90.4673 -50.1 63.1526
      vertex -90 -50.1 60
    endloop
  endfacet
  facet normal 0 1 0
    outer loop
      vertex -94.9602 -50.1 65
      vertex -95 -50.1 60
      vertex -95 -50.1 65
    endloop
  endfacet
  facet normal 0 -1 0
    outer loop
      vertex -95 -69.9 60
      vertex -94.9602 -69.9 65
      vertex -95 -69.9 65
    endloop
  endfacet
  facet normal 0 -1 -0
    outer loop
      vertex -94.9602 -69.9 65
      vertex -95 -69.9 60
      vertex -91.892 -69.9 64.2888
    endloop
  endfacet
  facet normal 0 -1 -0
    outer loop
      vertex -91.892 -69.9 64.2888
      vertex -95 -69.9 60
      vertex -90.4673 -69.9 63.1526
    endloop
  endfacet
  facet normal 0 -1 0
    outer loop
      vertex -90.4673 -69.9 67.2473
      vertex -90 -69.9 70.2
      vertex -91.9134 -69.9 69.8194
    endloop
  endfacet
  facet normal 0 -1 0
    outer loop
      vertex -90.4673 -69.9 67.2473
      vertex -91.9134 -69.9 69.8194
      vertex -93.5355 -69.9 68.7355
    endloop
  endfacet
  facet normal 0 -1 -0
    outer loop
      vertex -90 -69.9 70.2
      vertex -90.4673 -69.9 67.2473
      vertex -88.0866 -69.9 69.8194
    endloop
  endfacet
  facet normal 0 -1 0
    outer loop
      vertex -88.6907 -69.9 66.8418
      vertex -88.0866 -69.9 69.8194
      vertex -90.4673 -69.9 67.2473
    endloop
  endfacet
  facet normal 0 -1 0
    outer loop
      vertex -91.892 -69.9 66.1112
      vertex -93.5355 -69.9 68.7355
      vertex -94.6194 -69.9 67.1134
    endloop
  endfacet
  facet normal 0 -1 0
    outer loop
      vertex -93.5355 -69.9 68.7355
      vertex -91.892 -69.9 66.1112
      vertex -90.4673 -69.9 67.2473
    endloop
  endfacet
  facet normal 0 -1 0
    outer loop
      vertex -95 -69.9 65.2
      vertex -91.892 -69.9 66.1112
      vertex -94.6194 -69.9 67.1134
    endloop
  endfacet
  facet normal 0 -1 0
    outer loop
      vertex -94.9602 -69.9 65
      vertex -91.892 -69.9 66.1112
      vertex -95 -69.9 65.2
    endloop
  endfacet
  facet normal 0 -1 -0
    outer loop
      vertex -91.892 -69.9 66.1112
      vertex -94.9602 -69.9 65
      vertex -91.892 -69.9 64.2888
    endloop
  endfacet
  facet normal 0 -1 -0
    outer loop
      vertex -88.0866 -69.9 69.8194
      vertex -88.6907 -69.9 66.8418
      vertex -86.4645 -69.9 68.7355
    endloop
  endfacet
  facet normal 0 -1 -0
    outer loop
      vertex -86.4645 -69.9 68.7355
      vertex -88.6907 -69.9 66.8418
      vertex -85.3806 -69.9 67.1134
    endloop
  endfacet
  facet normal 0 -1 0
    outer loop
      vertex -87.9 -69.9 65.2
      vertex -85.3806 -69.9 67.1134
      vertex -88.6907 -69.9 66.8418
    endloop
  endfacet
  facet normal 0 -1 0
    outer loop
      vertex -87.9 -69.9 65.2
      vertex -85 -69.9 65.2
      vertex -85.3806 -69.9 67.1134
    endloop
  endfacet
  facet normal 0 -1 0
    outer loop
      vertex -87.9 -69.9 65.2
      vertex -85.0398 -69.9 65
      vertex -85 -69.9 65.2
    endloop
  endfacet
  facet normal 0 -1 0
    outer loop
      vertex -88.6907 -69.9 63.5582
      vertex -85.0398 -69.9 65
      vertex -87.9 -69.9 65.2
    endloop
  endfacet
  facet normal 0 -1 0
    outer loop
      vertex -90 -69.9 60
      vertex -85.0398 -69.9 65
      vertex -88.6907 -69.9 63.5582
    endloop
  endfacet
  facet normal 0 -1 0
    outer loop
      vertex -90 -69.9 60
      vertex -90.4673 -69.9 63.1526
      vertex -95 -69.9 60
    endloop
  endfacet
  facet normal 0 -1 0
    outer loop
      vertex -90.4673 -69.9 63.1526
      vertex -90 -69.9 60
      vertex -88.6907 -69.9 63.5582
    endloop
  endfacet
  facet normal 0 -1 -0
    outer loop
      vertex -85.0398 -69.9 65
      vertex -90 -69.9 60
      vertex -85 -69.9 65
    endloop
  endfacet
  facet normal 0 -1 0
    outer loop
      vertex -85 -69.9 12
      vertex -90 -69.9 60
      vertex -90 -69.9 12
    endloop
  endfacet
  facet normal 0 -1 0
    outer loop
      vertex -90 -69.9 60
      vertex -85 -69.9 12
      vertex -85 -69.9 65
    endloop
  endfacet
  facet normal -0.980769 0 -0.195173
    outer loop
      vertex -94.9602 50.1 65
      vertex -95 69.9 65.2
      vertex -94.9602 69.9 65
    endloop
  endfacet
  facet normal -0.980769 -0 -0.195173
    outer loop
      vertex -95 69.9 65.2
      vertex -94.9602 50.1 65
      vertex -95 50.1 65.2
    endloop
  endfacet
  facet normal 0.980769 0 -0.195173
    outer loop
      vertex -85 50.1 65.2
      vertex -85.0398 69.9 65
      vertex -85 69.9 65.2
    endloop
  endfacet
  facet normal 0.980769 0 -0.195173
    outer loop
      vertex -85.0398 69.9 65
      vertex -85 50.1 65.2
      vertex -85.0398 50.1 65
    endloop
  endfacet
  facet normal 0.195091 0 0.980785
    outer loop
      vertex -90 69.9 70.2
      vertex -88.0866 50.1 69.8194
      vertex -88.0866 69.9 69.8194
    endloop
  endfacet
  facet normal 0.195091 0 0.980785
    outer loop
      vertex -88.0866 50.1 69.8194
      vertex -90 69.9 70.2
      vertex -90 50.1 70.2
    endloop
  endfacet
  facet normal -0.195091 0 0.980785
    outer loop
      vertex -91.9134 69.9 69.8194
      vertex -90 50.1 70.2
      vertex -90 69.9 70.2
    endloop
  endfacet
  facet normal -0.195091 0 0.980785
    outer loop
      vertex -90 50.1 70.2
      vertex -91.9134 69.9 69.8194
      vertex -91.9134 50.1 69.8194
    endloop
  endfacet
  facet normal -0.831458 0 0.555587
    outer loop
      vertex -94.6194 50.1 67.1134
      vertex -93.5355 69.9 68.7355
      vertex -94.6194 69.9 67.1134
    endloop
  endfacet
  facet normal -0.831458 0 0.555587
    outer loop
      vertex -93.5355 69.9 68.7355
      vertex -94.6194 50.1 67.1134
      vertex -93.5355 50.1 68.7355
    endloop
  endfacet
  facet normal 0.980785 -0 0.195091
    outer loop
      vertex -85.3806 50.1 67.1134
      vertex -85 69.9 65.2
      vertex -85.3806 69.9 67.1134
    endloop
  endfacet
  facet normal 0.980785 0 0.195091
    outer loop
      vertex -85 69.9 65.2
      vertex -85.3806 50.1 67.1134
      vertex -85 50.1 65.2
    endloop
  endfacet
  facet normal 0.555587 0 0.831458
    outer loop
      vertex -88.0866 69.9 69.8194
      vertex -86.4645 50.1 68.7355
      vertex -86.4645 69.9 68.7355
    endloop
  endfacet
  facet normal 0.555587 0 0.831458
    outer loop
      vertex -86.4645 50.1 68.7355
      vertex -88.0866 69.9 69.8194
      vertex -88.0866 50.1 69.8194
    endloop
  endfacet
  facet normal 0.831458 -0 0.555587
    outer loop
      vertex -86.4645 50.1 68.7355
      vertex -85.3806 69.9 67.1134
      vertex -86.4645 69.9 68.7355
    endloop
  endfacet
  facet normal 0.831458 0 0.555587
    outer loop
      vertex -85.3806 69.9 67.1134
      vertex -86.4645 50.1 68.7355
      vertex -85.3806 50.1 67.1134
    endloop
  endfacet
  facet normal -0.980785 0 0.195091
    outer loop
      vertex -95 50.1 65.2
      vertex -94.6194 69.9 67.1134
      vertex -95 69.9 65.2
    endloop
  endfacet
  facet normal -0.980785 0 0.195091
    outer loop
      vertex -94.6194 69.9 67.1134
      vertex -95 50.1 65.2
      vertex -94.6194 50.1 67.1134
    endloop
  endfacet
  facet normal -0.555587 0 0.831458
    outer loop
      vertex -93.5355 69.9 68.7355
      vertex -91.9134 50.1 69.8194
      vertex -91.9134 69.9 69.8194
    endloop
  endfacet
  facet normal -0.555587 0 0.831458
    outer loop
      vertex -91.9134 50.1 69.8194
      vertex -93.5355 69.9 68.7355
      vertex -93.5355 50.1 68.7355
    endloop
  endfacet
  facet normal 0.831458 -0 0.555587
    outer loop
      vertex -86.4645 -69.9 68.7355
      vertex -85.3806 -50.1 67.1134
      vertex -86.4645 -50.1 68.7355
    endloop
  endfacet
  facet normal 0.831458 0 0.555587
    outer loop
      vertex -85.3806 -50.1 67.1134
      vertex -86.4645 -69.9 68.7355
      vertex -85.3806 -69.9 67.1134
    endloop
  endfacet
  facet normal 0.980785 -0 0.195091
    outer loop
      vertex -85.3806 -69.9 67.1134
      vertex -85 -50.1 65.2
      vertex -85.3806 -50.1 67.1134
    endloop
  endfacet
  facet normal 0.980785 0 0.195091
    outer loop
      vertex -85 -50.1 65.2
      vertex -85.3806 -69.9 67.1134
      vertex -85 -69.9 65.2
    endloop
  endfacet
  facet normal -0.555587 0 0.831458
    outer loop
      vertex -93.5355 -50.1 68.7355
      vertex -91.9134 -69.9 69.8194
      vertex -91.9134 -50.1 69.8194
    endloop
  endfacet
  facet normal -0.555587 0 0.831458
    outer loop
      vertex -91.9134 -69.9 69.8194
      vertex -93.5355 -50.1 68.7355
      vertex -93.5355 -69.9 68.7355
    endloop
  endfacet
  facet normal -0.980785 0 0.195091
    outer loop
      vertex -95 -69.9 65.2
      vertex -94.6194 -50.1 67.1134
      vertex -95 -50.1 65.2
    endloop
  endfacet
  facet normal -0.980785 0 0.195091
    outer loop
      vertex -94.6194 -50.1 67.1134
      vertex -95 -69.9 65.2
      vertex -94.6194 -69.9 67.1134
    endloop
  endfacet
  facet normal -0.831458 0 0.555587
    outer loop
      vertex -94.6194 -69.9 67.1134
      vertex -93.5355 -50.1 68.7355
      vertex -94.6194 -50.1 67.1134
    endloop
  endfacet
  facet normal -0.831458 0 0.555587
    outer loop
      vertex -93.5355 -50.1 68.7355
      vertex -94.6194 -69.9 67.1134
      vertex -93.5355 -69.9 68.7355
    endloop
  endfacet
  facet normal -0.980769 0 -0.195173
    outer loop
      vertex -94.9602 -69.9 65
      vertex -95 -50.1 65.2
      vertex -94.9602 -50.1 65
    endloop
  endfacet
  facet normal -0.980769 -0 -0.195173
    outer loop
      vertex -95 -50.1 65.2
      vertex -94.9602 -69.9 65
      vertex -95 -69.9 65.2
    endloop
  endfacet
  facet normal 0.195091 0 0.980785
    outer loop
      vertex -90 -50.1 70.2
      vertex -88.0866 -69.9 69.8194
      vertex -88.0866 -50.1 69.8194
    endloop
  endfacet
  facet normal 0.195091 0 0.980785
    outer loop
      vertex -88.0866 -69.9 69.8194
      vertex -90 -50.1 70.2
      vertex -90 -69.9 70.2
    endloop
  endfacet
  facet normal -0.195091 0 0.980785
    outer loop
      vertex -91.9134 -50.1 69.8194
      vertex -90 -69.9 70.2
      vertex -90 -50.1 70.2
    endloop
  endfacet
  facet normal -0.195091 0 0.980785
    outer loop
      vertex -90 -69.9 70.2
      vertex -91.9134 -50.1 69.8194
      vertex -91.9134 -69.9 69.8194
    endloop
  endfacet
  facet normal 0.555587 0 0.831458
    outer loop
      vertex -88.0866 -50.1 69.8194
      vertex -86.4645 -69.9 68.7355
      vertex -86.4645 -50.1 68.7355
    endloop
  endfacet
  facet normal 0.555587 0 0.831458
    outer loop
      vertex -86.4645 -69.9 68.7355
      vertex -88.0866 -50.1 69.8194
      vertex -88.0866 -69.9 69.8194
    endloop
  endfacet
  facet normal 0.980769 0 -0.195173
    outer loop
      vertex -85 -69.9 65.2
      vertex -85.0398 -50.1 65
      vertex -85 -50.1 65.2
    endloop
  endfacet
  facet normal 0.980769 0 -0.195173
    outer loop
      vertex -85.0398 -50.1 65
      vertex -85 -69.9 65.2
      vertex -85.0398 -69.9 65
    endloop
  endfacet
  facet normal 0 0 -1
    outer loop
      vertex 70.6328 -83.3233 16.8856
      vertex 70.8 -80 16.8856
      vertex 70.8 -83.4374 16.8856
    endloop
  endfacet
  facet normal 0 0 -1
    outer loop
      vertex 69.8008 -83.1999 16.8856
      vertex 70.8 -80 16.8856
      vertex 70.6328 -83.3233 16.8856
    endloop
  endfacet
  facet normal 0 0 -1
    outer loop
      vertex 69.2 -80 16.8856
      vertex 69.8008 -83.1999 16.8856
      vertex 69.2 -83.46 16.8856
    endloop
  endfacet
  facet normal 0 0 -1
    outer loop
      vertex 69.8008 -83.1999 16.8856
      vertex 69.2 -80 16.8856
      vertex 70.8 -80 16.8856
    endloop
  endfacet
  facet normal -0.866019 -6.90276e-06 -0.500011
    outer loop
      vertex 71.6 -80 15.5
      vertex 71.167 -83.1872 16.25
      vertex 70.8 -80 16.8856
    endloop
  endfacet
  facet normal -0.866032 0 -0.499989
    outer loop
      vertex 71.167 -83.1872 16.25
      vertex 71.6 -80 15.5
      vertex 71.6 -83.4 15.5
    endloop
  endfacet
  facet normal -0.866004 -0 -0.500037
    outer loop
      vertex 70.8 -80 16.8856
      vertex 71.167 -83.1872 16.25
      vertex 70.8 -83.4374 16.8856
    endloop
  endfacet
  facet normal 0 0 1
    outer loop
      vertex 70.8 -80 14.1144
      vertex 70.6328 -83.3233 14.1144
      vertex 70.8 -83.4374 14.1144
    endloop
  endfacet
  facet normal 0 0 1
    outer loop
      vertex 70.8 -80 14.1144
      vertex 69.8008 -83.1999 14.1144
      vertex 70.6328 -83.3233 14.1144
    endloop
  endfacet
  facet normal -0 0 1
    outer loop
      vertex 69.2 -80 14.1144
      vertex 69.8008 -83.1999 14.1144
      vertex 70.8 -80 14.1144
    endloop
  endfacet
  facet normal 0 0 1
    outer loop
      vertex 69.8008 -83.1999 14.1144
      vertex 69.2 -80 14.1144
      vertex 69.2 -83.46 14.1144
    endloop
  endfacet
  facet normal -0.866019 -6.90276e-06 0.500011
    outer loop
      vertex 70.8 -80 14.1144
      vertex 71.167 -83.1872 14.75
      vertex 71.6 -80 15.5
    endloop
  endfacet
  facet normal -0.866004 0 0.500037
    outer loop
      vertex 71.167 -83.1872 14.75
      vertex 70.8 -80 14.1144
      vertex 70.8 -83.4374 14.1144
    endloop
  endfacet
  facet normal -0.866032 0 0.499989
    outer loop
      vertex 71.6 -80 15.5
      vertex 71.167 -83.1872 14.75
      vertex 71.6 -83.4 15.5
    endloop
  endfacet
  facet normal 0.866019 -7.62618e-06 0.500011
    outer loop
      vertex 68.4 -80 15.5
      vertex 68.6319 -83.2258 15.0983
      vertex 69.2 -80 14.1144
    endloop
  endfacet
  facet normal 0.866046 0 0.499965
    outer loop
      vertex 68.6319 -83.2258 15.0983
      vertex 68.4 -80 15.5
      vertex 68.4 -83.4675 15.5
    endloop
  endfacet
  facet normal 0.865994 1.00735e-05 0.500055
    outer loop
      vertex 69.0398 -83.2663 14.3919
      vertex 69.2 -80 14.1144
      vertex 68.6319 -83.2258 15.0983
    endloop
  endfacet
  facet normal 0.866045 0 0.499966
    outer loop
      vertex 69.2 -80 14.1144
      vertex 69.0398 -83.2663 14.3919
      vertex 69.2 -83.46 14.1144
    endloop
  endfacet
  facet normal 0.866019 -7.62618e-06 -0.500011
    outer loop
      vertex 69.2 -80 16.8856
      vertex 68.6319 -83.2258 15.9017
      vertex 68.4 -80 15.5
    endloop
  endfacet
  facet normal 0.865994 1.00735e-05 -0.500055
    outer loop
      vertex 69.2 -80 16.8856
      vertex 69.0398 -83.2663 16.6081
      vertex 68.6319 -83.2258 15.9017
    endloop
  endfacet
  facet normal 0.866045 0 -0.499966
    outer loop
      vertex 69.0398 -83.2663 16.6081
      vertex 69.2 -80 16.8856
      vertex 69.2 -83.46 16.8856
    endloop
  endfacet
  facet normal 0.866046 0 -0.499965
    outer loop
      vertex 68.4 -80 15.5
      vertex 68.6319 -83.2258 15.9017
      vertex 68.4 -83.4675 15.5
    endloop
  endfacet
  facet normal -0.692345 -0.692338 0.20329
    outer loop
      vertex 73.2 -85 15.5
      vertex 71.167 -83.1872 14.75
      vertex 72.692 -85 13.7699
    endloop
  endfacet
  facet normal -0.692344 -0.692344 0.203272
    outer loop
      vertex 71.167 -83.1872 14.75
      vertex 73.2 -85 15.5
      vertex 71.6 -83.4 15.5
    endloop
  endfacet
  facet normal 0.721578 -0.692333 7.7309e-06
    outer loop
      vertex 68.6319 -83.2258 15.9017
      vertex 66.9296 -85 16.4015
      vertex 68.4 -83.4675 15.5
    endloop
  endfacet
  facet normal 0.721575 -0.692336 0
    outer loop
      vertex 66.9296 -85 14.5985
      vertex 68.4 -83.4675 15.5
      vertex 66.9296 -85 16.4015
    endloop
  endfacet
  facet normal 0.721578 -0.692333 -7.7309e-06
    outer loop
      vertex 68.4 -83.4675 15.5
      vertex 66.9296 -85 14.5985
      vertex 68.6319 -83.2258 15.0983
    endloop
  endfacet
  facet normal -0.692344 -0.692344 -0.203272
    outer loop
      vertex 73.2 -85 15.5
      vertex 71.167 -83.1872 16.25
      vertex 71.6 -83.4 15.5
    endloop
  endfacet
  facet normal -0.692346 -0.692334 -0.203301
    outer loop
      vertex 71.167 -83.1872 16.25
      vertex 73.2 -85 15.5
      vertex 72.692 -85 17.23
    endloop
  endfacet
  facet normal -0.102689 -0.692345 -0.714222
    outer loop
      vertex 69.5446 -85 18.6674
      vertex 70.6328 -83.3233 16.8856
      vertex 71.3293 -85 18.4108
    endloop
  endfacet
  facet normal -0.102687 -0.692346 -0.714222
    outer loop
      vertex 70.6328 -83.3233 16.8856
      vertex 69.5446 -85 18.6674
      vertex 69.8008 -83.1999 16.8856
    endloop
  endfacet
  facet normal 0.606997 -0.692318 0.390194
    outer loop
      vertex 66.9296 -85 14.5985
      vertex 69.0398 -83.2663 14.3919
      vertex 68.6319 -83.2258 15.0983
    endloop
  endfacet
  facet normal 0.60702 -0.692358 0.390087
    outer loop
      vertex 69.0398 -83.2663 14.3919
      vertex 66.9296 -85 14.5985
      vertex 67.9044 -85 13.0816
    endloop
  endfacet
  facet normal 0.299765 -0.692362 0.656335
    outer loop
      vertex 67.9044 -85 13.0816
      vertex 69.2 -83.46 14.1144
      vertex 69.0398 -83.2663 14.3919
    endloop
  endfacet
  facet normal 0.299729 -0.692351 0.656363
    outer loop
      vertex 69.5446 -85 12.3326
      vertex 69.2 -83.46 14.1144
      vertex 67.9044 -85 13.0816
    endloop
  endfacet
  facet normal 0.299734 -0.69235 0.656362
    outer loop
      vertex 69.2 -83.46 14.1144
      vertex 69.5446 -85 12.3326
      vertex 69.8008 -83.1999 14.1144
    endloop
  endfacet
  facet normal 0.299765 -0.692362 -0.656335
    outer loop
      vertex 67.9044 -85 17.9184
      vertex 69.0398 -83.2663 16.6081
      vertex 69.2 -83.46 16.8856
    endloop
  endfacet
  facet normal 0.299729 -0.692351 -0.656363
    outer loop
      vertex 69.2 -83.46 16.8856
      vertex 69.5446 -85 18.6674
      vertex 67.9044 -85 17.9184
    endloop
  endfacet
  facet normal 0.299734 -0.69235 -0.656362
    outer loop
      vertex 69.5446 -85 18.6674
      vertex 69.2 -83.46 16.8856
      vertex 69.8008 -83.1999 16.8856
    endloop
  endfacet
  facet normal -0.102687 -0.692346 0.714222
    outer loop
      vertex 69.5446 -85 12.3326
      vertex 70.6328 -83.3233 14.1144
      vertex 69.8008 -83.1999 14.1144
    endloop
  endfacet
  facet normal -0.102689 -0.692345 0.714222
    outer loop
      vertex 70.6328 -83.3233 14.1144
      vertex 69.5446 -85 12.3326
      vertex 71.3293 -85 12.5892
    endloop
  endfacet
  facet normal -0.472471 -0.692351 0.545363
    outer loop
      vertex 71.3293 -85 12.5892
      vertex 70.8 -83.4374 14.1144
      vertex 70.6328 -83.3233 14.1144
    endloop
  endfacet
  facet normal -0.472507 -0.692343 0.545342
    outer loop
      vertex 70.8 -83.4374 14.1144
      vertex 71.3293 -85 12.5892
      vertex 72.692 -85 13.7699
    endloop
  endfacet
  facet normal -0.472499 -0.692336 0.545358
    outer loop
      vertex 71.167 -83.1872 14.75
      vertex 70.8 -83.4374 14.1144
      vertex 72.692 -85 13.7699
    endloop
  endfacet
  facet normal 0.60702 -0.692358 -0.390087
    outer loop
      vertex 66.9296 -85 16.4015
      vertex 69.0398 -83.2663 16.6081
      vertex 67.9044 -85 17.9184
    endloop
  endfacet
  facet normal 0.606997 -0.692318 -0.390194
    outer loop
      vertex 69.0398 -83.2663 16.6081
      vertex 66.9296 -85 16.4015
      vertex 68.6319 -83.2258 15.9017
    endloop
  endfacet
  facet normal -0.472471 -0.692351 -0.545363
    outer loop
      vertex 70.8 -83.4374 16.8856
      vertex 71.3293 -85 18.4108
      vertex 70.6328 -83.3233 16.8856
    endloop
  endfacet
  facet normal -0.472534 -0.692337 -0.545327
    outer loop
      vertex 71.3293 -85 18.4108
      vertex 70.8 -83.4374 16.8856
      vertex 72.692 -85 17.23
    endloop
  endfacet
  facet normal -0.472515 -0.692322 -0.545362
    outer loop
      vertex 72.692 -85 17.23
      vertex 70.8 -83.4374 16.8856
      vertex 71.167 -83.1872 16.25
    endloop
  endfacet
  facet normal 0 0 -1
    outer loop
      vertex -69.3672 -83.3233 16.8856
      vertex -69.2 -80 16.8856
      vertex -69.2 -83.4374 16.8856
    endloop
  endfacet
  facet normal 0 0 -1
    outer loop
      vertex -70.1992 -83.1999 16.8856
      vertex -69.2 -80 16.8856
      vertex -69.3672 -83.3233 16.8856
    endloop
  endfacet
  facet normal 0 0 -1
    outer loop
      vertex -70.8 -80 16.8856
      vertex -70.1992 -83.1999 16.8856
      vertex -70.8 -83.46 16.8856
    endloop
  endfacet
  facet normal 0 0 -1
    outer loop
      vertex -70.1992 -83.1999 16.8856
      vertex -70.8 -80 16.8856
      vertex -69.2 -80 16.8856
    endloop
  endfacet
  facet normal -0.866019 -6.90276e-06 -0.500011
    outer loop
      vertex -68.4 -80 15.5
      vertex -68.833 -83.1872 16.25
      vertex -69.2 -80 16.8856
    endloop
  endfacet
  facet normal -0.866032 0 -0.499989
    outer loop
      vertex -68.833 -83.1872 16.25
      vertex -68.4 -80 15.5
      vertex -68.4 -83.4 15.5
    endloop
  endfacet
  facet normal -0.866004 -0 -0.500037
    outer loop
      vertex -69.2 -80 16.8856
      vertex -68.833 -83.1872 16.25
      vertex -69.2 -83.4374 16.8856
    endloop
  endfacet
  facet normal 0 0 1
    outer loop
      vertex -69.2 -80 14.1144
      vertex -69.3672 -83.3233 14.1144
      vertex -69.2 -83.4374 14.1144
    endloop
  endfacet
  facet normal 0 0 1
    outer loop
      vertex -69.2 -80 14.1144
      vertex -70.1992 -83.1999 14.1144
      vertex -69.3672 -83.3233 14.1144
    endloop
  endfacet
  facet normal -0 0 1
    outer loop
      vertex -70.8 -80 14.1144
      vertex -70.1992 -83.1999 14.1144
      vertex -69.2 -80 14.1144
    endloop
  endfacet
  facet normal 0 0 1
    outer loop
      vertex -70.1992 -83.1999 14.1144
      vertex -70.8 -80 14.1144
      vertex -70.8 -83.46 14.1144
    endloop
  endfacet
  facet normal -0.866019 -6.90276e-06 0.500011
    outer loop
      vertex -69.2 -80 14.1144
      vertex -68.833 -83.1872 14.75
      vertex -68.4 -80 15.5
    endloop
  endfacet
  facet normal -0.866004 0 0.500037
    outer loop
      vertex -68.833 -83.1872 14.75
      vertex -69.2 -80 14.1144
      vertex -69.2 -83.4374 14.1144
    endloop
  endfacet
  facet normal -0.866032 0 0.499989
    outer loop
      vertex -68.4 -80 15.5
      vertex -68.833 -83.1872 14.75
      vertex -68.4 -83.4 15.5
    endloop
  endfacet
  facet normal 0.866019 -7.62618e-06 0.500011
    outer loop
      vertex -71.6 -80 15.5
      vertex -71.3681 -83.2258 15.0983
      vertex -70.8 -80 14.1144
    endloop
  endfacet
  facet normal 0.866046 0 0.499965
    outer loop
      vertex -71.3681 -83.2258 15.0983
      vertex -71.6 -80 15.5
      vertex -71.6 -83.4675 15.5
    endloop
  endfacet
  facet normal 0.865994 1.00735e-05 0.500055
    outer loop
      vertex -70.9602 -83.2663 14.3919
      vertex -70.8 -80 14.1144
      vertex -71.3681 -83.2258 15.0983
    endloop
  endfacet
  facet normal 0.866045 0 0.499966
    outer loop
      vertex -70.8 -80 14.1144
      vertex -70.9602 -83.2663 14.3919
      vertex -70.8 -83.46 14.1144
    endloop
  endfacet
  facet normal 0.866019 -7.62618e-06 -0.500011
    outer loop
      vertex -70.8 -80 16.8856
      vertex -71.3681 -83.2258 15.9017
      vertex -71.6 -80 15.5
    endloop
  endfacet
  facet normal 0.865994 1.00735e-05 -0.500055
    outer loop
      vertex -70.8 -80 16.8856
      vertex -70.9602 -83.2663 16.6081
      vertex -71.3681 -83.2258 15.9017
    endloop
  endfacet
  facet normal 0.866045 0 -0.499966
    outer loop
      vertex -70.9602 -83.2663 16.6081
      vertex -70.8 -80 16.8856
      vertex -70.8 -83.46 16.8856
    endloop
  endfacet
  facet normal 0.866046 0 -0.499965
    outer loop
      vertex -71.6 -80 15.5
      vertex -71.3681 -83.2258 15.9017
      vertex -71.6 -83.4675 15.5
    endloop
  endfacet
  facet normal -0.692345 -0.692338 0.20329
    outer loop
      vertex -66.8 -85 15.5
      vertex -68.833 -83.1872 14.75
      vertex -67.308 -85 13.7699
    endloop
  endfacet
  facet normal -0.692344 -0.692344 0.203272
    outer loop
      vertex -68.833 -83.1872 14.75
      vertex -66.8 -85 15.5
      vertex -68.4 -83.4 15.5
    endloop
  endfacet
  facet normal 0.721578 -0.692333 7.7309e-06
    outer loop
      vertex -71.3681 -83.2258 15.9017
      vertex -73.0704 -85 16.4015
      vertex -71.6 -83.4675 15.5
    endloop
  endfacet
  facet normal 0.721575 -0.692336 0
    outer loop
      vertex -73.0704 -85 14.5985
      vertex -71.6 -83.4675 15.5
      vertex -73.0704 -85 16.4015
    endloop
  endfacet
  facet normal 0.721578 -0.692333 -7.7309e-06
    outer loop
      vertex -71.6 -83.4675 15.5
      vertex -73.0704 -85 14.5985
      vertex -71.3681 -83.2258 15.0983
    endloop
  endfacet
  facet normal -0.692344 -0.692344 -0.203272
    outer loop
      vertex -66.8 -85 15.5
      vertex -68.833 -83.1872 16.25
      vertex -68.4 -83.4 15.5
    endloop
  endfacet
  facet normal -0.692346 -0.692334 -0.203301
    outer loop
      vertex -68.833 -83.1872 16.25
      vertex -66.8 -85 15.5
      vertex -67.308 -85 17.23
    endloop
  endfacet
  facet normal -0.102689 -0.692345 -0.714222
    outer loop
      vertex -70.4554 -85 18.6674
      vertex -69.3672 -83.3233 16.8856
      vertex -68.6707 -85 18.4108
    endloop
  endfacet
  facet normal -0.102687 -0.692346 -0.714222
    outer loop
      vertex -69.3672 -83.3233 16.8856
      vertex -70.4554 -85 18.6674
      vertex -70.1992 -83.1999 16.8856
    endloop
  endfacet
  facet normal 0.606997 -0.692318 0.390194
    outer loop
      vertex -73.0704 -85 14.5985
      vertex -70.9602 -83.2663 14.3919
      vertex -71.3681 -83.2258 15.0983
    endloop
  endfacet
  facet normal 0.60702 -0.692358 0.390087
    outer loop
      vertex -70.9602 -83.2663 14.3919
      vertex -73.0704 -85 14.5985
      vertex -72.0956 -85 13.0816
    endloop
  endfacet
  facet normal 0.299765 -0.692362 0.656335
    outer loop
      vertex -72.0956 -85 13.0816
      vertex -70.8 -83.46 14.1144
      vertex -70.9602 -83.2663 14.3919
    endloop
  endfacet
  facet normal 0.299729 -0.692351 0.656363
    outer loop
      vertex -70.4554 -85 12.3326
      vertex -70.8 -83.46 14.1144
      vertex -72.0956 -85 13.0816
    endloop
  endfacet
  facet normal 0.299734 -0.69235 0.656362
    outer loop
      vertex -70.8 -83.46 14.1144
      vertex -70.4554 -85 12.3326
      vertex -70.1992 -83.1999 14.1144
    endloop
  endfacet
  facet normal 0.299765 -0.692362 -0.656335
    outer loop
      vertex -72.0956 -85 17.9184
      vertex -70.9602 -83.2663 16.6081
      vertex -70.8 -83.46 16.8856
    endloop
  endfacet
  facet normal 0.299729 -0.692351 -0.656363
    outer loop
      vertex -70.8 -83.46 16.8856
      vertex -70.4554 -85 18.6674
      vertex -72.0956 -85 17.9184
    endloop
  endfacet
  facet normal 0.299734 -0.69235 -0.656362
    outer loop
      vertex -70.4554 -85 18.6674
      vertex -70.8 -83.46 16.8856
      vertex -70.1992 -83.1999 16.8856
    endloop
  endfacet
  facet normal -0.102687 -0.692346 0.714222
    outer loop
      vertex -70.4554 -85 12.3326
      vertex -69.3672 -83.3233 14.1144
      vertex -70.1992 -83.1999 14.1144
    endloop
  endfacet
  facet normal -0.102689 -0.692345 0.714222
    outer loop
      vertex -69.3672 -83.3233 14.1144
      vertex -70.4554 -85 12.3326
      vertex -68.6707 -85 12.5892
    endloop
  endfacet
  facet normal -0.472471 -0.692351 0.545363
    outer loop
      vertex -68.6707 -85 12.5892
      vertex -69.2 -83.4374 14.1144
      vertex -69.3672 -83.3233 14.1144
    endloop
  endfacet
  facet normal -0.472507 -0.692343 0.545342
    outer loop
      vertex -69.2 -83.4374 14.1144
      vertex -68.6707 -85 12.5892
      vertex -67.308 -85 13.7699
    endloop
  endfacet
  facet normal -0.472499 -0.692336 0.545358
    outer loop
      vertex -68.833 -83.1872 14.75
      vertex -69.2 -83.4374 14.1144
      vertex -67.308 -85 13.7699
    endloop
  endfacet
  facet normal 0.60702 -0.692358 -0.390087
    outer loop
      vertex -73.0704 -85 16.4015
      vertex -70.9602 -83.2663 16.6081
      vertex -72.0956 -85 17.9184
    endloop
  endfacet
  facet normal 0.606997 -0.692318 -0.390194
    outer loop
      vertex -70.9602 -83.2663 16.6081
      vertex -73.0704 -85 16.4015
      vertex -71.3681 -83.2258 15.9017
    endloop
  endfacet
  facet normal -0.472471 -0.692351 -0.545363
    outer loop
      vertex -69.2 -83.4374 16.8856
      vertex -68.6707 -85 18.4108
      vertex -69.3672 -83.3233 16.8856
    endloop
  endfacet
  facet normal -0.472534 -0.692337 -0.545327
    outer loop
      vertex -68.6707 -85 18.4108
      vertex -69.2 -83.4374 16.8856
      vertex -67.308 -85 17.23
    endloop
  endfacet
  facet normal -0.472515 -0.692322 -0.545362
    outer loop
      vertex -67.308 -85 17.23
      vertex -69.2 -83.4374 16.8856
      vertex -68.833 -83.1872 16.25
    endloop
  endfacet
  facet normal -0 0 1
    outer loop
      vertex 70.6328 83.3233 14.1144
      vertex 70.8 80 14.1144
      vertex 70.8 83.4374 14.1144
    endloop
  endfacet
  facet normal -0 0 1
    outer loop
      vertex 69.8008 83.1999 14.1144
      vertex 70.8 80 14.1144
      vertex 70.6328 83.3233 14.1144
    endloop
  endfacet
  facet normal 0 0 1
    outer loop
      vertex 69.2 80 14.1144
      vertex 69.8008 83.1999 14.1144
      vertex 69.2 83.46 14.1144
    endloop
  endfacet
  facet normal 0 0 1
    outer loop
      vertex 69.8008 83.1999 14.1144
      vertex 69.2 80 14.1144
      vertex 70.8 80 14.1144
    endloop
  endfacet
  facet normal -0.866004 0 0.500037
    outer loop
      vertex 70.8 83.4374 14.1144
      vertex 70.8 80 14.1144
      vertex 71.167 83.1872 14.75
    endloop
  endfacet
  facet normal -0.866019 6.90276e-06 0.500011
    outer loop
      vertex 71.6 80 15.5
      vertex 71.167 83.1872 14.75
      vertex 70.8 80 14.1144
    endloop
  endfacet
  facet normal -0.866032 0 0.499989
    outer loop
      vertex 71.167 83.1872 14.75
      vertex 71.6 80 15.5
      vertex 71.6 83.4 15.5
    endloop
  endfacet
  facet normal 0 0 -1
    outer loop
      vertex 70.8 80 16.8856
      vertex 70.6328 83.3233 16.8856
      vertex 70.8 83.4374 16.8856
    endloop
  endfacet
  facet normal 0 0 -1
    outer loop
      vertex 70.8 80 16.8856
      vertex 69.8008 83.1999 16.8856
      vertex 70.6328 83.3233 16.8856
    endloop
  endfacet
  facet normal 0 0 -1
    outer loop
      vertex 69.2 80 16.8856
      vertex 69.8008 83.1999 16.8856
      vertex 70.8 80 16.8856
    endloop
  endfacet
  facet normal -0 0 -1
    outer loop
      vertex 69.8008 83.1999 16.8856
      vertex 69.2 80 16.8856
      vertex 69.2 83.46 16.8856
    endloop
  endfacet
  facet normal -0.866032 -0 -0.499989
    outer loop
      vertex 71.6 83.4 15.5
      vertex 71.6 80 15.5
      vertex 71.167 83.1872 16.25
    endloop
  endfacet
  facet normal -0.866019 6.90276e-06 -0.500011
    outer loop
      vertex 70.8 80 16.8856
      vertex 71.167 83.1872 16.25
      vertex 71.6 80 15.5
    endloop
  endfacet
  facet normal -0.866004 0 -0.500037
    outer loop
      vertex 71.167 83.1872 16.25
      vertex 70.8 80 16.8856
      vertex 70.8 83.4374 16.8856
    endloop
  endfacet
  facet normal 0.865994 -1.00735e-05 -0.500055
    outer loop
      vertex 69.0398 83.2663 16.6081
      vertex 69.2 80 16.8856
      vertex 68.6319 83.2258 15.9017
    endloop
  endfacet
  facet normal 0.866045 0 -0.499966
    outer loop
      vertex 69.2 80 16.8856
      vertex 69.0398 83.2663 16.6081
      vertex 69.2 83.46 16.8856
    endloop
  endfacet
  facet normal 0.866019 7.62618e-06 -0.500011
    outer loop
      vertex 68.4 80 15.5
      vertex 68.6319 83.2258 15.9017
      vertex 69.2 80 16.8856
    endloop
  endfacet
  facet normal 0.866046 0 -0.499965
    outer loop
      vertex 68.6319 83.2258 15.9017
      vertex 68.4 80 15.5
      vertex 68.4 83.4675 15.5
    endloop
  endfacet
  facet normal 0.866046 0 0.499965
    outer loop
      vertex 68.4 83.4675 15.5
      vertex 68.4 80 15.5
      vertex 68.6319 83.2258 15.0983
    endloop
  endfacet
  facet normal 0.866019 7.62618e-06 0.500011
    outer loop
      vertex 69.2 80 14.1144
      vertex 68.6319 83.2258 15.0983
      vertex 68.4 80 15.5
    endloop
  endfacet
  facet normal 0.865994 -1.00735e-05 0.500055
    outer loop
      vertex 68.6319 83.2258 15.0983
      vertex 69.2 80 14.1144
      vertex 69.0398 83.2663 14.3919
    endloop
  endfacet
  facet normal 0.866045 0 0.499966
    outer loop
      vertex 69.0398 83.2663 14.3919
      vertex 69.2 80 14.1144
      vertex 69.2 83.46 14.1144
    endloop
  endfacet
  facet normal -0.692344 0.692344 -0.203272
    outer loop
      vertex 71.167 83.1872 16.25
      vertex 73.2 85 15.5
      vertex 71.6 83.4 15.5
    endloop
  endfacet
  facet normal -0.692346 0.692334 -0.203301
    outer loop
      vertex 73.2 85 15.5
      vertex 71.167 83.1872 16.25
      vertex 72.692 85 17.23
    endloop
  endfacet
  facet normal 0.721575 0.692336 0
    outer loop
      vertex 66.9296 85 16.4015
      vertex 68.4 83.4675 15.5
      vertex 66.9296 85 14.5985
    endloop
  endfacet
  facet normal 0.721578 0.692333 7.7309e-06
    outer loop
      vertex 68.4 83.4675 15.5
      vertex 66.9296 85 16.4015
      vertex 68.6319 83.2258 15.9017
    endloop
  endfacet
  facet normal 0.721578 0.692333 -7.7309e-06
    outer loop
      vertex 66.9296 85 14.5985
      vertex 68.4 83.4675 15.5
      vertex 68.6319 83.2258 15.0983
    endloop
  endfacet
  facet normal -0.692345 0.692338 0.20329
    outer loop
      vertex 71.167 83.1872 14.75
      vertex 73.2 85 15.5
      vertex 72.692 85 13.7699
    endloop
  endfacet
  facet normal -0.692344 0.692344 0.203272
    outer loop
      vertex 73.2 85 15.5
      vertex 71.167 83.1872 14.75
      vertex 71.6 83.4 15.5
    endloop
  endfacet
  facet normal -0.102689 0.692345 0.714222
    outer loop
      vertex 69.5446 85 12.3326
      vertex 70.6328 83.3233 14.1144
      vertex 71.3293 85 12.5892
    endloop
  endfacet
  facet normal -0.102687 0.692346 0.714222
    outer loop
      vertex 70.6328 83.3233 14.1144
      vertex 69.5446 85 12.3326
      vertex 69.8008 83.1999 14.1144
    endloop
  endfacet
  facet normal 0.60702 0.692358 -0.390087
    outer loop
      vertex 69.0398 83.2663 16.6081
      vertex 66.9296 85 16.4015
      vertex 67.9044 85 17.9184
    endloop
  endfacet
  facet normal 0.606997 0.692318 -0.390194
    outer loop
      vertex 66.9296 85 16.4015
      vertex 69.0398 83.2663 16.6081
      vertex 68.6319 83.2258 15.9017
    endloop
  endfacet
  facet normal 0.299734 0.69235 -0.656362
    outer loop
      vertex 69.2 83.46 16.8856
      vertex 69.5446 85 18.6674
      vertex 69.8008 83.1999 16.8856
    endloop
  endfacet
  facet normal 0.299729 0.692351 -0.656363
    outer loop
      vertex 69.5446 85 18.6674
      vertex 69.2 83.46 16.8856
      vertex 67.9044 85 17.9184
    endloop
  endfacet
  facet normal 0.299765 0.692362 -0.656335
    outer loop
      vertex 67.9044 85 17.9184
      vertex 69.2 83.46 16.8856
      vertex 69.0398 83.2663 16.6081
    endloop
  endfacet
  facet normal 0.299734 0.69235 0.656362
    outer loop
      vertex 69.5446 85 12.3326
      vertex 69.2 83.46 14.1144
      vertex 69.8008 83.1999 14.1144
    endloop
  endfacet
  facet normal 0.299729 0.692351 0.656363
    outer loop
      vertex 69.2 83.46 14.1144
      vertex 69.5446 85 12.3326
      vertex 67.9044 85 13.0816
    endloop
  endfacet
  facet normal 0.299765 0.692362 0.656335
    outer loop
      vertex 69.0398 83.2663 14.3919
      vertex 69.2 83.46 14.1144
      vertex 67.9044 85 13.0816
    endloop
  endfacet
  facet normal -0.102687 0.692346 -0.714222
    outer loop
      vertex 69.5446 85 18.6674
      vertex 70.6328 83.3233 16.8856
      vertex 69.8008 83.1999 16.8856
    endloop
  endfacet
  facet normal -0.102689 0.692345 -0.714222
    outer loop
      vertex 70.6328 83.3233 16.8856
      vertex 69.5446 85 18.6674
      vertex 71.3293 85 18.4108
    endloop
  endfacet
  facet normal -0.472515 0.692322 -0.545362
    outer loop
      vertex 72.692 85 17.23
      vertex 71.167 83.1872 16.25
      vertex 70.8 83.4374 16.8856
    endloop
  endfacet
  facet normal -0.472534 0.692337 -0.545327
    outer loop
      vertex 70.8 83.4374 16.8856
      vertex 71.3293 85 18.4108
      vertex 72.692 85 17.23
    endloop
  endfacet
  facet normal -0.472471 0.692351 -0.545363
    outer loop
      vertex 71.3293 85 18.4108
      vertex 70.8 83.4374 16.8856
      vertex 70.6328 83.3233 16.8856
    endloop
  endfacet
  facet normal 0.606997 0.692318 0.390194
    outer loop
      vertex 69.0398 83.2663 14.3919
      vertex 66.9296 85 14.5985
      vertex 68.6319 83.2258 15.0983
    endloop
  endfacet
  facet normal 0.60702 0.692358 0.390087
    outer loop
      vertex 66.9296 85 14.5985
      vertex 69.0398 83.2663 14.3919
      vertex 67.9044 85 13.0816
    endloop
  endfacet
  facet normal -0.472499 0.692336 0.545358
    outer loop
      vertex 72.692 85 13.7699
      vertex 70.8 83.4374 14.1144
      vertex 71.167 83.1872 14.75
    endloop
  endfacet
  facet normal -0.472507 0.692343 0.545342
    outer loop
      vertex 71.3293 85 12.5892
      vertex 70.8 83.4374 14.1144
      vertex 72.692 85 13.7699
    endloop
  endfacet
  facet normal -0.472471 0.692351 0.545363
    outer loop
      vertex 70.8 83.4374 14.1144
      vertex 71.3293 85 12.5892
      vertex 70.6328 83.3233 14.1144
    endloop
  endfacet
  facet normal -0 0 1
    outer loop
      vertex -69.3672 83.3233 14.1144
      vertex -69.2 80 14.1144
      vertex -69.2 83.4374 14.1144
    endloop
  endfacet
  facet normal -0 0 1
    outer loop
      vertex -70.1992 83.1999 14.1144
      vertex -69.2 80 14.1144
      vertex -69.3672 83.3233 14.1144
    endloop
  endfacet
  facet normal 0 0 1
    outer loop
      vertex -70.8 80 14.1144
      vertex -70.1992 83.1999 14.1144
      vertex -70.8 83.46 14.1144
    endloop
  endfacet
  facet normal 0 0 1
    outer loop
      vertex -70.1992 83.1999 14.1144
      vertex -70.8 80 14.1144
      vertex -69.2 80 14.1144
    endloop
  endfacet
  facet normal -0.866004 0 0.500037
    outer loop
      vertex -69.2 83.4374 14.1144
      vertex -69.2 80 14.1144
      vertex -68.833 83.1872 14.75
    endloop
  endfacet
  facet normal -0.866019 6.90276e-06 0.500011
    outer loop
      vertex -68.4 80 15.5
      vertex -68.833 83.1872 14.75
      vertex -69.2 80 14.1144
    endloop
  endfacet
  facet normal -0.866032 0 0.499989
    outer loop
      vertex -68.833 83.1872 14.75
      vertex -68.4 80 15.5
      vertex -68.4 83.4 15.5
    endloop
  endfacet
  facet normal 0 0 -1
    outer loop
      vertex -69.2 80 16.8856
      vertex -69.3672 83.3233 16.8856
      vertex -69.2 83.4374 16.8856
    endloop
  endfacet
  facet normal 0 0 -1
    outer loop
      vertex -69.2 80 16.8856
      vertex -70.1992 83.1999 16.8856
      vertex -69.3672 83.3233 16.8856
    endloop
  endfacet
  facet normal 0 0 -1
    outer loop
      vertex -70.8 80 16.8856
      vertex -70.1992 83.1999 16.8856
      vertex -69.2 80 16.8856
    endloop
  endfacet
  facet normal -0 0 -1
    outer loop
      vertex -70.1992 83.1999 16.8856
      vertex -70.8 80 16.8856
      vertex -70.8 83.46 16.8856
    endloop
  endfacet
  facet normal -0.866032 -0 -0.499989
    outer loop
      vertex -68.4 83.4 15.5
      vertex -68.4 80 15.5
      vertex -68.833 83.1872 16.25
    endloop
  endfacet
  facet normal -0.866019 6.90276e-06 -0.500011
    outer loop
      vertex -69.2 80 16.8856
      vertex -68.833 83.1872 16.25
      vertex -68.4 80 15.5
    endloop
  endfacet
  facet normal -0.866004 0 -0.500037
    outer loop
      vertex -68.833 83.1872 16.25
      vertex -69.2 80 16.8856
      vertex -69.2 83.4374 16.8856
    endloop
  endfacet
  facet normal 0.865994 -1.00735e-05 -0.500055
    outer loop
      vertex -70.9602 83.2663 16.6081
      vertex -70.8 80 16.8856
      vertex -71.3681 83.2258 15.9017
    endloop
  endfacet
  facet normal 0.866045 0 -0.499966
    outer loop
      vertex -70.8 80 16.8856
      vertex -70.9602 83.2663 16.6081
      vertex -70.8 83.46 16.8856
    endloop
  endfacet
  facet normal 0.866019 7.62618e-06 -0.500011
    outer loop
      vertex -71.6 80 15.5
      vertex -71.3681 83.2258 15.9017
      vertex -70.8 80 16.8856
    endloop
  endfacet
  facet normal 0.866046 0 -0.499965
    outer loop
      vertex -71.3681 83.2258 15.9017
      vertex -71.6 80 15.5
      vertex -71.6 83.4675 15.5
    endloop
  endfacet
  facet normal 0.866046 0 0.499965
    outer loop
      vertex -71.6 83.4675 15.5
      vertex -71.6 80 15.5
      vertex -71.3681 83.2258 15.0983
    endloop
  endfacet
  facet normal 0.866019 7.62618e-06 0.500011
    outer loop
      vertex -70.8 80 14.1144
      vertex -71.3681 83.2258 15.0983
      vertex -71.6 80 15.5
    endloop
  endfacet
  facet normal 0.865994 -1.00735e-05 0.500055
    outer loop
      vertex -71.3681 83.2258 15.0983
      vertex -70.8 80 14.1144
      vertex -70.9602 83.2663 14.3919
    endloop
  endfacet
  facet normal 0.866045 0 0.499966
    outer loop
      vertex -70.9602 83.2663 14.3919
      vertex -70.8 80 14.1144
      vertex -70.8 83.46 14.1144
    endloop
  endfacet
  facet normal -0.692344 0.692344 -0.203272
    outer loop
      vertex -68.833 83.1872 16.25
      vertex -66.8 85 15.5
      vertex -68.4 83.4 15.5
    endloop
  endfacet
  facet normal -0.692346 0.692334 -0.203301
    outer loop
      vertex -66.8 85 15.5
      vertex -68.833 83.1872 16.25
      vertex -67.308 85 17.23
    endloop
  endfacet
  facet normal 0.721575 0.692336 0
    outer loop
      vertex -73.0704 85 16.4015
      vertex -71.6 83.4675 15.5
      vertex -73.0704 85 14.5985
    endloop
  endfacet
  facet normal 0.721578 0.692333 7.7309e-06
    outer loop
      vertex -71.6 83.4675 15.5
      vertex -73.0704 85 16.4015
      vertex -71.3681 83.2258 15.9017
    endloop
  endfacet
  facet normal 0.721578 0.692333 -7.7309e-06
    outer loop
      vertex -73.0704 85 14.5985
      vertex -71.6 83.4675 15.5
      vertex -71.3681 83.2258 15.0983
    endloop
  endfacet
  facet normal -0.692345 0.692338 0.20329
    outer loop
      vertex -68.833 83.1872 14.75
      vertex -66.8 85 15.5
      vertex -67.308 85 13.7699
    endloop
  endfacet
  facet normal -0.692344 0.692344 0.203272
    outer loop
      vertex -66.8 85 15.5
      vertex -68.833 83.1872 14.75
      vertex -68.4 83.4 15.5
    endloop
  endfacet
  facet normal -0.102689 0.692345 0.714222
    outer loop
      vertex -70.4554 85 12.3326
      vertex -69.3672 83.3233 14.1144
      vertex -68.6707 85 12.5892
    endloop
  endfacet
  facet normal -0.102687 0.692346 0.714222
    outer loop
      vertex -69.3672 83.3233 14.1144
      vertex -70.4554 85 12.3326
      vertex -70.1992 83.1999 14.1144
    endloop
  endfacet
  facet normal 0.60702 0.692358 -0.390087
    outer loop
      vertex -70.9602 83.2663 16.6081
      vertex -73.0704 85 16.4015
      vertex -72.0956 85 17.9184
    endloop
  endfacet
  facet normal 0.606997 0.692318 -0.390194
    outer loop
      vertex -73.0704 85 16.4015
      vertex -70.9602 83.2663 16.6081
      vertex -71.3681 83.2258 15.9017
    endloop
  endfacet
  facet normal 0.299734 0.69235 -0.656362
    outer loop
      vertex -70.8 83.46 16.8856
      vertex -70.4554 85 18.6674
      vertex -70.1992 83.1999 16.8856
    endloop
  endfacet
  facet normal 0.299729 0.692351 -0.656363
    outer loop
      vertex -70.4554 85 18.6674
      vertex -70.8 83.46 16.8856
      vertex -72.0956 85 17.9184
    endloop
  endfacet
  facet normal 0.299765 0.692362 -0.656335
    outer loop
      vertex -72.0956 85 17.9184
      vertex -70.8 83.46 16.8856
      vertex -70.9602 83.2663 16.6081
    endloop
  endfacet
  facet normal 0.299734 0.69235 0.656362
    outer loop
      vertex -70.4554 85 12.3326
      vertex -70.8 83.46 14.1144
      vertex -70.1992 83.1999 14.1144
    endloop
  endfacet
  facet normal 0.299729 0.692351 0.656363
    outer loop
      vertex -70.8 83.46 14.1144
      vertex -70.4554 85 12.3326
      vertex -72.0956 85 13.0816
    endloop
  endfacet
  facet normal 0.299765 0.692362 0.656335
    outer loop
      vertex -70.9602 83.2663 14.3919
      vertex -70.8 83.46 14.1144
      vertex -72.0956 85 13.0816
    endloop
  endfacet
  facet normal -0.102687 0.692346 -0.714222
    outer loop
      vertex -70.4554 85 18.6674
      vertex -69.3672 83.3233 16.8856
      vertex -70.1992 83.1999 16.8856
    endloop
  endfacet
  facet normal -0.102689 0.692345 -0.714222
    outer loop
      vertex -69.3672 83.3233 16.8856
      vertex -70.4554 85 18.6674
      vertex -68.6707 85 18.4108
    endloop
  endfacet
  facet normal -0.472515 0.692322 -0.545362
    outer loop
      vertex -67.308 85 17.23
      vertex -68.833 83.1872 16.25
      vertex -69.2 83.4374 16.8856
    endloop
  endfacet
  facet normal -0.472534 0.692337 -0.545327
    outer loop
      vertex -69.2 83.4374 16.8856
      vertex -68.6707 85 18.4108
      vertex -67.308 85 17.23
    endloop
  endfacet
  facet normal -0.472471 0.692351 -0.545363
    outer loop
      vertex -68.6707 85 18.4108
      vertex -69.2 83.4374 16.8856
      vertex -69.3672 83.3233 16.8856
    endloop
  endfacet
  facet normal 0.606997 0.692318 0.390194
    outer loop
      vertex -70.9602 83.2663 14.3919
      vertex -73.0704 85 14.5985
      vertex -71.3681 83.2258 15.0983
    endloop
  endfacet
  facet normal 0.60702 0.692358 0.390087
    outer loop
      vertex -73.0704 85 14.5985
      vertex -70.9602 83.2663 14.3919
      vertex -72.0956 85 13.0816
    endloop
  endfacet
  facet normal -0.472499 0.692336 0.545358
    outer loop
      vertex -67.308 85 13.7699
      vertex -69.2 83.4374 14.1144
      vertex -68.833 83.1872 14.75
    endloop
  endfacet
  facet normal -0.472507 0.692343 0.545342
    outer loop
      vertex -68.6707 85 12.5892
      vertex -69.2 83.4374 14.1144
      vertex -67.308 85 13.7699
    endloop
  endfacet
  facet normal -0.472471 0.692351 0.545363
    outer loop
      vertex -69.2 83.4374 14.1144
      vertex -68.6707 85 12.5892
      vertex -69.3672 83.3233 14.1144
    endloop
  endfacet
  facet normal -1 0 0
    outer loop
      vertex 80 -80 0
      vertex 80 80 5
      vertex 80 80 0
    endloop
  endfacet
  facet normal -1 -0 0
    outer loop
      vertex 80 80 5
      vertex 80 -80 0
      vertex 80 -80 5
    endloop
  endfacet
  facet normal 0 0 -1
    outer loop
      vertex 80 -80 5
      vertex 69.7 -69.7 5
      vertex 80 80 5
    endloop
  endfacet
  facet normal 0 0 -1
    outer loop
      vertex 80 -80 5
      vertex -69.7 -69.7 5
      vertex 69.7 -69.7 5
    endloop
  endfacet
  facet normal -0 0 -1
    outer loop
      vertex -69.7 -69.7 5
      vertex -80 -80 5
      vertex -69.7 69.7 5
    endloop
  endfacet
  facet normal 0 0 -1
    outer loop
      vertex -80 -80 5
      vertex -69.7 -69.7 5
      vertex 80 -80 5
    endloop
  endfacet
  facet normal 0 0 -1
    outer loop
      vertex 69.7 69.7 5
      vertex 80 80 5
      vertex 69.7 -69.7 5
    endloop
  endfacet
  facet normal 0 0 -1
    outer loop
      vertex -69.7 69.7 5
      vertex 80 80 5
      vertex 69.7 69.7 5
    endloop
  endfacet
  facet normal 0 0 -1
    outer loop
      vertex -69.7 69.7 5
      vertex -80 80 5
      vertex 80 80 5
    endloop
  endfacet
  facet normal 0 0 -1
    outer loop
      vertex -80 80 5
      vertex -69.7 69.7 5
      vertex -80 -80 5
    endloop
  endfacet
  facet normal 1 -0 0
    outer loop
      vertex -80 -80 5
      vertex -80 80 0
      vertex -80 80 5
    endloop
  endfacet
  facet normal 1 0 0
    outer loop
      vertex -80 80 0
      vertex -80 -80 5
      vertex -80 -80 0
    endloop
  endfacet
  facet normal 0 -1 0
    outer loop
      vertex -80 80 0
      vertex 80 80 5
      vertex -80 80 5
    endloop
  endfacet
  facet normal 0 -1 -0
    outer loop
      vertex 80 80 5
      vertex -80 80 0
      vertex 80 80 0
    endloop
  endfacet
  facet normal 0 1 -0
    outer loop
      vertex 80 -80 0
      vertex -80 -80 5
      vertex 80 -80 5
    endloop
  endfacet
  facet normal 0 1 0
    outer loop
      vertex -80 -80 5
      vertex 80 -80 0
      vertex -80 -80 0
    endloop
  endfacet
  facet normal -1 0 0
    outer loop
      vertex 69.7 -69.7 5
      vertex 69.7 69.7 7
      vertex 69.7 69.7 5
    endloop
  endfacet
  facet normal -1 -0 0
    outer loop
      vertex 69.7 69.7 7
      vertex 69.7 -69.7 5
      vertex 69.7 -69.7 7
    endloop
  endfacet
  facet normal 1 -0 0
    outer loop
      vertex -69.7 -69.7 7
      vertex -69.7 69.7 5
      vertex -69.7 69.7 7
    endloop
  endfacet
  facet normal 1 0 0
    outer loop
      vertex -69.7 69.7 5
      vertex -69.7 -69.7 7
      vertex -69.7 -69.7 5
    endloop
  endfacet
  facet normal 0 -1 0
    outer loop
      vertex -69.7 69.7 5
      vertex 69.7 69.7 7
      vertex -69.7 69.7 7
    endloop
  endfacet
  facet normal 0 -1 -0
    outer loop
      vertex 69.7 69.7 7
      vertex -69.7 69.7 5
      vertex 69.7 69.7 5
    endloop
  endfacet
  facet normal 0 1 -0
    outer loop
      vertex 69.7 -69.7 5
      vertex -69.7 -69.7 7
      vertex 69.7 -69.7 7
    endloop
  endfacet
  facet normal 0 1 0
    outer loop
      vertex -69.7 -69.7 7
      vertex 69.7 -69.7 5
      vertex -69.7 -69.7 5
    endloop
  endfacet
  facet normal -0 0.436702 0.899606
    outer loop
      vertex -69.7 -69.7 7
      vertex 80 -80 12
      vertex 69.7 -69.7 7
    endloop
  endfacet
  facet normal 0 0.436702 0.899606
    outer loop
      vertex 80 -80 12
      vertex -69.7 -69.7 7
      vertex -80 -80 12
    endloop
  endfacet
  facet normal 0 -0.436702 0.899606
    outer loop
      vertex 80 80 12
      vertex -69.7 69.7 7
      vertex 69.7 69.7 7
    endloop
  endfacet
  facet normal 0 -0.436702 0.899606
    outer loop
      vertex -69.7 69.7 7
      vertex 80 80 12
      vertex -80 80 12
    endloop
  endfacet
  facet normal -0.436702 0 0.899606
    outer loop
      vertex 69.7 69.7 7
      vertex 80 -80 12
      vertex 80 80 12
    endloop
  endfacet
  facet normal -0.436702 0 0.899606
    outer loop
      vertex 80 -80 12
      vertex 69.7 69.7 7
      vertex 69.7 -69.7 7
    endloop
  endfacet
  facet normal 0.436702 0 0.899606
    outer loop
      vertex -80 80 12
      vertex -69.7 -69.7 7
      vertex -69.7 69.7 7
    endloop
  endfacet
  facet normal 0.436702 0 0.899606
    outer loop
      vertex -69.7 -69.7 7
      vertex -80 80 12
      vertex -80 -80 12
    endloop
  endfacet
  facet normal -0.850206 0 0.52645
    outer loop
      vertex -86.2311 80 61.5642
      vertex -85.2444 85 63.1577
      vertex -86.2311 85 61.5642
    endloop
  endfacet
  facet normal -0.850206 0 0.52645
    outer loop
      vertex -85.2444 85 63.1577
      vertex -86.2311 80 61.5642
      vertex -85.2444 80 63.1577
    endloop
  endfacet
  facet normal -0.982972 0 0.183757
    outer loop
      vertex -85.2444 80 63.1577
      vertex -84.9 85 65
      vertex -85.2444 85 63.1577
    endloop
  endfacet
  facet normal -0.982972 0 0.183757
    outer loop
      vertex -84.9 85 65
      vertex -85.2444 80 63.1577
      vertex -84.9 80 65
    endloop
  endfacet
  facet normal -0.60266 0 0.797998
    outer loop
      vertex -87.7267 85 60.4347
      vertex -86.2311 80 61.5642
      vertex -86.2311 85 61.5642
    endloop
  endfacet
  facet normal -0.60266 0 0.797998
    outer loop
      vertex -86.2311 80 61.5642
      vertex -87.7267 85 60.4347
      vertex -87.7267 80 60.4347
    endloop
  endfacet
  facet normal -0.273682 0 0.96182
    outer loop
      vertex -87.7267 85 60.4347
      vertex -89.2544 80 60
      vertex -87.7267 80 60.4347
    endloop
  endfacet
  facet normal -0.273657 -8.14835e-06 0.961827
    outer loop
      vertex -89.5294 85 59.9218
      vertex -89.2544 80 60
      vertex -87.7267 85 60.4347
    endloop
  endfacet
  facet normal -0.27352 0 0.961866
    outer loop
      vertex -89.2544 80 60
      vertex -89.5294 85 59.9218
      vertex -89.5294 80 59.9218
    endloop
  endfacet
  facet normal 0.0922526 -0.000424315 0.995736
    outer loop
      vertex -90.3738 84.9256 60
      vertex -89.5294 85 59.9218
      vertex -90 85 59.9654
    endloop
  endfacet
  facet normal 0.0922155 0 0.995739
    outer loop
      vertex -89.5294 85 59.9218
      vertex -90.3738 84.9256 60
      vertex -89.5294 80 59.9218
    endloop
  endfacet
  facet normal 0.0922155 0 0.995739
    outer loop
      vertex -89.5294 80 59.9218
      vertex -90.3738 84.9256 60
      vertex -90.3738 80 60
    endloop
  endfacet
  facet normal 0.0922155 0 0.995739
    outer loop
      vertex -90.3738 -84.9256 60
      vertex -89.5294 -85 59.9218
      vertex -89.5294 -80 59.9218
    endloop
  endfacet
  facet normal 0.0922155 -0 0.995739
    outer loop
      vertex -90.3738 -84.9256 60
      vertex -89.5294 -80 59.9218
      vertex -90.3738 -80 60
    endloop
  endfacet
  facet normal 0.0922526 0.000424315 0.995736
    outer loop
      vertex -89.5294 -85 59.9218
      vertex -90.3738 -84.9256 60
      vertex -90 -85 59.9654
    endloop
  endfacet
  facet normal -0.273682 0 0.96182
    outer loop
      vertex -89.2544 -80 60
      vertex -87.7267 -85 60.4347
      vertex -87.7267 -80 60.4347
    endloop
  endfacet
  facet normal -0.27352 0 0.961866
    outer loop
      vertex -89.5294 -85 59.9218
      vertex -89.2544 -80 60
      vertex -89.5294 -80 59.9218
    endloop
  endfacet
  facet normal -0.273657 8.14835e-06 0.961827
    outer loop
      vertex -89.2544 -80 60
      vertex -89.5294 -85 59.9218
      vertex -87.7267 -85 60.4347
    endloop
  endfacet
  facet normal -0.982972 0 0.183757
    outer loop
      vertex -85.2444 -85 63.1577
      vertex -84.9 -80 65
      vertex -85.2444 -80 63.1577
    endloop
  endfacet
  facet normal -0.982972 0 0.183757
    outer loop
      vertex -84.9 -80 65
      vertex -85.2444 -85 63.1577
      vertex -84.9 -85 65
    endloop
  endfacet
  facet normal -0.60266 0 0.797998
    outer loop
      vertex -87.7267 -80 60.4347
      vertex -86.2311 -85 61.5642
      vertex -86.2311 -80 61.5642
    endloop
  endfacet
  facet normal -0.60266 0 0.797998
    outer loop
      vertex -86.2311 -85 61.5642
      vertex -87.7267 -80 60.4347
      vertex -87.7267 -85 60.4347
    endloop
  endfacet
  facet normal -0.850206 0 0.52645
    outer loop
      vertex -86.2311 -85 61.5642
      vertex -85.2444 -80 63.1577
      vertex -86.2311 -80 61.5642
    endloop
  endfacet
  facet normal -0.850206 0 0.52645
    outer loop
      vertex -85.2444 -80 63.1577
      vertex -86.2311 -85 61.5642
      vertex -85.2444 -85 63.1577
    endloop
  endfacet
  facet normal 0.62347 0 -0.781848
    outer loop
      vertex -91.892 50.1 66.1112
      vertex -90.4673 69.9 67.2473
      vertex -90.4673 50.1 67.2473
    endloop
  endfacet
  facet normal 0.62347 0 -0.781848
    outer loop
      vertex -90.4673 69.9 67.2473
      vertex -91.892 50.1 66.1112
      vertex -91.892 69.9 66.1112
    endloop
  endfacet
  facet normal -0.222574 0 0.974916
    outer loop
      vertex -90.4673 69.9 63.1526
      vertex -88.6907 50.1 63.5582
      vertex -88.6907 69.9 63.5582
    endloop
  endfacet
  facet normal -0.222574 0 0.974916
    outer loop
      vertex -88.6907 50.1 63.5582
      vertex -90.4673 69.9 63.1526
      vertex -90.4673 50.1 63.1526
    endloop
  endfacet
  facet normal -0.900958 0 0.433906
    outer loop
      vertex -88.6907 50.1 63.5582
      vertex -87.9 69.9 65.2
      vertex -88.6907 69.9 63.5582
    endloop
  endfacet
  facet normal -0.900958 0 0.433906
    outer loop
      vertex -87.9 69.9 65.2
      vertex -88.6907 50.1 63.5582
      vertex -87.9 50.1 65.2
    endloop
  endfacet
  facet normal -0.222522 0 -0.974928
    outer loop
      vertex -90.4673 50.1 67.2473
      vertex -88.6907 69.9 66.8418
      vertex -88.6907 50.1 66.8418
    endloop
  endfacet
  facet normal -0.222522 0 -0.974928
    outer loop
      vertex -88.6907 69.9 66.8418
      vertex -90.4673 50.1 67.2473
      vertex -90.4673 69.9 67.2473
    endloop
  endfacet
  facet normal 0.623503 0 0.781821
    outer loop
      vertex -91.892 69.9 64.2888
      vertex -90.4673 50.1 63.1526
      vertex -90.4673 69.9 63.1526
    endloop
  endfacet
  facet normal 0.623503 0 0.781821
    outer loop
      vertex -90.4673 50.1 63.1526
      vertex -91.892 69.9 64.2888
      vertex -91.892 50.1 64.2888
    endloop
  endfacet
  facet normal -0.900958 0 -0.433906
    outer loop
      vertex -87.9 50.1 65.2
      vertex -88.6907 69.9 66.8418
      vertex -87.9 69.9 65.2
    endloop
  endfacet
  facet normal -0.900958 -0 -0.433906
    outer loop
      vertex -88.6907 69.9 66.8418
      vertex -87.9 50.1 65.2
      vertex -88.6907 50.1 66.8418
    endloop
  endfacet
  facet normal 1 -0 0
    outer loop
      vertex -91.892 50.1 66.1112
      vertex -91.892 69.9 64.2888
      vertex -91.892 69.9 66.1112
    endloop
  endfacet
  facet normal 1 0 0
    outer loop
      vertex -91.892 69.9 64.2888
      vertex -91.892 50.1 66.1112
      vertex -91.892 50.1 64.2888
    endloop
  endfacet
  facet normal -0.900958 0 -0.433906
    outer loop
      vertex -87.9 -69.9 65.2
      vertex -88.6907 -50.1 66.8418
      vertex -87.9 -50.1 65.2
    endloop
  endfacet
  facet normal -0.900958 -0 -0.433906
    outer loop
      vertex -88.6907 -50.1 66.8418
      vertex -87.9 -69.9 65.2
      vertex -88.6907 -69.9 66.8418
    endloop
  endfacet
  facet normal 0.62347 0 -0.781848
    outer loop
      vertex -91.892 -69.9 66.1112
      vertex -90.4673 -50.1 67.2473
      vertex -90.4673 -69.9 67.2473
    endloop
  endfacet
  facet normal 0.62347 0 -0.781848
    outer loop
      vertex -90.4673 -50.1 67.2473
      vertex -91.892 -69.9 66.1112
      vertex -91.892 -50.1 66.1112
    endloop
  endfacet
  facet normal 0.623503 0 0.781821
    outer loop
      vertex -91.892 -50.1 64.2888
      vertex -90.4673 -69.9 63.1526
      vertex -90.4673 -50.1 63.1526
    endloop
  endfacet
  facet normal 0.623503 0 0.781821
    outer loop
      vertex -90.4673 -69.9 63.1526
      vertex -91.892 -50.1 64.2888
      vertex -91.892 -69.9 64.2888
    endloop
  endfacet
  facet normal -0.222574 0 0.974916
    outer loop
      vertex -90.4673 -50.1 63.1526
      vertex -88.6907 -69.9 63.5582
      vertex -88.6907 -50.1 63.5582
    endloop
  endfacet
  facet normal -0.222574 0 0.974916
    outer loop
      vertex -88.6907 -69.9 63.5582
      vertex -90.4673 -50.1 63.1526
      vertex -90.4673 -69.9 63.1526
    endloop
  endfacet
  facet normal 1 -0 0
    outer loop
      vertex -91.892 -69.9 66.1112
      vertex -91.892 -50.1 64.2888
      vertex -91.892 -50.1 66.1112
    endloop
  endfacet
  facet normal 1 0 0
    outer loop
      vertex -91.892 -50.1 64.2888
      vertex -91.892 -69.9 66.1112
      vertex -91.892 -69.9 64.2888
    endloop
  endfacet
  facet normal -0.900958 0 0.433906
    outer loop
      vertex -88.6907 -69.9 63.5582
      vertex -87.9 -50.1 65.2
      vertex -88.6907 -50.1 63.5582
    endloop
  endfacet
  facet normal -0.900958 0 0.433906
    outer loop
      vertex -87.9 -50.1 65.2
      vertex -88.6907 -69.9 63.5582
      vertex -87.9 -69.9 65.2
    endloop
  endfacet
  facet normal -0.222522 0 -0.974928
    outer loop
      vertex -90.4673 -69.9 67.2473
      vertex -88.6907 -50.1 66.8418
      vertex -88.6907 -69.9 66.8418
    endloop
  endfacet
  facet normal -0.222522 0 -0.974928
    outer loop
      vertex -88.6907 -50.1 66.8418
      vertex -90.4673 -69.9 67.2473
      vertex -90.4673 -50.1 67.2473
    endloop
  endfacet
  facet normal 0 -1 0
    outer loop
      vertex 84.2 81.3856 0
      vertex 85.8 81.3856 4
      vertex 84.2 81.3856 4
    endloop
  endfacet
  facet normal 0 -1 -0
    outer loop
      vertex 85.8 81.3856 4
      vertex 84.2 81.3856 0
      vertex 85.8 81.3856 0
    endloop
  endfacet
  facet normal -0.866019 -0.500011 0
    outer loop
      vertex 86.6 80 0
      vertex 85.8 81.3856 4
      vertex 85.8 81.3856 0
    endloop
  endfacet
  facet normal -0.866019 -0.500011 0
    outer loop
      vertex 85.8 81.3856 4
      vertex 86.6 80 0
      vertex 86.6 80 4
    endloop
  endfacet
  facet normal 0.866019 -0.500011 0
    outer loop
      vertex 83.4 80 4
      vertex 84.2 81.3856 0
      vertex 84.2 81.3856 4
    endloop
  endfacet
  facet normal 0.866019 -0.500011 0
    outer loop
      vertex 84.2 81.3856 0
      vertex 83.4 80 4
      vertex 83.4 80 0
    endloop
  endfacet
  facet normal 0.866019 0.500011 0
    outer loop
      vertex 84.2 78.6144 4
      vertex 83.4 80 0
      vertex 83.4 80 4
    endloop
  endfacet
  facet normal 0.866019 0.500011 0
    outer loop
      vertex 83.4 80 0
      vertex 84.2 78.6144 4
      vertex 84.2 78.6144 0
    endloop
  endfacet
  facet normal 0 0 -1
    outer loop
      vertex 85.8 78.6144 4
      vertex 85.8 81.3856 4
      vertex 86.6 80 4
    endloop
  endfacet
  facet normal 0 0 -1
    outer loop
      vertex 84.2 78.6144 4
      vertex 85.8 81.3856 4
      vertex 85.8 78.6144 4
    endloop
  endfacet
  facet normal 0 0 -1
    outer loop
      vertex 84.2 78.6144 4
      vertex 84.2 81.3856 4
      vertex 85.8 81.3856 4
    endloop
  endfacet
  facet normal 0 -0 -1
    outer loop
      vertex 84.2 81.3856 4
      vertex 84.2 78.6144 4
      vertex 83.4 80 4
    endloop
  endfacet
  facet normal -0.866019 0.500011 0
    outer loop
      vertex 85.8 78.6144 0
      vertex 86.6 80 4
      vertex 86.6 80 0
    endloop
  endfacet
  facet normal -0.866019 0.500011 0
    outer loop
      vertex 86.6 80 4
      vertex 85.8 78.6144 0
      vertex 85.8 78.6144 4
    endloop
  endfacet
  facet normal 0 1 -0
    outer loop
      vertex 85.8 78.6144 0
      vertex 84.2 78.6144 4
      vertex 85.8 78.6144 4
    endloop
  endfacet
  facet normal 0 1 0
    outer loop
      vertex 84.2 78.6144 4
      vertex 85.8 78.6144 0
      vertex 84.2 78.6144 0
    endloop
  endfacet
  facet normal 0 1 -0
    outer loop
      vertex 85.8 -81.3856 0
      vertex 84.2 -81.3856 4
      vertex 85.8 -81.3856 4
    endloop
  endfacet
  facet normal 0 1 0
    outer loop
      vertex 84.2 -81.3856 4
      vertex 85.8 -81.3856 0
      vertex 84.2 -81.3856 0
    endloop
  endfacet
  facet normal -0.866019 0.500011 0
    outer loop
      vertex 85.8 -81.3856 0
      vertex 86.6 -80 4
      vertex 86.6 -80 0
    endloop
  endfacet
  facet normal -0.866019 0.500011 0
    outer loop
      vertex 86.6 -80 4
      vertex 85.8 -81.3856 0
      vertex 85.8 -81.3856 4
    endloop
  endfacet
  facet normal 0 -1 0
    outer loop
      vertex 84.2 -78.6144 0
      vertex 85.8 -78.6144 4
      vertex 84.2 -78.6144 4
    endloop
  endfacet
  facet normal 0 -1 -0
    outer loop
      vertex 85.8 -78.6144 4
      vertex 84.2 -78.6144 0
      vertex 85.8 -78.6144 0
    endloop
  endfacet
  facet normal -0.866019 -0.500011 0
    outer loop
      vertex 86.6 -80 0
      vertex 85.8 -78.6144 4
      vertex 85.8 -78.6144 0
    endloop
  endfacet
  facet normal -0.866019 -0.500011 0
    outer loop
      vertex 85.8 -78.6144 4
      vertex 86.6 -80 0
      vertex 86.6 -80 4
    endloop
  endfacet
  facet normal 0.866019 -0.500011 0
    outer loop
      vertex 83.4 -80 4
      vertex 84.2 -78.6144 0
      vertex 84.2 -78.6144 4
    endloop
  endfacet
  facet normal 0.866019 -0.500011 0
    outer loop
      vertex 84.2 -78.6144 0
      vertex 83.4 -80 4
      vertex 83.4 -80 0
    endloop
  endfacet
  facet normal 0.866019 0.500011 0
    outer loop
      vertex 84.2 -81.3856 4
      vertex 83.4 -80 0
      vertex 83.4 -80 4
    endloop
  endfacet
  facet normal 0.866019 0.500011 0
    outer loop
      vertex 83.4 -80 0
      vertex 84.2 -81.3856 4
      vertex 84.2 -81.3856 0
    endloop
  endfacet
  facet normal 0 0 -1
    outer loop
      vertex 85.8 -81.3856 4
      vertex 85.8 -78.6144 4
      vertex 86.6 -80 4
    endloop
  endfacet
  facet normal 0 0 -1
    outer loop
      vertex 84.2 -81.3856 4
      vertex 85.8 -78.6144 4
      vertex 85.8 -81.3856 4
    endloop
  endfacet
  facet normal 0 0 -1
    outer loop
      vertex 84.2 -81.3856 4
      vertex 84.2 -78.6144 4
      vertex 85.8 -78.6144 4
    endloop
  endfacet
  facet normal 0 -0 -1
    outer loop
      vertex 84.2 -78.6144 4
      vertex 84.2 -81.3856 4
      vertex 83.4 -80 4
    endloop
  endfacet
  facet normal 0 -1 0
    outer loop
      vertex -85.8 66.3856 0
      vertex -84.2 66.3856 4
      vertex -85.8 66.3856 4
    endloop
  endfacet
  facet normal 0 -1 -0
    outer loop
      vertex -84.2 66.3856 4
      vertex -85.8 66.3856 0
      vertex -84.2 66.3856 0
    endloop
  endfacet
  facet normal -0.866019 -0.500011 0
    outer loop
      vertex -83.4 65 0
      vertex -84.2 66.3856 4
      vertex -84.2 66.3856 0
    endloop
  endfacet
  facet normal -0.866019 -0.500011 0
    outer loop
      vertex -84.2 66.3856 4
      vertex -83.4 65 0
      vertex -83.4 65 4
    endloop
  endfacet
  facet normal 0.866019 -0.500011 0
    outer loop
      vertex -86.6 65 4
      vertex -85.8 66.3856 0
      vertex -85.8 66.3856 4
    endloop
  endfacet
  facet normal 0.866019 -0.500011 0
    outer loop
      vertex -85.8 66.3856 0
      vertex -86.6 65 4
      vertex -86.6 65 0
    endloop
  endfacet
  facet normal 0.866019 0.500011 0
    outer loop
      vertex -85.8 63.6144 4
      vertex -86.6 65 0
      vertex -86.6 65 4
    endloop
  endfacet
  facet normal 0.866019 0.500011 0
    outer loop
      vertex -86.6 65 0
      vertex -85.8 63.6144 4
      vertex -85.8 63.6144 0
    endloop
  endfacet
  facet normal 0 0 -1
    outer loop
      vertex -84.2 63.6144 4
      vertex -84.2 66.3856 4
      vertex -83.4 65 4
    endloop
  endfacet
  facet normal 0 0 -1
    outer loop
      vertex -85.8 63.6144 4
      vertex -84.2 66.3856 4
      vertex -84.2 63.6144 4
    endloop
  endfacet
  facet normal 0 0 -1
    outer loop
      vertex -85.8 63.6144 4
      vertex -85.8 66.3856 4
      vertex -84.2 66.3856 4
    endloop
  endfacet
  facet normal 0 -0 -1
    outer loop
      vertex -85.8 66.3856 4
      vertex -85.8 63.6144 4
      vertex -86.6 65 4
    endloop
  endfacet
  facet normal -0.866019 0.500011 0
    outer loop
      vertex -84.2 63.6144 0
      vertex -83.4 65 4
      vertex -83.4 65 0
    endloop
  endfacet
  facet normal -0.866019 0.500011 0
    outer loop
      vertex -83.4 65 4
      vertex -84.2 63.6144 0
      vertex -84.2 63.6144 4
    endloop
  endfacet
  facet normal 0 1 -0
    outer loop
      vertex -84.2 63.6144 0
      vertex -85.8 63.6144 4
      vertex -84.2 63.6144 4
    endloop
  endfacet
  facet normal 0 1 0
    outer loop
      vertex -85.8 63.6144 4
      vertex -84.2 63.6144 0
      vertex -85.8 63.6144 0
    endloop
  endfacet
  facet normal 0 -1 0
    outer loop
      vertex -85.8 76.3856 0
      vertex -84.2 76.3856 4
      vertex -85.8 76.3856 4
    endloop
  endfacet
  facet normal 0 -1 -0
    outer loop
      vertex -84.2 76.3856 4
      vertex -85.8 76.3856 0
      vertex -84.2 76.3856 0
    endloop
  endfacet
  facet normal -0.866019 -0.500011 0
    outer loop
      vertex -83.4 75 0
      vertex -84.2 76.3856 4
      vertex -84.2 76.3856 0
    endloop
  endfacet
  facet normal -0.866019 -0.500011 0
    outer loop
      vertex -84.2 76.3856 4
      vertex -83.4 75 0
      vertex -83.4 75 4
    endloop
  endfacet
  facet normal 0.866019 -0.500011 0
    outer loop
      vertex -86.6 75 4
      vertex -85.8 76.3856 0
      vertex -85.8 76.3856 4
    endloop
  endfacet
  facet normal 0.866019 -0.500011 0
    outer loop
      vertex -85.8 76.3856 0
      vertex -86.6 75 4
      vertex -86.6 75 0
    endloop
  endfacet
  facet normal 0.866019 0.500011 0
    outer loop
      vertex -85.8 73.6144 4
      vertex -86.6 75 0
      vertex -86.6 75 4
    endloop
  endfacet
  facet normal 0.866019 0.500011 0
    outer loop
      vertex -86.6 75 0
      vertex -85.8 73.6144 4
      vertex -85.8 73.6144 0
    endloop
  endfacet
  facet normal 0 0 -1
    outer loop
      vertex -84.2 73.6144 4
      vertex -84.2 76.3856 4
      vertex -83.4 75 4
    endloop
  endfacet
  facet normal 0 0 -1
    outer loop
      vertex -85.8 73.6144 4
      vertex -84.2 76.3856 4
      vertex -84.2 73.6144 4
    endloop
  endfacet
  facet normal 0 0 -1
    outer loop
      vertex -85.8 73.6144 4
      vertex -85.8 76.3856 4
      vertex -84.2 76.3856 4
    endloop
  endfacet
  facet normal 0 -0 -1
    outer loop
      vertex -85.8 76.3856 4
      vertex -85.8 73.6144 4
      vertex -86.6 75 4
    endloop
  endfacet
  facet normal -0.866019 0.500011 0
    outer loop
      vertex -84.2 73.6144 0
      vertex -83.4 75 4
      vertex -83.4 75 0
    endloop
  endfacet
  facet normal -0.866019 0.500011 0
    outer loop
      vertex -83.4 75 4
      vertex -84.2 73.6144 0
      vertex -84.2 73.6144 4
    endloop
  endfacet
  facet normal 0 1 -0
    outer loop
      vertex -84.2 73.6144 0
      vertex -85.8 73.6144 4
      vertex -84.2 73.6144 4
    endloop
  endfacet
  facet normal 0 1 0
    outer loop
      vertex -85.8 73.6144 4
      vertex -84.2 73.6144 0
      vertex -85.8 73.6144 0
    endloop
  endfacet
  facet normal 0 1 -0
    outer loop
      vertex -84.2 -66.3856 0
      vertex -85.8 -66.3856 4
      vertex -84.2 -66.3856 4
    endloop
  endfacet
  facet normal 0 1 0
    outer loop
      vertex -85.8 -66.3856 4
      vertex -84.2 -66.3856 0
      vertex -85.8 -66.3856 0
    endloop
  endfacet
  facet normal -0.866019 0.500011 0
    outer loop
      vertex -84.2 -66.3856 0
      vertex -83.4 -65 4
      vertex -83.4 -65 0
    endloop
  endfacet
  facet normal -0.866019 0.500011 0
    outer loop
      vertex -83.4 -65 4
      vertex -84.2 -66.3856 0
      vertex -84.2 -66.3856 4
    endloop
  endfacet
  facet normal 0 -1 0
    outer loop
      vertex -85.8 -63.6144 0
      vertex -84.2 -63.6144 4
      vertex -85.8 -63.6144 4
    endloop
  endfacet
  facet normal 0 -1 -0
    outer loop
      vertex -84.2 -63.6144 4
      vertex -85.8 -63.6144 0
      vertex -84.2 -63.6144 0
    endloop
  endfacet
  facet normal -0.866019 -0.500011 0
    outer loop
      vertex -83.4 -65 0
      vertex -84.2 -63.6144 4
      vertex -84.2 -63.6144 0
    endloop
  endfacet
  facet normal -0.866019 -0.500011 0
    outer loop
      vertex -84.2 -63.6144 4
      vertex -83.4 -65 0
      vertex -83.4 -65 4
    endloop
  endfacet
  facet normal 0.866019 -0.500011 0
    outer loop
      vertex -86.6 -65 4
      vertex -85.8 -63.6144 0
      vertex -85.8 -63.6144 4
    endloop
  endfacet
  facet normal 0.866019 -0.500011 0
    outer loop
      vertex -85.8 -63.6144 0
      vertex -86.6 -65 4
      vertex -86.6 -65 0
    endloop
  endfacet
  facet normal 0.866019 0.500011 0
    outer loop
      vertex -85.8 -66.3856 4
      vertex -86.6 -65 0
      vertex -86.6 -65 4
    endloop
  endfacet
  facet normal 0.866019 0.500011 0
    outer loop
      vertex -86.6 -65 0
      vertex -85.8 -66.3856 4
      vertex -85.8 -66.3856 0
    endloop
  endfacet
  facet normal 0 0 -1
    outer loop
      vertex -84.2 -66.3856 4
      vertex -84.2 -63.6144 4
      vertex -83.4 -65 4
    endloop
  endfacet
  facet normal 0 0 -1
    outer loop
      vertex -85.8 -66.3856 4
      vertex -84.2 -63.6144 4
      vertex -84.2 -66.3856 4
    endloop
  endfacet
  facet normal 0 0 -1
    outer loop
      vertex -85.8 -66.3856 4
      vertex -85.8 -63.6144 4
      vertex -84.2 -63.6144 4
    endloop
  endfacet
  facet normal 0 -0 -1
    outer loop
      vertex -85.8 -63.6144 4
      vertex -85.8 -66.3856 4
      vertex -86.6 -65 4
    endloop
  endfacet
  facet normal 0 1 -0
    outer loop
      vertex -84.2 -76.3856 0
      vertex -85.8 -76.3856 4
      vertex -84.2 -76.3856 4
    endloop
  endfacet
  facet normal 0 1 0
    outer loop
      vertex -85.8 -76.3856 4
      vertex -84.2 -76.3856 0
      vertex -85.8 -76.3856 0
    endloop
  endfacet
  facet normal -0.866019 0.500011 0
    outer loop
      vertex -84.2 -76.3856 0
      vertex -83.4 -75 4
      vertex -83.4 -75 0
    endloop
  endfacet
  facet normal -0.866019 0.500011 0
    outer loop
      vertex -83.4 -75 4
      vertex -84.2 -76.3856 0
      vertex -84.2 -76.3856 4
    endloop
  endfacet
  facet normal 0 -1 0
    outer loop
      vertex -85.8 -73.6144 0
      vertex -84.2 -73.6144 4
      vertex -85.8 -73.6144 4
    endloop
  endfacet
  facet normal 0 -1 -0
    outer loop
      vertex -84.2 -73.6144 4
      vertex -85.8 -73.6144 0
      vertex -84.2 -73.6144 0
    endloop
  endfacet
  facet normal -0.866019 -0.500011 0
    outer loop
      vertex -83.4 -75 0
      vertex -84.2 -73.6144 4
      vertex -84.2 -73.6144 0
    endloop
  endfacet
  facet normal -0.866019 -0.500011 0
    outer loop
      vertex -84.2 -73.6144 4
      vertex -83.4 -75 0
      vertex -83.4 -75 4
    endloop
  endfacet
  facet normal 0.866019 -0.500011 0
    outer loop
      vertex -86.6 -75 4
      vertex -85.8 -73.6144 0
      vertex -85.8 -73.6144 4
    endloop
  endfacet
  facet normal 0.866019 -0.500011 0
    outer loop
      vertex -85.8 -73.6144 0
      vertex -86.6 -75 4
      vertex -86.6 -75 0
    endloop
  endfacet
  facet normal 0.866019 0.500011 0
    outer loop
      vertex -85.8 -76.3856 4
      vertex -86.6 -75 0
      vertex -86.6 -75 4
    endloop
  endfacet
  facet normal 0.866019 0.500011 0
    outer loop
      vertex -86.6 -75 0
      vertex -85.8 -76.3856 4
      vertex -85.8 -76.3856 0
    endloop
  endfacet
  facet normal 0 0 -1
    outer loop
      vertex -84.2 -76.3856 4
      vertex -84.2 -73.6144 4
      vertex -83.4 -75 4
    endloop
  endfacet
  facet normal 0 0 -1
    outer loop
      vertex -85.8 -76.3856 4
      vertex -84.2 -73.6144 4
      vertex -84.2 -76.3856 4
    endloop
  endfacet
  facet normal 0 0 -1
    outer loop
      vertex -85.8 -76.3856 4
      vertex -85.8 -73.6144 4
      vertex -84.2 -73.6144 4
    endloop
  endfacet
  facet normal 0 -0 -1
    outer loop
      vertex -85.8 -73.6144 4
      vertex -85.8 -76.3856 4
      vertex -86.6 -75 4
    endloop
  endfacet
  facet normal -1 0 0
    outer loop
      vertex -102 2.53176 12.1938
      vertex -102 25.1 0
      vertex -102 3.3159 10.4768
    endloop
  endfacet
  facet normal -1 0 0
    outer loop
      vertex -102 25.1 0
      vertex -102 3.04727 8.60836
      vertex -102 3.3159 10.4768
    endloop
  endfacet
  facet normal -1 0 0
    outer loop
      vertex -102 25.1 0
      vertex -102 1.81115 7.1818
      vertex -102 3.04727 8.60836
    endloop
  endfacet
  facet normal -1 0 0
    outer loop
      vertex -102 25.1 0
      vertex -102 0 6.65
      vertex -102 1.81115 7.1818
    endloop
  endfacet
  facet normal -1 -0 0
    outer loop
      vertex -102 -3.04727 8.60836
      vertex -102 -25.1 0
      vertex -102 -3.3159 10.4768
    endloop
  endfacet
  facet normal -1 -0 0
    outer loop
      vertex -102 -1.81115 7.1818
      vertex -102 -25.1 0
      vertex -102 -3.04727 8.60836
    endloop
  endfacet
  facet normal -1 -0 0
    outer loop
      vertex -102 0 6.65
      vertex -102 -25.1 0
      vertex -102 -1.81115 7.1818
    endloop
  endfacet
  facet normal -1 0 0
    outer loop
      vertex -102 -25.1 0
      vertex -102 0 6.65
      vertex -102 25.1 0
    endloop
  endfacet
  facet normal -1 0 0
    outer loop
      vertex -102 25.1 0
      vertex -102 2.53176 12.1938
      vertex -102 25.1 60
    endloop
  endfacet
  facet normal -1 0 0
    outer loop
      vertex -102 0.943804 13.2143
      vertex -102 25.1 60
      vertex -102 2.53176 12.1938
    endloop
  endfacet
  facet normal -1 0 0
    outer loop
      vertex -102 -0.943804 13.2143
      vertex -102 25.1 60
      vertex -102 0.943804 13.2143
    endloop
  endfacet
  facet normal -1 0 0
    outer loop
      vertex -102 -25.1 60
      vertex -102 -0.943804 13.2143
      vertex -102 -2.53176 12.1938
    endloop
  endfacet
  facet normal -1 0 0
    outer loop
      vertex -102 -25.1 0
      vertex -102 -2.53176 12.1938
      vertex -102 -3.3159 10.4768
    endloop
  endfacet
  facet normal -1 0 0
    outer loop
      vertex -102 -25.1 60
      vertex -102 -2.53176 12.1938
      vertex -102 -25.1 0
    endloop
  endfacet
  facet normal -1 0 0
    outer loop
      vertex -102 -0.943804 13.2143
      vertex -102 -25.1 60
      vertex -102 25.1 60
    endloop
  endfacet
  facet normal 0 -1 0
    outer loop
      vertex -102.2 25.1 0
      vertex -102 25.1 60
      vertex -102.2 25.1 60
    endloop
  endfacet
  facet normal 0 -1 -0
    outer loop
      vertex -102 25.1 60
      vertex -102.2 25.1 0
      vertex -102 25.1 0
    endloop
  endfacet
  facet normal 0 1 -0
    outer loop
      vertex -102 -25.1 0
      vertex -102.2 -25.1 60
      vertex -102 -25.1 60
    endloop
  endfacet
  facet normal 0 1 0
    outer loop
      vertex -102.2 -25.1 60
      vertex -102 -25.1 0
      vertex -102.2 -25.1 0
    endloop
  endfacet
  facet normal 0.707107 -0.707107 0
    outer loop
      vertex -107 20.3 0
      vertex -102.2 25.1 60
      vertex -107 20.3 60
    endloop
  endfacet
  facet normal 0.707107 -0.707107 0
    outer loop
      vertex -102.2 25.1 60
      vertex -107 20.3 0
      vertex -102.2 25.1 0
    endloop
  endfacet
  facet normal 0.707107 0.707107 -0
    outer loop
      vertex -102.2 -25.1 0
      vertex -107 -20.3 60
      vertex -102.2 -25.1 60
    endloop
  endfacet
  facet normal 0.707107 0.707107 0
    outer loop
      vertex -107 -20.3 60
      vertex -102.2 -25.1 0
      vertex -107 -20.3 0
    endloop
  endfacet
  facet normal 0 0.540634 -0.841258
    outer loop
      vertex -102 -2.53176 12.1938
      vertex -96.2 -0.943804 13.2143
      vertex -96.2 -2.53176 12.1938
    endloop
  endfacet
  facet normal 0 0.540634 -0.841258
    outer loop
      vertex -96.2 -0.943804 13.2143
      vertex -102 -2.53176 12.1938
      vertex -102 -0.943804 13.2143
    endloop
  endfacet
  facet normal 0 -0.989822 0.142309
    outer loop
      vertex -102 3.04727 8.60836
      vertex -96.2 3.3159 10.4768
      vertex -102 3.3159 10.4768
    endloop
  endfacet
  facet normal 0 -0.989822 0.142309
    outer loop
      vertex -96.2 3.3159 10.4768
      vertex -102 3.04727 8.60836
      vertex -96.2 3.04727 8.60836
    endloop
  endfacet
  facet normal 0 -0.90963 -0.41542
    outer loop
      vertex -102 3.3159 10.4768
      vertex -96.2 2.53176 12.1938
      vertex -102 2.53176 12.1938
    endloop
  endfacet
  facet normal 0 -0.90963 -0.41542
    outer loop
      vertex -96.2 2.53176 12.1938
      vertex -102 3.3159 10.4768
      vertex -96.2 3.3159 10.4768
    endloop
  endfacet
  facet normal 0 0.75575 0.65486
    outer loop
      vertex -96.2 -1.81115 7.1818
      vertex -102 -3.04727 8.60836
      vertex -96.2 -3.04727 8.60836
    endloop
  endfacet
  facet normal 0 0.75575 0.65486
    outer loop
      vertex -102 -3.04727 8.60836
      vertex -96.2 -1.81115 7.1818
      vertex -102 -1.81115 7.1818
    endloop
  endfacet
  facet normal -1 0 0
    outer loop
      vertex -96.2 3.04727 8.60836
      vertex -96.2 2.53176 12.1938
      vertex -96.2 3.3159 10.4768
    endloop
  endfacet
  facet normal -1 0 0
    outer loop
      vertex -96.2 1.81115 7.1818
      vertex -96.2 2.53176 12.1938
      vertex -96.2 3.04727 8.60836
    endloop
  endfacet
  facet normal -1 0 0
    outer loop
      vertex -96.2 1.81115 7.1818
      vertex -96.2 0.943804 13.2143
      vertex -96.2 2.53176 12.1938
    endloop
  endfacet
  facet normal -1 0 0
    outer loop
      vertex -96.2 0 6.65
      vertex -96.2 0.943804 13.2143
      vertex -96.2 1.81115 7.1818
    endloop
  endfacet
  facet normal -1 0 0
    outer loop
      vertex -96.2 0 6.65
      vertex -96.2 -0.943804 13.2143
      vertex -96.2 0.943804 13.2143
    endloop
  endfacet
  facet normal -1 0 0
    outer loop
      vertex -96.2 -1.81115 7.1818
      vertex -96.2 -0.943804 13.2143
      vertex -96.2 0 6.65
    endloop
  endfacet
  facet normal -1 0 0
    outer loop
      vertex -96.2 -1.81115 7.1818
      vertex -96.2 -2.53176 12.1938
      vertex -96.2 -0.943804 13.2143
    endloop
  endfacet
  facet normal -1 0 0
    outer loop
      vertex -96.2 -3.04727 8.60836
      vertex -96.2 -2.53176 12.1938
      vertex -96.2 -1.81115 7.1818
    endloop
  endfacet
  facet normal -1 0 0
    outer loop
      vertex -96.2 -2.53176 12.1938
      vertex -96.2 -3.04727 8.60836
      vertex -96.2 -3.3159 10.4768
    endloop
  endfacet
  facet normal 0 -0.281732 0.959493
    outer loop
      vertex -102 1.81115 7.1818
      vertex -96.2 0 6.65
      vertex -96.2 1.81115 7.1818
    endloop
  endfacet
  facet normal 0 -0.281732 0.959493
    outer loop
      vertex -96.2 0 6.65
      vertex -102 1.81115 7.1818
      vertex -102 0 6.65
    endloop
  endfacet
  facet normal 0 0.989822 0.142309
    outer loop
      vertex -96.2 -3.04727 8.60836
      vertex -102 -3.3159 10.4768
      vertex -96.2 -3.3159 10.4768
    endloop
  endfacet
  facet normal 0 0.989822 0.142309
    outer loop
      vertex -102 -3.3159 10.4768
      vertex -96.2 -3.04727 8.60836
      vertex -102 -3.04727 8.60836
    endloop
  endfacet
  facet normal 0 -0.75575 0.65486
    outer loop
      vertex -102 1.81115 7.1818
      vertex -96.2 3.04727 8.60836
      vertex -102 3.04727 8.60836
    endloop
  endfacet
  facet normal 0 -0.75575 0.65486
    outer loop
      vertex -96.2 3.04727 8.60836
      vertex -102 1.81115 7.1818
      vertex -96.2 1.81115 7.1818
    endloop
  endfacet
  facet normal 0 -0.540634 -0.841258
    outer loop
      vertex -102 0.943804 13.2143
      vertex -96.2 2.53176 12.1938
      vertex -96.2 0.943804 13.2143
    endloop
  endfacet
  facet normal -0 -0.540634 -0.841258
    outer loop
      vertex -96.2 2.53176 12.1938
      vertex -102 0.943804 13.2143
      vertex -102 2.53176 12.1938
    endloop
  endfacet
  facet normal 0 0.90963 -0.41542
    outer loop
      vertex -96.2 -3.3159 10.4768
      vertex -102 -2.53176 12.1938
      vertex -96.2 -2.53176 12.1938
    endloop
  endfacet
  facet normal 0 0.90963 -0.41542
    outer loop
      vertex -102 -2.53176 12.1938
      vertex -96.2 -3.3159 10.4768
      vertex -102 -3.3159 10.4768
    endloop
  endfacet
  facet normal -0 0.281732 0.959493
    outer loop
      vertex -102 0 6.65
      vertex -96.2 -1.81115 7.1818
      vertex -96.2 0 6.65
    endloop
  endfacet
  facet normal 0 0.281732 0.959493
    outer loop
      vertex -96.2 -1.81115 7.1818
      vertex -102 0 6.65
      vertex -102 -1.81115 7.1818
    endloop
  endfacet
  facet normal 0 0 -1
    outer loop
      vertex -102 -0.943804 13.2143
      vertex -96.2 0.943804 13.2143
      vertex -96.2 -0.943804 13.2143
    endloop
  endfacet
  facet normal -0 0 -1
    outer loop
      vertex -96.2 0.943804 13.2143
      vertex -102 -0.943804 13.2143
      vertex -102 0.943804 13.2143
    endloop
  endfacet
  facet normal 0 -0.822973 -0.568081
    outer loop
      vertex 85 -31.1664 58.4539
      vertex 90 -32.2812 60.0689
      vertex 85 -32.2812 60.0689
    endloop
  endfacet
  facet normal 0 -0.822973 -0.568081
    outer loop
      vertex 90 -32.2812 60.0689
      vertex 85 -31.1664 58.4539
      vertex 90 -31.1664 58.4539
    endloop
  endfacet
  facet normal 0 0 -1
    outer loop
      vertex 85 -35.9812 60.9809
      vertex 90 -34.0188 60.9809
      vertex 90 -35.9812 60.9809
    endloop
  endfacet
  facet normal -0 0 -1
    outer loop
      vertex 90 -34.0188 60.9809
      vertex 85 -35.9812 60.9809
      vertex 85 -34.0188 60.9809
    endloop
  endfacet
  facet normal 0 -0.239297 0.970946
    outer loop
      vertex 85 -33.0946 53.3696
      vertex 90 -35 52.9
      vertex 90 -33.0946 53.3696
    endloop
  endfacet
  facet normal 0 -0.239297 0.970946
    outer loop
      vertex 90 -35 52.9
      vertex 85 -33.0946 53.3696
      vertex 85 -35 52.9
    endloop
  endfacet
  facet normal 0 -0.464738 -0.885448
    outer loop
      vertex 85 -34.0188 60.9809
      vertex 90 -32.2812 60.0689
      vertex 90 -34.0188 60.9809
    endloop
  endfacet
  facet normal -0 -0.464738 -0.885448
    outer loop
      vertex 90 -32.2812 60.0689
      vertex 85 -34.0188 60.9809
      vertex 85 -32.2812 60.0689
    endloop
  endfacet
  facet normal -0 0.239297 0.970946
    outer loop
      vertex 85 -35 52.9
      vertex 90 -36.9054 53.3696
      vertex 90 -35 52.9
    endloop
  endfacet
  facet normal 0 0.239297 0.970946
    outer loop
      vertex 90 -36.9054 53.3696
      vertex 85 -35 52.9
      vertex 85 -36.9054 53.3696
    endloop
  endfacet
  facet normal 0 -0.663139 0.748496
    outer loop
      vertex 85 -31.6258 54.6709
      vertex 90 -33.0946 53.3696
      vertex 90 -31.6258 54.6709
    endloop
  endfacet
  facet normal 0 -0.663139 0.748496
    outer loop
      vertex 90 -33.0946 53.3696
      vertex 85 -31.6258 54.6709
      vertex 85 -33.0946 53.3696
    endloop
  endfacet
  facet normal 0 0.992711 -0.120516
    outer loop
      vertex 90 -39.0701 56.5058
      vertex 85 -38.8336 58.4539
      vertex 90 -38.8336 58.4539
    endloop
  endfacet
  facet normal 0 0.992711 -0.120516
    outer loop
      vertex 85 -38.8336 58.4539
      vertex 90 -39.0701 56.5058
      vertex 85 -39.0701 56.5058
    endloop
  endfacet
  facet normal 0 0.464738 -0.885448
    outer loop
      vertex 85 -37.7188 60.0689
      vertex 90 -35.9812 60.9809
      vertex 90 -37.7188 60.0689
    endloop
  endfacet
  facet normal 0 0.464738 -0.885448
    outer loop
      vertex 90 -35.9812 60.9809
      vertex 85 -37.7188 60.0689
      vertex 85 -35.9812 60.9809
    endloop
  endfacet
  facet normal -0 0.663139 0.748496
    outer loop
      vertex 85 -36.9054 53.3696
      vertex 90 -38.3742 54.6709
      vertex 90 -36.9054 53.3696
    endloop
  endfacet
  facet normal 0 0.663139 0.748496
    outer loop
      vertex 90 -38.3742 54.6709
      vertex 85 -36.9054 53.3696
      vertex 85 -38.3742 54.6709
    endloop
  endfacet
  facet normal 0 0.935014 0.354611
    outer loop
      vertex 90 -38.3742 54.6709
      vertex 85 -39.0701 56.5058
      vertex 90 -39.0701 56.5058
    endloop
  endfacet
  facet normal 0 0.935014 0.354611
    outer loop
      vertex 85 -39.0701 56.5058
      vertex 90 -38.3742 54.6709
      vertex 85 -38.3742 54.6709
    endloop
  endfacet
  facet normal 0 -0.992711 -0.120516
    outer loop
      vertex 85 -30.9299 56.5058
      vertex 90 -31.1664 58.4539
      vertex 85 -31.1664 58.4539
    endloop
  endfacet
  facet normal 0 -0.992711 -0.120516
    outer loop
      vertex 90 -31.1664 58.4539
      vertex 85 -30.9299 56.5058
      vertex 90 -30.9299 56.5058
    endloop
  endfacet
  facet normal 0 -0.935014 0.354611
    outer loop
      vertex 85 -31.6258 54.6709
      vertex 90 -30.9299 56.5058
      vertex 85 -30.9299 56.5058
    endloop
  endfacet
  facet normal 0 -0.935014 0.354611
    outer loop
      vertex 90 -30.9299 56.5058
      vertex 85 -31.6258 54.6709
      vertex 90 -31.6258 54.6709
    endloop
  endfacet
  facet normal 0 0.822973 -0.568081
    outer loop
      vertex 90 -38.8336 58.4539
      vertex 85 -37.7188 60.0689
      vertex 90 -37.7188 60.0689
    endloop
  endfacet
  facet normal 0 0.822973 -0.568081
    outer loop
      vertex 85 -37.7188 60.0689
      vertex 90 -38.8336 58.4539
      vertex 85 -38.8336 58.4539
    endloop
  endfacet
  facet normal 0 0 -1
    outer loop
      vertex 85 34.0188 60.9809
      vertex 90 35.9812 60.9809
      vertex 90 34.0188 60.9809
    endloop
  endfacet
  facet normal -0 0 -1
    outer loop
      vertex 90 35.9812 60.9809
      vertex 85 34.0188 60.9809
      vertex 85 35.9812 60.9809
    endloop
  endfacet
  facet normal 0 -0.464738 -0.885448
    outer loop
      vertex 85 35.9812 60.9809
      vertex 90 37.7188 60.0689
      vertex 90 35.9812 60.9809
    endloop
  endfacet
  facet normal -0 -0.464738 -0.885448
    outer loop
      vertex 90 37.7188 60.0689
      vertex 85 35.9812 60.9809
      vertex 85 37.7188 60.0689
    endloop
  endfacet
  facet normal -0 0.239297 0.970946
    outer loop
      vertex 85 35 52.9
      vertex 90 33.0946 53.3696
      vertex 90 35 52.9
    endloop
  endfacet
  facet normal 0 0.239297 0.970946
    outer loop
      vertex 90 33.0946 53.3696
      vertex 85 35 52.9
      vertex 85 33.0946 53.3696
    endloop
  endfacet
  facet normal 0 -0.822973 -0.568081
    outer loop
      vertex 85 38.8336 58.4539
      vertex 90 37.7188 60.0689
      vertex 85 37.7188 60.0689
    endloop
  endfacet
  facet normal 0 -0.822973 -0.568081
    outer loop
      vertex 90 37.7188 60.0689
      vertex 85 38.8336 58.4539
      vertex 90 38.8336 58.4539
    endloop
  endfacet
  facet normal 0 -0.239297 0.970946
    outer loop
      vertex 85 36.9054 53.3696
      vertex 90 35 52.9
      vertex 90 36.9054 53.3696
    endloop
  endfacet
  facet normal 0 -0.239297 0.970946
    outer loop
      vertex 90 35 52.9
      vertex 85 36.9054 53.3696
      vertex 85 35 52.9
    endloop
  endfacet
  facet normal 0 0.464738 -0.885448
    outer loop
      vertex 85 32.2812 60.0689
      vertex 90 34.0188 60.9809
      vertex 90 32.2812 60.0689
    endloop
  endfacet
  facet normal 0 0.464738 -0.885448
    outer loop
      vertex 90 34.0188 60.9809
      vertex 85 32.2812 60.0689
      vertex 85 34.0188 60.9809
    endloop
  endfacet
  facet normal 0 -0.663139 0.748496
    outer loop
      vertex 85 38.3742 54.6709
      vertex 90 36.9054 53.3696
      vertex 90 38.3742 54.6709
    endloop
  endfacet
  facet normal 0 -0.663139 0.748496
    outer loop
      vertex 90 36.9054 53.3696
      vertex 85 38.3742 54.6709
      vertex 85 36.9054 53.3696
    endloop
  endfacet
  facet normal 0 0.992711 -0.120516
    outer loop
      vertex 90 30.9299 56.5058
      vertex 85 31.1664 58.4539
      vertex 90 31.1664 58.4539
    endloop
  endfacet
  facet normal 0 0.992711 -0.120516
    outer loop
      vertex 85 31.1664 58.4539
      vertex 90 30.9299 56.5058
      vertex 85 30.9299 56.5058
    endloop
  endfacet
  facet normal -0 0.663139 0.748496
    outer loop
      vertex 85 33.0946 53.3696
      vertex 90 31.6258 54.6709
      vertex 90 33.0946 53.3696
    endloop
  endfacet
  facet normal 0 0.663139 0.748496
    outer loop
      vertex 90 31.6258 54.6709
      vertex 85 33.0946 53.3696
      vertex 85 31.6258 54.6709
    endloop
  endfacet
  facet normal 0 0.935014 0.354611
    outer loop
      vertex 90 31.6258 54.6709
      vertex 85 30.9299 56.5058
      vertex 90 30.9299 56.5058
    endloop
  endfacet
  facet normal 0 0.935014 0.354611
    outer loop
      vertex 85 30.9299 56.5058
      vertex 90 31.6258 54.6709
      vertex 85 31.6258 54.6709
    endloop
  endfacet
  facet normal 0 -0.992711 -0.120516
    outer loop
      vertex 85 39.0701 56.5058
      vertex 90 38.8336 58.4539
      vertex 85 38.8336 58.4539
    endloop
  endfacet
  facet normal 0 -0.992711 -0.120516
    outer loop
      vertex 90 38.8336 58.4539
      vertex 85 39.0701 56.5058
      vertex 90 39.0701 56.5058
    endloop
  endfacet
  facet normal 0 -0.935014 0.354611
    outer loop
      vertex 85 38.3742 54.6709
      vertex 90 39.0701 56.5058
      vertex 85 39.0701 56.5058
    endloop
  endfacet
  facet normal 0 -0.935014 0.354611
    outer loop
      vertex 90 39.0701 56.5058
      vertex 85 38.3742 54.6709
      vertex 90 38.3742 54.6709
    endloop
  endfacet
  facet normal 0 0.822973 -0.568081
    outer loop
      vertex 90 31.1664 58.4539
      vertex 85 32.2812 60.0689
      vertex 90 32.2812 60.0689
    endloop
  endfacet
  facet normal 0 0.822973 -0.568081
    outer loop
      vertex 85 32.2812 60.0689
      vertex 90 31.1664 58.4539
      vertex 85 31.1664 58.4539
    endloop
  endfacet
  facet normal -0.382684 0 0.923879
    outer loop
      vertex 49 85 30.15
      vertex 50.6617 80 30.8383
      vertex 50.6617 85 30.8383
    endloop
  endfacet
  facet normal -0.382684 0 0.923879
    outer loop
      vertex 50.6617 80 30.8383
      vertex 49 85 30.15
      vertex 49 80 30.15
    endloop
  endfacet
  facet normal -0.923879 0 0.382684
    outer loop
      vertex 50.6617 80 30.8383
      vertex 51.35 85 32.5
      vertex 50.6617 85 30.8383
    endloop
  endfacet
  facet normal -0.923879 0 0.382684
    outer loop
      vertex 51.35 85 32.5
      vertex 50.6617 80 30.8383
      vertex 51.35 80 32.5
    endloop
  endfacet
  facet normal 0.382684 0 0.923879
    outer loop
      vertex 47.3383 85 30.8383
      vertex 49 80 30.15
      vertex 49 85 30.15
    endloop
  endfacet
  facet normal 0.382684 0 0.923879
    outer loop
      vertex 49 80 30.15
      vertex 47.3383 85 30.8383
      vertex 47.3383 80 30.8383
    endloop
  endfacet
  facet normal 0.923879 -0 0.382684
    outer loop
      vertex 46.65 80 32.5
      vertex 47.3383 85 30.8383
      vertex 46.65 85 32.5
    endloop
  endfacet
  facet normal 0.923879 0 0.382684
    outer loop
      vertex 47.3383 85 30.8383
      vertex 46.65 80 32.5
      vertex 47.3383 80 30.8383
    endloop
  endfacet
  facet normal 0.382684 0 -0.923879
    outer loop
      vertex 47.3383 80 34.1617
      vertex 49 85 34.85
      vertex 49 80 34.85
    endloop
  endfacet
  facet normal 0.382684 0 -0.923879
    outer loop
      vertex 49 85 34.85
      vertex 47.3383 80 34.1617
      vertex 47.3383 85 34.1617
    endloop
  endfacet
  facet normal -0.382684 0 -0.923879
    outer loop
      vertex 49 80 34.85
      vertex 50.6617 85 34.1617
      vertex 50.6617 80 34.1617
    endloop
  endfacet
  facet normal -0.382684 0 -0.923879
    outer loop
      vertex 50.6617 85 34.1617
      vertex 49 80 34.85
      vertex 49 85 34.85
    endloop
  endfacet
  facet normal -0.923879 0 -0.382684
    outer loop
      vertex 51.35 80 32.5
      vertex 50.6617 85 34.1617
      vertex 51.35 85 32.5
    endloop
  endfacet
  facet normal -0.923879 -0 -0.382684
    outer loop
      vertex 50.6617 85 34.1617
      vertex 51.35 80 32.5
      vertex 50.6617 80 34.1617
    endloop
  endfacet
  facet normal 0.923879 0 -0.382684
    outer loop
      vertex 47.3383 80 34.1617
      vertex 46.65 85 32.5
      vertex 47.3383 85 34.1617
    endloop
  endfacet
  facet normal 0.923879 0 -0.382684
    outer loop
      vertex 46.65 85 32.5
      vertex 47.3383 80 34.1617
      vertex 46.65 80 32.5
    endloop
  endfacet
  facet normal -0.382684 0 0.923879
    outer loop
      vertex 74 85 30.15
      vertex 75.6617 80 30.8383
      vertex 75.6617 85 30.8383
    endloop
  endfacet
  facet normal -0.382684 0 0.923879
    outer loop
      vertex 75.6617 80 30.8383
      vertex 74 85 30.15
      vertex 74 80 30.15
    endloop
  endfacet
  facet normal -0.923879 0 0.382684
    outer loop
      vertex 75.6617 80 30.8383
      vertex 76.35 85 32.5
      vertex 75.6617 85 30.8383
    endloop
  endfacet
  facet normal -0.923879 0 0.382684
    outer loop
      vertex 76.35 85 32.5
      vertex 75.6617 80 30.8383
      vertex 76.35 80 32.5
    endloop
  endfacet
  facet normal 0.382684 0 0.923879
    outer loop
      vertex 72.3383 85 30.8383
      vertex 74 80 30.15
      vertex 74 85 30.15
    endloop
  endfacet
  facet normal 0.382684 0 0.923879
    outer loop
      vertex 74 80 30.15
      vertex 72.3383 85 30.8383
      vertex 72.3383 80 30.8383
    endloop
  endfacet
  facet normal 0.923879 -0 0.382684
    outer loop
      vertex 71.65 80 32.5
      vertex 72.3383 85 30.8383
      vertex 71.65 85 32.5
    endloop
  endfacet
  facet normal 0.923879 0 0.382684
    outer loop
      vertex 72.3383 85 30.8383
      vertex 71.65 80 32.5
      vertex 72.3383 80 30.8383
    endloop
  endfacet
  facet normal 0.382684 0 -0.923879
    outer loop
      vertex 72.3383 80 34.1617
      vertex 74 85 34.85
      vertex 74 80 34.85
    endloop
  endfacet
  facet normal 0.382684 0 -0.923879
    outer loop
      vertex 74 85 34.85
      vertex 72.3383 80 34.1617
      vertex 72.3383 85 34.1617
    endloop
  endfacet
  facet normal -0.382684 0 -0.923879
    outer loop
      vertex 74 80 34.85
      vertex 75.6617 85 34.1617
      vertex 75.6617 80 34.1617
    endloop
  endfacet
  facet normal -0.382684 0 -0.923879
    outer loop
      vertex 75.6617 85 34.1617
      vertex 74 80 34.85
      vertex 74 85 34.85
    endloop
  endfacet
  facet normal -0.923879 0 -0.382684
    outer loop
      vertex 76.35 80 32.5
      vertex 75.6617 85 34.1617
      vertex 76.35 85 32.5
    endloop
  endfacet
  facet normal -0.923879 -0 -0.382684
    outer loop
      vertex 75.6617 85 34.1617
      vertex 76.35 80 32.5
      vertex 75.6617 80 34.1617
    endloop
  endfacet
  facet normal 0.923879 0 -0.382684
    outer loop
      vertex 72.3383 80 34.1617
      vertex 71.65 85 32.5
      vertex 72.3383 85 34.1617
    endloop
  endfacet
  facet normal 0.923879 0 -0.382684
    outer loop
      vertex 71.65 85 32.5
      vertex 72.3383 80 34.1617
      vertex 71.65 80 32.5
    endloop
  endfacet
  facet normal 0.923879 0 -0.382684
    outer loop
      vertex -50.6617 80 34.1617
      vertex -51.35 85 32.5
      vertex -50.6617 85 34.1617
    endloop
  endfacet
  facet normal 0.923879 0 -0.382684
    outer loop
      vertex -51.35 85 32.5
      vertex -50.6617 80 34.1617
      vertex -51.35 80 32.5
    endloop
  endfacet
  facet normal -0.382684 0 0.923879
    outer loop
      vertex -49 85 30.15
      vertex -47.3383 80 30.8383
      vertex -47.3383 85 30.8383
    endloop
  endfacet
  facet normal -0.382684 0 0.923879
    outer loop
      vertex -47.3383 80 30.8383
      vertex -49 85 30.15
      vertex -49 80 30.15
    endloop
  endfacet
  facet normal -0.923879 0 0.382684
    outer loop
      vertex -47.3383 80 30.8383
      vertex -46.65 85 32.5
      vertex -47.3383 85 30.8383
    endloop
  endfacet
  facet normal -0.923879 0 0.382684
    outer loop
      vertex -46.65 85 32.5
      vertex -47.3383 80 30.8383
      vertex -46.65 80 32.5
    endloop
  endfacet
  facet normal -0.382684 0 -0.923879
    outer loop
      vertex -49 80 34.85
      vertex -47.3383 85 34.1617
      vertex -47.3383 80 34.1617
    endloop
  endfacet
  facet normal -0.382684 0 -0.923879
    outer loop
      vertex -47.3383 85 34.1617
      vertex -49 80 34.85
      vertex -49 85 34.85
    endloop
  endfacet
  facet normal 0.382684 0 -0.923879
    outer loop
      vertex -50.6617 80 34.1617
      vertex -49 85 34.85
      vertex -49 80 34.85
    endloop
  endfacet
  facet normal 0.382684 0 -0.923879
    outer loop
      vertex -49 85 34.85
      vertex -50.6617 80 34.1617
      vertex -50.6617 85 34.1617
    endloop
  endfacet
  facet normal -0.923879 0 -0.382684
    outer loop
      vertex -46.65 80 32.5
      vertex -47.3383 85 34.1617
      vertex -46.65 85 32.5
    endloop
  endfacet
  facet normal -0.923879 -0 -0.382684
    outer loop
      vertex -47.3383 85 34.1617
      vertex -46.65 80 32.5
      vertex -47.3383 80 34.1617
    endloop
  endfacet
  facet normal 0.923879 -0 0.382684
    outer loop
      vertex -51.35 80 32.5
      vertex -50.6617 85 30.8383
      vertex -51.35 85 32.5
    endloop
  endfacet
  facet normal 0.923879 0 0.382684
    outer loop
      vertex -50.6617 85 30.8383
      vertex -51.35 80 32.5
      vertex -50.6617 80 30.8383
    endloop
  endfacet
  facet normal 0.382684 0 0.923879
    outer loop
      vertex -50.6617 85 30.8383
      vertex -49 80 30.15
      vertex -49 85 30.15
    endloop
  endfacet
  facet normal 0.382684 0 0.923879
    outer loop
      vertex -49 80 30.15
      vertex -50.6617 85 30.8383
      vertex -50.6617 80 30.8383
    endloop
  endfacet
  facet normal 0.923879 0 -0.382684
    outer loop
      vertex -75.6617 80 34.1617
      vertex -76.35 85 32.5
      vertex -75.6617 85 34.1617
    endloop
  endfacet
  facet normal 0.923879 0 -0.382684
    outer loop
      vertex -76.35 85 32.5
      vertex -75.6617 80 34.1617
      vertex -76.35 80 32.5
    endloop
  endfacet
  facet normal -0.382684 0 0.923879
    outer loop
      vertex -74 85 30.15
      vertex -72.3383 80 30.8383
      vertex -72.3383 85 30.8383
    endloop
  endfacet
  facet normal -0.382684 0 0.923879
    outer loop
      vertex -72.3383 80 30.8383
      vertex -74 85 30.15
      vertex -74 80 30.15
    endloop
  endfacet
  facet normal -0.923879 0 0.382684
    outer loop
      vertex -72.3383 80 30.8383
      vertex -71.65 85 32.5
      vertex -72.3383 85 30.8383
    endloop
  endfacet
  facet normal -0.923879 0 0.382684
    outer loop
      vertex -71.65 85 32.5
      vertex -72.3383 80 30.8383
      vertex -71.65 80 32.5
    endloop
  endfacet
  facet normal 0.382684 0 0.923879
    outer loop
      vertex -75.6617 85 30.8383
      vertex -74 80 30.15
      vertex -74 85 30.15
    endloop
  endfacet
  facet normal 0.382684 0 0.923879
    outer loop
      vertex -74 80 30.15
      vertex -75.6617 85 30.8383
      vertex -75.6617 80 30.8383
    endloop
  endfacet
  facet normal -0.382684 0 -0.923879
    outer loop
      vertex -74 80 34.85
      vertex -72.3383 85 34.1617
      vertex -72.3383 80 34.1617
    endloop
  endfacet
  facet normal -0.382684 0 -0.923879
    outer loop
      vertex -72.3383 85 34.1617
      vertex -74 80 34.85
      vertex -74 85 34.85
    endloop
  endfacet
  facet normal 0.382684 0 -0.923879
    outer loop
      vertex -75.6617 80 34.1617
      vertex -74 85 34.85
      vertex -74 80 34.85
    endloop
  endfacet
  facet normal 0.382684 0 -0.923879
    outer loop
      vertex -74 85 34.85
      vertex -75.6617 80 34.1617
      vertex -75.6617 85 34.1617
    endloop
  endfacet
  facet normal -0.923879 0 -0.382684
    outer loop
      vertex -71.65 80 32.5
      vertex -72.3383 85 34.1617
      vertex -71.65 85 32.5
    endloop
  endfacet
  facet normal -0.923879 -0 -0.382684
    outer loop
      vertex -72.3383 85 34.1617
      vertex -71.65 80 32.5
      vertex -72.3383 80 34.1617
    endloop
  endfacet
  facet normal 0.923879 -0 0.382684
    outer loop
      vertex -76.35 80 32.5
      vertex -75.6617 85 30.8383
      vertex -76.35 85 32.5
    endloop
  endfacet
  facet normal 0.923879 0 0.382684
    outer loop
      vertex -75.6617 85 30.8383
      vertex -76.35 80 32.5
      vertex -75.6617 80 30.8383
    endloop
  endfacet
endsolid OpenSCAD_Model
