solid OpenSCAD_Model
  facet normal -0.951054 -0.309026 0
    outer loop
      vertex 27.1614 -10.1684 5
      vertex 25.5463 -5.19779 10
      vertex 25.5463 -5.19779 5
    endloop
  endfacet
  facet normal -0.951054 -0.309026 0
    outer loop
      vertex 25.5463 -5.19779 10
      vertex 27.1614 -10.1684 5
      vertex 27.1614 -10.1684 10
    endloop
  endfacet
  facet normal 0.951054 0.309026 0
    outer loop
      vertex 74.4537 5.19779 10
      vertex 72.8386 10.1684 5
      vertex 72.8386 10.1684 10
    endloop
  endfacet
  facet normal 0.951054 0.309026 0
    outer loop
      vertex 72.8386 10.1684 5
      vertex 74.4537 5.19779 10
      vertex 74.4537 5.19779 5
    endloop
  endfacet
  facet normal 0.994522 0.104527 0
    outer loop
      vertex 75 0 10
      vertex 74.4537 5.19779 5
      vertex 74.4537 5.19779 10
    endloop
  endfacet
  facet normal 0.994522 0.104527 0
    outer loop
      vertex 74.4537 5.19779 5
      vertex 75 0 10
      vertex 75 0 5
    endloop
  endfacet
  facet normal 0.866033 0.499986 0
    outer loop
      vertex 72.8386 10.1684 10
      vertex 71.4925 12.5 5
      vertex 71.4925 12.5 10
    endloop
  endfacet
  facet normal 0.866033 0.499986 0
    outer loop
      vertex 71.4925 12.5 5
      vertex 72.8386 10.1684 10
      vertex 72.8386 10.1684 5
    endloop
  endfacet
  facet normal 0.994522 -0.104527 0
    outer loop
      vertex 74.4537 -5.19779 10
      vertex 75 0 5
      vertex 75 0 10
    endloop
  endfacet
  facet normal 0.994522 -0.104527 0
    outer loop
      vertex 75 0 5
      vertex 74.4537 -5.19779 10
      vertex 74.4537 -5.19779 5
    endloop
  endfacet
  facet normal -0.866033 0.499986 0
    outer loop
      vertex 27.1614 10.1684 5
      vertex 28.5075 12.5 10
      vertex 28.5075 12.5 5
    endloop
  endfacet
  facet normal -0.866033 0.499986 0
    outer loop
      vertex 28.5075 12.5 10
      vertex 27.1614 10.1684 5
      vertex 27.1614 10.1684 10
    endloop
  endfacet
  facet normal 0.866033 -0.499986 0
    outer loop
      vertex 71.4925 -12.5 10
      vertex 72.8386 -10.1684 5
      vertex 72.8386 -10.1684 10
    endloop
  endfacet
  facet normal 0.866033 -0.499986 0
    outer loop
      vertex 72.8386 -10.1684 5
      vertex 71.4925 -12.5 10
      vertex 71.4925 -12.5 5
    endloop
  endfacet
  facet normal -0 0 1
    outer loop
      vertex 65.2824 0.167161 10
      vertex 75 0 10
      vertex 74.4537 5.19779 10
    endloop
  endfacet
  facet normal 0 0 1
    outer loop
      vertex 64.9137 3.3409 10
      vertex 74.4537 5.19779 10
      vertex 72.8386 10.1684 10
    endloop
  endfacet
  facet normal 0 0 1
    outer loop
      vertex 75 0 10
      vertex 65.2824 0.167161 10
      vertex 65.3 0 10
    endloop
  endfacet
  facet normal 0 0 1
    outer loop
      vertex 63.9772 6.22307 10
      vertex 72.8386 10.1684 10
      vertex 71.4925 12.5 10
    endloop
  endfacet
  facet normal 0 0 1
    outer loop
      vertex 75 0 10
      vertex 65.2824 -0.167161 10
      vertex 74.4537 -5.19779 10
    endloop
  endfacet
  facet normal -0 0 1
    outer loop
      vertex 64.9657 -3.18105 10
      vertex 74.4537 -5.19779 10
      vertex 65.2824 -0.167161 10
    endloop
  endfacet
  facet normal 0 0 1
    outer loop
      vertex 65.2824 -0.167161 10
      vertex 75 0 10
      vertex 65.3 0 10
    endloop
  endfacet
  facet normal 0 0 1
    outer loop
      vertex 74.4537 5.19779 10
      vertex 64.9657 3.18105 10
      vertex 65.2824 0.167161 10
    endloop
  endfacet
  facet normal 0 0 1
    outer loop
      vertex 74.4537 5.19779 10
      vertex 64.9137 3.3409 10
      vertex 64.9657 3.18105 10
    endloop
  endfacet
  facet normal 0 0 1
    outer loop
      vertex 72.8386 10.1684 10
      vertex 63.9772 6.22307 10
      vertex 64.9137 3.3409 10
    endloop
  endfacet
  facet normal 0 0 1
    outer loop
      vertex 71.4925 12.5 10
      vertex 62.462 8.84755 10
      vertex 63.9772 6.22307 10
    endloop
  endfacet
  facet normal 0 0 1
    outer loop
      vertex 71.4925 12.5 10
      vertex 62.378 8.99311 10
      vertex 62.462 8.84755 10
    endloop
  endfacet
  facet normal 0 0 1
    outer loop
      vertex 71.4925 12.5 10
      vertex 62.2655 9.11802 10
      vertex 62.378 8.99311 10
    endloop
  endfacet
  facet normal 0 0 1
    outer loop
      vertex 71.4925 12.5 10
      vertex 60.2377 11.3701 10
      vertex 62.2655 9.11802 10
    endloop
  endfacet
  facet normal 0 -0 1
    outer loop
      vertex 60.2377 11.3701 10
      vertex 71.4925 12.5 10
      vertex 58.6825 12.5 10
    endloop
  endfacet
  facet normal -0 0 1
    outer loop
      vertex 64.9137 -3.3409 10
      vertex 74.4537 -5.19779 10
      vertex 64.9657 -3.18105 10
    endloop
  endfacet
  facet normal 0 0 1
    outer loop
      vertex 74.4537 -5.19779 10
      vertex 64.9137 -3.3409 10
      vertex 72.8386 -10.1684 10
    endloop
  endfacet
  facet normal -0 0 1
    outer loop
      vertex 63.9772 -6.22307 10
      vertex 72.8386 -10.1684 10
      vertex 64.9137 -3.3409 10
    endloop
  endfacet
  facet normal 0 0 1
    outer loop
      vertex 72.8386 -10.1684 10
      vertex 63.9772 -6.22307 10
      vertex 71.4925 -12.5 10
    endloop
  endfacet
  facet normal -0 0 1
    outer loop
      vertex 62.462 -8.84755 10
      vertex 71.4925 -12.5 10
      vertex 63.9772 -6.22307 10
    endloop
  endfacet
  facet normal -0 0 1
    outer loop
      vertex 62.378 -8.99311 10
      vertex 71.4925 -12.5 10
      vertex 62.462 -8.84755 10
    endloop
  endfacet
  facet normal -0 0 1
    outer loop
      vertex 62.2655 -9.11802 10
      vertex 71.4925 -12.5 10
      vertex 62.378 -8.99311 10
    endloop
  endfacet
  facet normal -0 0 1
    outer loop
      vertex 60.2377 -11.3701 10
      vertex 71.4925 -12.5 10
      vertex 62.2655 -9.11802 10
    endloop
  endfacet
  facet normal 0 0 1
    outer loop
      vertex 71.4925 -12.5 10
      vertex 60.2377 -11.3701 10
      vertex 58.6825 -12.5 10
    endloop
  endfacet
  facet normal 0 0 1
    outer loop
      vertex 27.1614 10.1684 10
      vertex 35.0863 3.3409 10
      vertex 36.0228 6.22307 10
    endloop
  endfacet
  facet normal 0 0 1
    outer loop
      vertex 35.0863 3.3409 10
      vertex 25.5463 5.19779 10
      vertex 35.0343 3.18105 10
    endloop
  endfacet
  facet normal -0 0 1
    outer loop
      vertex 25.5463 5.19779 10
      vertex 35.0863 3.3409 10
      vertex 27.1614 10.1684 10
    endloop
  endfacet
  facet normal -0 0 1
    outer loop
      vertex 27.1614 10.1684 10
      vertex 36.0228 6.22307 10
      vertex 28.5075 12.5 10
    endloop
  endfacet
  facet normal 0 0 1
    outer loop
      vertex 37.538 8.84755 10
      vertex 28.5075 12.5 10
      vertex 36.0228 6.22307 10
    endloop
  endfacet
  facet normal 0 0 1
    outer loop
      vertex 37.622 8.99311 10
      vertex 28.5075 12.5 10
      vertex 37.538 8.84755 10
    endloop
  endfacet
  facet normal 0 0 1
    outer loop
      vertex 37.7345 9.11802 10
      vertex 28.5075 12.5 10
      vertex 37.622 8.99311 10
    endloop
  endfacet
  facet normal 0 0 1
    outer loop
      vertex 39.7623 11.3701 10
      vertex 28.5075 12.5 10
      vertex 37.7345 9.11802 10
    endloop
  endfacet
  facet normal -0 0 1
    outer loop
      vertex 28.5075 12.5 10
      vertex 39.7623 11.3701 10
      vertex 41.3175 12.5 10
    endloop
  endfacet
  facet normal 0 0 1
    outer loop
      vertex 25.5463 -5.19779 10
      vertex 35.0863 -3.3409 10
      vertex 35.0343 -3.18105 10
    endloop
  endfacet
  facet normal 0 0 1
    outer loop
      vertex 35.0343 3.18105 10
      vertex 25.5463 5.19779 10
      vertex 34.7176 0.167161 10
    endloop
  endfacet
  facet normal 0 0 1
    outer loop
      vertex 25 0 10
      vertex 34.7176 0.167161 10
      vertex 25.5463 5.19779 10
    endloop
  endfacet
  facet normal 0 0 1
    outer loop
      vertex 34.7176 0.167161 10
      vertex 25 0 10
      vertex 34.7 0 10
    endloop
  endfacet
  facet normal 0 0 1
    outer loop
      vertex 39.7623 -11.3701 10
      vertex 28.5075 -12.5 10
      vertex 41.3175 -12.5 10
    endloop
  endfacet
  facet normal 0 0 1
    outer loop
      vertex 37.7345 -9.11802 10
      vertex 28.5075 -12.5 10
      vertex 39.7623 -11.3701 10
    endloop
  endfacet
  facet normal 0 0 1
    outer loop
      vertex 37.622 -8.99311 10
      vertex 28.5075 -12.5 10
      vertex 37.7345 -9.11802 10
    endloop
  endfacet
  facet normal 0 0 1
    outer loop
      vertex 37.538 -8.84755 10
      vertex 28.5075 -12.5 10
      vertex 37.622 -8.99311 10
    endloop
  endfacet
  facet normal 0 0 1
    outer loop
      vertex 36.0228 -6.22307 10
      vertex 28.5075 -12.5 10
      vertex 37.538 -8.84755 10
    endloop
  endfacet
  facet normal 0 0 1
    outer loop
      vertex 34.7 0 10
      vertex 25 0 10
      vertex 34.7176 -0.167161 10
    endloop
  endfacet
  facet normal 0 -0 1
    outer loop
      vertex 25.5463 -5.19779 10
      vertex 34.7176 -0.167161 10
      vertex 25 0 10
    endloop
  endfacet
  facet normal 0 0 1
    outer loop
      vertex 34.7176 -0.167161 10
      vertex 25.5463 -5.19779 10
      vertex 35.0343 -3.18105 10
    endloop
  endfacet
  facet normal 0 -0 1
    outer loop
      vertex 27.1614 -10.1684 10
      vertex 35.0863 -3.3409 10
      vertex 25.5463 -5.19779 10
    endloop
  endfacet
  facet normal 0 0 1
    outer loop
      vertex 36.0228 -6.22307 10
      vertex 27.1614 -10.1684 10
      vertex 28.5075 -12.5 10
    endloop
  endfacet
  facet normal 0 0 1
    outer loop
      vertex 35.0863 -3.3409 10
      vertex 27.1614 -10.1684 10
      vertex 36.0228 -6.22307 10
    endloop
  endfacet
  facet normal 0.951054 -0.309026 0
    outer loop
      vertex 72.8386 -10.1684 10
      vertex 74.4537 -5.19779 5
      vertex 74.4537 -5.19779 10
    endloop
  endfacet
  facet normal 0.951054 -0.309026 0
    outer loop
      vertex 74.4537 -5.19779 5
      vertex 72.8386 -10.1684 10
      vertex 72.8386 -10.1684 5
    endloop
  endfacet
  facet normal 0 0 1
    outer loop
      vertex 25.5463 5.19779 5
      vertex 8.6 12.5 5
      vertex 25 0 5
    endloop
  endfacet
  facet normal 0 0 1
    outer loop
      vertex 27.1614 10.1684 5
      vertex 8.6 12.5 5
      vertex 25.5463 5.19779 5
    endloop
  endfacet
  facet normal -0 0 1
    outer loop
      vertex 8.6 12.5 5
      vertex 27.1614 10.1684 5
      vertex 28.5075 12.5 5
    endloop
  endfacet
  facet normal -0 0 1
    outer loop
      vertex 0 3.9 5
      vertex 25 0 5
      vertex 8.6 12.5 5
    endloop
  endfacet
  facet normal 0 0 1
    outer loop
      vertex 25 0 5
      vertex 8.6 -12.5 5
      vertex 25.5463 -5.19779 5
    endloop
  endfacet
  facet normal 0 0 1
    outer loop
      vertex 25.5463 -5.19779 5
      vertex 8.6 -12.5 5
      vertex 27.1614 -10.1684 5
    endloop
  endfacet
  facet normal 0 0 1
    outer loop
      vertex 27.1614 -10.1684 5
      vertex 8.6 -12.5 5
      vertex 28.5075 -12.5 5
    endloop
  endfacet
  facet normal 0 0 1
    outer loop
      vertex 0 -3.9 5
      vertex 25 0 5
      vertex 0 3.9 5
    endloop
  endfacet
  facet normal 0 0 1
    outer loop
      vertex 25 0 5
      vertex 0 -3.9 5
      vertex 8.6 -12.5 5
    endloop
  endfacet
  facet normal 0 0 1
    outer loop
      vertex 112.892 -4.92899 5
      vertex 110.595 -4.82867 5
      vertex 112.773 -5.41688 5
    endloop
  endfacet
  facet normal 0 0 1
    outer loop
      vertex 111.547 15.624 5
      vertex 112.12 13.2703 5
      vertex 112.158 13.7712 5
    endloop
  endfacet
  facet normal 0 0 1
    outer loop
      vertex 111.547 15.624 5
      vertex 112.232 12.2914 5
      vertex 112.12 13.2703 5
    endloop
  endfacet
  facet normal 0 0 1
    outer loop
      vertex 112.12 13.2703 5
      vertex 112.232 12.2914 5
      vertex 112.274 12.792 5
    endloop
  endfacet
  facet normal 0 0 1
    outer loop
      vertex 110.683 1.93198 5
      vertex 112.232 12.2914 5
      vertex 111.547 15.624 5
    endloop
  endfacet
  facet normal 0 0 1
    outer loop
      vertex 112.232 12.2914 5
      vertex 112.335 11.3115 5
      vertex 112.381 11.8117 5
    endloop
  endfacet
  facet normal 0 0 1
    outer loop
      vertex 112.232 12.2914 5
      vertex 110.683 1.93198 5
      vertex 112.335 11.3115 5
    endloop
  endfacet
  facet normal 0 0 1
    outer loop
      vertex 112.335 11.3115 5
      vertex 112.429 10.3308 5
      vertex 112.48 10.8306 5
    endloop
  endfacet
  facet normal 0 0 1
    outer loop
      vertex 112.335 11.3115 5
      vertex 110.683 1.93198 5
      vertex 112.429 10.3308 5
    endloop
  endfacet
  facet normal 0 0 1
    outer loop
      vertex 112.429 10.3308 5
      vertex 112.515 9.3493 5
      vertex 112.57 9.8486 5
    endloop
  endfacet
  facet normal 0 0 1
    outer loop
      vertex 112.429 10.3308 5
      vertex 110.683 1.93198 5
      vertex 112.515 9.3493 5
    endloop
  endfacet
  facet normal 0 0 1
    outer loop
      vertex 112.515 9.3493 5
      vertex 112.593 8.36708 5
      vertex 112.652 8.86588 5
    endloop
  endfacet
  facet normal 0 0 1
    outer loop
      vertex 112.515 9.3493 5
      vertex 110.683 1.93198 5
      vertex 112.593 8.36708 5
    endloop
  endfacet
  facet normal 0 0 1
    outer loop
      vertex 112.593 8.36708 5
      vertex 112.661 7.38421 5
      vertex 112.725 7.88248 5
    endloop
  endfacet
  facet normal 0 0 1
    outer loop
      vertex 112.593 8.36708 5
      vertex 110.683 1.93198 5
      vertex 112.661 7.38421 5
    endloop
  endfacet
  facet normal 0 0 1
    outer loop
      vertex 112.661 7.38421 5
      vertex 112.721 6.40079 5
      vertex 112.789 6.89848 5
    endloop
  endfacet
  facet normal 0 0 1
    outer loop
      vertex 112.661 7.38421 5
      vertex 110.683 1.93198 5
      vertex 112.721 6.40079 5
    endloop
  endfacet
  facet normal 0 0 1
    outer loop
      vertex 112.721 6.40079 5
      vertex 112.773 5.41688 5
      vertex 112.845 5.91396 5
    endloop
  endfacet
  facet normal 0 0 1
    outer loop
      vertex 112.721 6.40079 5
      vertex 110.683 1.93198 5
      vertex 112.773 5.41688 5
    endloop
  endfacet
  facet normal 0 0 1
    outer loop
      vertex 112.773 5.41688 5
      vertex 112.816 4.43255 5
      vertex 112.892 4.92899 5
    endloop
  endfacet
  facet normal 0 0 1
    outer loop
      vertex 110.683 1.93198 5
      vertex 112.85 3.44789 5
      vertex 112.816 4.43255 5
    endloop
  endfacet
  facet normal 0 0 1
    outer loop
      vertex 112.816 4.43255 5
      vertex 112.85 3.44789 5
      vertex 112.931 3.94364 5
    endloop
  endfacet
  facet normal 0 0 1
    outer loop
      vertex 110.683 1.93198 5
      vertex 112.876 2.46297 5
      vertex 112.85 3.44789 5
    endloop
  endfacet
  facet normal 0 0 1
    outer loop
      vertex 112.85 3.44789 5
      vertex 112.876 2.46297 5
      vertex 112.961 2.95799 5
    endloop
  endfacet
  facet normal 0 0 1
    outer loop
      vertex 112.983 1.97212 5
      vertex 110.683 1.93198 5
      vertex 112.893 1.47786 5
    endloop
  endfacet
  facet normal 0 0 1
    outer loop
      vertex 110.683 1.93198 5
      vertex 112.983 1.97212 5
      vertex 112.876 2.46297 5
    endloop
  endfacet
  facet normal 0 -0 1
    outer loop
      vertex 110.696 0.966027 5
      vertex 112.893 1.47786 5
      vertex 110.683 1.93198 5
    endloop
  endfacet
  facet normal 0 0 1
    outer loop
      vertex 110.696 0.966027 5
      vertex 112.996 0.986098 5
      vertex 112.893 1.47786 5
    endloop
  endfacet
  facet normal 0 0 1
    outer loop
      vertex 110.7 0 5
      vertex 113 0 5
      vertex 112.902 0.492632 5
    endloop
  endfacet
  facet normal -0 0 1
    outer loop
      vertex 110.696 -0.966027 5
      vertex 112.996 -0.986098 5
      vertex 112.902 -0.492632 5
    endloop
  endfacet
  facet normal 0 0 1
    outer loop
      vertex 112.996 0.986098 5
      vertex 110.696 0.966027 5
      vertex 112.902 0.492632 5
    endloop
  endfacet
  facet normal -0 0 1
    outer loop
      vertex 110.683 -1.93198 5
      vertex 112.983 -1.97212 5
      vertex 112.893 -1.47786 5
    endloop
  endfacet
  facet normal 0 -0 1
    outer loop
      vertex 110.7 0 5
      vertex 112.902 0.492632 5
      vertex 110.696 0.966027 5
    endloop
  endfacet
  facet normal -0 0 1
    outer loop
      vertex 110.662 -2.89779 5
      vertex 112.961 -2.95799 5
      vertex 112.876 -2.46297 5
    endloop
  endfacet
  facet normal 0 0 1
    outer loop
      vertex 113 0 5
      vertex 110.7 0 5
      vertex 112.902 -0.492632 5
    endloop
  endfacet
  facet normal -0 0 1
    outer loop
      vertex 110.633 -3.86337 5
      vertex 112.931 -3.94364 5
      vertex 112.85 -3.44789 5
    endloop
  endfacet
  facet normal 0 0 1
    outer loop
      vertex 112.773 5.41688 5
      vertex 110.683 1.93198 5
      vertex 112.816 4.43255 5
    endloop
  endfacet
  facet normal -0 0 1
    outer loop
      vertex 110.595 -4.82867 5
      vertex 112.892 -4.92899 5
      vertex 112.816 -4.43255 5
    endloop
  endfacet
  facet normal 0 0 1
    outer loop
      vertex 110.696 -0.966027 5
      vertex 112.902 -0.492632 5
      vertex 110.7 0 5
    endloop
  endfacet
  facet normal 0 0 1
    outer loop
      vertex 112.773 -5.41688 5
      vertex 112.721 -6.40079 5
      vertex 112.845 -5.91396 5
    endloop
  endfacet
  facet normal 0 0 1
    outer loop
      vertex 112.996 -0.986098 5
      vertex 110.696 -0.966027 5
      vertex 112.893 -1.47786 5
    endloop
  endfacet
  facet normal 0 0 1
    outer loop
      vertex 112.721 -6.40079 5
      vertex 112.661 -7.38421 5
      vertex 112.789 -6.89848 5
    endloop
  endfacet
  facet normal 0 0 1
    outer loop
      vertex 110.683 -1.93198 5
      vertex 112.893 -1.47786 5
      vertex 110.696 -0.966027 5
    endloop
  endfacet
  facet normal 0 0 1
    outer loop
      vertex 112.661 -7.38421 5
      vertex 112.593 -8.36708 5
      vertex 112.725 -7.88248 5
    endloop
  endfacet
  facet normal 0 0 1
    outer loop
      vertex 112.983 -1.97212 5
      vertex 110.683 -1.93198 5
      vertex 112.876 -2.46297 5
    endloop
  endfacet
  facet normal 0 0 1
    outer loop
      vertex 112.593 -8.36708 5
      vertex 112.515 -9.3493 5
      vertex 112.652 -8.86588 5
    endloop
  endfacet
  facet normal 0 0 1
    outer loop
      vertex 110.662 -2.89779 5
      vertex 112.876 -2.46297 5
      vertex 110.683 -1.93198 5
    endloop
  endfacet
  facet normal 0 0 1
    outer loop
      vertex 112.515 -9.3493 5
      vertex 112.429 -10.3308 5
      vertex 112.57 -9.8486 5
    endloop
  endfacet
  facet normal 0 0 1
    outer loop
      vertex 112.961 -2.95799 5
      vertex 110.662 -2.89779 5
      vertex 112.85 -3.44789 5
    endloop
  endfacet
  facet normal 0 0 1
    outer loop
      vertex 112.429 -10.3308 5
      vertex 112.335 -11.3115 5
      vertex 112.48 -10.8306 5
    endloop
  endfacet
  facet normal 0 0 1
    outer loop
      vertex 110.633 -3.86337 5
      vertex 112.85 -3.44789 5
      vertex 110.662 -2.89779 5
    endloop
  endfacet
  facet normal 0 0 1
    outer loop
      vertex 112.335 -11.3115 5
      vertex 112.232 -12.2914 5
      vertex 112.381 -11.8117 5
    endloop
  endfacet
  facet normal 0 0 1
    outer loop
      vertex 112.931 -3.94364 5
      vertex 110.633 -3.86337 5
      vertex 112.816 -4.43255 5
    endloop
  endfacet
  facet normal 0 0 1
    outer loop
      vertex 112.232 -12.2914 5
      vertex 112.12 -13.2703 5
      vertex 112.274 -12.792 5
    endloop
  endfacet
  facet normal 0 0 1
    outer loop
      vertex 110.595 -4.82867 5
      vertex 112.816 -4.43255 5
      vertex 110.633 -3.86337 5
    endloop
  endfacet
  facet normal -0 0 1
    outer loop
      vertex 109.875 -13.4909 5
      vertex 112.158 -13.7712 5
      vertex 112.12 -13.2703 5
    endloop
  endfacet
  facet normal 0 0 1
    outer loop
      vertex 112.773 -5.41688 5
      vertex 110.548 -5.79359 5
      vertex 112.721 -6.40079 5
    endloop
  endfacet
  facet normal 0 0 1
    outer loop
      vertex 112.721 -6.40079 5
      vertex 110.494 -6.75807 5
      vertex 112.661 -7.38421 5
    endloop
  endfacet
  facet normal 0 0 1
    outer loop
      vertex 110.494 -6.75807 5
      vertex 112.721 -6.40079 5
      vertex 110.548 -5.79359 5
    endloop
  endfacet
  facet normal 0 0 1
    outer loop
      vertex 110.548 -5.79359 5
      vertex 112.773 -5.41688 5
      vertex 110.595 -4.82867 5
    endloop
  endfacet
  facet normal 0 0 1
    outer loop
      vertex 111.547 15.624 5
      vertex 110.662 2.89779 5
      vertex 110.683 1.93198 5
    endloop
  endfacet
  facet normal 0 0 1
    outer loop
      vertex 111.547 15.624 5
      vertex 110.633 3.86337 5
      vertex 110.662 2.89779 5
    endloop
  endfacet
  facet normal 0 0 1
    outer loop
      vertex 111.547 15.624 5
      vertex 110.595 4.82867 5
      vertex 110.633 3.86337 5
    endloop
  endfacet
  facet normal 0 0 1
    outer loop
      vertex 111.547 15.624 5
      vertex 110.548 5.79359 5
      vertex 110.595 4.82867 5
    endloop
  endfacet
  facet normal 0 0 1
    outer loop
      vertex 111.547 15.624 5
      vertex 110.494 6.75807 5
      vertex 110.548 5.79359 5
    endloop
  endfacet
  facet normal 0 0 1
    outer loop
      vertex 111.547 15.624 5
      vertex 110.43 7.72204 5
      vertex 110.494 6.75807 5
    endloop
  endfacet
  facet normal 0 0 1
    outer loop
      vertex 111.547 15.624 5
      vertex 110.359 8.68542 5
      vertex 110.43 7.72204 5
    endloop
  endfacet
  facet normal 0 0 1
    outer loop
      vertex 111.547 15.624 5
      vertex 110.279 9.64814 5
      vertex 110.359 8.68542 5
    endloop
  endfacet
  facet normal 0 0 1
    outer loop
      vertex 109.036 15.1365 5
      vertex 111.547 15.624 5
      vertex 110.273 17.1019 5
    endloop
  endfacet
  facet normal 0 0 1
    outer loop
      vertex 111.547 15.624 5
      vertex 110.19 10.6101 5
      vertex 110.279 9.64814 5
    endloop
  endfacet
  facet normal 0 0 1
    outer loop
      vertex 110.279 9.64814 5
      vertex 110.19 10.6101 5
      vertex 110.062 10.1133 5
    endloop
  endfacet
  facet normal 0 0 1
    outer loop
      vertex 105.415 -3.22078 5
      vertex 75 0 5
      vertex 102.25 -12.5 5
    endloop
  endfacet
  facet normal 0 0 1
    outer loop
      vertex 102.25 12.5 5
      vertex 74.4537 5.19779 5
      vertex 75 0 5
    endloop
  endfacet
  facet normal 0 0 1
    outer loop
      vertex 102.25 12.5 5
      vertex 72.8386 10.1684 5
      vertex 74.4537 5.19779 5
    endloop
  endfacet
  facet normal 0 -0 1
    outer loop
      vertex 72.8386 10.1684 5
      vertex 102.25 12.5 5
      vertex 71.4925 12.5 5
    endloop
  endfacet
  facet normal -0 0 1
    outer loop
      vertex 102.232 -12.5525 5
      vertex 104.564 -13.7693 5
      vertex 102.25 -12.5 5
    endloop
  endfacet
  facet normal 0 0 1
    outer loop
      vertex 104.564 -13.7693 5
      vertex 102.232 -12.5525 5
      vertex 102.377 -14.4981 5
    endloop
  endfacet
  facet normal -0 0 1
    outer loop
      vertex 74.4537 -5.19779 5
      vertex 102.25 -12.5 5
      vertex 75 0 5
    endloop
  endfacet
  facet normal -0 0 1
    outer loop
      vertex 72.8386 -10.1684 5
      vertex 102.25 -12.5 5
      vertex 74.4537 -5.19779 5
    endloop
  endfacet
  facet normal 0 0 1
    outer loop
      vertex 102.25 -12.5 5
      vertex 72.8386 -10.1684 5
      vertex 71.4925 -12.5 5
    endloop
  endfacet
  facet normal 0 0 1
    outer loop
      vertex 109.988 -12.5316 5
      vertex 109.759 -12.9909 5
      vertex 109.875 -13.4909 5
    endloop
  endfacet
  facet normal 0 0 1
    outer loop
      vertex 110.094 -11.5713 5
      vertex 109.869 -12.0326 5
      vertex 109.988 -12.5316 5
    endloop
  endfacet
  facet normal 0 0 1
    outer loop
      vertex 110.19 -10.6101 5
      vertex 109.969 -11.0733 5
      vertex 110.094 -11.5713 5
    endloop
  endfacet
  facet normal 0 0 1
    outer loop
      vertex 111.547 15.624 5
      vertex 110.094 11.5713 5
      vertex 110.19 10.6101 5
    endloop
  endfacet
  facet normal 0 0 1
    outer loop
      vertex 111.547 15.624 5
      vertex 109.988 12.5316 5
      vertex 110.094 11.5713 5
    endloop
  endfacet
  facet normal 0 0 1
    outer loop
      vertex 111.547 15.624 5
      vertex 109.875 13.4909 5
      vertex 109.988 12.5316 5
    endloop
  endfacet
  facet normal 0 0 1
    outer loop
      vertex 111.547 15.624 5
      vertex 109.036 15.1365 5
      vertex 109.875 13.4909 5
    endloop
  endfacet
  facet normal 0 0 1
    outer loop
      vertex 108.531 17.98 5
      vertex 109.036 15.1365 5
      vertex 110.273 17.1019 5
    endloop
  endfacet
  facet normal 0 0 1
    outer loop
      vertex 108.531 17.98 5
      vertex 107.336 15.8582 5
      vertex 109.036 15.1365 5
    endloop
  endfacet
  facet normal 0 0 1
    outer loop
      vertex 106.586 18.1246 5
      vertex 107.336 15.8582 5
      vertex 108.531 17.98 5
    endloop
  endfacet
  facet normal 0 0 1
    outer loop
      vertex 106.586 18.1246 5
      vertex 105.57 15.3182 5
      vertex 107.336 15.8582 5
    endloop
  endfacet
  facet normal -0 0 1
    outer loop
      vertex 104.733 17.5137 5
      vertex 105.57 15.3182 5
      vertex 106.586 18.1246 5
    endloop
  endfacet
  facet normal -0 0 1
    outer loop
      vertex 103.255 16.2402 5
      vertex 105.57 15.3182 5
      vertex 104.733 17.5137 5
    endloop
  endfacet
  facet normal 0 0 1
    outer loop
      vertex 102.25 -12.5 5
      vertex 104.837 -11.4815 5
      vertex 104.933 -10.5662 5
    endloop
  endfacet
  facet normal 0 0 1
    outer loop
      vertex 105.57 15.3182 5
      vertex 103.255 16.2402 5
      vertex 104.564 13.7693 5
    endloop
  endfacet
  facet normal 0 0 1
    outer loop
      vertex 110.359 -8.68542 5
      vertex 110.146 -9.15242 5
      vertex 110.279 -9.64814 5
    endloop
  endfacet
  facet normal 0 0 1
    outer loop
      vertex 110.43 -7.72204 5
      vertex 110.222 -8.19088 5
      vertex 110.359 -8.68542 5
    endloop
  endfacet
  facet normal 0 0 1
    outer loop
      vertex 110.494 -6.75807 5
      vertex 110.289 -7.22871 5
      vertex 110.43 -7.72204 5
    endloop
  endfacet
  facet normal 0 0 1
    outer loop
      vertex 110.548 -5.79359 5
      vertex 110.348 -6.266 5
      vertex 110.494 -6.75807 5
    endloop
  endfacet
  facet normal 0 0 1
    outer loop
      vertex 110.595 -4.82867 5
      vertex 110.398 -5.30281 5
      vertex 110.548 -5.79359 5
    endloop
  endfacet
  facet normal 0 0 1
    outer loop
      vertex 110.633 -3.86337 5
      vertex 110.44 -4.33921 5
      vertex 110.595 -4.82867 5
    endloop
  endfacet
  facet normal 0 0 1
    outer loop
      vertex 110.662 -2.89779 5
      vertex 110.474 -3.37528 5
      vertex 110.633 -3.86337 5
    endloop
  endfacet
  facet normal 0 0 1
    outer loop
      vertex 110.683 -1.93198 5
      vertex 110.499 -2.4111 5
      vertex 110.662 -2.89779 5
    endloop
  endfacet
  facet normal 0 0 1
    outer loop
      vertex 110.696 -0.966027 5
      vertex 110.516 -1.44673 5
      vertex 110.683 -1.93198 5
    endloop
  endfacet
  facet normal 0 0 1
    outer loop
      vertex 110.7 0 5
      vertex 110.524 -0.482257 5
      vertex 110.696 -0.966027 5
    endloop
  endfacet
  facet normal 0 0 1
    outer loop
      vertex 110.43 -7.72204 5
      vertex 112.661 -7.38421 5
      vertex 110.494 -6.75807 5
    endloop
  endfacet
  facet normal 0 0 1
    outer loop
      vertex 112.661 -7.38421 5
      vertex 110.43 -7.72204 5
      vertex 112.593 -8.36708 5
    endloop
  endfacet
  facet normal 0 0 1
    outer loop
      vertex 110.359 -8.68542 5
      vertex 112.593 -8.36708 5
      vertex 110.43 -7.72204 5
    endloop
  endfacet
  facet normal 0 0 1
    outer loop
      vertex 112.593 -8.36708 5
      vertex 110.359 -8.68542 5
      vertex 112.515 -9.3493 5
    endloop
  endfacet
  facet normal 0 0 1
    outer loop
      vertex 110.279 -9.64814 5
      vertex 112.515 -9.3493 5
      vertex 110.359 -8.68542 5
    endloop
  endfacet
  facet normal 0 0 1
    outer loop
      vertex 112.515 -9.3493 5
      vertex 110.279 -9.64814 5
      vertex 112.429 -10.3308 5
    endloop
  endfacet
  facet normal 0 0 1
    outer loop
      vertex 110.19 -10.6101 5
      vertex 112.429 -10.3308 5
      vertex 110.279 -9.64814 5
    endloop
  endfacet
  facet normal 0 0 1
    outer loop
      vertex 112.429 -10.3308 5
      vertex 110.19 -10.6101 5
      vertex 112.335 -11.3115 5
    endloop
  endfacet
  facet normal 0 0 1
    outer loop
      vertex 110.094 -11.5713 5
      vertex 112.335 -11.3115 5
      vertex 110.19 -10.6101 5
    endloop
  endfacet
  facet normal 0 0 1
    outer loop
      vertex 112.335 -11.3115 5
      vertex 110.094 -11.5713 5
      vertex 112.232 -12.2914 5
    endloop
  endfacet
  facet normal 0 0 1
    outer loop
      vertex 109.988 -12.5316 5
      vertex 112.232 -12.2914 5
      vertex 110.094 -11.5713 5
    endloop
  endfacet
  facet normal 0 0 1
    outer loop
      vertex 112.232 -12.2914 5
      vertex 109.988 -12.5316 5
      vertex 112.12 -13.2703 5
    endloop
  endfacet
  facet normal 0 -0 1
    outer loop
      vertex 110.19 -10.6101 5
      vertex 110.279 -9.64814 5
      vertex 110.062 -10.1133 5
    endloop
  endfacet
  facet normal 0 0 1
    outer loop
      vertex 110.7 0 5
      vertex 110.696 0.966027 5
      vertex 110.524 0.482257 5
    endloop
  endfacet
  facet normal 0 0 1
    outer loop
      vertex 110.696 0.966027 5
      vertex 110.683 1.93198 5
      vertex 110.516 1.44673 5
    endloop
  endfacet
  facet normal 0 0 1
    outer loop
      vertex 110.683 1.93198 5
      vertex 110.662 2.89779 5
      vertex 110.499 2.4111 5
    endloop
  endfacet
  facet normal 0 0 1
    outer loop
      vertex 110.662 2.89779 5
      vertex 110.633 3.86337 5
      vertex 110.474 3.37528 5
    endloop
  endfacet
  facet normal 0 0 1
    outer loop
      vertex 110.633 3.86337 5
      vertex 110.595 4.82867 5
      vertex 110.44 4.33921 5
    endloop
  endfacet
  facet normal 0 0 1
    outer loop
      vertex 110.595 4.82867 5
      vertex 110.548 5.79359 5
      vertex 110.398 5.30281 5
    endloop
  endfacet
  facet normal 0 0 1
    outer loop
      vertex 110.548 5.79359 5
      vertex 110.494 6.75807 5
      vertex 110.348 6.266 5
    endloop
  endfacet
  facet normal 0 0 1
    outer loop
      vertex 110.494 6.75807 5
      vertex 110.43 7.72204 5
      vertex 110.289 7.22871 5
    endloop
  endfacet
  facet normal 0 0 1
    outer loop
      vertex 110.43 7.72204 5
      vertex 110.359 8.68542 5
      vertex 110.222 8.19088 5
    endloop
  endfacet
  facet normal 0 0 1
    outer loop
      vertex 110.359 8.68542 5
      vertex 110.279 9.64814 5
      vertex 110.146 9.15242 5
    endloop
  endfacet
  facet normal 0 0 1
    outer loop
      vertex 109.875 -13.4909 5
      vertex 112.12 -13.2703 5
      vertex 109.988 -12.5316 5
    endloop
  endfacet
  facet normal 0 0 1
    outer loop
      vertex 112.158 -13.7712 5
      vertex 109.875 -13.4909 5
      vertex 111.547 -15.624 5
    endloop
  endfacet
  facet normal -0 0 1
    outer loop
      vertex 109.036 -15.1365 5
      vertex 111.547 -15.624 5
      vertex 109.875 -13.4909 5
    endloop
  endfacet
  facet normal 0 0 1
    outer loop
      vertex 111.547 -15.624 5
      vertex 109.036 -15.1365 5
      vertex 110.273 -17.1019 5
    endloop
  endfacet
  facet normal 0 0 1
    outer loop
      vertex 109.036 -15.1365 5
      vertex 108.531 -17.98 5
      vertex 110.273 -17.1019 5
    endloop
  endfacet
  facet normal -0 0 1
    outer loop
      vertex 107.336 -15.8582 5
      vertex 108.531 -17.98 5
      vertex 109.036 -15.1365 5
    endloop
  endfacet
  facet normal 0 0 1
    outer loop
      vertex 107.336 -15.8582 5
      vertex 106.586 -18.1246 5
      vertex 108.531 -17.98 5
    endloop
  endfacet
  facet normal 0 0 1
    outer loop
      vertex 105.57 -15.3182 5
      vertex 106.586 -18.1246 5
      vertex 107.336 -15.8582 5
    endloop
  endfacet
  facet normal 0 0 1
    outer loop
      vertex 105.57 -15.3182 5
      vertex 104.733 -17.5137 5
      vertex 106.586 -18.1246 5
    endloop
  endfacet
  facet normal 0 0 1
    outer loop
      vertex 103.255 -16.2402 5
      vertex 105.57 -15.3182 5
      vertex 104.564 -13.7693 5
    endloop
  endfacet
  facet normal 0 0 1
    outer loop
      vertex 105.57 -15.3182 5
      vertex 103.255 -16.2402 5
      vertex 104.733 -17.5137 5
    endloop
  endfacet
  facet normal 0 0 1
    outer loop
      vertex 102.25 -12.5 5
      vertex 104.733 -12.396 5
      vertex 104.837 -11.4815 5
    endloop
  endfacet
  facet normal 0 0 1
    outer loop
      vertex 102.25 12.5 5
      vertex 103.255 16.2402 5
      vertex 102.377 14.4981 5
    endloop
  endfacet
  facet normal -0 0 1
    outer loop
      vertex 102.25 -12.5 5
      vertex 104.564 -13.7693 5
      vertex 104.733 -12.396 5
    endloop
  endfacet
  facet normal 0 0 1
    outer loop
      vertex 104.564 -13.7693 5
      vertex 102.377 -14.4981 5
      vertex 103.255 -16.2402 5
    endloop
  endfacet
  facet normal 0 -0 1
    outer loop
      vertex 102.25 12.5 5
      vertex 102.377 14.4981 5
      vertex 102.232 12.5525 5
    endloop
  endfacet
  facet normal 0 0 1
    outer loop
      vertex 110.19 10.6101 5
      vertex 110.094 11.5713 5
      vertex 109.969 11.0733 5
    endloop
  endfacet
  facet normal 0 0 1
    outer loop
      vertex 110.094 11.5713 5
      vertex 109.988 12.5316 5
      vertex 109.869 12.0326 5
    endloop
  endfacet
  facet normal 0 0 1
    outer loop
      vertex 109.988 12.5316 5
      vertex 109.875 13.4909 5
      vertex 109.759 12.9909 5
    endloop
  endfacet
  facet normal 0 0 1
    outer loop
      vertex 105.439 2.30063 5
      vertex 75 0 5
      vertex 105.455 1.38045 5
    endloop
  endfacet
  facet normal 0 0 1
    outer loop
      vertex 105.455 1.38045 5
      vertex 75 0 5
      vertex 105.463 0.460146 5
    endloop
  endfacet
  facet normal 0 0 1
    outer loop
      vertex 75 0 5
      vertex 105.415 3.22078 5
      vertex 102.25 12.5 5
    endloop
  endfacet
  facet normal 0 0 1
    outer loop
      vertex 105.415 3.22078 5
      vertex 75 0 5
      vertex 105.439 2.30063 5
    endloop
  endfacet
  facet normal 0 0 1
    outer loop
      vertex 105.383 4.14051 5
      vertex 102.25 12.5 5
      vertex 105.415 3.22078 5
    endloop
  endfacet
  facet normal 0 0 1
    outer loop
      vertex 105.463 0.460146 5
      vertex 75 0 5
      vertex 105.463 -0.460146 5
    endloop
  endfacet
  facet normal 0 0 1
    outer loop
      vertex 105.342 5.05995 5
      vertex 102.25 12.5 5
      vertex 105.383 4.14051 5
    endloop
  endfacet
  facet normal 0 0 1
    outer loop
      vertex 75 0 5
      vertex 105.455 -1.38045 5
      vertex 105.463 -0.460146 5
    endloop
  endfacet
  facet normal 0 0 1
    outer loop
      vertex 105.294 5.97907 5
      vertex 102.25 12.5 5
      vertex 105.342 5.05995 5
    endloop
  endfacet
  facet normal 0 0 1
    outer loop
      vertex 75 0 5
      vertex 105.439 -2.30063 5
      vertex 105.455 -1.38045 5
    endloop
  endfacet
  facet normal 0 0 1
    outer loop
      vertex 105.238 6.89762 5
      vertex 102.25 12.5 5
      vertex 105.294 5.97907 5
    endloop
  endfacet
  facet normal 0 0 1
    outer loop
      vertex 75 0 5
      vertex 105.415 -3.22078 5
      vertex 105.439 -2.30063 5
    endloop
  endfacet
  facet normal 0 0 1
    outer loop
      vertex 105.174 7.81584 5
      vertex 102.25 12.5 5
      vertex 105.238 6.89762 5
    endloop
  endfacet
  facet normal 0 0 1
    outer loop
      vertex 102.25 -12.5 5
      vertex 105.383 -4.14051 5
      vertex 105.415 -3.22078 5
    endloop
  endfacet
  facet normal 0 0 1
    outer loop
      vertex 105.102 8.73322 5
      vertex 102.25 12.5 5
      vertex 105.174 7.81584 5
    endloop
  endfacet
  facet normal 0 0 1
    outer loop
      vertex 102.25 -12.5 5
      vertex 105.342 -5.05995 5
      vertex 105.383 -4.14051 5
    endloop
  endfacet
  facet normal 0 0 1
    outer loop
      vertex 105.021 9.65005 5
      vertex 102.25 12.5 5
      vertex 105.102 8.73322 5
    endloop
  endfacet
  facet normal 0 0 1
    outer loop
      vertex 102.25 -12.5 5
      vertex 105.294 -5.97907 5
      vertex 105.342 -5.05995 5
    endloop
  endfacet
  facet normal 0 0 1
    outer loop
      vertex 104.933 10.5662 5
      vertex 102.25 12.5 5
      vertex 105.021 9.65005 5
    endloop
  endfacet
  facet normal 0 0 1
    outer loop
      vertex 102.25 -12.5 5
      vertex 105.238 -6.89762 5
      vertex 105.294 -5.97907 5
    endloop
  endfacet
  facet normal 0 0 1
    outer loop
      vertex 104.837 11.4815 5
      vertex 102.25 12.5 5
      vertex 104.933 10.5662 5
    endloop
  endfacet
  facet normal 0 0 1
    outer loop
      vertex 102.25 -12.5 5
      vertex 105.174 -7.81584 5
      vertex 105.238 -6.89762 5
    endloop
  endfacet
  facet normal 0 0 1
    outer loop
      vertex 104.733 12.396 5
      vertex 102.25 12.5 5
      vertex 104.837 11.4815 5
    endloop
  endfacet
  facet normal 0 0 1
    outer loop
      vertex 102.25 -12.5 5
      vertex 105.102 -8.73322 5
      vertex 105.174 -7.81584 5
    endloop
  endfacet
  facet normal 0 0 1
    outer loop
      vertex 104.564 13.7693 5
      vertex 102.25 12.5 5
      vertex 104.733 12.396 5
    endloop
  endfacet
  facet normal 0 0 1
    outer loop
      vertex 102.25 -12.5 5
      vertex 105.021 -9.65005 5
      vertex 105.102 -8.73322 5
    endloop
  endfacet
  facet normal 0 0 1
    outer loop
      vertex 102.25 12.5 5
      vertex 104.564 13.7693 5
      vertex 103.255 16.2402 5
    endloop
  endfacet
  facet normal 0 0 1
    outer loop
      vertex 102.25 -12.5 5
      vertex 104.933 -10.5662 5
      vertex 105.021 -9.65005 5
    endloop
  endfacet
  facet normal -0.994522 -0.104527 0
    outer loop
      vertex 25.5463 -5.19779 5
      vertex 25 0 10
      vertex 25 0 5
    endloop
  endfacet
  facet normal -0.994522 -0.104527 0
    outer loop
      vertex 25 0 10
      vertex 25.5463 -5.19779 5
      vertex 25.5463 -5.19779 10
    endloop
  endfacet
  facet normal -0.866033 -0.499986 0
    outer loop
      vertex 28.5075 -12.5 5
      vertex 27.1614 -10.1684 10
      vertex 27.1614 -10.1684 5
    endloop
  endfacet
  facet normal -0.866033 -0.499986 0
    outer loop
      vertex 27.1614 -10.1684 10
      vertex 28.5075 -12.5 5
      vertex 28.5075 -12.5 10
    endloop
  endfacet
  facet normal -0.994522 0.104527 0
    outer loop
      vertex 25 0 5
      vertex 25.5463 5.19779 10
      vertex 25.5463 5.19779 5
    endloop
  endfacet
  facet normal -0.994522 0.104527 0
    outer loop
      vertex 25.5463 5.19779 10
      vertex 25 0 5
      vertex 25 0 10
    endloop
  endfacet
  facet normal -0.951054 0.309026 0
    outer loop
      vertex 25.5463 5.19779 5
      vertex 27.1614 10.1684 10
      vertex 27.1614 10.1684 5
    endloop
  endfacet
  facet normal -0.951054 0.309026 0
    outer loop
      vertex 27.1614 10.1684 10
      vertex 25.5463 5.19779 5
      vertex 25.5463 5.19779 10
    endloop
  endfacet
  facet normal 0 1 -0
    outer loop
      vertex 102.25 12.5 0
      vertex 71.4925 12.5 5
      vertex 102.25 12.5 5
    endloop
  endfacet
  facet normal 0 1 0
    outer loop
      vertex 71.4925 12.5 5
      vertex 102.25 12.5 0
      vertex 65.644 12.5 5
    endloop
  endfacet
  facet normal 0 1 0
    outer loop
      vertex 8.6 12.5 0
      vertex 65.644 12.5 5
      vertex 102.25 12.5 0
    endloop
  endfacet
  facet normal 0 1 0
    outer loop
      vertex 65.644 12.5 5
      vertex 8.6 12.5 0
      vertex 34.356 12.5 5
    endloop
  endfacet
  facet normal 0 1 0
    outer loop
      vertex 34.356 12.5 5
      vertex 8.6 12.5 0
      vertex 28.5075 12.5 5
    endloop
  endfacet
  facet normal 0 1 0
    outer loop
      vertex 28.5075 12.5 5
      vertex 8.6 12.5 0
      vertex 8.6 12.5 5
    endloop
  endfacet
  facet normal 0 1 0
    outer loop
      vertex 71.4925 12.5 10
      vertex 61.2551 12.5 8.47959
      vertex 58.6825 12.5 10
    endloop
  endfacet
  facet normal 0 1 0
    outer loop
      vertex 71.4925 12.5 10
      vertex 62.9536 12.5 7.21035
      vertex 61.2551 12.5 8.47959
    endloop
  endfacet
  facet normal 0 1 0
    outer loop
      vertex 71.4925 12.5 10
      vertex 65.644 12.5 5.2
      vertex 62.9536 12.5 7.21035
    endloop
  endfacet
  facet normal 0 1 -0
    outer loop
      vertex 71.4925 12.5 5
      vertex 65.644 12.5 5.2
      vertex 71.4925 12.5 10
    endloop
  endfacet
  facet normal 0 1 0
    outer loop
      vertex 65.644 12.5 5.2
      vertex 71.4925 12.5 5
      vertex 65.644 12.5 5
    endloop
  endfacet
  facet normal 0 1 -0
    outer loop
      vertex 38.7449 12.5 8.47959
      vertex 28.5075 12.5 10
      vertex 41.3175 12.5 10
    endloop
  endfacet
  facet normal 0 1 -0
    outer loop
      vertex 37.0464 12.5 7.21035
      vertex 28.5075 12.5 10
      vertex 38.7449 12.5 8.47959
    endloop
  endfacet
  facet normal 0 1 -0
    outer loop
      vertex 34.356 12.5 5.2
      vertex 28.5075 12.5 10
      vertex 37.0464 12.5 7.21035
    endloop
  endfacet
  facet normal 0 1 0
    outer loop
      vertex 28.5075 12.5 5
      vertex 34.356 12.5 5.2
      vertex 34.356 12.5 5
    endloop
  endfacet
  facet normal 0 1 0
    outer loop
      vertex 34.356 12.5 5.2
      vertex 28.5075 12.5 5
      vertex 28.5075 12.5 10
    endloop
  endfacet
  facet normal 0 -1 0
    outer loop
      vertex 8.6 -12.5 0
      vertex 28.5075 -12.5 5
      vertex 8.6 -12.5 5
    endloop
  endfacet
  facet normal 0 -1 -0
    outer loop
      vertex 28.5075 -12.5 5
      vertex 8.6 -12.5 0
      vertex 34.356 -12.5 5
    endloop
  endfacet
  facet normal 0 -1 -0
    outer loop
      vertex 34.356 -12.5 5
      vertex 8.6 -12.5 0
      vertex 65.644 -12.5 5
    endloop
  endfacet
  facet normal 0 -1 0
    outer loop
      vertex 102.25 -12.5 0
      vertex 65.644 -12.5 5
      vertex 8.6 -12.5 0
    endloop
  endfacet
  facet normal 0 -1 0
    outer loop
      vertex 65.644 -12.5 5
      vertex 102.25 -12.5 0
      vertex 71.4925 -12.5 5
    endloop
  endfacet
  facet normal 0 -1 0
    outer loop
      vertex 71.4925 -12.5 5
      vertex 102.25 -12.5 0
      vertex 102.25 -12.5 5
    endloop
  endfacet
  facet normal 0 -1 0
    outer loop
      vertex 28.5075 -12.5 10
      vertex 38.7449 -12.5 8.47959
      vertex 41.3175 -12.5 10
    endloop
  endfacet
  facet normal 0 -1 0
    outer loop
      vertex 28.5075 -12.5 10
      vertex 37.0464 -12.5 7.21035
      vertex 38.7449 -12.5 8.47959
    endloop
  endfacet
  facet normal 0 -1 0
    outer loop
      vertex 28.5075 -12.5 10
      vertex 34.356 -12.5 5.2
      vertex 37.0464 -12.5 7.21035
    endloop
  endfacet
  facet normal 0 -1 0
    outer loop
      vertex 28.5075 -12.5 5
      vertex 34.356 -12.5 5.2
      vertex 28.5075 -12.5 10
    endloop
  endfacet
  facet normal 0 -1 -0
    outer loop
      vertex 34.356 -12.5 5.2
      vertex 28.5075 -12.5 5
      vertex 34.356 -12.5 5
    endloop
  endfacet
  facet normal 0 -1 0
    outer loop
      vertex 61.2551 -12.5 8.47959
      vertex 71.4925 -12.5 10
      vertex 58.6825 -12.5 10
    endloop
  endfacet
  facet normal 0 -1 0
    outer loop
      vertex 62.9536 -12.5 7.21035
      vertex 71.4925 -12.5 10
      vertex 61.2551 -12.5 8.47959
    endloop
  endfacet
  facet normal 0 -1 0
    outer loop
      vertex 65.644 -12.5 5.2
      vertex 71.4925 -12.5 10
      vertex 62.9536 -12.5 7.21035
    endloop
  endfacet
  facet normal 0 -1 0
    outer loop
      vertex 71.4925 -12.5 5
      vertex 65.644 -12.5 5.2
      vertex 65.644 -12.5 5
    endloop
  endfacet
  facet normal 0 -1 0
    outer loop
      vertex 65.644 -12.5 5.2
      vertex 71.4925 -12.5 5
      vertex 71.4925 -12.5 10
    endloop
  endfacet
  facet normal -0 0 -1
    outer loop
      vertex 112.892 4.92899 0
      vertex 110.595 4.82867 0
      vertex 112.773 5.41688 0
    endloop
  endfacet
  facet normal 0 0 -1
    outer loop
      vertex 111.547 -15.624 0
      vertex 112.12 -13.2703 0
      vertex 112.158 -13.7712 0
    endloop
  endfacet
  facet normal 0 0 -1
    outer loop
      vertex 111.547 -15.624 0
      vertex 112.232 -12.2914 0
      vertex 112.12 -13.2703 0
    endloop
  endfacet
  facet normal 0 0 -1
    outer loop
      vertex 112.12 -13.2703 0
      vertex 112.232 -12.2914 0
      vertex 112.274 -12.792 0
    endloop
  endfacet
  facet normal 0 0 -1
    outer loop
      vertex 110.683 -1.93198 0
      vertex 112.232 -12.2914 0
      vertex 111.547 -15.624 0
    endloop
  endfacet
  facet normal 0 0 -1
    outer loop
      vertex 112.232 -12.2914 0
      vertex 112.335 -11.3115 0
      vertex 112.381 -11.8117 0
    endloop
  endfacet
  facet normal 0 0 -1
    outer loop
      vertex 112.232 -12.2914 0
      vertex 110.683 -1.93198 0
      vertex 112.335 -11.3115 0
    endloop
  endfacet
  facet normal 0 0 -1
    outer loop
      vertex 112.335 -11.3115 0
      vertex 112.429 -10.3308 0
      vertex 112.48 -10.8306 0
    endloop
  endfacet
  facet normal 0 0 -1
    outer loop
      vertex 112.335 -11.3115 0
      vertex 110.683 -1.93198 0
      vertex 112.429 -10.3308 0
    endloop
  endfacet
  facet normal 0 0 -1
    outer loop
      vertex 112.429 -10.3308 0
      vertex 112.515 -9.3493 0
      vertex 112.57 -9.8486 0
    endloop
  endfacet
  facet normal 0 0 -1
    outer loop
      vertex 112.429 -10.3308 0
      vertex 110.683 -1.93198 0
      vertex 112.515 -9.3493 0
    endloop
  endfacet
  facet normal 0 0 -1
    outer loop
      vertex 112.515 -9.3493 0
      vertex 112.593 -8.36708 0
      vertex 112.652 -8.86588 0
    endloop
  endfacet
  facet normal 0 0 -1
    outer loop
      vertex 112.515 -9.3493 0
      vertex 110.683 -1.93198 0
      vertex 112.593 -8.36708 0
    endloop
  endfacet
  facet normal 0 0 -1
    outer loop
      vertex 112.593 -8.36708 0
      vertex 112.661 -7.38421 0
      vertex 112.725 -7.88248 0
    endloop
  endfacet
  facet normal 0 0 -1
    outer loop
      vertex 112.593 -8.36708 0
      vertex 110.683 -1.93198 0
      vertex 112.661 -7.38421 0
    endloop
  endfacet
  facet normal 0 0 -1
    outer loop
      vertex 112.661 -7.38421 0
      vertex 112.721 -6.40079 0
      vertex 112.789 -6.89848 0
    endloop
  endfacet
  facet normal 0 0 -1
    outer loop
      vertex 112.661 -7.38421 0
      vertex 110.683 -1.93198 0
      vertex 112.721 -6.40079 0
    endloop
  endfacet
  facet normal 0 0 -1
    outer loop
      vertex 112.721 -6.40079 0
      vertex 112.773 -5.41688 0
      vertex 112.845 -5.91396 0
    endloop
  endfacet
  facet normal 0 0 -1
    outer loop
      vertex 112.721 -6.40079 0
      vertex 110.683 -1.93198 0
      vertex 112.773 -5.41688 0
    endloop
  endfacet
  facet normal 0 0 -1
    outer loop
      vertex 112.773 -5.41688 0
      vertex 112.816 -4.43255 0
      vertex 112.892 -4.92899 0
    endloop
  endfacet
  facet normal 0 0 -1
    outer loop
      vertex 110.683 -1.93198 0
      vertex 112.85 -3.44789 0
      vertex 112.816 -4.43255 0
    endloop
  endfacet
  facet normal 0 0 -1
    outer loop
      vertex 112.816 -4.43255 0
      vertex 112.85 -3.44789 0
      vertex 112.931 -3.94364 0
    endloop
  endfacet
  facet normal 0 0 -1
    outer loop
      vertex 110.683 -1.93198 0
      vertex 112.876 -2.46297 0
      vertex 112.85 -3.44789 0
    endloop
  endfacet
  facet normal 0 0 -1
    outer loop
      vertex 112.85 -3.44789 0
      vertex 112.876 -2.46297 0
      vertex 112.961 -2.95799 0
    endloop
  endfacet
  facet normal 0 0 -1
    outer loop
      vertex 112.983 -1.97212 0
      vertex 110.683 -1.93198 0
      vertex 112.893 -1.47786 0
    endloop
  endfacet
  facet normal 0 0 -1
    outer loop
      vertex 110.683 -1.93198 0
      vertex 112.983 -1.97212 0
      vertex 112.876 -2.46297 0
    endloop
  endfacet
  facet normal 0 -0 -1
    outer loop
      vertex 110.696 -0.966027 0
      vertex 112.893 -1.47786 0
      vertex 110.683 -1.93198 0
    endloop
  endfacet
  facet normal 0 0 -1
    outer loop
      vertex 110.696 -0.966027 0
      vertex 112.996 -0.986098 0
      vertex 112.893 -1.47786 0
    endloop
  endfacet
  facet normal 0 0 -1
    outer loop
      vertex 110.7 0 0
      vertex 113 0 0
      vertex 112.902 -0.492632 0
    endloop
  endfacet
  facet normal 0 0 -1
    outer loop
      vertex 110.696 0.966027 0
      vertex 112.996 0.986098 0
      vertex 112.902 0.492632 0
    endloop
  endfacet
  facet normal 0 0 -1
    outer loop
      vertex 112.996 -0.986098 0
      vertex 110.696 -0.966027 0
      vertex 112.902 -0.492632 0
    endloop
  endfacet
  facet normal 0 0 -1
    outer loop
      vertex 110.683 1.93198 0
      vertex 112.983 1.97212 0
      vertex 112.893 1.47786 0
    endloop
  endfacet
  facet normal 0 -0 -1
    outer loop
      vertex 110.7 0 0
      vertex 112.902 -0.492632 0
      vertex 110.696 -0.966027 0
    endloop
  endfacet
  facet normal 0 0 -1
    outer loop
      vertex 110.662 2.89779 0
      vertex 112.961 2.95799 0
      vertex 112.876 2.46297 0
    endloop
  endfacet
  facet normal 0 0 -1
    outer loop
      vertex 113 0 0
      vertex 110.7 0 0
      vertex 112.902 0.492632 0
    endloop
  endfacet
  facet normal 0 0 -1
    outer loop
      vertex 110.633 3.86337 0
      vertex 112.931 3.94364 0
      vertex 112.85 3.44789 0
    endloop
  endfacet
  facet normal 0 0 -1
    outer loop
      vertex 112.773 -5.41688 0
      vertex 110.683 -1.93198 0
      vertex 112.816 -4.43255 0
    endloop
  endfacet
  facet normal 0 0 -1
    outer loop
      vertex 110.595 4.82867 0
      vertex 112.892 4.92899 0
      vertex 112.816 4.43255 0
    endloop
  endfacet
  facet normal 0 0 -1
    outer loop
      vertex 110.696 0.966027 0
      vertex 112.902 0.492632 0
      vertex 110.7 0 0
    endloop
  endfacet
  facet normal 0 0 -1
    outer loop
      vertex 112.773 5.41688 0
      vertex 112.721 6.40079 0
      vertex 112.845 5.91396 0
    endloop
  endfacet
  facet normal -0 0 -1
    outer loop
      vertex 112.996 0.986098 0
      vertex 110.696 0.966027 0
      vertex 112.893 1.47786 0
    endloop
  endfacet
  facet normal 0 0 -1
    outer loop
      vertex 112.721 6.40079 0
      vertex 112.661 7.38421 0
      vertex 112.789 6.89848 0
    endloop
  endfacet
  facet normal 0 0 -1
    outer loop
      vertex 110.683 1.93198 0
      vertex 112.893 1.47786 0
      vertex 110.696 0.966027 0
    endloop
  endfacet
  facet normal 0 0 -1
    outer loop
      vertex 112.661 7.38421 0
      vertex 112.593 8.36708 0
      vertex 112.725 7.88248 0
    endloop
  endfacet
  facet normal -0 0 -1
    outer loop
      vertex 112.983 1.97212 0
      vertex 110.683 1.93198 0
      vertex 112.876 2.46297 0
    endloop
  endfacet
  facet normal 0 0 -1
    outer loop
      vertex 112.593 8.36708 0
      vertex 112.515 9.3493 0
      vertex 112.652 8.86588 0
    endloop
  endfacet
  facet normal 0 0 -1
    outer loop
      vertex 110.662 2.89779 0
      vertex 112.876 2.46297 0
      vertex 110.683 1.93198 0
    endloop
  endfacet
  facet normal 0 0 -1
    outer loop
      vertex 112.515 9.3493 0
      vertex 112.429 10.3308 0
      vertex 112.57 9.8486 0
    endloop
  endfacet
  facet normal -0 0 -1
    outer loop
      vertex 112.961 2.95799 0
      vertex 110.662 2.89779 0
      vertex 112.85 3.44789 0
    endloop
  endfacet
  facet normal 0 0 -1
    outer loop
      vertex 112.429 10.3308 0
      vertex 112.335 11.3115 0
      vertex 112.48 10.8306 0
    endloop
  endfacet
  facet normal 0 0 -1
    outer loop
      vertex 110.633 3.86337 0
      vertex 112.85 3.44789 0
      vertex 110.662 2.89779 0
    endloop
  endfacet
  facet normal 0 0 -1
    outer loop
      vertex 112.335 11.3115 0
      vertex 112.232 12.2914 0
      vertex 112.381 11.8117 0
    endloop
  endfacet
  facet normal -0 0 -1
    outer loop
      vertex 112.931 3.94364 0
      vertex 110.633 3.86337 0
      vertex 112.816 4.43255 0
    endloop
  endfacet
  facet normal 0 0 -1
    outer loop
      vertex 112.232 12.2914 0
      vertex 112.12 13.2703 0
      vertex 112.274 12.792 0
    endloop
  endfacet
  facet normal 0 0 -1
    outer loop
      vertex 110.595 4.82867 0
      vertex 112.816 4.43255 0
      vertex 110.633 3.86337 0
    endloop
  endfacet
  facet normal 0 0 -1
    outer loop
      vertex 109.875 13.4909 0
      vertex 112.158 13.7712 0
      vertex 112.12 13.2703 0
    endloop
  endfacet
  facet normal 0 0 -1
    outer loop
      vertex 112.773 5.41688 0
      vertex 110.548 5.79359 0
      vertex 112.721 6.40079 0
    endloop
  endfacet
  facet normal 0 0 -1
    outer loop
      vertex 112.721 6.40079 0
      vertex 110.494 6.75807 0
      vertex 112.661 7.38421 0
    endloop
  endfacet
  facet normal 0 0 -1
    outer loop
      vertex 110.494 6.75807 0
      vertex 112.721 6.40079 0
      vertex 110.548 5.79359 0
    endloop
  endfacet
  facet normal 0 0 -1
    outer loop
      vertex 110.548 5.79359 0
      vertex 112.773 5.41688 0
      vertex 110.595 4.82867 0
    endloop
  endfacet
  facet normal 0 0 -1
    outer loop
      vertex 111.547 -15.624 0
      vertex 110.662 -2.89779 0
      vertex 110.683 -1.93198 0
    endloop
  endfacet
  facet normal 0 0 -1
    outer loop
      vertex 111.547 -15.624 0
      vertex 110.633 -3.86337 0
      vertex 110.662 -2.89779 0
    endloop
  endfacet
  facet normal 0 0 -1
    outer loop
      vertex 111.547 -15.624 0
      vertex 110.595 -4.82867 0
      vertex 110.633 -3.86337 0
    endloop
  endfacet
  facet normal 0 0 -1
    outer loop
      vertex 111.547 -15.624 0
      vertex 110.548 -5.79359 0
      vertex 110.595 -4.82867 0
    endloop
  endfacet
  facet normal 0 0 -1
    outer loop
      vertex 111.547 -15.624 0
      vertex 110.494 -6.75807 0
      vertex 110.548 -5.79359 0
    endloop
  endfacet
  facet normal 0 0 -1
    outer loop
      vertex 111.547 -15.624 0
      vertex 110.43 -7.72204 0
      vertex 110.494 -6.75807 0
    endloop
  endfacet
  facet normal 0 0 -1
    outer loop
      vertex 111.547 -15.624 0
      vertex 110.359 -8.68542 0
      vertex 110.43 -7.72204 0
    endloop
  endfacet
  facet normal 0 0 -1
    outer loop
      vertex 111.547 -15.624 0
      vertex 110.279 -9.64814 0
      vertex 110.359 -8.68542 0
    endloop
  endfacet
  facet normal 0 0 -1
    outer loop
      vertex 109.036 -15.1365 0
      vertex 111.547 -15.624 0
      vertex 110.273 -17.1019 0
    endloop
  endfacet
  facet normal 0 0 -1
    outer loop
      vertex 111.547 -15.624 0
      vertex 110.19 -10.6101 0
      vertex 110.279 -9.64814 0
    endloop
  endfacet
  facet normal 0 0 -1
    outer loop
      vertex 110.279 -9.64814 0
      vertex 110.19 -10.6101 0
      vertex 110.062 -10.1133 0
    endloop
  endfacet
  facet normal -0 0 -1
    outer loop
      vertex 105.463 0.460146 0
      vertex 55 -3.9 0
      vertex 102.25 12.5 0
    endloop
  endfacet
  facet normal 0 0 -1
    outer loop
      vertex 8.6 -12.5 0
      vertex 55 -3.9 0
      vertex 102.25 -12.5 0
    endloop
  endfacet
  facet normal -0 0 -1
    outer loop
      vertex 55 -3.9 0
      vertex 8.6 -12.5 0
      vertex 0 -3.9 0
    endloop
  endfacet
  facet normal 0 0 -1
    outer loop
      vertex 102.232 12.5525 0
      vertex 104.564 13.7693 0
      vertex 102.25 12.5 0
    endloop
  endfacet
  facet normal -0 0 -1
    outer loop
      vertex 104.564 13.7693 0
      vertex 102.232 12.5525 0
      vertex 102.377 14.4981 0
    endloop
  endfacet
  facet normal 0 0 -1
    outer loop
      vertex 55 3.9 0
      vertex 102.25 12.5 0
      vertex 55 -3.9 0
    endloop
  endfacet
  facet normal 0 0 -1
    outer loop
      vertex 55 3.9 0
      vertex 8.6 12.5 0
      vertex 102.25 12.5 0
    endloop
  endfacet
  facet normal 0 -0 -1
    outer loop
      vertex 8.6 12.5 0
      vertex 55 3.9 0
      vertex 0 3.9 0
    endloop
  endfacet
  facet normal 0 0 -1
    outer loop
      vertex 109.988 12.5316 0
      vertex 109.759 12.9909 0
      vertex 109.875 13.4909 0
    endloop
  endfacet
  facet normal 0 0 -1
    outer loop
      vertex 110.094 11.5713 0
      vertex 109.869 12.0326 0
      vertex 109.988 12.5316 0
    endloop
  endfacet
  facet normal 0 0 -1
    outer loop
      vertex 110.19 10.6101 0
      vertex 109.969 11.0733 0
      vertex 110.094 11.5713 0
    endloop
  endfacet
  facet normal 0 0 -1
    outer loop
      vertex 111.547 -15.624 0
      vertex 110.094 -11.5713 0
      vertex 110.19 -10.6101 0
    endloop
  endfacet
  facet normal 0 0 -1
    outer loop
      vertex 111.547 -15.624 0
      vertex 109.988 -12.5316 0
      vertex 110.094 -11.5713 0
    endloop
  endfacet
  facet normal 0 0 -1
    outer loop
      vertex 111.547 -15.624 0
      vertex 109.875 -13.4909 0
      vertex 109.988 -12.5316 0
    endloop
  endfacet
  facet normal 0 0 -1
    outer loop
      vertex 111.547 -15.624 0
      vertex 109.036 -15.1365 0
      vertex 109.875 -13.4909 0
    endloop
  endfacet
  facet normal 0 0 -1
    outer loop
      vertex 108.531 -17.98 0
      vertex 109.036 -15.1365 0
      vertex 110.273 -17.1019 0
    endloop
  endfacet
  facet normal 0 0 -1
    outer loop
      vertex 108.531 -17.98 0
      vertex 107.336 -15.8582 0
      vertex 109.036 -15.1365 0
    endloop
  endfacet
  facet normal 0 0 -1
    outer loop
      vertex 106.586 -18.1246 0
      vertex 107.336 -15.8582 0
      vertex 108.531 -17.98 0
    endloop
  endfacet
  facet normal 0 0 -1
    outer loop
      vertex 106.586 -18.1246 0
      vertex 105.57 -15.3182 0
      vertex 107.336 -15.8582 0
    endloop
  endfacet
  facet normal 0 0 -1
    outer loop
      vertex 104.733 -17.5137 0
      vertex 105.57 -15.3182 0
      vertex 106.586 -18.1246 0
    endloop
  endfacet
  facet normal 0 0 -1
    outer loop
      vertex 103.255 -16.2402 0
      vertex 105.57 -15.3182 0
      vertex 104.733 -17.5137 0
    endloop
  endfacet
  facet normal 0 0 -1
    outer loop
      vertex 102.25 12.5 0
      vertex 104.837 11.4815 0
      vertex 104.933 10.5662 0
    endloop
  endfacet
  facet normal -0 0 -1
    outer loop
      vertex 105.57 -15.3182 0
      vertex 103.255 -16.2402 0
      vertex 104.564 -13.7693 0
    endloop
  endfacet
  facet normal 0 0 -1
    outer loop
      vertex 110.359 8.68542 0
      vertex 110.146 9.15242 0
      vertex 110.279 9.64814 0
    endloop
  endfacet
  facet normal 0 0 -1
    outer loop
      vertex 110.43 7.72204 0
      vertex 110.222 8.19088 0
      vertex 110.359 8.68542 0
    endloop
  endfacet
  facet normal 0 0 -1
    outer loop
      vertex 110.494 6.75807 0
      vertex 110.289 7.22871 0
      vertex 110.43 7.72204 0
    endloop
  endfacet
  facet normal 0 0 -1
    outer loop
      vertex 110.548 5.79359 0
      vertex 110.348 6.266 0
      vertex 110.494 6.75807 0
    endloop
  endfacet
  facet normal 0 0 -1
    outer loop
      vertex 110.595 4.82867 0
      vertex 110.398 5.30281 0
      vertex 110.548 5.79359 0
    endloop
  endfacet
  facet normal 0 0 -1
    outer loop
      vertex 110.633 3.86337 0
      vertex 110.44 4.33921 0
      vertex 110.595 4.82867 0
    endloop
  endfacet
  facet normal 0 0 -1
    outer loop
      vertex 110.662 2.89779 0
      vertex 110.474 3.37528 0
      vertex 110.633 3.86337 0
    endloop
  endfacet
  facet normal 0 0 -1
    outer loop
      vertex 110.683 1.93198 0
      vertex 110.499 2.4111 0
      vertex 110.662 2.89779 0
    endloop
  endfacet
  facet normal 0 0 -1
    outer loop
      vertex 110.696 0.966027 0
      vertex 110.516 1.44673 0
      vertex 110.683 1.93198 0
    endloop
  endfacet
  facet normal 0 0 -1
    outer loop
      vertex 110.7 0 0
      vertex 110.524 0.482257 0
      vertex 110.696 0.966027 0
    endloop
  endfacet
  facet normal 0 0 -1
    outer loop
      vertex 110.43 7.72204 0
      vertex 112.661 7.38421 0
      vertex 110.494 6.75807 0
    endloop
  endfacet
  facet normal 0 0 -1
    outer loop
      vertex 112.661 7.38421 0
      vertex 110.43 7.72204 0
      vertex 112.593 8.36708 0
    endloop
  endfacet
  facet normal 0 0 -1
    outer loop
      vertex 110.359 8.68542 0
      vertex 112.593 8.36708 0
      vertex 110.43 7.72204 0
    endloop
  endfacet
  facet normal 0 0 -1
    outer loop
      vertex 112.593 8.36708 0
      vertex 110.359 8.68542 0
      vertex 112.515 9.3493 0
    endloop
  endfacet
  facet normal 0 0 -1
    outer loop
      vertex 110.279 9.64814 0
      vertex 112.515 9.3493 0
      vertex 110.359 8.68542 0
    endloop
  endfacet
  facet normal 0 0 -1
    outer loop
      vertex 112.515 9.3493 0
      vertex 110.279 9.64814 0
      vertex 112.429 10.3308 0
    endloop
  endfacet
  facet normal 0 0 -1
    outer loop
      vertex 110.19 10.6101 0
      vertex 112.429 10.3308 0
      vertex 110.279 9.64814 0
    endloop
  endfacet
  facet normal 0 0 -1
    outer loop
      vertex 112.429 10.3308 0
      vertex 110.19 10.6101 0
      vertex 112.335 11.3115 0
    endloop
  endfacet
  facet normal 0 0 -1
    outer loop
      vertex 110.094 11.5713 0
      vertex 112.335 11.3115 0
      vertex 110.19 10.6101 0
    endloop
  endfacet
  facet normal 0 0 -1
    outer loop
      vertex 112.335 11.3115 0
      vertex 110.094 11.5713 0
      vertex 112.232 12.2914 0
    endloop
  endfacet
  facet normal 0 0 -1
    outer loop
      vertex 109.988 12.5316 0
      vertex 112.232 12.2914 0
      vertex 110.094 11.5713 0
    endloop
  endfacet
  facet normal 0 0 -1
    outer loop
      vertex 112.232 12.2914 0
      vertex 109.988 12.5316 0
      vertex 112.12 13.2703 0
    endloop
  endfacet
  facet normal 0 -0 -1
    outer loop
      vertex 110.19 10.6101 0
      vertex 110.279 9.64814 0
      vertex 110.062 10.1133 0
    endloop
  endfacet
  facet normal 0 0 -1
    outer loop
      vertex 110.7 0 0
      vertex 110.696 -0.966027 0
      vertex 110.524 -0.482257 0
    endloop
  endfacet
  facet normal 0 0 -1
    outer loop
      vertex 110.696 -0.966027 0
      vertex 110.683 -1.93198 0
      vertex 110.516 -1.44673 0
    endloop
  endfacet
  facet normal 0 0 -1
    outer loop
      vertex 110.683 -1.93198 0
      vertex 110.662 -2.89779 0
      vertex 110.499 -2.4111 0
    endloop
  endfacet
  facet normal 0 0 -1
    outer loop
      vertex 110.662 -2.89779 0
      vertex 110.633 -3.86337 0
      vertex 110.474 -3.37528 0
    endloop
  endfacet
  facet normal 0 0 -1
    outer loop
      vertex 110.633 -3.86337 0
      vertex 110.595 -4.82867 0
      vertex 110.44 -4.33921 0
    endloop
  endfacet
  facet normal 0 0 -1
    outer loop
      vertex 110.595 -4.82867 0
      vertex 110.548 -5.79359 0
      vertex 110.398 -5.30281 0
    endloop
  endfacet
  facet normal 0 0 -1
    outer loop
      vertex 110.548 -5.79359 0
      vertex 110.494 -6.75807 0
      vertex 110.348 -6.266 0
    endloop
  endfacet
  facet normal 0 0 -1
    outer loop
      vertex 110.494 -6.75807 0
      vertex 110.43 -7.72204 0
      vertex 110.289 -7.22871 0
    endloop
  endfacet
  facet normal 0 0 -1
    outer loop
      vertex 110.43 -7.72204 0
      vertex 110.359 -8.68542 0
      vertex 110.222 -8.19088 0
    endloop
  endfacet
  facet normal 0 0 -1
    outer loop
      vertex 110.359 -8.68542 0
      vertex 110.279 -9.64814 0
      vertex 110.146 -9.15242 0
    endloop
  endfacet
  facet normal 0 0 -1
    outer loop
      vertex 109.875 13.4909 0
      vertex 112.12 13.2703 0
      vertex 109.988 12.5316 0
    endloop
  endfacet
  facet normal -0 0 -1
    outer loop
      vertex 112.158 13.7712 0
      vertex 109.875 13.4909 0
      vertex 111.547 15.624 0
    endloop
  endfacet
  facet normal 0 0 -1
    outer loop
      vertex 109.036 15.1365 0
      vertex 111.547 15.624 0
      vertex 109.875 13.4909 0
    endloop
  endfacet
  facet normal -0 0 -1
    outer loop
      vertex 111.547 15.624 0
      vertex 109.036 15.1365 0
      vertex 110.273 17.1019 0
    endloop
  endfacet
  facet normal 0 0 -1
    outer loop
      vertex 109.036 15.1365 0
      vertex 108.531 17.98 0
      vertex 110.273 17.1019 0
    endloop
  endfacet
  facet normal 0 0 -1
    outer loop
      vertex 107.336 15.8582 0
      vertex 108.531 17.98 0
      vertex 109.036 15.1365 0
    endloop
  endfacet
  facet normal 0 0 -1
    outer loop
      vertex 107.336 15.8582 0
      vertex 106.586 18.1246 0
      vertex 108.531 17.98 0
    endloop
  endfacet
  facet normal 0 0 -1
    outer loop
      vertex 105.57 15.3182 0
      vertex 106.586 18.1246 0
      vertex 107.336 15.8582 0
    endloop
  endfacet
  facet normal 0 0 -1
    outer loop
      vertex 105.57 15.3182 0
      vertex 104.733 17.5137 0
      vertex 106.586 18.1246 0
    endloop
  endfacet
  facet normal 0 0 -1
    outer loop
      vertex 103.255 16.2402 0
      vertex 105.57 15.3182 0
      vertex 104.564 13.7693 0
    endloop
  endfacet
  facet normal 0 0 -1
    outer loop
      vertex 105.57 15.3182 0
      vertex 103.255 16.2402 0
      vertex 104.733 17.5137 0
    endloop
  endfacet
  facet normal 0 0 -1
    outer loop
      vertex 102.25 12.5 0
      vertex 104.733 12.396 0
      vertex 104.837 11.4815 0
    endloop
  endfacet
  facet normal 0 0 -1
    outer loop
      vertex 102.25 -12.5 0
      vertex 103.255 -16.2402 0
      vertex 102.377 -14.4981 0
    endloop
  endfacet
  facet normal 0 0 -1
    outer loop
      vertex 102.25 12.5 0
      vertex 104.564 13.7693 0
      vertex 104.733 12.396 0
    endloop
  endfacet
  facet normal 0 0 -1
    outer loop
      vertex 104.564 13.7693 0
      vertex 102.377 14.4981 0
      vertex 103.255 16.2402 0
    endloop
  endfacet
  facet normal 0 -0 -1
    outer loop
      vertex 102.25 -12.5 0
      vertex 102.377 -14.4981 0
      vertex 102.232 -12.5525 0
    endloop
  endfacet
  facet normal 0 0 -1
    outer loop
      vertex 110.19 -10.6101 0
      vertex 110.094 -11.5713 0
      vertex 109.969 -11.0733 0
    endloop
  endfacet
  facet normal 0 0 -1
    outer loop
      vertex 110.094 -11.5713 0
      vertex 109.988 -12.5316 0
      vertex 109.869 -12.0326 0
    endloop
  endfacet
  facet normal 0 0 -1
    outer loop
      vertex 109.988 -12.5316 0
      vertex 109.875 -13.4909 0
      vertex 109.759 -12.9909 0
    endloop
  endfacet
  facet normal 0 0 -1
    outer loop
      vertex 102.25 -12.5 0
      vertex 105.463 -0.460146 0
      vertex 105.455 -1.38045 0
    endloop
  endfacet
  facet normal -0 0 -1
    outer loop
      vertex 105.463 -0.460146 0
      vertex 102.25 -12.5 0
      vertex 105.463 0.460146 0
    endloop
  endfacet
  facet normal -0 0 -1
    outer loop
      vertex 105.415 -3.22078 0
      vertex 102.25 -12.5 0
      vertex 105.439 -2.30063 0
    endloop
  endfacet
  facet normal -0 0 -1
    outer loop
      vertex 105.439 -2.30063 0
      vertex 102.25 -12.5 0
      vertex 105.455 -1.38045 0
    endloop
  endfacet
  facet normal -0 0 -1
    outer loop
      vertex 105.383 -4.14051 0
      vertex 102.25 -12.5 0
      vertex 105.415 -3.22078 0
    endloop
  endfacet
  facet normal 0 0 -1
    outer loop
      vertex 55 -3.9 0
      vertex 105.463 0.460146 0
      vertex 102.25 -12.5 0
    endloop
  endfacet
  facet normal -0 0 -1
    outer loop
      vertex 105.342 -5.05995 0
      vertex 102.25 -12.5 0
      vertex 105.383 -4.14051 0
    endloop
  endfacet
  facet normal 0 0 -1
    outer loop
      vertex 105.463 0.460146 0
      vertex 102.25 12.5 0
      vertex 105.455 1.38045 0
    endloop
  endfacet
  facet normal -0 0 -1
    outer loop
      vertex 105.294 -5.97907 0
      vertex 102.25 -12.5 0
      vertex 105.342 -5.05995 0
    endloop
  endfacet
  facet normal 0 0 -1
    outer loop
      vertex 105.455 1.38045 0
      vertex 102.25 12.5 0
      vertex 105.439 2.30063 0
    endloop
  endfacet
  facet normal -0 0 -1
    outer loop
      vertex 105.238 -6.89762 0
      vertex 102.25 -12.5 0
      vertex 105.294 -5.97907 0
    endloop
  endfacet
  facet normal 0 0 -1
    outer loop
      vertex 102.25 12.5 0
      vertex 105.415 3.22078 0
      vertex 105.439 2.30063 0
    endloop
  endfacet
  facet normal -0 0 -1
    outer loop
      vertex 105.174 -7.81584 0
      vertex 102.25 -12.5 0
      vertex 105.238 -6.89762 0
    endloop
  endfacet
  facet normal 0 0 -1
    outer loop
      vertex 102.25 12.5 0
      vertex 105.383 4.14051 0
      vertex 105.415 3.22078 0
    endloop
  endfacet
  facet normal -0 0 -1
    outer loop
      vertex 105.102 -8.73322 0
      vertex 102.25 -12.5 0
      vertex 105.174 -7.81584 0
    endloop
  endfacet
  facet normal 0 0 -1
    outer loop
      vertex 102.25 12.5 0
      vertex 105.342 5.05995 0
      vertex 105.383 4.14051 0
    endloop
  endfacet
  facet normal -0 0 -1
    outer loop
      vertex 105.021 -9.65005 0
      vertex 102.25 -12.5 0
      vertex 105.102 -8.73322 0
    endloop
  endfacet
  facet normal 0 0 -1
    outer loop
      vertex 102.25 12.5 0
      vertex 105.294 5.97907 0
      vertex 105.342 5.05995 0
    endloop
  endfacet
  facet normal -0 0 -1
    outer loop
      vertex 104.933 -10.5662 0
      vertex 102.25 -12.5 0
      vertex 105.021 -9.65005 0
    endloop
  endfacet
  facet normal 0 0 -1
    outer loop
      vertex 102.25 12.5 0
      vertex 105.238 6.89762 0
      vertex 105.294 5.97907 0
    endloop
  endfacet
  facet normal -0 0 -1
    outer loop
      vertex 104.837 -11.4815 0
      vertex 102.25 -12.5 0
      vertex 104.933 -10.5662 0
    endloop
  endfacet
  facet normal 0 0 -1
    outer loop
      vertex 102.25 12.5 0
      vertex 105.174 7.81584 0
      vertex 105.238 6.89762 0
    endloop
  endfacet
  facet normal -0 0 -1
    outer loop
      vertex 104.733 -12.396 0
      vertex 102.25 -12.5 0
      vertex 104.837 -11.4815 0
    endloop
  endfacet
  facet normal 0 0 -1
    outer loop
      vertex 102.25 12.5 0
      vertex 105.102 8.73322 0
      vertex 105.174 7.81584 0
    endloop
  endfacet
  facet normal 0 0 -1
    outer loop
      vertex 104.564 -13.7693 0
      vertex 102.25 -12.5 0
      vertex 104.733 -12.396 0
    endloop
  endfacet
  facet normal 0 0 -1
    outer loop
      vertex 102.25 12.5 0
      vertex 105.021 9.65005 0
      vertex 105.102 8.73322 0
    endloop
  endfacet
  facet normal 0 0 -1
    outer loop
      vertex 102.25 -12.5 0
      vertex 104.564 -13.7693 0
      vertex 103.255 -16.2402 0
    endloop
  endfacet
  facet normal 0 0 -1
    outer loop
      vertex 102.25 12.5 0
      vertex 104.933 10.5662 0
      vertex 105.021 9.65005 0
    endloop
  endfacet
  facet normal -1 0 0
    outer loop
      vertex 0 -3.9 0
      vertex 0 3.9 0
      vertex 0 3.9 -4.8
    endloop
  endfacet
  facet normal -1 0 0
    outer loop
      vertex 0 -3.9 0
      vertex 0 3.9 -4.8
      vertex 0 -3.9 -4.8
    endloop
  endfacet
  facet normal -1 0 0
    outer loop
      vertex 0 3.9 0
      vertex 0 -3.9 0
      vertex 0 3.9 5
    endloop
  endfacet
  facet normal -1 -0 0
    outer loop
      vertex 0 3.9 5
      vertex 0 -3.9 0
      vertex 0 -3.9 5
    endloop
  endfacet
  facet normal 1 -0 0
    outer loop
      vertex 55 -3.9 0
      vertex 55 3.9 -4.8
      vertex 55 3.9 0
    endloop
  endfacet
  facet normal 1 0 0
    outer loop
      vertex 55 3.9 -4.8
      vertex 55 -3.9 0
      vertex 55 -3.9 -4.8
    endloop
  endfacet
  facet normal 0 0 -1
    outer loop
      vertex 55 -3.9 -4.8
      vertex 53.35 0 -4.8
      vertex 55 3.9 -4.8
    endloop
  endfacet
  facet normal 0 0 -1
    outer loop
      vertex 55 -3.9 -4.8
      vertex 52.8182 -1.81115 -4.8
      vertex 53.35 0 -4.8
    endloop
  endfacet
  facet normal 0 0 -1
    outer loop
      vertex 55 -3.9 -4.8
      vertex 51.3916 -3.04727 -4.8
      vertex 52.8182 -1.81115 -4.8
    endloop
  endfacet
  facet normal 0 0 -1
    outer loop
      vertex 55 -3.9 -4.8
      vertex 49.5232 -3.3159 -4.8
      vertex 51.3916 -3.04727 -4.8
    endloop
  endfacet
  facet normal -0 0 -1
    outer loop
      vertex 46.7857 -0.943804 -4.8
      vertex 0 -3.9 -4.8
      vertex 46.7857 0.943804 -4.8
    endloop
  endfacet
  facet normal -0 0 -1
    outer loop
      vertex 47.8062 -2.53176 -4.8
      vertex 0 -3.9 -4.8
      vertex 46.7857 -0.943804 -4.8
    endloop
  endfacet
  facet normal -0 0 -1
    outer loop
      vertex 49.5232 -3.3159 -4.8
      vertex 0 -3.9 -4.8
      vertex 47.8062 -2.53176 -4.8
    endloop
  endfacet
  facet normal 0 0 -1
    outer loop
      vertex 0 -3.9 -4.8
      vertex 49.5232 -3.3159 -4.8
      vertex 55 -3.9 -4.8
    endloop
  endfacet
  facet normal 0 0 -1
    outer loop
      vertex 52.8182 1.81115 -4.8
      vertex 55 3.9 -4.8
      vertex 53.35 0 -4.8
    endloop
  endfacet
  facet normal 0 0 -1
    outer loop
      vertex 51.3916 3.04727 -4.8
      vertex 55 3.9 -4.8
      vertex 52.8182 1.81115 -4.8
    endloop
  endfacet
  facet normal 0 0 -1
    outer loop
      vertex 49.5232 3.3159 -4.8
      vertex 55 3.9 -4.8
      vertex 51.3916 3.04727 -4.8
    endloop
  endfacet
  facet normal 0 0 -1
    outer loop
      vertex 0 3.9 -4.8
      vertex 46.7857 0.943804 -4.8
      vertex 0 -3.9 -4.8
    endloop
  endfacet
  facet normal 0 0 -1
    outer loop
      vertex 46.7857 0.943804 -4.8
      vertex 0 3.9 -4.8
      vertex 47.8062 2.53176 -4.8
    endloop
  endfacet
  facet normal 0 0 -1
    outer loop
      vertex 49.5232 3.3159 -4.8
      vertex 0 3.9 -4.8
      vertex 55 3.9 -4.8
    endloop
  endfacet
  facet normal 0 0 -1
    outer loop
      vertex 47.8062 2.53176 -4.8
      vertex 0 3.9 -4.8
      vertex 49.5232 3.3159 -4.8
    endloop
  endfacet
  facet normal 0 1 -0
    outer loop
      vertex 55 3.9 -4.8
      vertex 0 3.9 0
      vertex 55 3.9 0
    endloop
  endfacet
  facet normal 0 1 0
    outer loop
      vertex 0 3.9 0
      vertex 55 3.9 -4.8
      vertex 0 3.9 -4.8
    endloop
  endfacet
  facet normal 0 -1 0
    outer loop
      vertex 0 -3.9 -4.8
      vertex 55 -3.9 0
      vertex 0 -3.9 0
    endloop
  endfacet
  facet normal 0 -1 -0
    outer loop
      vertex 55 -3.9 0
      vertex 0 -3.9 -4.8
      vertex 55 -3.9 -4.8
    endloop
  endfacet
  facet normal -0.951057 -0.309016 0
    outer loop
      vertex 69.6608 4.17902 5
      vertex 68.3623 8.17541 5.2
      vertex 68.3623 8.17541 5
    endloop
  endfacet
  facet normal -0.951057 -0.309016 0
    outer loop
      vertex 68.3623 8.17541 5.2
      vertex 69.6608 4.17902 5
      vertex 69.6608 4.17902 5.2
    endloop
  endfacet
  facet normal -0.994523 -0.104521 0
    outer loop
      vertex 70.1 0 5
      vertex 69.6608 4.17902 5.2
      vertex 69.6608 4.17902 5
    endloop
  endfacet
  facet normal -0.994523 -0.104521 0
    outer loop
      vertex 69.6608 4.17902 5.2
      vertex 70.1 0 5
      vertex 70.1 0 5.2
    endloop
  endfacet
  facet normal -0.866018 -0.500013 0
    outer loop
      vertex 68.3623 8.17541 5
      vertex 66.2612 11.8145 5.2
      vertex 66.2612 11.8145 5
    endloop
  endfacet
  facet normal -0.866018 -0.500013 0
    outer loop
      vertex 66.2612 11.8145 5.2
      vertex 68.3623 8.17541 5
      vertex 68.3623 8.17541 5.2
    endloop
  endfacet
  facet normal -0.951057 0.309016 0
    outer loop
      vertex 68.3623 -8.17541 5
      vertex 69.6608 -4.17902 5.2
      vertex 69.6608 -4.17902 5
    endloop
  endfacet
  facet normal -0.951057 0.309016 0
    outer loop
      vertex 69.6608 -4.17902 5.2
      vertex 68.3623 -8.17541 5
      vertex 68.3623 -8.17541 5.2
    endloop
  endfacet
  facet normal -0.743159 -0.669114 0
    outer loop
      vertex 66.2612 11.8145 5
      vertex 65.644 12.5 5.2
      vertex 65.644 12.5 5
    endloop
  endfacet
  facet normal -0.743159 -0.669114 0
    outer loop
      vertex 65.644 12.5 5.2
      vertex 66.2612 11.8145 5
      vertex 66.2612 11.8145 5.2
    endloop
  endfacet
  facet normal 0.743159 -0.669114 0
    outer loop
      vertex 33.7388 11.8145 5.2
      vertex 34.356 12.5 5
      vertex 34.356 12.5 5.2
    endloop
  endfacet
  facet normal 0.743159 -0.669114 0
    outer loop
      vertex 34.356 12.5 5
      vertex 33.7388 11.8145 5.2
      vertex 33.7388 11.8145 5
    endloop
  endfacet
  facet normal -0.994523 0.104521 0
    outer loop
      vertex 69.6608 -4.17902 5
      vertex 70.1 0 5.2
      vertex 70.1 0 5
    endloop
  endfacet
  facet normal -0.994523 0.104521 0
    outer loop
      vertex 70.1 0 5.2
      vertex 69.6608 -4.17902 5
      vertex 69.6608 -4.17902 5.2
    endloop
  endfacet
  facet normal 0.866018 0.500013 0
    outer loop
      vertex 33.7388 -11.8145 5.2
      vertex 31.6377 -8.17541 5
      vertex 31.6377 -8.17541 5.2
    endloop
  endfacet
  facet normal 0.866018 0.500013 0
    outer loop
      vertex 31.6377 -8.17541 5
      vertex 33.7388 -11.8145 5.2
      vertex 33.7388 -11.8145 5
    endloop
  endfacet
  facet normal 0.866018 -0.500013 0
    outer loop
      vertex 31.6377 8.17541 5.2
      vertex 33.7388 11.8145 5
      vertex 33.7388 11.8145 5.2
    endloop
  endfacet
  facet normal 0.866018 -0.500013 0
    outer loop
      vertex 33.7388 11.8145 5
      vertex 31.6377 8.17541 5.2
      vertex 31.6377 8.17541 5
    endloop
  endfacet
  facet normal 0.951057 -0.309016 0
    outer loop
      vertex 30.3392 4.17902 5.2
      vertex 31.6377 8.17541 5
      vertex 31.6377 8.17541 5.2
    endloop
  endfacet
  facet normal 0.951057 -0.309016 0
    outer loop
      vertex 31.6377 8.17541 5
      vertex 30.3392 4.17902 5.2
      vertex 30.3392 4.17902 5
    endloop
  endfacet
  facet normal -0.866018 0.500013 0
    outer loop
      vertex 66.2612 -11.8145 5
      vertex 68.3623 -8.17541 5.2
      vertex 68.3623 -8.17541 5
    endloop
  endfacet
  facet normal -0.866018 0.500013 0
    outer loop
      vertex 68.3623 -8.17541 5.2
      vertex 66.2612 -11.8145 5
      vertex 66.2612 -11.8145 5.2
    endloop
  endfacet
  facet normal 0.994523 -0.104521 0
    outer loop
      vertex 29.9 0 5.2
      vertex 30.3392 4.17902 5
      vertex 30.3392 4.17902 5.2
    endloop
  endfacet
  facet normal 0.994523 -0.104521 0
    outer loop
      vertex 30.3392 4.17902 5
      vertex 29.9 0 5.2
      vertex 29.9 0 5
    endloop
  endfacet
  facet normal -0.743159 0.669114 0
    outer loop
      vertex 65.644 -12.5 5
      vertex 66.2612 -11.8145 5.2
      vertex 66.2612 -11.8145 5
    endloop
  endfacet
  facet normal -0.743159 0.669114 0
    outer loop
      vertex 66.2612 -11.8145 5.2
      vertex 65.644 -12.5 5
      vertex 65.644 -12.5 5.2
    endloop
  endfacet
  facet normal 0.951057 0.309016 0
    outer loop
      vertex 31.6377 -8.17541 5.2
      vertex 30.3392 -4.17902 5
      vertex 30.3392 -4.17902 5.2
    endloop
  endfacet
  facet normal 0.951057 0.309016 0
    outer loop
      vertex 30.3392 -4.17902 5
      vertex 31.6377 -8.17541 5.2
      vertex 31.6377 -8.17541 5
    endloop
  endfacet
  facet normal 0.743159 0.669114 0
    outer loop
      vertex 34.356 -12.5 5.2
      vertex 33.7388 -11.8145 5
      vertex 33.7388 -11.8145 5.2
    endloop
  endfacet
  facet normal 0.743159 0.669114 0
    outer loop
      vertex 33.7388 -11.8145 5
      vertex 34.356 -12.5 5.2
      vertex 34.356 -12.5 5
    endloop
  endfacet
  facet normal 0 0 1
    outer loop
      vertex 54.9 0 5
      vertex 70.1 0 5
      vertex 69.6608 4.17902 5
    endloop
  endfacet
  facet normal 0 0 1
    outer loop
      vertex 54.527 1.87515 5
      vertex 69.6608 4.17902 5
      vertex 68.3623 8.17541 5
    endloop
  endfacet
  facet normal 0 0 1
    outer loop
      vertex 70.1 0 5
      vertex 54.9 0 5
      vertex 69.6608 -4.17902 5
    endloop
  endfacet
  facet normal 0 0 1
    outer loop
      vertex 54.527 1.87515 5
      vertex 68.3623 8.17541 5
      vertex 66.2612 11.8145 5
    endloop
  endfacet
  facet normal -0 0 1
    outer loop
      vertex 54.527 -1.87515 5
      vertex 69.6608 -4.17902 5
      vertex 54.9 0 5
    endloop
  endfacet
  facet normal 0 0 1
    outer loop
      vertex 53.4648 3.46482 5
      vertex 66.2612 11.8145 5
      vertex 65.644 12.5 5
    endloop
  endfacet
  facet normal 0 0 1
    outer loop
      vertex 69.6608 -4.17902 5
      vertex 54.527 -1.87515 5
      vertex 68.3623 -8.17541 5
    endloop
  endfacet
  facet normal 0 0 1
    outer loop
      vertex 68.3623 -8.17541 5
      vertex 54.527 -1.87515 5
      vertex 66.2612 -11.8145 5
    endloop
  endfacet
  facet normal 0 0 1
    outer loop
      vertex 69.6608 4.17902 5
      vertex 54.527 1.87515 5
      vertex 54.9 0 5
    endloop
  endfacet
  facet normal 0 0 1
    outer loop
      vertex 66.2612 11.8145 5
      vertex 53.4648 3.46482 5
      vertex 54.527 1.87515 5
    endloop
  endfacet
  facet normal 0 0 1
    outer loop
      vertex 65.644 12.5 5
      vertex 51.8751 4.52701 5
      vertex 53.4648 3.46482 5
    endloop
  endfacet
  facet normal 0 0 1
    outer loop
      vertex 65.644 12.5 5
      vertex 50 4.9 5
      vertex 51.8751 4.52701 5
    endloop
  endfacet
  facet normal -0 0 1
    outer loop
      vertex 34.356 12.5 5
      vertex 50 4.9 5
      vertex 65.644 12.5 5
    endloop
  endfacet
  facet normal 0 0 1
    outer loop
      vertex 46.5352 3.46482 5
      vertex 33.7388 11.8145 5
      vertex 45.473 1.87515 5
    endloop
  endfacet
  facet normal -0 0 1
    outer loop
      vertex 33.7388 11.8145 5
      vertex 46.5352 3.46482 5
      vertex 34.356 12.5 5
    endloop
  endfacet
  facet normal 0 0 1
    outer loop
      vertex 48.1249 4.52701 5
      vertex 34.356 12.5 5
      vertex 46.5352 3.46482 5
    endloop
  endfacet
  facet normal 0 0 1
    outer loop
      vertex 50 4.9 5
      vertex 34.356 12.5 5
      vertex 48.1249 4.52701 5
    endloop
  endfacet
  facet normal -0 0 1
    outer loop
      vertex 53.4648 -3.46482 5
      vertex 66.2612 -11.8145 5
      vertex 54.527 -1.87515 5
    endloop
  endfacet
  facet normal 0 0 1
    outer loop
      vertex 66.2612 -11.8145 5
      vertex 53.4648 -3.46482 5
      vertex 65.644 -12.5 5
    endloop
  endfacet
  facet normal -0 0 1
    outer loop
      vertex 51.8751 -4.52701 5
      vertex 65.644 -12.5 5
      vertex 53.4648 -3.46482 5
    endloop
  endfacet
  facet normal -0 0 1
    outer loop
      vertex 50 -4.9 5
      vertex 65.644 -12.5 5
      vertex 51.8751 -4.52701 5
    endloop
  endfacet
  facet normal 0 0 1
    outer loop
      vertex 34.356 -12.5 5
      vertex 50 -4.9 5
      vertex 48.1249 -4.52701 5
    endloop
  endfacet
  facet normal -0 0 1
    outer loop
      vertex 31.6377 8.17541 5
      vertex 45.473 1.87515 5
      vertex 33.7388 11.8145 5
    endloop
  endfacet
  facet normal -0 0 1
    outer loop
      vertex 30.3392 4.17902 5
      vertex 45.473 1.87515 5
      vertex 31.6377 8.17541 5
    endloop
  endfacet
  facet normal 0 0 1
    outer loop
      vertex 50 -4.9 5
      vertex 34.356 -12.5 5
      vertex 65.644 -12.5 5
    endloop
  endfacet
  facet normal 0 0 1
    outer loop
      vertex 46.5352 -3.46482 5
      vertex 34.356 -12.5 5
      vertex 48.1249 -4.52701 5
    endloop
  endfacet
  facet normal 0 0 1
    outer loop
      vertex 45.473 1.87515 5
      vertex 30.3392 4.17902 5
      vertex 45.1 0 5
    endloop
  endfacet
  facet normal 0 0 1
    outer loop
      vertex 29.9 0 5
      vertex 45.1 0 5
      vertex 30.3392 4.17902 5
    endloop
  endfacet
  facet normal 0 -0 1
    outer loop
      vertex 30.3392 -4.17902 5
      vertex 45.1 0 5
      vertex 29.9 0 5
    endloop
  endfacet
  facet normal 0 0 1
    outer loop
      vertex 45.1 0 5
      vertex 30.3392 -4.17902 5
      vertex 45.473 -1.87515 5
    endloop
  endfacet
  facet normal 0 0 1
    outer loop
      vertex 46.5352 -3.46482 5
      vertex 33.7388 -11.8145 5
      vertex 34.356 -12.5 5
    endloop
  endfacet
  facet normal 0 -0 1
    outer loop
      vertex 33.7388 -11.8145 5
      vertex 45.473 -1.87515 5
      vertex 31.6377 -8.17541 5
    endloop
  endfacet
  facet normal 0 0 1
    outer loop
      vertex 45.473 -1.87515 5
      vertex 33.7388 -11.8145 5
      vertex 46.5352 -3.46482 5
    endloop
  endfacet
  facet normal 0 -0 1
    outer loop
      vertex 31.6377 -8.17541 5
      vertex 45.473 -1.87515 5
      vertex 30.3392 -4.17902 5
    endloop
  endfacet
  facet normal 0.994523 0.104521 0
    outer loop
      vertex 30.3392 -4.17902 5.2
      vertex 29.9 0 5
      vertex 29.9 0 5.2
    endloop
  endfacet
  facet normal 0.994523 0.104521 0
    outer loop
      vertex 29.9 0 5
      vertex 30.3392 -4.17902 5.2
      vertex 30.3392 -4.17902 5
    endloop
  endfacet
  facet normal -0.70516 -0.0741098 -0.705165
    outer loop
      vertex 70.1 0 5.2
      vertex 65.2824 0.167161 10
      vertex 69.6608 4.17902 5.2
    endloop
  endfacet
  facet normal -0.705155 -0.0742442 -0.705155
    outer loop
      vertex 65.2824 0.167161 10
      vertex 70.1 0 5.2
      vertex 65.3 0 10
    endloop
  endfacet
  facet normal 0.614051 0.354512 -0.705168
    outer loop
      vertex 36.0228 -6.22307 10
      vertex 37.538 -8.84755 10
      vertex 31.6377 -8.17541 5.2
    endloop
  endfacet
  facet normal -0.416757 -0.573626 -0.705171
    outer loop
      vertex 61.2551 12.5 8.47959
      vertex 60.2377 11.3701 10
      vertex 58.6825 12.5 10
    endloop
  endfacet
  facet normal 0.526836 -0.474494 -0.705194
    outer loop
      vertex 37.622 8.99311 10
      vertex 37.0464 12.5 7.21035
      vertex 37.7345 9.11802 10
    endloop
  endfacet
  facet normal 0.526923 -0.474451 -0.705158
    outer loop
      vertex 33.7388 11.8145 5.2
      vertex 37.0464 12.5 7.21035
      vertex 37.622 8.99311 10
    endloop
  endfacet
  facet normal 0.526927 -0.474426 -0.705172
    outer loop
      vertex 37.0464 12.5 7.21035
      vertex 33.7388 11.8145 5.2
      vertex 34.356 12.5 5.2
    endloop
  endfacet
  facet normal 0.526914 -0.47444 -0.705173
    outer loop
      vertex 37.7345 9.11802 10
      vertex 38.7449 12.5 8.47959
      vertex 39.7623 11.3701 10
    endloop
  endfacet
  facet normal 0.526941 -0.474439 -0.705153
    outer loop
      vertex 38.7449 12.5 8.47959
      vertex 37.7345 9.11802 10
      vertex 37.0464 12.5 7.21035
    endloop
  endfacet
  facet normal 0.526836 0.474494 -0.705194
    outer loop
      vertex 37.0464 -12.5 7.21035
      vertex 37.622 -8.99311 10
      vertex 37.7345 -9.11802 10
    endloop
  endfacet
  facet normal 0.526927 0.474426 -0.705172
    outer loop
      vertex 33.7388 -11.8145 5.2
      vertex 37.0464 -12.5 7.21035
      vertex 34.356 -12.5 5.2
    endloop
  endfacet
  facet normal 0.526923 0.474451 -0.705158
    outer loop
      vertex 37.0464 -12.5 7.21035
      vertex 33.7388 -11.8145 5.2
      vertex 37.622 -8.99311 10
    endloop
  endfacet
  facet normal -0.705155 0.0742442 -0.705155
    outer loop
      vertex 70.1 0 5.2
      vertex 65.2824 -0.167161 10
      vertex 65.3 0 10
    endloop
  endfacet
  facet normal -0.70516 0.0741098 -0.705165
    outer loop
      vertex 65.2824 -0.167161 10
      vertex 70.1 0 5.2
      vertex 69.6608 -4.17902 5.2
    endloop
  endfacet
  facet normal 0.674335 0.219111 -0.705168
    outer loop
      vertex 35.0863 -3.3409 10
      vertex 36.0228 -6.22307 10
      vertex 31.6377 -8.17541 5.2
    endloop
  endfacet
  facet normal 0.705155 -0.0742442 -0.705155
    outer loop
      vertex 29.9 0 5.2
      vertex 34.7176 0.167161 10
      vertex 34.7 0 10
    endloop
  endfacet
  facet normal 0.70516 -0.0741098 -0.705165
    outer loop
      vertex 34.7176 0.167161 10
      vertex 29.9 0 5.2
      vertex 30.3392 4.17902 5.2
    endloop
  endfacet
  facet normal 0.674335 -0.219111 -0.705168
    outer loop
      vertex 36.0228 6.22307 10
      vertex 35.0863 3.3409 10
      vertex 31.6377 8.17541 5.2
    endloop
  endfacet
  facet normal -0.526927 0.474426 -0.705172
    outer loop
      vertex 62.9536 -12.5 7.21035
      vertex 66.2612 -11.8145 5.2
      vertex 65.644 -12.5 5.2
    endloop
  endfacet
  facet normal -0.526923 0.474451 -0.705158
    outer loop
      vertex 62.9536 -12.5 7.21035
      vertex 62.378 -8.99311 10
      vertex 66.2612 -11.8145 5.2
    endloop
  endfacet
  facet normal -0.526836 0.474494 -0.705194
    outer loop
      vertex 62.378 -8.99311 10
      vertex 62.9536 -12.5 7.21035
      vertex 62.2655 -9.11802 10
    endloop
  endfacet
  facet normal -0.614051 0.354512 -0.705168
    outer loop
      vertex 63.9772 -6.22307 10
      vertex 68.3623 -8.17541 5.2
      vertex 62.462 -8.84755 10
    endloop
  endfacet
  facet normal 0.416757 -0.573626 -0.705171
    outer loop
      vertex 41.3175 12.5 10
      vertex 39.7623 11.3701 10
      vertex 38.7449 12.5 8.47959
    endloop
  endfacet
  facet normal 0.614134 0.354405 -0.70515
    outer loop
      vertex 33.7388 -11.8145 5.2
      vertex 37.538 -8.84755 10
      vertex 37.622 -8.99311 10
    endloop
  endfacet
  facet normal 0.614048 0.354533 -0.705161
    outer loop
      vertex 37.538 -8.84755 10
      vertex 33.7388 -11.8145 5.2
      vertex 31.6377 -8.17541 5.2
    endloop
  endfacet
  facet normal 0.614134 -0.354405 -0.70515
    outer loop
      vertex 37.538 8.84755 10
      vertex 33.7388 11.8145 5.2
      vertex 37.622 8.99311 10
    endloop
  endfacet
  facet normal 0.614048 -0.354533 -0.705161
    outer loop
      vertex 33.7388 11.8145 5.2
      vertex 37.538 8.84755 10
      vertex 31.6377 8.17541 5.2
    endloop
  endfacet
  facet normal 0.526914 0.47444 -0.705173
    outer loop
      vertex 38.7449 -12.5 8.47959
      vertex 37.7345 -9.11802 10
      vertex 39.7623 -11.3701 10
    endloop
  endfacet
  facet normal 0.526941 0.474439 -0.705153
    outer loop
      vertex 37.7345 -9.11802 10
      vertex 38.7449 -12.5 8.47959
      vertex 37.0464 -12.5 7.21035
    endloop
  endfacet
  facet normal -0.614048 0.354533 -0.705161
    outer loop
      vertex 66.2612 -11.8145 5.2
      vertex 62.462 -8.84755 10
      vertex 68.3623 -8.17541 5.2
    endloop
  endfacet
  facet normal -0.614134 0.354405 -0.70515
    outer loop
      vertex 62.462 -8.84755 10
      vertex 66.2612 -11.8145 5.2
      vertex 62.378 -8.99311 10
    endloop
  endfacet
  facet normal 0.614051 -0.354512 -0.705168
    outer loop
      vertex 37.538 8.84755 10
      vertex 36.0228 6.22307 10
      vertex 31.6377 8.17541 5.2
    endloop
  endfacet
  facet normal 0.416757 0.573626 -0.705171
    outer loop
      vertex 39.7623 -11.3701 10
      vertex 41.3175 -12.5 10
      vertex 38.7449 -12.5 8.47959
    endloop
  endfacet
  facet normal -0.67428 -0.219347 -0.705148
    outer loop
      vertex 64.9137 3.3409 10
      vertex 69.6608 4.17902 5.2
      vertex 64.9657 3.18105 10
    endloop
  endfacet
  facet normal -0.67434 -0.219105 -0.705166
    outer loop
      vertex 69.6608 4.17902 5.2
      vertex 64.9137 3.3409 10
      vertex 68.3623 8.17541 5.2
    endloop
  endfacet
  facet normal -0.526927 -0.474426 -0.705172
    outer loop
      vertex 66.2612 11.8145 5.2
      vertex 62.9536 12.5 7.21035
      vertex 65.644 12.5 5.2
    endloop
  endfacet
  facet normal -0.526923 -0.474451 -0.705158
    outer loop
      vertex 62.378 8.99311 10
      vertex 62.9536 12.5 7.21035
      vertex 66.2612 11.8145 5.2
    endloop
  endfacet
  facet normal -0.526836 -0.474494 -0.705194
    outer loop
      vertex 62.9536 12.5 7.21035
      vertex 62.378 8.99311 10
      vertex 62.2655 9.11802 10
    endloop
  endfacet
  facet normal -0.526941 -0.474439 -0.705153
    outer loop
      vertex 62.2655 9.11802 10
      vertex 61.2551 12.5 8.47959
      vertex 62.9536 12.5 7.21035
    endloop
  endfacet
  facet normal -0.526914 -0.47444 -0.705173
    outer loop
      vertex 61.2551 12.5 8.47959
      vertex 62.2655 9.11802 10
      vertex 60.2377 11.3701 10
    endloop
  endfacet
  facet normal -0.67434 0.219105 -0.705166
    outer loop
      vertex 64.9137 -3.3409 10
      vertex 69.6608 -4.17902 5.2
      vertex 68.3623 -8.17541 5.2
    endloop
  endfacet
  facet normal -0.67428 0.219347 -0.705148
    outer loop
      vertex 69.6608 -4.17902 5.2
      vertex 64.9137 -3.3409 10
      vertex 64.9657 -3.18105 10
    endloop
  endfacet
  facet normal -0.705165 0.0740989 -0.70516
    outer loop
      vertex 65.2824 -0.167161 10
      vertex 69.6608 -4.17902 5.2
      vertex 64.9657 -3.18105 10
    endloop
  endfacet
  facet normal 0.705165 -0.0740989 -0.70516
    outer loop
      vertex 35.0343 3.18105 10
      vertex 34.7176 0.167161 10
      vertex 30.3392 4.17902 5.2
    endloop
  endfacet
  facet normal 0.67434 0.219105 -0.705166
    outer loop
      vertex 30.3392 -4.17902 5.2
      vertex 35.0863 -3.3409 10
      vertex 31.6377 -8.17541 5.2
    endloop
  endfacet
  facet normal 0.67428 0.219347 -0.705148
    outer loop
      vertex 35.0863 -3.3409 10
      vertex 30.3392 -4.17902 5.2
      vertex 35.0343 -3.18105 10
    endloop
  endfacet
  facet normal -0.614051 -0.354512 -0.705168
    outer loop
      vertex 68.3623 8.17541 5.2
      vertex 63.9772 6.22307 10
      vertex 62.462 8.84755 10
    endloop
  endfacet
  facet normal 0.67428 -0.219347 -0.705148
    outer loop
      vertex 30.3392 4.17902 5.2
      vertex 35.0863 3.3409 10
      vertex 35.0343 3.18105 10
    endloop
  endfacet
  facet normal 0.67434 -0.219105 -0.705166
    outer loop
      vertex 35.0863 3.3409 10
      vertex 30.3392 4.17902 5.2
      vertex 31.6377 8.17541 5.2
    endloop
  endfacet
  facet normal 0.705165 0.0740989 -0.70516
    outer loop
      vertex 34.7176 -0.167161 10
      vertex 35.0343 -3.18105 10
      vertex 30.3392 -4.17902 5.2
    endloop
  endfacet
  facet normal 0.705155 0.0742442 -0.705155
    outer loop
      vertex 34.7176 -0.167161 10
      vertex 29.9 0 5.2
      vertex 34.7 0 10
    endloop
  endfacet
  facet normal 0.70516 0.0741098 -0.705165
    outer loop
      vertex 29.9 0 5.2
      vertex 34.7176 -0.167161 10
      vertex 30.3392 -4.17902 5.2
    endloop
  endfacet
  facet normal -0.614048 -0.354533 -0.705161
    outer loop
      vertex 62.462 8.84755 10
      vertex 66.2612 11.8145 5.2
      vertex 68.3623 8.17541 5.2
    endloop
  endfacet
  facet normal -0.614134 -0.354405 -0.70515
    outer loop
      vertex 66.2612 11.8145 5.2
      vertex 62.462 8.84755 10
      vertex 62.378 8.99311 10
    endloop
  endfacet
  facet normal -0.674335 -0.219111 -0.705168
    outer loop
      vertex 68.3623 8.17541 5.2
      vertex 64.9137 3.3409 10
      vertex 63.9772 6.22307 10
    endloop
  endfacet
  facet normal -0.705165 -0.0740989 -0.70516
    outer loop
      vertex 69.6608 4.17902 5.2
      vertex 65.2824 0.167161 10
      vertex 64.9657 3.18105 10
    endloop
  endfacet
  facet normal -0.526941 0.474439 -0.705153
    outer loop
      vertex 61.2551 -12.5 8.47959
      vertex 62.2655 -9.11802 10
      vertex 62.9536 -12.5 7.21035
    endloop
  endfacet
  facet normal -0.526914 0.47444 -0.705173
    outer loop
      vertex 62.2655 -9.11802 10
      vertex 61.2551 -12.5 8.47959
      vertex 60.2377 -11.3701 10
    endloop
  endfacet
  facet normal -0.674335 0.219111 -0.705168
    outer loop
      vertex 64.9137 -3.3409 10
      vertex 68.3623 -8.17541 5.2
      vertex 63.9772 -6.22307 10
    endloop
  endfacet
  facet normal -0.416757 0.573626 -0.705171
    outer loop
      vertex 60.2377 -11.3701 10
      vertex 61.2551 -12.5 8.47959
      vertex 58.6825 -12.5 10
    endloop
  endfacet
  facet normal 0.997135 0.0756461 0
    outer loop
      vertex 112.158 -13.7712 5
      vertex 112.12 -13.2703 0
      vertex 112.12 -13.2703 5
    endloop
  endfacet
  facet normal 0.997135 0.0756461 0
    outer loop
      vertex 112.12 -13.2703 0
      vertex 112.158 -13.7712 5
      vertex 112.158 -13.7712 0
    endloop
  endfacet
  facet normal -0.313105 -0.949719 0
    outer loop
      vertex 104.733 -17.5137 0
      vertex 106.586 -18.1246 5
      vertex 104.733 -17.5137 5
    endloop
  endfacet
  facet normal -0.313105 -0.949719 -0
    outer loop
      vertex 106.586 -18.1246 5
      vertex 104.733 -17.5137 0
      vertex 106.586 -18.1246 0
    endloop
  endfacet
  facet normal 0.0741399 -0.997248 0
    outer loop
      vertex 106.586 -18.1246 0
      vertex 108.531 -17.98 5
      vertex 106.586 -18.1246 5
    endloop
  endfacet
  facet normal 0.0741399 -0.997248 0
    outer loop
      vertex 108.531 -17.98 5
      vertex 106.586 -18.1246 0
      vertex 108.531 -17.98 0
    endloop
  endfacet
  facet normal 0.450123 -0.892967 0
    outer loop
      vertex 108.531 -17.98 0
      vertex 110.273 -17.1019 5
      vertex 108.531 -17.98 5
    endloop
  endfacet
  facet normal 0.450123 -0.892967 0
    outer loop
      vertex 110.273 -17.1019 5
      vertex 108.531 -17.98 0
      vertex 110.273 -17.1019 0
    endloop
  endfacet
  facet normal 0.757423 -0.652924 0
    outer loop
      vertex 110.273 -17.1019 5
      vertex 111.547 -15.624 0
      vertex 111.547 -15.624 5
    endloop
  endfacet
  facet normal 0.757423 -0.652924 0
    outer loop
      vertex 111.547 -15.624 0
      vertex 110.273 -17.1019 5
      vertex 110.273 -17.1019 0
    endloop
  endfacet
  facet normal -0.945946 0.324324 0
    outer loop
      vertex 102.232 -12.5525 0
      vertex 102.25 -12.5 5
      vertex 102.25 -12.5 0
    endloop
  endfacet
  facet normal -0.945946 0.324324 0
    outer loop
      vertex 102.25 -12.5 5
      vertex 102.232 -12.5525 0
      vertex 102.232 -12.5525 5
    endloop
  endfacet
  facet normal 0.949693 -0.313181 0
    outer loop
      vertex 111.547 -15.624 5
      vertex 112.158 -13.7712 0
      vertex 112.158 -13.7712 5
    endloop
  endfacet
  facet normal 0.949693 -0.313181 0
    outer loop
      vertex 112.158 -13.7712 0
      vertex 111.547 -15.624 5
      vertex 111.547 -15.624 0
    endloop
  endfacet
  facet normal -0.892998 -0.450061 0
    outer loop
      vertex 103.255 -16.2402 0
      vertex 102.377 -14.4981 5
      vertex 102.377 -14.4981 0
    endloop
  endfacet
  facet normal -0.892998 -0.450061 0
    outer loop
      vertex 102.377 -14.4981 5
      vertex 103.255 -16.2402 0
      vertex 103.255 -16.2402 5
    endloop
  endfacet
  facet normal -0.997234 -0.074321 0
    outer loop
      vertex 102.377 -14.4981 0
      vertex 102.232 -12.5525 5
      vertex 102.232 -12.5525 0
    endloop
  endfacet
  facet normal -0.997234 -0.074321 0
    outer loop
      vertex 102.232 -12.5525 5
      vertex 102.377 -14.4981 0
      vertex 102.377 -14.4981 5
    endloop
  endfacet
  facet normal -0.652752 -0.757572 0
    outer loop
      vertex 103.255 -16.2402 0
      vertex 104.733 -17.5137 5
      vertex 103.255 -16.2402 5
    endloop
  endfacet
  facet normal -0.652752 -0.757572 -0
    outer loop
      vertex 104.733 -17.5137 5
      vertex 103.255 -16.2402 0
      vertex 104.733 -17.5137 0
    endloop
  endfacet
  facet normal 0.996499 0.0836056 0
    outer loop
      vertex 112.274 -12.792 5
      vertex 112.232 -12.2914 0
      vertex 112.232 -12.2914 5
    endloop
  endfacet
  facet normal 0.996499 0.0836056 0
    outer loop
      vertex 112.232 -12.2914 0
      vertex 112.274 -12.792 5
      vertex 112.274 -12.792 0
    endloop
  endfacet
  facet normal 0.951877 -0.306479 0
    outer loop
      vertex 112.12 -13.2703 5
      vertex 112.274 -12.792 0
      vertex 112.274 -12.792 5
    endloop
  endfacet
  facet normal 0.951877 -0.306479 0
    outer loop
      vertex 112.274 -12.792 0
      vertex 112.12 -13.2703 5
      vertex 112.12 -13.2703 0
    endloop
  endfacet
  facet normal 0.995798 0.0915768 0
    outer loop
      vertex 112.381 -11.8117 5
      vertex 112.335 -11.3115 0
      vertex 112.335 -11.3115 5
    endloop
  endfacet
  facet normal 0.995798 0.0915768 0
    outer loop
      vertex 112.335 -11.3115 0
      vertex 112.381 -11.8117 5
      vertex 112.381 -11.8117 0
    endloop
  endfacet
  facet normal 0.954992 -0.296631 0
    outer loop
      vertex 112.232 -12.2914 5
      vertex 112.381 -11.8117 0
      vertex 112.381 -11.8117 5
    endloop
  endfacet
  facet normal 0.954992 -0.296631 0
    outer loop
      vertex 112.381 -11.8117 0
      vertex 112.232 -12.2914 5
      vertex 112.232 -12.2914 0
    endloop
  endfacet
  facet normal 0.994834 0.101514 0
    outer loop
      vertex 112.48 -10.8306 5
      vertex 112.429 -10.3308 0
      vertex 112.429 -10.3308 5
    endloop
  endfacet
  facet normal 0.994834 0.101514 0
    outer loop
      vertex 112.429 -10.3308 0
      vertex 112.48 -10.8306 5
      vertex 112.48 -10.8306 0
    endloop
  endfacet
  facet normal 0.957425 -0.288681 0
    outer loop
      vertex 112.335 -11.3115 5
      vertex 112.48 -10.8306 0
      vertex 112.48 -10.8306 5
    endloop
  endfacet
  facet normal 0.957425 -0.288681 0
    outer loop
      vertex 112.48 -10.8306 0
      vertex 112.335 -11.3115 5
      vertex 112.335 -11.3115 0
    endloop
  endfacet
  facet normal 0.993988 0.109492 0
    outer loop
      vertex 112.57 -9.8486 5
      vertex 112.515 -9.3493 0
      vertex 112.515 -9.3493 5
    endloop
  endfacet
  facet normal 0.993988 0.109492 0
    outer loop
      vertex 112.515 -9.3493 0
      vertex 112.57 -9.8486 5
      vertex 112.57 -9.8486 0
    endloop
  endfacet
  facet normal 0.959808 -0.280657 0
    outer loop
      vertex 112.429 -10.3308 5
      vertex 112.57 -9.8486 0
      vertex 112.57 -9.8486 5
    endloop
  endfacet
  facet normal 0.959808 -0.280657 0
    outer loop
      vertex 112.57 -9.8486 0
      vertex 112.429 -10.3308 5
      vertex 112.429 -10.3308 0
    endloop
  endfacet
  facet normal 0.993077 0.117465 0
    outer loop
      vertex 112.652 -8.86588 5
      vertex 112.593 -8.36708 0
      vertex 112.593 -8.36708 5
    endloop
  endfacet
  facet normal 0.993077 0.117465 0
    outer loop
      vertex 112.593 -8.36708 0
      vertex 112.652 -8.86588 5
      vertex 112.652 -8.86588 0
    endloop
  endfacet
  facet normal 0.962111 -0.27266 0
    outer loop
      vertex 112.515 -9.3493 5
      vertex 112.652 -8.86588 0
      vertex 112.652 -8.86588 5
    endloop
  endfacet
  facet normal 0.962111 -0.27266 0
    outer loop
      vertex 112.652 -8.86588 0
      vertex 112.515 -9.3493 5
      vertex 112.515 -9.3493 0
    endloop
  endfacet
  facet normal 0.991852 0.127398 0
    outer loop
      vertex 112.725 -7.88248 5
      vertex 112.661 -7.38421 0
      vertex 112.661 -7.38421 5
    endloop
  endfacet
  facet normal 0.991852 0.127398 0
    outer loop
      vertex 112.661 -7.38421 0
      vertex 112.725 -7.88248 5
      vertex 112.725 -7.88248 0
    endloop
  endfacet
  facet normal 0.964846 -0.262814 0
    outer loop
      vertex 112.593 -8.36708 5
      vertex 112.725 -7.88248 0
      vertex 112.725 -7.88248 5
    endloop
  endfacet
  facet normal 0.964846 -0.262814 0
    outer loop
      vertex 112.725 -7.88248 0
      vertex 112.593 -8.36708 5
      vertex 112.593 -8.36708 0
    endloop
  endfacet
  facet normal 0.990795 0.135373 0
    outer loop
      vertex 112.789 -6.89848 5
      vertex 112.721 -6.40079 0
      vertex 112.721 -6.40079 5
    endloop
  endfacet
  facet normal 0.990795 0.135373 0
    outer loop
      vertex 112.721 -6.40079 0
      vertex 112.789 -6.89848 5
      vertex 112.789 -6.89848 0
    endloop
  endfacet
  facet normal 0.966988 -0.254822 0
    outer loop
      vertex 112.661 -7.38421 5
      vertex 112.789 -6.89848 0
      vertex 112.789 -6.89848 5
    endloop
  endfacet
  facet normal 0.966988 -0.254822 0
    outer loop
      vertex 112.789 -6.89848 0
      vertex 112.661 -7.38421 5
      vertex 112.661 -7.38421 0
    endloop
  endfacet
  facet normal 0.989672 0.14335 0
    outer loop
      vertex 112.845 -5.91396 5
      vertex 112.773 -5.41688 0
      vertex 112.773 -5.41688 5
    endloop
  endfacet
  facet normal 0.989672 0.14335 0
    outer loop
      vertex 112.773 -5.41688 0
      vertex 112.845 -5.91396 5
      vertex 112.845 -5.91396 0
    endloop
  endfacet
  facet normal 0.969059 -0.246828 0
    outer loop
      vertex 112.721 -6.40079 5
      vertex 112.845 -5.91396 0
      vertex 112.845 -5.91396 5
    endloop
  endfacet
  facet normal 0.969059 -0.246828 0
    outer loop
      vertex 112.845 -5.91396 0
      vertex 112.721 -6.40079 5
      vertex 112.721 -6.40079 0
    endloop
  endfacet
  facet normal 0.988484 0.151327 0
    outer loop
      vertex 112.892 -4.92899 5
      vertex 112.816 -4.43255 0
      vertex 112.816 -4.43255 5
    endloop
  endfacet
  facet normal 0.988484 0.151327 0
    outer loop
      vertex 112.816 -4.43255 0
      vertex 112.892 -4.92899 5
      vertex 112.892 -4.92899 0
    endloop
  endfacet
  facet normal 0.971519 -0.236961 0
    outer loop
      vertex 112.773 -5.41688 5
      vertex 112.892 -4.92899 0
      vertex 112.892 -4.92899 5
    endloop
  endfacet
  facet normal 0.971519 -0.236961 0
    outer loop
      vertex 112.892 -4.92899 0
      vertex 112.773 -5.41688 5
      vertex 112.773 -5.41688 0
    endloop
  endfacet
  facet normal 0.986913 0.161251 0
    outer loop
      vertex 112.931 -3.94364 5
      vertex 112.85 -3.44789 0
      vertex 112.85 -3.44789 5
    endloop
  endfacet
  facet normal 0.986913 0.161251 0
    outer loop
      vertex 112.85 -3.44789 0
      vertex 112.931 -3.94364 5
      vertex 112.931 -3.94364 0
    endloop
  endfacet
  facet normal 0.973434 -0.228968 0
    outer loop
      vertex 112.816 -4.43255 5
      vertex 112.931 -3.94364 0
      vertex 112.931 -3.94364 5
    endloop
  endfacet
  facet normal 0.973434 -0.228968 0
    outer loop
      vertex 112.931 -3.94364 0
      vertex 112.816 -4.43255 5
      vertex 112.816 -4.43255 0
    endloop
  endfacet
  facet normal 0.985576 0.169233 0
    outer loop
      vertex 112.961 -2.95799 5
      vertex 112.876 -2.46297 0
      vertex 112.876 -2.46297 5
    endloop
  endfacet
  facet normal 0.985576 0.169233 0
    outer loop
      vertex 112.876 -2.46297 0
      vertex 112.961 -2.95799 5
      vertex 112.961 -2.95799 0
    endloop
  endfacet
  facet normal 0.975279 -0.220976 0
    outer loop
      vertex 112.85 -3.44789 5
      vertex 112.961 -2.95799 0
      vertex 112.961 -2.95799 5
    endloop
  endfacet
  facet normal 0.975279 -0.220976 0
    outer loop
      vertex 112.961 -2.95799 0
      vertex 112.85 -3.44789 5
      vertex 112.85 -3.44789 0
    endloop
  endfacet
  facet normal 0.983823 0.179145 0
    outer loop
      vertex 112.983 -1.97212 5
      vertex 112.893 -1.47786 0
      vertex 112.893 -1.47786 5
    endloop
  endfacet
  facet normal 0.983823 0.179145 0
    outer loop
      vertex 112.893 -1.47786 0
      vertex 112.983 -1.97212 5
      vertex 112.983 -1.97212 0
    endloop
  endfacet
  facet normal 0.977055 -0.212987 0
    outer loop
      vertex 112.876 -2.46297 5
      vertex 112.983 -1.97212 0
      vertex 112.983 -1.97212 5
    endloop
  endfacet
  facet normal 0.977055 -0.212987 0
    outer loop
      vertex 112.983 -1.97212 0
      vertex 112.876 -2.46297 5
      vertex 112.876 -2.46297 0
    endloop
  endfacet
  facet normal 0.982336 0.187125 0
    outer loop
      vertex 112.996 -0.986098 5
      vertex 112.902 -0.492632 0
      vertex 112.902 -0.492632 5
    endloop
  endfacet
  facet normal 0.982336 0.187125 0
    outer loop
      vertex 112.902 -0.492632 0
      vertex 112.996 -0.986098 5
      vertex 112.996 -0.986098 0
    endloop
  endfacet
  facet normal 0.978761 -0.205002 0
    outer loop
      vertex 112.893 -1.47786 5
      vertex 112.996 -0.986098 0
      vertex 112.996 -0.986098 5
    endloop
  endfacet
  facet normal 0.978761 -0.205002 0
    outer loop
      vertex 112.996 -0.986098 0
      vertex 112.893 -1.47786 5
      vertex 112.893 -1.47786 0
    endloop
  endfacet
  facet normal 0.980782 0.195108 0
    outer loop
      vertex 113 0 5
      vertex 112.902 0.492632 0
      vertex 112.902 0.492632 5
    endloop
  endfacet
  facet normal 0.980782 0.195108 0
    outer loop
      vertex 112.902 0.492632 0
      vertex 113 0 5
      vertex 113 0 0
    endloop
  endfacet
  facet normal 0.980782 -0.195108 0
    outer loop
      vertex 112.902 -0.492632 5
      vertex 113 0 0
      vertex 113 0 5
    endloop
  endfacet
  facet normal 0.980782 -0.195108 0
    outer loop
      vertex 113 0 0
      vertex 112.902 -0.492632 5
      vertex 112.902 -0.492632 0
    endloop
  endfacet
  facet normal 0.978761 0.205002 0
    outer loop
      vertex 112.996 0.986098 5
      vertex 112.893 1.47786 0
      vertex 112.893 1.47786 5
    endloop
  endfacet
  facet normal 0.978761 0.205002 0
    outer loop
      vertex 112.893 1.47786 0
      vertex 112.996 0.986098 5
      vertex 112.996 0.986098 0
    endloop
  endfacet
  facet normal 0.982336 -0.187125 0
    outer loop
      vertex 112.902 0.492632 5
      vertex 112.996 0.986098 0
      vertex 112.996 0.986098 5
    endloop
  endfacet
  facet normal 0.982336 -0.187125 0
    outer loop
      vertex 112.996 0.986098 0
      vertex 112.902 0.492632 5
      vertex 112.902 0.492632 0
    endloop
  endfacet
  facet normal 0.977055 0.212987 0
    outer loop
      vertex 112.983 1.97212 5
      vertex 112.876 2.46297 0
      vertex 112.876 2.46297 5
    endloop
  endfacet
  facet normal 0.977055 0.212987 0
    outer loop
      vertex 112.876 2.46297 0
      vertex 112.983 1.97212 5
      vertex 112.983 1.97212 0
    endloop
  endfacet
  facet normal 0.983823 -0.179145 0
    outer loop
      vertex 112.893 1.47786 5
      vertex 112.983 1.97212 0
      vertex 112.983 1.97212 5
    endloop
  endfacet
  facet normal 0.983823 -0.179145 0
    outer loop
      vertex 112.983 1.97212 0
      vertex 112.893 1.47786 5
      vertex 112.893 1.47786 0
    endloop
  endfacet
  facet normal 0.975279 0.220976 0
    outer loop
      vertex 112.961 2.95799 5
      vertex 112.85 3.44789 0
      vertex 112.85 3.44789 5
    endloop
  endfacet
  facet normal 0.975279 0.220976 0
    outer loop
      vertex 112.85 3.44789 0
      vertex 112.961 2.95799 5
      vertex 112.961 2.95799 0
    endloop
  endfacet
  facet normal 0.985576 -0.169233 0
    outer loop
      vertex 112.876 2.46297 5
      vertex 112.961 2.95799 0
      vertex 112.961 2.95799 5
    endloop
  endfacet
  facet normal 0.985576 -0.169233 0
    outer loop
      vertex 112.961 2.95799 0
      vertex 112.876 2.46297 5
      vertex 112.876 2.46297 0
    endloop
  endfacet
  facet normal 0.973434 0.228968 0
    outer loop
      vertex 112.931 3.94364 5
      vertex 112.816 4.43255 0
      vertex 112.816 4.43255 5
    endloop
  endfacet
  facet normal 0.973434 0.228968 0
    outer loop
      vertex 112.816 4.43255 0
      vertex 112.931 3.94364 5
      vertex 112.931 3.94364 0
    endloop
  endfacet
  facet normal 0.986913 -0.161251 0
    outer loop
      vertex 112.85 3.44789 5
      vertex 112.931 3.94364 0
      vertex 112.931 3.94364 5
    endloop
  endfacet
  facet normal 0.986913 -0.161251 0
    outer loop
      vertex 112.931 3.94364 0
      vertex 112.85 3.44789 5
      vertex 112.85 3.44789 0
    endloop
  endfacet
  facet normal 0.971519 0.236961 0
    outer loop
      vertex 112.892 4.92899 5
      vertex 112.773 5.41688 0
      vertex 112.773 5.41688 5
    endloop
  endfacet
  facet normal 0.971519 0.236961 0
    outer loop
      vertex 112.773 5.41688 0
      vertex 112.892 4.92899 5
      vertex 112.892 4.92899 0
    endloop
  endfacet
  facet normal 0.988484 -0.151327 0
    outer loop
      vertex 112.816 4.43255 5
      vertex 112.892 4.92899 0
      vertex 112.892 4.92899 5
    endloop
  endfacet
  facet normal 0.988484 -0.151327 0
    outer loop
      vertex 112.892 4.92899 0
      vertex 112.816 4.43255 5
      vertex 112.816 4.43255 0
    endloop
  endfacet
  facet normal 0.969059 0.246828 0
    outer loop
      vertex 112.845 5.91396 5
      vertex 112.721 6.40079 0
      vertex 112.721 6.40079 5
    endloop
  endfacet
  facet normal 0.969059 0.246828 0
    outer loop
      vertex 112.721 6.40079 0
      vertex 112.845 5.91396 5
      vertex 112.845 5.91396 0
    endloop
  endfacet
  facet normal 0.989672 -0.14335 0
    outer loop
      vertex 112.773 5.41688 5
      vertex 112.845 5.91396 0
      vertex 112.845 5.91396 5
    endloop
  endfacet
  facet normal 0.989672 -0.14335 0
    outer loop
      vertex 112.845 5.91396 0
      vertex 112.773 5.41688 5
      vertex 112.773 5.41688 0
    endloop
  endfacet
  facet normal 0.966988 0.254822 0
    outer loop
      vertex 112.789 6.89848 5
      vertex 112.661 7.38421 0
      vertex 112.661 7.38421 5
    endloop
  endfacet
  facet normal 0.966988 0.254822 0
    outer loop
      vertex 112.661 7.38421 0
      vertex 112.789 6.89848 5
      vertex 112.789 6.89848 0
    endloop
  endfacet
  facet normal 0.990795 -0.135373 0
    outer loop
      vertex 112.721 6.40079 5
      vertex 112.789 6.89848 0
      vertex 112.789 6.89848 5
    endloop
  endfacet
  facet normal 0.990795 -0.135373 0
    outer loop
      vertex 112.789 6.89848 0
      vertex 112.721 6.40079 5
      vertex 112.721 6.40079 0
    endloop
  endfacet
  facet normal 0.964846 0.262814 0
    outer loop
      vertex 112.725 7.88248 5
      vertex 112.593 8.36708 0
      vertex 112.593 8.36708 5
    endloop
  endfacet
  facet normal 0.964846 0.262814 0
    outer loop
      vertex 112.593 8.36708 0
      vertex 112.725 7.88248 5
      vertex 112.725 7.88248 0
    endloop
  endfacet
  facet normal 0.991852 -0.127398 0
    outer loop
      vertex 112.661 7.38421 5
      vertex 112.725 7.88248 0
      vertex 112.725 7.88248 5
    endloop
  endfacet
  facet normal 0.991852 -0.127398 0
    outer loop
      vertex 112.725 7.88248 0
      vertex 112.661 7.38421 5
      vertex 112.661 7.38421 0
    endloop
  endfacet
  facet normal 0.962111 0.27266 0
    outer loop
      vertex 112.652 8.86588 5
      vertex 112.515 9.3493 0
      vertex 112.515 9.3493 5
    endloop
  endfacet
  facet normal 0.962111 0.27266 0
    outer loop
      vertex 112.515 9.3493 0
      vertex 112.652 8.86588 5
      vertex 112.652 8.86588 0
    endloop
  endfacet
  facet normal 0.993077 -0.117465 0
    outer loop
      vertex 112.593 8.36708 5
      vertex 112.652 8.86588 0
      vertex 112.652 8.86588 5
    endloop
  endfacet
  facet normal 0.993077 -0.117465 0
    outer loop
      vertex 112.652 8.86588 0
      vertex 112.593 8.36708 5
      vertex 112.593 8.36708 0
    endloop
  endfacet
  facet normal 0.959808 0.280657 0
    outer loop
      vertex 112.57 9.8486 5
      vertex 112.429 10.3308 0
      vertex 112.429 10.3308 5
    endloop
  endfacet
  facet normal 0.959808 0.280657 0
    outer loop
      vertex 112.429 10.3308 0
      vertex 112.57 9.8486 5
      vertex 112.57 9.8486 0
    endloop
  endfacet
  facet normal 0.993988 -0.109492 0
    outer loop
      vertex 112.515 9.3493 5
      vertex 112.57 9.8486 0
      vertex 112.57 9.8486 5
    endloop
  endfacet
  facet normal 0.993988 -0.109492 0
    outer loop
      vertex 112.57 9.8486 0
      vertex 112.515 9.3493 5
      vertex 112.515 9.3493 0
    endloop
  endfacet
  facet normal 0.957425 0.288681 0
    outer loop
      vertex 112.48 10.8306 5
      vertex 112.335 11.3115 0
      vertex 112.335 11.3115 5
    endloop
  endfacet
  facet normal 0.957425 0.288681 0
    outer loop
      vertex 112.335 11.3115 0
      vertex 112.48 10.8306 5
      vertex 112.48 10.8306 0
    endloop
  endfacet
  facet normal 0.994834 -0.101514 0
    outer loop
      vertex 112.429 10.3308 5
      vertex 112.48 10.8306 0
      vertex 112.48 10.8306 5
    endloop
  endfacet
  facet normal 0.994834 -0.101514 0
    outer loop
      vertex 112.48 10.8306 0
      vertex 112.429 10.3308 5
      vertex 112.429 10.3308 0
    endloop
  endfacet
  facet normal 0.954992 0.296631 0
    outer loop
      vertex 112.381 11.8117 5
      vertex 112.232 12.2914 0
      vertex 112.232 12.2914 5
    endloop
  endfacet
  facet normal 0.954992 0.296631 0
    outer loop
      vertex 112.232 12.2914 0
      vertex 112.381 11.8117 5
      vertex 112.381 11.8117 0
    endloop
  endfacet
  facet normal 0.995798 -0.0915768 0
    outer loop
      vertex 112.335 11.3115 5
      vertex 112.381 11.8117 0
      vertex 112.381 11.8117 5
    endloop
  endfacet
  facet normal 0.995798 -0.0915768 0
    outer loop
      vertex 112.381 11.8117 0
      vertex 112.335 11.3115 5
      vertex 112.335 11.3115 0
    endloop
  endfacet
  facet normal 0.951877 0.306479 0
    outer loop
      vertex 112.274 12.792 5
      vertex 112.12 13.2703 0
      vertex 112.12 13.2703 5
    endloop
  endfacet
  facet normal 0.951877 0.306479 0
    outer loop
      vertex 112.12 13.2703 0
      vertex 112.274 12.792 5
      vertex 112.274 12.792 0
    endloop
  endfacet
  facet normal 0.996499 -0.0836056 0
    outer loop
      vertex 112.232 12.2914 5
      vertex 112.274 12.792 0
      vertex 112.274 12.792 5
    endloop
  endfacet
  facet normal 0.996499 -0.0836056 0
    outer loop
      vertex 112.274 12.792 0
      vertex 112.232 12.2914 5
      vertex 112.232 12.2914 0
    endloop
  endfacet
  facet normal -0.652752 0.757572 0
    outer loop
      vertex 104.733 17.5137 0
      vertex 103.255 16.2402 5
      vertex 104.733 17.5137 5
    endloop
  endfacet
  facet normal -0.652752 0.757572 0
    outer loop
      vertex 103.255 16.2402 5
      vertex 104.733 17.5137 0
      vertex 103.255 16.2402 0
    endloop
  endfacet
  facet normal 0.757423 0.652924 0
    outer loop
      vertex 111.547 15.624 5
      vertex 110.273 17.1019 0
      vertex 110.273 17.1019 5
    endloop
  endfacet
  facet normal 0.757423 0.652924 0
    outer loop
      vertex 110.273 17.1019 0
      vertex 111.547 15.624 5
      vertex 111.547 15.624 0
    endloop
  endfacet
  facet normal 0.949693 0.313181 0
    outer loop
      vertex 112.158 13.7712 5
      vertex 111.547 15.624 0
      vertex 111.547 15.624 5
    endloop
  endfacet
  facet normal 0.949693 0.313181 0
    outer loop
      vertex 111.547 15.624 0
      vertex 112.158 13.7712 5
      vertex 112.158 13.7712 0
    endloop
  endfacet
  facet normal -0.892998 0.450061 0
    outer loop
      vertex 102.377 14.4981 0
      vertex 103.255 16.2402 5
      vertex 103.255 16.2402 0
    endloop
  endfacet
  facet normal -0.892998 0.450061 0
    outer loop
      vertex 103.255 16.2402 5
      vertex 102.377 14.4981 0
      vertex 102.377 14.4981 5
    endloop
  endfacet
  facet normal -0.997234 0.074321 0
    outer loop
      vertex 102.232 12.5525 0
      vertex 102.377 14.4981 5
      vertex 102.377 14.4981 0
    endloop
  endfacet
  facet normal -0.997234 0.074321 0
    outer loop
      vertex 102.377 14.4981 5
      vertex 102.232 12.5525 0
      vertex 102.232 12.5525 5
    endloop
  endfacet
  facet normal 0.997135 -0.0756461 0
    outer loop
      vertex 112.12 13.2703 5
      vertex 112.158 13.7712 0
      vertex 112.158 13.7712 5
    endloop
  endfacet
  facet normal 0.997135 -0.0756461 0
    outer loop
      vertex 112.158 13.7712 0
      vertex 112.12 13.2703 5
      vertex 112.12 13.2703 0
    endloop
  endfacet
  facet normal -0.313105 0.949719 0
    outer loop
      vertex 106.586 18.1246 0
      vertex 104.733 17.5137 5
      vertex 106.586 18.1246 5
    endloop
  endfacet
  facet normal -0.313105 0.949719 0
    outer loop
      vertex 104.733 17.5137 5
      vertex 106.586 18.1246 0
      vertex 104.733 17.5137 0
    endloop
  endfacet
  facet normal 0.0741399 0.997248 -0
    outer loop
      vertex 108.531 17.98 0
      vertex 106.586 18.1246 5
      vertex 108.531 17.98 5
    endloop
  endfacet
  facet normal 0.0741399 0.997248 0
    outer loop
      vertex 106.586 18.1246 5
      vertex 108.531 17.98 0
      vertex 106.586 18.1246 0
    endloop
  endfacet
  facet normal 0.450123 0.892967 -0
    outer loop
      vertex 110.273 17.1019 0
      vertex 108.531 17.98 5
      vertex 110.273 17.1019 5
    endloop
  endfacet
  facet normal 0.450123 0.892967 0
    outer loop
      vertex 108.531 17.98 5
      vertex 110.273 17.1019 0
      vertex 108.531 17.98 0
    endloop
  endfacet
  facet normal -0.945946 -0.324324 0
    outer loop
      vertex 102.25 12.5 0
      vertex 102.232 12.5525 5
      vertex 102.232 12.5525 0
    endloop
  endfacet
  facet normal -0.945946 -0.324324 0
    outer loop
      vertex 102.232 12.5525 5
      vertex 102.25 12.5 0
      vertex 102.25 12.5 5
    endloop
  endfacet
  facet normal -0.980784 0.195095 0
    outer loop
      vertex 45.1 0 5
      vertex 45.473 1.87515 10
      vertex 45.473 1.87515 5
    endloop
  endfacet
  facet normal -0.980784 0.195095 0
    outer loop
      vertex 45.473 1.87515 10
      vertex 45.1 0 5
      vertex 45.1 0 10
    endloop
  endfacet
  facet normal 0.831466 0.555576 0
    outer loop
      vertex 54.527 1.87515 10
      vertex 53.4648 3.46482 5
      vertex 53.4648 3.46482 10
    endloop
  endfacet
  facet normal 0.831466 0.555576 0
    outer loop
      vertex 53.4648 3.46482 5
      vertex 54.527 1.87515 10
      vertex 54.527 1.87515 5
    endloop
  endfacet
  facet normal 0.980784 0.195095 0
    outer loop
      vertex 54.9 0 10
      vertex 54.527 1.87515 5
      vertex 54.527 1.87515 10
    endloop
  endfacet
  facet normal 0.980784 0.195095 0
    outer loop
      vertex 54.527 1.87515 5
      vertex 54.9 0 10
      vertex 54.9 0 5
    endloop
  endfacet
  facet normal -0.831466 0.555576 0
    outer loop
      vertex 45.473 1.87515 5
      vertex 46.5352 3.46482 10
      vertex 46.5352 3.46482 5
    endloop
  endfacet
  facet normal -0.831466 0.555576 0
    outer loop
      vertex 46.5352 3.46482 10
      vertex 45.473 1.87515 5
      vertex 45.473 1.87515 10
    endloop
  endfacet
  facet normal -0.195095 -0.980784 0
    outer loop
      vertex 48.1249 -4.52701 5
      vertex 50 -4.9 10
      vertex 48.1249 -4.52701 10
    endloop
  endfacet
  facet normal -0.195095 -0.980784 -0
    outer loop
      vertex 50 -4.9 10
      vertex 48.1249 -4.52701 5
      vertex 50 -4.9 5
    endloop
  endfacet
  facet normal 0.980784 -0.195095 0
    outer loop
      vertex 54.527 -1.87515 10
      vertex 54.9 0 5
      vertex 54.9 0 10
    endloop
  endfacet
  facet normal 0.980784 -0.195095 0
    outer loop
      vertex 54.9 0 5
      vertex 54.527 -1.87515 10
      vertex 54.527 -1.87515 5
    endloop
  endfacet
  facet normal 0.195095 0.980784 -0
    outer loop
      vertex 51.8751 4.52701 5
      vertex 50 4.9 10
      vertex 51.8751 4.52701 10
    endloop
  endfacet
  facet normal 0.195095 0.980784 0
    outer loop
      vertex 50 4.9 10
      vertex 51.8751 4.52701 5
      vertex 50 4.9 5
    endloop
  endfacet
  facet normal 0.555565 -0.831473 0
    outer loop
      vertex 51.8751 -4.52701 5
      vertex 53.4648 -3.46482 10
      vertex 51.8751 -4.52701 10
    endloop
  endfacet
  facet normal 0.555565 -0.831473 0
    outer loop
      vertex 53.4648 -3.46482 10
      vertex 51.8751 -4.52701 5
      vertex 53.4648 -3.46482 5
    endloop
  endfacet
  facet normal 0.195095 -0.980784 0
    outer loop
      vertex 50 -4.9 5
      vertex 51.8751 -4.52701 10
      vertex 50 -4.9 10
    endloop
  endfacet
  facet normal 0.195095 -0.980784 0
    outer loop
      vertex 51.8751 -4.52701 10
      vertex 50 -4.9 5
      vertex 51.8751 -4.52701 5
    endloop
  endfacet
  facet normal -0.555565 0.831473 0
    outer loop
      vertex 48.1249 4.52701 5
      vertex 46.5352 3.46482 10
      vertex 48.1249 4.52701 10
    endloop
  endfacet
  facet normal -0.555565 0.831473 0
    outer loop
      vertex 46.5352 3.46482 10
      vertex 48.1249 4.52701 5
      vertex 46.5352 3.46482 5
    endloop
  endfacet
  facet normal -0.195095 0.980784 0
    outer loop
      vertex 50 4.9 5
      vertex 48.1249 4.52701 10
      vertex 50 4.9 10
    endloop
  endfacet
  facet normal -0.195095 0.980784 0
    outer loop
      vertex 48.1249 4.52701 10
      vertex 50 4.9 5
      vertex 48.1249 4.52701 5
    endloop
  endfacet
  facet normal 0.831466 -0.555576 0
    outer loop
      vertex 53.4648 -3.46482 10
      vertex 54.527 -1.87515 5
      vertex 54.527 -1.87515 10
    endloop
  endfacet
  facet normal 0.831466 -0.555576 0
    outer loop
      vertex 54.527 -1.87515 5
      vertex 53.4648 -3.46482 10
      vertex 53.4648 -3.46482 5
    endloop
  endfacet
  facet normal 0 0 1
    outer loop
      vertex 52.6 0 10
      vertex 54.9 0 10
      vertex 54.527 1.87515 10
    endloop
  endfacet
  facet normal 0 0 1
    outer loop
      vertex 51.9917 1.67125 10
      vertex 54.527 1.87515 10
      vertex 53.4648 3.46482 10
    endloop
  endfacet
  facet normal 0 0 1
    outer loop
      vertex 54.9 0 10
      vertex 52.6 0 10
      vertex 54.527 -1.87515 10
    endloop
  endfacet
  facet normal -0 0 1
    outer loop
      vertex 51.9917 -1.67125 10
      vertex 54.527 -1.87515 10
      vertex 52.6 0 10
    endloop
  endfacet
  facet normal 0 0 1
    outer loop
      vertex 54.527 1.87515 10
      vertex 51.9917 1.67125 10
      vertex 52.6 0 10
    endloop
  endfacet
  facet normal 0 0 1
    outer loop
      vertex 51.8751 4.52701 10
      vertex 51.9917 1.67125 10
      vertex 53.4648 3.46482 10
    endloop
  endfacet
  facet normal 0 0 1
    outer loop
      vertex 51.8751 4.52701 10
      vertex 50.4515 2.5605 10
      vertex 51.9917 1.67125 10
    endloop
  endfacet
  facet normal 0 0 1
    outer loop
      vertex 50 4.9 10
      vertex 50.4515 2.5605 10
      vertex 51.8751 4.52701 10
    endloop
  endfacet
  facet normal 0 0 1
    outer loop
      vertex 50 4.9 10
      vertex 48.7 2.25167 10
      vertex 50.4515 2.5605 10
    endloop
  endfacet
  facet normal -0 0 1
    outer loop
      vertex 48.1249 4.52701 10
      vertex 48.7 2.25167 10
      vertex 50 4.9 10
    endloop
  endfacet
  facet normal -0 0 1
    outer loop
      vertex 46.5352 3.46482 10
      vertex 48.7 2.25167 10
      vertex 48.1249 4.52701 10
    endloop
  endfacet
  facet normal -0 0 1
    outer loop
      vertex 45.473 1.87515 10
      vertex 47.5568 0.889252 10
      vertex 46.5352 3.46482 10
    endloop
  endfacet
  facet normal 0 0 1
    outer loop
      vertex 48.7 2.25167 10
      vertex 46.5352 3.46482 10
      vertex 47.5568 0.889252 10
    endloop
  endfacet
  facet normal 0 0 1
    outer loop
      vertex 54.527 -1.87515 10
      vertex 51.9917 -1.67125 10
      vertex 53.4648 -3.46482 10
    endloop
  endfacet
  facet normal 0 0 1
    outer loop
      vertex 51.9917 -1.67125 10
      vertex 51.8751 -4.52701 10
      vertex 53.4648 -3.46482 10
    endloop
  endfacet
  facet normal -0 0 1
    outer loop
      vertex 50.4515 -2.5605 10
      vertex 51.8751 -4.52701 10
      vertex 51.9917 -1.67125 10
    endloop
  endfacet
  facet normal 0 0 1
    outer loop
      vertex 50.4515 -2.5605 10
      vertex 50 -4.9 10
      vertex 51.8751 -4.52701 10
    endloop
  endfacet
  facet normal 0 0 1
    outer loop
      vertex 48.7 -2.25167 10
      vertex 50 -4.9 10
      vertex 50.4515 -2.5605 10
    endloop
  endfacet
  facet normal 0 0 1
    outer loop
      vertex 48.7 -2.25167 10
      vertex 48.1249 -4.52701 10
      vertex 50 -4.9 10
    endloop
  endfacet
  facet normal 0 0 1
    outer loop
      vertex 46.5352 -3.46482 10
      vertex 48.7 -2.25167 10
      vertex 47.5568 -0.889252 10
    endloop
  endfacet
  facet normal 0 0 1
    outer loop
      vertex 45.1 0 10
      vertex 47.5568 0.889252 10
      vertex 45.473 1.87515 10
    endloop
  endfacet
  facet normal 0 0 1
    outer loop
      vertex 48.7 -2.25167 10
      vertex 46.5352 -3.46482 10
      vertex 48.1249 -4.52701 10
    endloop
  endfacet
  facet normal 0 0 1
    outer loop
      vertex 47.5568 0.889252 10
      vertex 45.1 0 10
      vertex 47.5568 -0.889252 10
    endloop
  endfacet
  facet normal 0 0 1
    outer loop
      vertex 47.5568 -0.889252 10
      vertex 45.473 -1.87515 10
      vertex 46.5352 -3.46482 10
    endloop
  endfacet
  facet normal 0 0 1
    outer loop
      vertex 47.5568 -0.889252 10
      vertex 45.1 0 10
      vertex 45.473 -1.87515 10
    endloop
  endfacet
  facet normal 0.555565 0.831473 -0
    outer loop
      vertex 53.4648 3.46482 5
      vertex 51.8751 4.52701 10
      vertex 53.4648 3.46482 10
    endloop
  endfacet
  facet normal 0.555565 0.831473 0
    outer loop
      vertex 51.8751 4.52701 10
      vertex 53.4648 3.46482 5
      vertex 51.8751 4.52701 5
    endloop
  endfacet
  facet normal -0.831466 -0.555576 0
    outer loop
      vertex 46.5352 -3.46482 5
      vertex 45.473 -1.87515 10
      vertex 45.473 -1.87515 5
    endloop
  endfacet
  facet normal -0.831466 -0.555576 0
    outer loop
      vertex 45.473 -1.87515 10
      vertex 46.5352 -3.46482 5
      vertex 46.5352 -3.46482 10
    endloop
  endfacet
  facet normal -0.980784 -0.195095 0
    outer loop
      vertex 45.473 -1.87515 5
      vertex 45.1 0 10
      vertex 45.1 0 5
    endloop
  endfacet
  facet normal -0.980784 -0.195095 0
    outer loop
      vertex 45.1 0 10
      vertex 45.473 -1.87515 5
      vertex 45.473 -1.87515 10
    endloop
  endfacet
  facet normal -0.555565 -0.831473 0
    outer loop
      vertex 46.5352 -3.46482 5
      vertex 48.1249 -4.52701 10
      vertex 46.5352 -3.46482 10
    endloop
  endfacet
  facet normal -0.555565 -0.831473 -0
    outer loop
      vertex 48.1249 -4.52701 10
      vertex 46.5352 -3.46482 5
      vertex 48.1249 -4.52701 5
    endloop
  endfacet
  facet normal 0.838638 0.54469 0
    outer loop
      vertex 105.57 -15.3182 5
      vertex 104.564 -13.7693 0
      vertex 104.564 -13.7693 5
    endloop
  endfacet
  facet normal 0.838638 0.54469 0
    outer loop
      vertex 104.564 -13.7693 0
      vertex 105.57 -15.3182 5
      vertex 105.57 -15.3182 0
    endloop
  endfacet
  facet normal -0.974128 -0.225998 0
    outer loop
      vertex 109.875 -13.4909 0
      vertex 109.759 -12.9909 5
      vertex 109.759 -12.9909 0
    endloop
  endfacet
  facet normal -0.974128 -0.225998 0
    outer loop
      vertex 109.759 -12.9909 5
      vertex 109.875 -13.4909 0
      vertex 109.875 -13.4909 5
    endloop
  endfacet
  facet normal -0.390774 0.920487 0
    outer loop
      vertex 109.036 -15.1365 0
      vertex 107.336 -15.8582 5
      vertex 109.036 -15.1365 5
    endloop
  endfacet
  facet normal -0.390774 0.920487 0
    outer loop
      vertex 107.336 -15.8582 5
      vertex 109.036 -15.1365 0
      vertex 107.336 -15.8582 0
    endloop
  endfacet
  facet normal 0.992513 -0.12214 0
    outer loop
      vertex 104.564 -13.7693 5
      vertex 104.733 -12.396 0
      vertex 104.733 -12.396 5
    endloop
  endfacet
  facet normal 0.992513 -0.12214 0
    outer loop
      vertex 104.733 -12.396 0
      vertex 104.564 -13.7693 5
      vertex 104.564 -13.7693 0
    endloop
  endfacet
  facet normal 0.292411 0.956293 -0
    outer loop
      vertex 107.336 -15.8582 0
      vertex 105.57 -15.3182 5
      vertex 107.336 -15.8582 5
    endloop
  endfacet
  facet normal 0.292411 0.956293 0
    outer loop
      vertex 105.57 -15.3182 5
      vertex 107.336 -15.8582 0
      vertex 105.57 -15.3182 0
    endloop
  endfacet
  facet normal -0.890892 0.454216 0
    outer loop
      vertex 109.036 -15.1365 0
      vertex 109.875 -13.4909 5
      vertex 109.875 -13.4909 0
    endloop
  endfacet
  facet normal -0.890892 0.454216 0
    outer loop
      vertex 109.875 -13.4909 5
      vertex 109.036 -15.1365 0
      vertex 109.036 -15.1365 5
    endloop
  endfacet
  facet normal -0.972722 -0.231972 0
    outer loop
      vertex 109.988 -12.5316 0
      vertex 109.869 -12.0326 5
      vertex 109.869 -12.0326 0
    endloop
  endfacet
  facet normal -0.972722 -0.231972 0
    outer loop
      vertex 109.869 -12.0326 5
      vertex 109.988 -12.5316 0
      vertex 109.988 -12.5316 5
    endloop
  endfacet
  facet normal -0.894933 0.4462 0
    outer loop
      vertex 109.759 -12.9909 0
      vertex 109.988 -12.5316 5
      vertex 109.988 -12.5316 0
    endloop
  endfacet
  facet normal -0.894933 0.4462 0
    outer loop
      vertex 109.988 -12.5316 5
      vertex 109.759 -12.9909 0
      vertex 109.759 -12.9909 5
    endloop
  endfacet
  facet normal 0.993596 -0.112995 0
    outer loop
      vertex 104.733 -12.396 5
      vertex 104.837 -11.4815 0
      vertex 104.837 -11.4815 5
    endloop
  endfacet
  facet normal 0.993596 -0.112995 0
    outer loop
      vertex 104.837 -11.4815 0
      vertex 104.733 -12.396 5
      vertex 104.733 -12.396 0
    endloop
  endfacet
  facet normal -0.969913 -0.243452 0
    outer loop
      vertex 110.094 -11.5713 0
      vertex 109.969 -11.0733 5
      vertex 109.969 -11.0733 0
    endloop
  endfacet
  facet normal -0.969913 -0.243452 0
    outer loop
      vertex 109.969 -11.0733 5
      vertex 110.094 -11.5713 0
      vertex 110.094 -11.5713 5
    endloop
  endfacet
  facet normal -0.898787 0.438385 0
    outer loop
      vertex 109.869 -12.0326 0
      vertex 110.094 -11.5713 5
      vertex 110.094 -11.5713 0
    endloop
  endfacet
  facet normal -0.898787 0.438385 0
    outer loop
      vertex 110.094 -11.5713 5
      vertex 109.869 -12.0326 0
      vertex 109.869 -12.0326 5
    endloop
  endfacet
  facet normal 0.994545 -0.104311 0
    outer loop
      vertex 104.837 -11.4815 5
      vertex 104.933 -10.5662 0
      vertex 104.933 -10.5662 5
    endloop
  endfacet
  facet normal 0.994545 -0.104311 0
    outer loop
      vertex 104.933 -10.5662 0
      vertex 104.837 -11.4815 5
      vertex 104.837 -11.4815 0
    endloop
  endfacet
  facet normal -0.968375 -0.249501 0
    outer loop
      vertex 110.19 -10.6101 0
      vertex 110.062 -10.1133 5
      vertex 110.062 -10.1133 0
    endloop
  endfacet
  facet normal -0.968375 -0.249501 0
    outer loop
      vertex 110.062 -10.1133 5
      vertex 110.19 -10.6101 0
      vertex 110.19 -10.6101 5
    endloop
  endfacet
  facet normal 0.995418 -0.0956141 0
    outer loop
      vertex 104.933 -10.5662 5
      vertex 105.021 -9.65005 0
      vertex 105.021 -9.65005 5
    endloop
  endfacet
  facet normal 0.995418 -0.0956141 0
    outer loop
      vertex 105.021 -9.65005 0
      vertex 104.933 -10.5662 5
      vertex 104.933 -10.5662 0
    endloop
  endfacet
  facet normal -0.902536 0.430614 0
    outer loop
      vertex 109.969 -11.0733 0
      vertex 110.19 -10.6101 5
      vertex 110.19 -10.6101 0
    endloop
  endfacet
  facet normal -0.902536 0.430614 0
    outer loop
      vertex 110.19 -10.6101 5
      vertex 109.969 -11.0733 0
      vertex 109.969 -11.0733 5
    endloop
  endfacet
  facet normal -0.965842 -0.259132 0
    outer loop
      vertex 110.279 -9.64814 0
      vertex 110.146 -9.15242 5
      vertex 110.146 -9.15242 0
    endloop
  endfacet
  facet normal -0.965842 -0.259132 0
    outer loop
      vertex 110.146 -9.15242 5
      vertex 110.279 -9.64814 0
      vertex 110.279 -9.64814 5
    endloop
  endfacet
  facet normal -0.906239 0.422766 0
    outer loop
      vertex 110.062 -10.1133 0
      vertex 110.279 -9.64814 5
      vertex 110.279 -9.64814 0
    endloop
  endfacet
  facet normal -0.906239 0.422766 0
    outer loop
      vertex 110.279 -9.64814 5
      vertex 110.062 -10.1133 0
      vertex 110.062 -10.1133 5
    endloop
  endfacet
  facet normal 0.99612 -0.0880051 0
    outer loop
      vertex 105.021 -9.65005 5
      vertex 105.102 -8.73322 0
      vertex 105.102 -8.73322 5
    endloop
  endfacet
  facet normal 0.99612 -0.0880051 0
    outer loop
      vertex 105.102 -8.73322 0
      vertex 105.021 -9.65005 5
      vertex 105.021 -9.65005 0
    endloop
  endfacet
  facet normal -0.963705 -0.26697 0
    outer loop
      vertex 110.359 -8.68542 0
      vertex 110.222 -8.19088 5
      vertex 110.222 -8.19088 0
    endloop
  endfacet
  facet normal -0.963705 -0.26697 0
    outer loop
      vertex 110.222 -8.19088 5
      vertex 110.359 -8.68542 0
      vertex 110.359 -8.68542 5
    endloop
  endfacet
  facet normal -0.909832 0.414977 0
    outer loop
      vertex 110.146 -9.15242 0
      vertex 110.359 -8.68542 5
      vertex 110.359 -8.68542 0
    endloop
  endfacet
  facet normal -0.909832 0.414977 0
    outer loop
      vertex 110.359 -8.68542 5
      vertex 110.146 -9.15242 0
      vertex 110.146 -9.15242 5
    endloop
  endfacet
  facet normal 0.996934 -0.0782438 0
    outer loop
      vertex 105.102 -8.73322 5
      vertex 105.174 -7.81584 0
      vertex 105.174 -7.81584 5
    endloop
  endfacet
  facet normal 0.996934 -0.0782438 0
    outer loop
      vertex 105.174 -7.81584 0
      vertex 105.102 -8.73322 5
      vertex 105.102 -8.73322 0
    endloop
  endfacet
  facet normal -0.961499 -0.274809 0
    outer loop
      vertex 110.43 -7.72204 0
      vertex 110.289 -7.22871 5
      vertex 110.289 -7.22871 0
    endloop
  endfacet
  facet normal -0.961499 -0.274809 0
    outer loop
      vertex 110.289 -7.22871 5
      vertex 110.43 -7.72204 0
      vertex 110.43 -7.72204 5
    endloop
  endfacet
  facet normal -0.914081 0.405531 0
    outer loop
      vertex 110.222 -8.19088 0
      vertex 110.43 -7.72204 5
      vertex 110.43 -7.72204 0
    endloop
  endfacet
  facet normal -0.914081 0.405531 0
    outer loop
      vertex 110.43 -7.72204 5
      vertex 110.222 -8.19088 0
      vertex 110.222 -8.19088 5
    endloop
  endfacet
  facet normal 0.99758 -0.0695314 0
    outer loop
      vertex 105.174 -7.81584 5
      vertex 105.238 -6.89762 0
      vertex 105.238 -6.89762 5
    endloop
  endfacet
  facet normal 0.99758 -0.0695314 0
    outer loop
      vertex 105.238 -6.89762 0
      vertex 105.174 -7.81584 5
      vertex 105.174 -7.81584 0
    endloop
  endfacet
  facet normal -0.958691 -0.284449 0
    outer loop
      vertex 110.494 -6.75807 0
      vertex 110.348 -6.266 5
      vertex 110.348 -6.266 0
    endloop
  endfacet
  facet normal -0.958691 -0.284449 0
    outer loop
      vertex 110.348 -6.266 5
      vertex 110.494 -6.75807 0
      vertex 110.494 -6.75807 5
    endloop
  endfacet
  facet normal -0.916804 0.399339 0
    outer loop
      vertex 110.289 -7.22871 0
      vertex 110.494 -6.75807 5
      vertex 110.494 -6.75807 0
    endloop
  endfacet
  facet normal -0.916804 0.399339 0
    outer loop
      vertex 110.494 -6.75807 5
      vertex 110.289 -7.22871 0
      vertex 110.289 -7.22871 5
    endloop
  endfacet
  facet normal 0.998147 -0.0608527 0
    outer loop
      vertex 105.238 -6.89762 5
      vertex 105.294 -5.97907 0
      vertex 105.294 -5.97907 5
    endloop
  endfacet
  facet normal 0.998147 -0.0608527 0
    outer loop
      vertex 105.294 -5.97907 0
      vertex 105.238 -6.89762 5
      vertex 105.238 -6.89762 0
    endloop
  endfacet
  facet normal -0.95633 -0.292289 0
    outer loop
      vertex 110.548 -5.79359 0
      vertex 110.398 -5.30281 5
      vertex 110.398 -5.30281 0
    endloop
  endfacet
  facet normal -0.95633 -0.292289 0
    outer loop
      vertex 110.398 -5.30281 5
      vertex 110.548 -5.79359 0
      vertex 110.548 -5.79359 5
    endloop
  endfacet
  facet normal 0.998639 -0.0521528 0
    outer loop
      vertex 105.294 -5.97907 5
      vertex 105.342 -5.05995 0
      vertex 105.342 -5.05995 5
    endloop
  endfacet
  facet normal 0.998639 -0.0521528 0
    outer loop
      vertex 105.342 -5.05995 0
      vertex 105.294 -5.97907 5
      vertex 105.294 -5.97907 0
    endloop
  endfacet
  facet normal -0.920873 0.389862 0
    outer loop
      vertex 110.348 -6.266 0
      vertex 110.548 -5.79359 5
      vertex 110.548 -5.79359 0
    endloop
  endfacet
  facet normal -0.920873 0.389862 0
    outer loop
      vertex 110.548 -5.79359 5
      vertex 110.348 -6.266 0
      vertex 110.348 -6.266 5
    endloop
  endfacet
  facet normal -0.95334 -0.301899 0
    outer loop
      vertex 110.595 -4.82867 0
      vertex 110.44 -4.33921 5
      vertex 110.44 -4.33921 0
    endloop
  endfacet
  facet normal -0.95334 -0.301899 0
    outer loop
      vertex 110.44 -4.33921 5
      vertex 110.595 -4.82867 0
      vertex 110.595 -4.82867 5
    endloop
  endfacet
  facet normal -0.923463 0.383689 0
    outer loop
      vertex 110.398 -5.30281 0
      vertex 110.595 -4.82867 5
      vertex 110.595 -4.82867 0
    endloop
  endfacet
  facet normal -0.923463 0.383689 0
    outer loop
      vertex 110.595 -4.82867 5
      vertex 110.398 -5.30281 0
      vertex 110.398 -5.30281 5
    endloop
  endfacet
  facet normal 0.999007 -0.0445481 0
    outer loop
      vertex 105.342 -5.05995 5
      vertex 105.383 -4.14051 0
      vertex 105.383 -4.14051 5
    endloop
  endfacet
  facet normal 0.999007 -0.0445481 0
    outer loop
      vertex 105.383 -4.14051 0
      vertex 105.342 -5.05995 5
      vertex 105.342 -5.05995 0
    endloop
  endfacet
  facet normal -0.950822 -0.309739 0
    outer loop
      vertex 110.633 -3.86337 0
      vertex 110.474 -3.37528 5
      vertex 110.474 -3.37528 0
    endloop
  endfacet
  facet normal -0.950822 -0.309739 0
    outer loop
      vertex 110.474 -3.37528 5
      vertex 110.633 -3.86337 0
      vertex 110.633 -3.86337 5
    endloop
  endfacet
  facet normal 0.999395 -0.0347718 0
    outer loop
      vertex 105.383 -4.14051 5
      vertex 105.415 -3.22078 0
      vertex 105.415 -3.22078 5
    endloop
  endfacet
  facet normal 0.999395 -0.0347718 0
    outer loop
      vertex 105.415 -3.22078 0
      vertex 105.383 -4.14051 5
      vertex 105.383 -4.14051 0
    endloop
  endfacet
  facet normal -0.926677 0.375859 0
    outer loop
      vertex 110.44 -4.33921 0
      vertex 110.633 -3.86337 5
      vertex 110.633 -3.86337 0
    endloop
  endfacet
  facet normal -0.926677 0.375859 0
    outer loop
      vertex 110.633 -3.86337 5
      vertex 110.44 -4.33921 0
      vertex 110.44 -4.33921 5
    endloop
  endfacet
  facet normal -0.948232 -0.317578 0
    outer loop
      vertex 110.662 -2.89779 0
      vertex 110.499 -2.4111 5
      vertex 110.499 -2.4111 0
    endloop
  endfacet
  facet normal -0.948232 -0.317578 0
    outer loop
      vertex 110.499 -2.4111 5
      vertex 110.662 -2.89779 0
      vertex 110.662 -2.89779 5
    endloop
  endfacet
  facet normal -0.930476 0.366352 0
    outer loop
      vertex 110.474 -3.37528 0
      vertex 110.662 -2.89779 5
      vertex 110.662 -2.89779 0
    endloop
  endfacet
  facet normal -0.930476 0.366352 0
    outer loop
      vertex 110.662 -2.89779 5
      vertex 110.474 -3.37528 0
      vertex 110.474 -3.37528 5
    endloop
  endfacet
  facet normal 0.99966 -0.0260738 0
    outer loop
      vertex 105.415 -3.22078 5
      vertex 105.439 -2.30063 0
      vertex 105.439 -2.30063 5
    endloop
  endfacet
  facet normal 0.99966 -0.0260738 0
    outer loop
      vertex 105.439 -2.30063 0
      vertex 105.415 -3.22078 5
      vertex 105.415 -3.22078 0
    endloop
  endfacet
  facet normal -0.94557 -0.32542 0
    outer loop
      vertex 110.683 -1.93198 0
      vertex 110.516 -1.44673 5
      vertex 110.516 -1.44673 0
    endloop
  endfacet
  facet normal -0.94557 -0.32542 0
    outer loop
      vertex 110.516 -1.44673 5
      vertex 110.683 -1.93198 0
      vertex 110.683 -1.93198 5
    endloop
  endfacet
  facet normal -0.933526 0.358509 0
    outer loop
      vertex 110.499 -2.4111 0
      vertex 110.683 -1.93198 5
      vertex 110.683 -1.93198 0
    endloop
  endfacet
  facet normal -0.933526 0.358509 0
    outer loop
      vertex 110.683 -1.93198 5
      vertex 110.499 -2.4111 0
      vertex 110.499 -2.4111 5
    endloop
  endfacet
  facet normal 0.999849 -0.0173853 0
    outer loop
      vertex 105.439 -2.30063 5
      vertex 105.455 -1.38045 0
      vertex 105.455 -1.38045 5
    endloop
  endfacet
  facet normal 0.999849 -0.0173853 0
    outer loop
      vertex 105.455 -1.38045 0
      vertex 105.439 -2.30063 5
      vertex 105.439 -2.30063 0
    endloop
  endfacet
  facet normal -0.942219 -0.334997 0
    outer loop
      vertex 110.696 -0.966027 0
      vertex 110.524 -0.482257 5
      vertex 110.524 -0.482257 0
    endloop
  endfacet
  facet normal -0.942219 -0.334997 0
    outer loop
      vertex 110.524 -0.482257 5
      vertex 110.696 -0.966027 0
      vertex 110.696 -0.966027 5
    endloop
  endfacet
  facet normal -0.936498 0.350673 0
    outer loop
      vertex 110.516 -1.44673 0
      vertex 110.696 -0.966027 5
      vertex 110.696 -0.966027 0
    endloop
  endfacet
  facet normal -0.936498 0.350673 0
    outer loop
      vertex 110.696 -0.966027 5
      vertex 110.516 -1.44673 0
      vertex 110.516 -1.44673 5
    endloop
  endfacet
  facet normal 0.999962 -0.00869245 0
    outer loop
      vertex 105.455 -1.38045 5
      vertex 105.463 -0.460146 0
      vertex 105.463 -0.460146 5
    endloop
  endfacet
  facet normal 0.999962 -0.00869245 0
    outer loop
      vertex 105.463 -0.460146 0
      vertex 105.455 -1.38045 5
      vertex 105.455 -1.38045 0
    endloop
  endfacet
  facet normal -0.939396 -0.342833 0
    outer loop
      vertex 110.7 0 0
      vertex 110.524 0.482257 5
      vertex 110.524 0.482257 0
    endloop
  endfacet
  facet normal -0.939396 -0.342833 0
    outer loop
      vertex 110.524 0.482257 5
      vertex 110.7 0 0
      vertex 110.7 0 5
    endloop
  endfacet
  facet normal -0.939396 0.342833 0
    outer loop
      vertex 110.524 -0.482257 0
      vertex 110.7 0 5
      vertex 110.7 0 0
    endloop
  endfacet
  facet normal -0.939396 0.342833 0
    outer loop
      vertex 110.7 0 5
      vertex 110.524 -0.482257 0
      vertex 110.524 -0.482257 5
    endloop
  endfacet
  facet normal 1 -0 0
    outer loop
      vertex 105.463 -0.460146 5
      vertex 105.463 0.460146 0
      vertex 105.463 0.460146 5
    endloop
  endfacet
  facet normal 1 0 0
    outer loop
      vertex 105.463 0.460146 0
      vertex 105.463 -0.460146 5
      vertex 105.463 -0.460146 0
    endloop
  endfacet
  facet normal -0.936498 -0.350673 0
    outer loop
      vertex 110.696 0.966027 0
      vertex 110.516 1.44673 5
      vertex 110.516 1.44673 0
    endloop
  endfacet
  facet normal -0.936498 -0.350673 0
    outer loop
      vertex 110.516 1.44673 5
      vertex 110.696 0.966027 0
      vertex 110.696 0.966027 5
    endloop
  endfacet
  facet normal 0.999962 0.00869245 0
    outer loop
      vertex 105.463 0.460146 5
      vertex 105.455 1.38045 0
      vertex 105.455 1.38045 5
    endloop
  endfacet
  facet normal 0.999962 0.00869245 0
    outer loop
      vertex 105.455 1.38045 0
      vertex 105.463 0.460146 5
      vertex 105.463 0.460146 0
    endloop
  endfacet
  facet normal -0.942219 0.334997 0
    outer loop
      vertex 110.524 0.482257 0
      vertex 110.696 0.966027 5
      vertex 110.696 0.966027 0
    endloop
  endfacet
  facet normal -0.942219 0.334997 0
    outer loop
      vertex 110.696 0.966027 5
      vertex 110.524 0.482257 0
      vertex 110.524 0.482257 5
    endloop
  endfacet
  facet normal -0.933526 -0.358509 0
    outer loop
      vertex 110.683 1.93198 0
      vertex 110.499 2.4111 5
      vertex 110.499 2.4111 0
    endloop
  endfacet
  facet normal -0.933526 -0.358509 0
    outer loop
      vertex 110.499 2.4111 5
      vertex 110.683 1.93198 0
      vertex 110.683 1.93198 5
    endloop
  endfacet
  facet normal 0.999849 0.0173853 0
    outer loop
      vertex 105.455 1.38045 5
      vertex 105.439 2.30063 0
      vertex 105.439 2.30063 5
    endloop
  endfacet
  facet normal 0.999849 0.0173853 0
    outer loop
      vertex 105.439 2.30063 0
      vertex 105.455 1.38045 5
      vertex 105.455 1.38045 0
    endloop
  endfacet
  facet normal -0.94557 0.32542 0
    outer loop
      vertex 110.516 1.44673 0
      vertex 110.683 1.93198 5
      vertex 110.683 1.93198 0
    endloop
  endfacet
  facet normal -0.94557 0.32542 0
    outer loop
      vertex 110.683 1.93198 5
      vertex 110.516 1.44673 0
      vertex 110.516 1.44673 5
    endloop
  endfacet
  facet normal -0.930476 -0.366352 0
    outer loop
      vertex 110.662 2.89779 0
      vertex 110.474 3.37528 5
      vertex 110.474 3.37528 0
    endloop
  endfacet
  facet normal -0.930476 -0.366352 0
    outer loop
      vertex 110.474 3.37528 5
      vertex 110.662 2.89779 0
      vertex 110.662 2.89779 5
    endloop
  endfacet
  facet normal 0.99966 0.0260738 0
    outer loop
      vertex 105.439 2.30063 5
      vertex 105.415 3.22078 0
      vertex 105.415 3.22078 5
    endloop
  endfacet
  facet normal 0.99966 0.0260738 0
    outer loop
      vertex 105.415 3.22078 0
      vertex 105.439 2.30063 5
      vertex 105.439 2.30063 0
    endloop
  endfacet
  facet normal -0.948232 0.317578 0
    outer loop
      vertex 110.499 2.4111 0
      vertex 110.662 2.89779 5
      vertex 110.662 2.89779 0
    endloop
  endfacet
  facet normal -0.948232 0.317578 0
    outer loop
      vertex 110.662 2.89779 5
      vertex 110.499 2.4111 0
      vertex 110.499 2.4111 5
    endloop
  endfacet
  facet normal -0.926677 -0.375859 0
    outer loop
      vertex 110.633 3.86337 0
      vertex 110.44 4.33921 5
      vertex 110.44 4.33921 0
    endloop
  endfacet
  facet normal -0.926677 -0.375859 0
    outer loop
      vertex 110.44 4.33921 5
      vertex 110.633 3.86337 0
      vertex 110.633 3.86337 5
    endloop
  endfacet
  facet normal 0.999395 0.0347718 0
    outer loop
      vertex 105.415 3.22078 5
      vertex 105.383 4.14051 0
      vertex 105.383 4.14051 5
    endloop
  endfacet
  facet normal 0.999395 0.0347718 0
    outer loop
      vertex 105.383 4.14051 0
      vertex 105.415 3.22078 5
      vertex 105.415 3.22078 0
    endloop
  endfacet
  facet normal -0.950822 0.309739 0
    outer loop
      vertex 110.474 3.37528 0
      vertex 110.633 3.86337 5
      vertex 110.633 3.86337 0
    endloop
  endfacet
  facet normal -0.950822 0.309739 0
    outer loop
      vertex 110.633 3.86337 5
      vertex 110.474 3.37528 0
      vertex 110.474 3.37528 5
    endloop
  endfacet
  facet normal -0.923463 -0.383689 0
    outer loop
      vertex 110.595 4.82867 0
      vertex 110.398 5.30281 5
      vertex 110.398 5.30281 0
    endloop
  endfacet
  facet normal -0.923463 -0.383689 0
    outer loop
      vertex 110.398 5.30281 5
      vertex 110.595 4.82867 0
      vertex 110.595 4.82867 5
    endloop
  endfacet
  facet normal 0.999007 0.0445481 0
    outer loop
      vertex 105.383 4.14051 5
      vertex 105.342 5.05995 0
      vertex 105.342 5.05995 5
    endloop
  endfacet
  facet normal 0.999007 0.0445481 0
    outer loop
      vertex 105.342 5.05995 0
      vertex 105.383 4.14051 5
      vertex 105.383 4.14051 0
    endloop
  endfacet
  facet normal -0.95334 0.301899 0
    outer loop
      vertex 110.44 4.33921 0
      vertex 110.595 4.82867 5
      vertex 110.595 4.82867 0
    endloop
  endfacet
  facet normal -0.95334 0.301899 0
    outer loop
      vertex 110.595 4.82867 5
      vertex 110.44 4.33921 0
      vertex 110.44 4.33921 5
    endloop
  endfacet
  facet normal -0.920873 -0.389862 0
    outer loop
      vertex 110.548 5.79359 0
      vertex 110.348 6.266 5
      vertex 110.348 6.266 0
    endloop
  endfacet
  facet normal -0.920873 -0.389862 0
    outer loop
      vertex 110.348 6.266 5
      vertex 110.548 5.79359 0
      vertex 110.548 5.79359 5
    endloop
  endfacet
  facet normal -0.95633 0.292289 0
    outer loop
      vertex 110.398 5.30281 0
      vertex 110.548 5.79359 5
      vertex 110.548 5.79359 0
    endloop
  endfacet
  facet normal -0.95633 0.292289 0
    outer loop
      vertex 110.548 5.79359 5
      vertex 110.398 5.30281 0
      vertex 110.398 5.30281 5
    endloop
  endfacet
  facet normal 0.998639 0.0521528 0
    outer loop
      vertex 105.342 5.05995 5
      vertex 105.294 5.97907 0
      vertex 105.294 5.97907 5
    endloop
  endfacet
  facet normal 0.998639 0.0521528 0
    outer loop
      vertex 105.294 5.97907 0
      vertex 105.342 5.05995 5
      vertex 105.342 5.05995 0
    endloop
  endfacet
  facet normal -0.916804 -0.399339 0
    outer loop
      vertex 110.494 6.75807 0
      vertex 110.289 7.22871 5
      vertex 110.289 7.22871 0
    endloop
  endfacet
  facet normal -0.916804 -0.399339 0
    outer loop
      vertex 110.289 7.22871 5
      vertex 110.494 6.75807 0
      vertex 110.494 6.75807 5
    endloop
  endfacet
  facet normal 0.998147 0.0608527 0
    outer loop
      vertex 105.294 5.97907 5
      vertex 105.238 6.89762 0
      vertex 105.238 6.89762 5
    endloop
  endfacet
  facet normal 0.998147 0.0608527 0
    outer loop
      vertex 105.238 6.89762 0
      vertex 105.294 5.97907 5
      vertex 105.294 5.97907 0
    endloop
  endfacet
  facet normal -0.958691 0.284449 0
    outer loop
      vertex 110.348 6.266 0
      vertex 110.494 6.75807 5
      vertex 110.494 6.75807 0
    endloop
  endfacet
  facet normal -0.958691 0.284449 0
    outer loop
      vertex 110.494 6.75807 5
      vertex 110.348 6.266 0
      vertex 110.348 6.266 5
    endloop
  endfacet
  facet normal -0.914081 -0.405531 0
    outer loop
      vertex 110.43 7.72204 0
      vertex 110.222 8.19088 5
      vertex 110.222 8.19088 0
    endloop
  endfacet
  facet normal -0.914081 -0.405531 0
    outer loop
      vertex 110.222 8.19088 5
      vertex 110.43 7.72204 0
      vertex 110.43 7.72204 5
    endloop
  endfacet
  facet normal 0.99758 0.0695314 0
    outer loop
      vertex 105.238 6.89762 5
      vertex 105.174 7.81584 0
      vertex 105.174 7.81584 5
    endloop
  endfacet
  facet normal 0.99758 0.0695314 0
    outer loop
      vertex 105.174 7.81584 0
      vertex 105.238 6.89762 5
      vertex 105.238 6.89762 0
    endloop
  endfacet
  facet normal -0.961499 0.274809 0
    outer loop
      vertex 110.289 7.22871 0
      vertex 110.43 7.72204 5
      vertex 110.43 7.72204 0
    endloop
  endfacet
  facet normal -0.961499 0.274809 0
    outer loop
      vertex 110.43 7.72204 5
      vertex 110.289 7.22871 0
      vertex 110.289 7.22871 5
    endloop
  endfacet
  facet normal -0.909832 -0.414977 0
    outer loop
      vertex 110.359 8.68542 0
      vertex 110.146 9.15242 5
      vertex 110.146 9.15242 0
    endloop
  endfacet
  facet normal -0.909832 -0.414977 0
    outer loop
      vertex 110.146 9.15242 5
      vertex 110.359 8.68542 0
      vertex 110.359 8.68542 5
    endloop
  endfacet
  facet normal 0.996934 0.0782438 0
    outer loop
      vertex 105.174 7.81584 5
      vertex 105.102 8.73322 0
      vertex 105.102 8.73322 5
    endloop
  endfacet
  facet normal 0.996934 0.0782438 0
    outer loop
      vertex 105.102 8.73322 0
      vertex 105.174 7.81584 5
      vertex 105.174 7.81584 0
    endloop
  endfacet
  facet normal -0.963705 0.26697 0
    outer loop
      vertex 110.222 8.19088 0
      vertex 110.359 8.68542 5
      vertex 110.359 8.68542 0
    endloop
  endfacet
  facet normal -0.963705 0.26697 0
    outer loop
      vertex 110.359 8.68542 5
      vertex 110.222 8.19088 0
      vertex 110.222 8.19088 5
    endloop
  endfacet
  facet normal -0.906239 -0.422766 0
    outer loop
      vertex 110.279 9.64814 0
      vertex 110.062 10.1133 5
      vertex 110.062 10.1133 0
    endloop
  endfacet
  facet normal -0.906239 -0.422766 0
    outer loop
      vertex 110.062 10.1133 5
      vertex 110.279 9.64814 0
      vertex 110.279 9.64814 5
    endloop
  endfacet
  facet normal -0.965842 0.259132 0
    outer loop
      vertex 110.146 9.15242 0
      vertex 110.279 9.64814 5
      vertex 110.279 9.64814 0
    endloop
  endfacet
  facet normal -0.965842 0.259132 0
    outer loop
      vertex 110.279 9.64814 5
      vertex 110.146 9.15242 0
      vertex 110.146 9.15242 5
    endloop
  endfacet
  facet normal 0.99612 0.0880051 0
    outer loop
      vertex 105.102 8.73322 5
      vertex 105.021 9.65005 0
      vertex 105.021 9.65005 5
    endloop
  endfacet
  facet normal 0.99612 0.0880051 0
    outer loop
      vertex 105.021 9.65005 0
      vertex 105.102 8.73322 5
      vertex 105.102 8.73322 0
    endloop
  endfacet
  facet normal -0.902536 -0.430614 0
    outer loop
      vertex 110.19 10.6101 0
      vertex 109.969 11.0733 5
      vertex 109.969 11.0733 0
    endloop
  endfacet
  facet normal -0.902536 -0.430614 0
    outer loop
      vertex 109.969 11.0733 5
      vertex 110.19 10.6101 0
      vertex 110.19 10.6101 5
    endloop
  endfacet
  facet normal 0.995418 0.0956141 0
    outer loop
      vertex 105.021 9.65005 5
      vertex 104.933 10.5662 0
      vertex 104.933 10.5662 5
    endloop
  endfacet
  facet normal 0.995418 0.0956141 0
    outer loop
      vertex 104.933 10.5662 0
      vertex 105.021 9.65005 5
      vertex 105.021 9.65005 0
    endloop
  endfacet
  facet normal -0.968375 0.249501 0
    outer loop
      vertex 110.062 10.1133 0
      vertex 110.19 10.6101 5
      vertex 110.19 10.6101 0
    endloop
  endfacet
  facet normal -0.968375 0.249501 0
    outer loop
      vertex 110.19 10.6101 5
      vertex 110.062 10.1133 0
      vertex 110.062 10.1133 5
    endloop
  endfacet
  facet normal -0.898787 -0.438385 0
    outer loop
      vertex 110.094 11.5713 0
      vertex 109.869 12.0326 5
      vertex 109.869 12.0326 0
    endloop
  endfacet
  facet normal -0.898787 -0.438385 0
    outer loop
      vertex 109.869 12.0326 5
      vertex 110.094 11.5713 0
      vertex 110.094 11.5713 5
    endloop
  endfacet
  facet normal 0.994545 0.104311 0
    outer loop
      vertex 104.933 10.5662 5
      vertex 104.837 11.4815 0
      vertex 104.837 11.4815 5
    endloop
  endfacet
  facet normal 0.994545 0.104311 0
    outer loop
      vertex 104.837 11.4815 0
      vertex 104.933 10.5662 5
      vertex 104.933 10.5662 0
    endloop
  endfacet
  facet normal -0.969913 0.243452 0
    outer loop
      vertex 109.969 11.0733 0
      vertex 110.094 11.5713 5
      vertex 110.094 11.5713 0
    endloop
  endfacet
  facet normal -0.969913 0.243452 0
    outer loop
      vertex 110.094 11.5713 5
      vertex 109.969 11.0733 0
      vertex 109.969 11.0733 5
    endloop
  endfacet
  facet normal -0.894933 -0.4462 0
    outer loop
      vertex 109.988 12.5316 0
      vertex 109.759 12.9909 5
      vertex 109.759 12.9909 0
    endloop
  endfacet
  facet normal -0.894933 -0.4462 0
    outer loop
      vertex 109.759 12.9909 5
      vertex 109.988 12.5316 0
      vertex 109.988 12.5316 5
    endloop
  endfacet
  facet normal -0.972722 0.231972 0
    outer loop
      vertex 109.869 12.0326 0
      vertex 109.988 12.5316 5
      vertex 109.988 12.5316 0
    endloop
  endfacet
  facet normal -0.972722 0.231972 0
    outer loop
      vertex 109.988 12.5316 5
      vertex 109.869 12.0326 0
      vertex 109.869 12.0326 5
    endloop
  endfacet
  facet normal 0.993596 0.112995 0
    outer loop
      vertex 104.837 11.4815 5
      vertex 104.733 12.396 0
      vertex 104.733 12.396 5
    endloop
  endfacet
  facet normal 0.993596 0.112995 0
    outer loop
      vertex 104.733 12.396 0
      vertex 104.837 11.4815 5
      vertex 104.837 11.4815 0
    endloop
  endfacet
  facet normal -0.390774 -0.920487 0
    outer loop
      vertex 107.336 15.8582 0
      vertex 109.036 15.1365 5
      vertex 107.336 15.8582 5
    endloop
  endfacet
  facet normal -0.390774 -0.920487 -0
    outer loop
      vertex 109.036 15.1365 5
      vertex 107.336 15.8582 0
      vertex 109.036 15.1365 0
    endloop
  endfacet
  facet normal -0.890892 -0.454216 0
    outer loop
      vertex 109.875 13.4909 0
      vertex 109.036 15.1365 5
      vertex 109.036 15.1365 0
    endloop
  endfacet
  facet normal -0.890892 -0.454216 0
    outer loop
      vertex 109.036 15.1365 5
      vertex 109.875 13.4909 0
      vertex 109.875 13.4909 5
    endloop
  endfacet
  facet normal 0.292411 -0.956293 0
    outer loop
      vertex 105.57 15.3182 0
      vertex 107.336 15.8582 5
      vertex 105.57 15.3182 5
    endloop
  endfacet
  facet normal 0.292411 -0.956293 0
    outer loop
      vertex 107.336 15.8582 5
      vertex 105.57 15.3182 0
      vertex 107.336 15.8582 0
    endloop
  endfacet
  facet normal 0.992513 0.12214 0
    outer loop
      vertex 104.733 12.396 5
      vertex 104.564 13.7693 0
      vertex 104.564 13.7693 5
    endloop
  endfacet
  facet normal 0.992513 0.12214 0
    outer loop
      vertex 104.564 13.7693 0
      vertex 104.733 12.396 5
      vertex 104.733 12.396 0
    endloop
  endfacet
  facet normal 0.838638 -0.54469 0
    outer loop
      vertex 104.564 13.7693 5
      vertex 105.57 15.3182 0
      vertex 105.57 15.3182 5
    endloop
  endfacet
  facet normal 0.838638 -0.54469 0
    outer loop
      vertex 105.57 15.3182 0
      vertex 104.564 13.7693 5
      vertex 104.564 13.7693 0
    endloop
  endfacet
  facet normal -0.974128 0.225998 0
    outer loop
      vertex 109.759 12.9909 0
      vertex 109.875 13.4909 5
      vertex 109.875 13.4909 0
    endloop
  endfacet
  facet normal -0.974128 0.225998 0
    outer loop
      vertex 109.875 13.4909 5
      vertex 109.759 12.9909 0
      vertex 109.759 12.9909 5
    endloop
  endfacet
  facet normal 0.766046 0.642786 0
    outer loop
      vertex 48.7 -2.25167 10
      vertex 47.5568 -0.889252 1.2
      vertex 47.5568 -0.889252 10
    endloop
  endfacet
  facet normal 0.766046 0.642786 0
    outer loop
      vertex 47.5568 -0.889252 1.2
      vertex 48.7 -2.25167 10
      vertex 48.7 -2.25167 1.2
    endloop
  endfacet
  facet normal -0.500006 -0.866022 0
    outer loop
      vertex 50.4515 2.5605 1.2
      vertex 51.9917 1.67125 10
      vertex 50.4515 2.5605 10
    endloop
  endfacet
  facet normal -0.500006 -0.866022 -0
    outer loop
      vertex 51.9917 1.67125 10
      vertex 50.4515 2.5605 1.2
      vertex 51.9917 1.67125 1.2
    endloop
  endfacet
  facet normal -0.93969 -0.342027 0
    outer loop
      vertex 52.6 0 1.2
      vertex 51.9917 1.67125 10
      vertex 51.9917 1.67125 1.2
    endloop
  endfacet
  facet normal -0.93969 -0.342027 0
    outer loop
      vertex 51.9917 1.67125 10
      vertex 52.6 0 1.2
      vertex 52.6 0 10
    endloop
  endfacet
  facet normal 0.173645 -0.984808 0
    outer loop
      vertex 48.7 2.25167 1.2
      vertex 50.4515 2.5605 10
      vertex 48.7 2.25167 10
    endloop
  endfacet
  facet normal 0.173645 -0.984808 0
    outer loop
      vertex 50.4515 2.5605 10
      vertex 48.7 2.25167 1.2
      vertex 50.4515 2.5605 1.2
    endloop
  endfacet
  facet normal 0.173645 0.984808 -0
    outer loop
      vertex 50.4515 -2.5605 1.2
      vertex 48.7 -2.25167 10
      vertex 50.4515 -2.5605 10
    endloop
  endfacet
  facet normal 0.173645 0.984808 0
    outer loop
      vertex 48.7 -2.25167 10
      vertex 50.4515 -2.5605 1.2
      vertex 48.7 -2.25167 1.2
    endloop
  endfacet
  facet normal -0.500006 0.866022 0
    outer loop
      vertex 51.9917 -1.67125 1.2
      vertex 50.4515 -2.5605 10
      vertex 51.9917 -1.67125 10
    endloop
  endfacet
  facet normal -0.500006 0.866022 0
    outer loop
      vertex 50.4515 -2.5605 10
      vertex 51.9917 -1.67125 1.2
      vertex 50.4515 -2.5605 1.2
    endloop
  endfacet
  facet normal 0.766046 -0.642786 0
    outer loop
      vertex 47.5568 0.889252 10
      vertex 48.7 2.25167 1.2
      vertex 48.7 2.25167 10
    endloop
  endfacet
  facet normal 0.766046 -0.642786 0
    outer loop
      vertex 48.7 2.25167 1.2
      vertex 47.5568 0.889252 10
      vertex 47.5568 0.889252 1.2
    endloop
  endfacet
  facet normal -0.93969 0.342027 0
    outer loop
      vertex 51.9917 -1.67125 1.2
      vertex 52.6 0 10
      vertex 52.6 0 1.2
    endloop
  endfacet
  facet normal -0.93969 0.342027 0
    outer loop
      vertex 52.6 0 10
      vertex 51.9917 -1.67125 1.2
      vertex 51.9917 -1.67125 10
    endloop
  endfacet
  facet normal 1 -0 0
    outer loop
      vertex 47.5568 -0.889252 10
      vertex 47.5568 0.889252 1.2
      vertex 47.5568 0.889252 10
    endloop
  endfacet
  facet normal 1 0 0
    outer loop
      vertex 47.5568 0.889252 1.2
      vertex 47.5568 -0.889252 10
      vertex 47.5568 -0.889252 1.2
    endloop
  endfacet
  facet normal 0.841258 0.540634 0
    outer loop
      vertex 47.8062 -2.53176 1.2
      vertex 46.7857 -0.943804 -4.8
      vertex 46.7857 -0.943804 1.2
    endloop
  endfacet
  facet normal 0.841258 0.540634 0
    outer loop
      vertex 46.7857 -0.943804 -4.8
      vertex 47.8062 -2.53176 1.2
      vertex 47.8062 -2.53176 -4.8
    endloop
  endfacet
  facet normal -0.65485 -0.755759 0
    outer loop
      vertex 51.3916 3.04727 -4.8
      vertex 52.8182 1.81115 1.2
      vertex 51.3916 3.04727 1.2
    endloop
  endfacet
  facet normal -0.65485 -0.755759 -0
    outer loop
      vertex 52.8182 1.81115 1.2
      vertex 51.3916 3.04727 -4.8
      vertex 52.8182 1.81115 -4.8
    endloop
  endfacet
  facet normal -0.959493 -0.281732 0
    outer loop
      vertex 53.35 0 -4.8
      vertex 52.8182 1.81115 1.2
      vertex 52.8182 1.81115 -4.8
    endloop
  endfacet
  facet normal -0.959493 -0.281732 0
    outer loop
      vertex 52.8182 1.81115 1.2
      vertex 53.35 0 -4.8
      vertex 53.35 0 1.2
    endloop
  endfacet
  facet normal -0.142312 -0.989822 0
    outer loop
      vertex 49.5232 3.3159 -4.8
      vertex 51.3916 3.04727 1.2
      vertex 49.5232 3.3159 1.2
    endloop
  endfacet
  facet normal -0.142312 -0.989822 -0
    outer loop
      vertex 51.3916 3.04727 1.2
      vertex 49.5232 3.3159 -4.8
      vertex 51.3916 3.04727 -4.8
    endloop
  endfacet
  facet normal 0.41542 -0.90963 0
    outer loop
      vertex 47.8062 2.53176 -4.8
      vertex 49.5232 3.3159 1.2
      vertex 47.8062 2.53176 1.2
    endloop
  endfacet
  facet normal 0.41542 -0.90963 0
    outer loop
      vertex 49.5232 3.3159 1.2
      vertex 47.8062 2.53176 -4.8
      vertex 49.5232 3.3159 -4.8
    endloop
  endfacet
  facet normal -0.65485 0.755759 0
    outer loop
      vertex 52.8182 -1.81115 -4.8
      vertex 51.3916 -3.04727 1.2
      vertex 52.8182 -1.81115 1.2
    endloop
  endfacet
  facet normal -0.65485 0.755759 0
    outer loop
      vertex 51.3916 -3.04727 1.2
      vertex 52.8182 -1.81115 -4.8
      vertex 51.3916 -3.04727 -4.8
    endloop
  endfacet
  facet normal 0.41542 0.90963 -0
    outer loop
      vertex 49.5232 -3.3159 -4.8
      vertex 47.8062 -2.53176 1.2
      vertex 49.5232 -3.3159 1.2
    endloop
  endfacet
  facet normal 0.41542 0.90963 0
    outer loop
      vertex 47.8062 -2.53176 1.2
      vertex 49.5232 -3.3159 -4.8
      vertex 47.8062 -2.53176 -4.8
    endloop
  endfacet
  facet normal -0.142312 0.989822 0
    outer loop
      vertex 51.3916 -3.04727 -4.8
      vertex 49.5232 -3.3159 1.2
      vertex 51.3916 -3.04727 1.2
    endloop
  endfacet
  facet normal -0.142312 0.989822 0
    outer loop
      vertex 49.5232 -3.3159 1.2
      vertex 51.3916 -3.04727 -4.8
      vertex 49.5232 -3.3159 -4.8
    endloop
  endfacet
  facet normal 0.841258 -0.540634 0
    outer loop
      vertex 46.7857 0.943804 1.2
      vertex 47.8062 2.53176 -4.8
      vertex 47.8062 2.53176 1.2
    endloop
  endfacet
  facet normal 0.841258 -0.540634 0
    outer loop
      vertex 47.8062 2.53176 -4.8
      vertex 46.7857 0.943804 1.2
      vertex 46.7857 0.943804 -4.8
    endloop
  endfacet
  facet normal -0.959493 0.281732 0
    outer loop
      vertex 52.8182 -1.81115 -4.8
      vertex 53.35 0 1.2
      vertex 53.35 0 -4.8
    endloop
  endfacet
  facet normal -0.959493 0.281732 0
    outer loop
      vertex 53.35 0 1.2
      vertex 52.8182 -1.81115 -4.8
      vertex 52.8182 -1.81115 1.2
    endloop
  endfacet
  facet normal 1 -0 0
    outer loop
      vertex 46.7857 -0.943804 1.2
      vertex 46.7857 0.943804 -4.8
      vertex 46.7857 0.943804 1.2
    endloop
  endfacet
  facet normal 1 0 0
    outer loop
      vertex 46.7857 0.943804 -4.8
      vertex 46.7857 -0.943804 1.2
      vertex 46.7857 -0.943804 -4.8
    endloop
  endfacet
  facet normal 0 0 -1
    outer loop
      vertex 52.6 0 1.2
      vertex 53.35 0 1.2
      vertex 52.8182 -1.81115 1.2
    endloop
  endfacet
  facet normal 0 0 -1
    outer loop
      vertex 53.35 0 1.2
      vertex 52.6 0 1.2
      vertex 52.8182 1.81115 1.2
    endloop
  endfacet
  facet normal 0 0 -1
    outer loop
      vertex 52.8182 -1.81115 1.2
      vertex 51.9917 -1.67125 1.2
      vertex 52.6 0 1.2
    endloop
  endfacet
  facet normal 0 0 -1
    outer loop
      vertex 51.3916 -3.04727 1.2
      vertex 51.9917 -1.67125 1.2
      vertex 52.8182 -1.81115 1.2
    endloop
  endfacet
  facet normal 0 0 -1
    outer loop
      vertex 51.3916 -3.04727 1.2
      vertex 50.4515 -2.5605 1.2
      vertex 51.9917 -1.67125 1.2
    endloop
  endfacet
  facet normal 0 0 -1
    outer loop
      vertex 49.5232 -3.3159 1.2
      vertex 50.4515 -2.5605 1.2
      vertex 51.3916 -3.04727 1.2
    endloop
  endfacet
  facet normal 0 0 -1
    outer loop
      vertex 49.5232 -3.3159 1.2
      vertex 48.7 -2.25167 1.2
      vertex 50.4515 -2.5605 1.2
    endloop
  endfacet
  facet normal 0 0 -1
    outer loop
      vertex 47.8062 -2.53176 1.2
      vertex 48.7 -2.25167 1.2
      vertex 49.5232 -3.3159 1.2
    endloop
  endfacet
  facet normal 0 0 -1
    outer loop
      vertex 47.8062 -2.53176 1.2
      vertex 47.5568 -0.889252 1.2
      vertex 48.7 -2.25167 1.2
    endloop
  endfacet
  facet normal -0 0 -1
    outer loop
      vertex 47.5568 -0.889252 1.2
      vertex 46.7857 -0.943804 1.2
      vertex 47.5568 0.889252 1.2
    endloop
  endfacet
  facet normal 0 0 -1
    outer loop
      vertex 46.7857 -0.943804 1.2
      vertex 47.5568 -0.889252 1.2
      vertex 47.8062 -2.53176 1.2
    endloop
  endfacet
  facet normal 0 0 -1
    outer loop
      vertex 51.9917 1.67125 1.2
      vertex 52.8182 1.81115 1.2
      vertex 52.6 0 1.2
    endloop
  endfacet
  facet normal 0 0 -1
    outer loop
      vertex 51.9917 1.67125 1.2
      vertex 51.3916 3.04727 1.2
      vertex 52.8182 1.81115 1.2
    endloop
  endfacet
  facet normal 0 0 -1
    outer loop
      vertex 50.4515 2.5605 1.2
      vertex 51.3916 3.04727 1.2
      vertex 51.9917 1.67125 1.2
    endloop
  endfacet
  facet normal 0 0 -1
    outer loop
      vertex 50.4515 2.5605 1.2
      vertex 49.5232 3.3159 1.2
      vertex 51.3916 3.04727 1.2
    endloop
  endfacet
  facet normal 0 0 -1
    outer loop
      vertex 48.7 2.25167 1.2
      vertex 49.5232 3.3159 1.2
      vertex 50.4515 2.5605 1.2
    endloop
  endfacet
  facet normal 0 0 -1
    outer loop
      vertex 48.7 2.25167 1.2
      vertex 47.8062 2.53176 1.2
      vertex 49.5232 3.3159 1.2
    endloop
  endfacet
  facet normal 0 0 -1
    outer loop
      vertex 47.5568 0.889252 1.2
      vertex 47.8062 2.53176 1.2
      vertex 48.7 2.25167 1.2
    endloop
  endfacet
  facet normal 0 0 -1
    outer loop
      vertex 46.7857 0.943804 1.2
      vertex 47.5568 0.889252 1.2
      vertex 46.7857 -0.943804 1.2
    endloop
  endfacet
  facet normal 0 0 -1
    outer loop
      vertex 47.5568 0.889252 1.2
      vertex 46.7857 0.943804 1.2
      vertex 47.8062 2.53176 1.2
    endloop
  endfacet
  facet normal -0.707107 0.707107 0
    outer loop
      vertex 0 3.9 0
      vertex 8.6 12.5 5
      vertex 8.6 12.5 0
    endloop
  endfacet
  facet normal -0.707107 0.707107 0
    outer loop
      vertex 8.6 12.5 5
      vertex 0 3.9 0
      vertex 0 3.9 5
    endloop
  endfacet
  facet normal -0.707107 -0.707107 0
    outer loop
      vertex 8.6 -12.5 0
      vertex 0 -3.9 5
      vertex 0 -3.9 0
    endloop
  endfacet
  facet normal -0.707107 -0.707107 0
    outer loop
      vertex 0 -3.9 5
      vertex 8.6 -12.5 0
      vertex 8.6 -12.5 5
    endloop
  endfacet
  facet normal -0.951053 -0.309026 0
    outer loop
      vertex 27.1614 89.8316 5
      vertex 25.5463 94.8022 10
      vertex 25.5463 94.8022 5
    endloop
  endfacet
  facet normal -0.951053 -0.309026 0
    outer loop
      vertex 25.5463 94.8022 10
      vertex 27.1614 89.8316 5
      vertex 27.1614 89.8316 10
    endloop
  endfacet
  facet normal 0.951043 0.30906 0
    outer loop
      vertex 74.4537 105.198 10
      vertex 72.8386 110.168 5
      vertex 72.8386 110.168 10
    endloop
  endfacet
  facet normal 0.951043 0.30906 0
    outer loop
      vertex 72.8386 110.168 5
      vertex 74.4537 105.198 10
      vertex 74.4537 105.198 5
    endloop
  endfacet
  facet normal 0.994523 0.104522 0
    outer loop
      vertex 75 100 10
      vertex 74.4537 105.198 5
      vertex 74.4537 105.198 10
    endloop
  endfacet
  facet normal 0.994523 0.104522 0
    outer loop
      vertex 74.4537 105.198 5
      vertex 75 100 10
      vertex 75 100 5
    endloop
  endfacet
  facet normal 0.866071 0.499922 0
    outer loop
      vertex 72.8386 110.168 10
      vertex 71.4925 112.5 5
      vertex 71.4925 112.5 10
    endloop
  endfacet
  facet normal 0.866071 0.499922 0
    outer loop
      vertex 71.4925 112.5 5
      vertex 72.8386 110.168 10
      vertex 72.8386 110.168 5
    endloop
  endfacet
  facet normal 0.994522 -0.104526 0
    outer loop
      vertex 74.4537 94.8022 10
      vertex 75 100 5
      vertex 75 100 10
    endloop
  endfacet
  facet normal 0.994522 -0.104526 0
    outer loop
      vertex 75 100 5
      vertex 74.4537 94.8022 10
      vertex 74.4537 94.8022 5
    endloop
  endfacet
  facet normal -0.866071 0.499922 0
    outer loop
      vertex 27.1614 110.168 5
      vertex 28.5075 112.5 10
      vertex 28.5075 112.5 5
    endloop
  endfacet
  facet normal -0.866071 0.499922 0
    outer loop
      vertex 28.5075 112.5 10
      vertex 27.1614 110.168 5
      vertex 27.1614 110.168 10
    endloop
  endfacet
  facet normal 0.866033 -0.499986 0
    outer loop
      vertex 71.4925 87.5 10
      vertex 72.8386 89.8316 5
      vertex 72.8386 89.8316 10
    endloop
  endfacet
  facet normal 0.866033 -0.499986 0
    outer loop
      vertex 72.8386 89.8316 5
      vertex 71.4925 87.5 10
      vertex 71.4925 87.5 5
    endloop
  endfacet
  facet normal -0 0 1
    outer loop
      vertex 65.2824 100.167 10
      vertex 75 100 10
      vertex 74.4537 105.198 10
    endloop
  endfacet
  facet normal 0 0 1
    outer loop
      vertex 64.9137 103.341 10
      vertex 74.4537 105.198 10
      vertex 72.8386 110.168 10
    endloop
  endfacet
  facet normal 0 0 1
    outer loop
      vertex 75 100 10
      vertex 65.2824 100.167 10
      vertex 65.3 100 10
    endloop
  endfacet
  facet normal 0 0 1
    outer loop
      vertex 63.9772 106.223 10
      vertex 72.8386 110.168 10
      vertex 71.4925 112.5 10
    endloop
  endfacet
  facet normal 0 0 1
    outer loop
      vertex 75 100 10
      vertex 65.2824 99.8328 10
      vertex 74.4537 94.8022 10
    endloop
  endfacet
  facet normal -0 0 1
    outer loop
      vertex 64.9657 96.819 10
      vertex 74.4537 94.8022 10
      vertex 65.2824 99.8328 10
    endloop
  endfacet
  facet normal 0 0 1
    outer loop
      vertex 65.2824 99.8328 10
      vertex 75 100 10
      vertex 65.3 100 10
    endloop
  endfacet
  facet normal 0 0 1
    outer loop
      vertex 74.4537 105.198 10
      vertex 64.9657 103.181 10
      vertex 65.2824 100.167 10
    endloop
  endfacet
  facet normal 0 0 1
    outer loop
      vertex 74.4537 105.198 10
      vertex 64.9137 103.341 10
      vertex 64.9657 103.181 10
    endloop
  endfacet
  facet normal 0 0 1
    outer loop
      vertex 72.8386 110.168 10
      vertex 63.9772 106.223 10
      vertex 64.9137 103.341 10
    endloop
  endfacet
  facet normal 0 0 1
    outer loop
      vertex 71.4925 112.5 10
      vertex 62.462 108.848 10
      vertex 63.9772 106.223 10
    endloop
  endfacet
  facet normal 0 0 1
    outer loop
      vertex 71.4925 112.5 10
      vertex 62.378 108.993 10
      vertex 62.462 108.848 10
    endloop
  endfacet
  facet normal 0 0 1
    outer loop
      vertex 71.4925 112.5 10
      vertex 62.2655 109.118 10
      vertex 62.378 108.993 10
    endloop
  endfacet
  facet normal 0 0 1
    outer loop
      vertex 71.4925 112.5 10
      vertex 60.2377 111.37 10
      vertex 62.2655 109.118 10
    endloop
  endfacet
  facet normal 0 -0 1
    outer loop
      vertex 60.2377 111.37 10
      vertex 71.4925 112.5 10
      vertex 58.6825 112.5 10
    endloop
  endfacet
  facet normal -0 0 1
    outer loop
      vertex 64.9137 96.6591 10
      vertex 74.4537 94.8022 10
      vertex 64.9657 96.819 10
    endloop
  endfacet
  facet normal 0 0 1
    outer loop
      vertex 74.4537 94.8022 10
      vertex 64.9137 96.6591 10
      vertex 72.8386 89.8316 10
    endloop
  endfacet
  facet normal -0 0 1
    outer loop
      vertex 63.9772 93.7769 10
      vertex 72.8386 89.8316 10
      vertex 64.9137 96.6591 10
    endloop
  endfacet
  facet normal 0 0 1
    outer loop
      vertex 72.8386 89.8316 10
      vertex 63.9772 93.7769 10
      vertex 71.4925 87.5 10
    endloop
  endfacet
  facet normal -0 0 1
    outer loop
      vertex 62.462 91.1525 10
      vertex 71.4925 87.5 10
      vertex 63.9772 93.7769 10
    endloop
  endfacet
  facet normal -0 0 1
    outer loop
      vertex 62.378 91.0069 10
      vertex 71.4925 87.5 10
      vertex 62.462 91.1525 10
    endloop
  endfacet
  facet normal -0 0 1
    outer loop
      vertex 62.2655 90.882 10
      vertex 71.4925 87.5 10
      vertex 62.378 91.0069 10
    endloop
  endfacet
  facet normal -0 0 1
    outer loop
      vertex 60.2377 88.6299 10
      vertex 71.4925 87.5 10
      vertex 62.2655 90.882 10
    endloop
  endfacet
  facet normal 0 0 1
    outer loop
      vertex 71.4925 87.5 10
      vertex 60.2377 88.6299 10
      vertex 58.6825 87.5 10
    endloop
  endfacet
  facet normal 0 0 1
    outer loop
      vertex 28.5075 112.5 10
      vertex 37.7345 109.118 10
      vertex 39.7623 111.37 10
    endloop
  endfacet
  facet normal 0 0 1
    outer loop
      vertex 35.0863 103.341 10
      vertex 25.5463 105.198 10
      vertex 35.0343 103.181 10
    endloop
  endfacet
  facet normal -0 0 1
    outer loop
      vertex 25.5463 105.198 10
      vertex 35.0863 103.341 10
      vertex 27.1614 110.168 10
    endloop
  endfacet
  facet normal 0 0 1
    outer loop
      vertex 36.0228 106.223 10
      vertex 27.1614 110.168 10
      vertex 35.0863 103.341 10
    endloop
  endfacet
  facet normal -0 0 1
    outer loop
      vertex 27.1614 110.168 10
      vertex 36.0228 106.223 10
      vertex 28.5075 112.5 10
    endloop
  endfacet
  facet normal 0 0 1
    outer loop
      vertex 37.538 108.848 10
      vertex 28.5075 112.5 10
      vertex 36.0228 106.223 10
    endloop
  endfacet
  facet normal 0 0 1
    outer loop
      vertex 37.622 108.993 10
      vertex 28.5075 112.5 10
      vertex 37.538 108.848 10
    endloop
  endfacet
  facet normal 0 0 1
    outer loop
      vertex 37.7345 109.118 10
      vertex 28.5075 112.5 10
      vertex 37.622 108.993 10
    endloop
  endfacet
  facet normal -0 0 1
    outer loop
      vertex 28.5075 112.5 10
      vertex 39.7623 111.37 10
      vertex 41.3175 112.5 10
    endloop
  endfacet
  facet normal 0 0 1
    outer loop
      vertex 28.5075 87.5 10
      vertex 37.7345 90.882 10
      vertex 37.622 91.0069 10
    endloop
  endfacet
  facet normal 0 0 1
    outer loop
      vertex 35.0343 103.181 10
      vertex 25.5463 105.198 10
      vertex 34.7176 100.167 10
    endloop
  endfacet
  facet normal 0 0 1
    outer loop
      vertex 25 100 10
      vertex 34.7176 100.167 10
      vertex 25.5463 105.198 10
    endloop
  endfacet
  facet normal 0 0 1
    outer loop
      vertex 34.7176 100.167 10
      vertex 25 100 10
      vertex 34.7 100 10
    endloop
  endfacet
  facet normal 0 0 1
    outer loop
      vertex 34.7 100 10
      vertex 25 100 10
      vertex 34.7176 99.8328 10
    endloop
  endfacet
  facet normal 0 0 1
    outer loop
      vertex 39.7623 88.6299 10
      vertex 28.5075 87.5 10
      vertex 41.3175 87.5 10
    endloop
  endfacet
  facet normal 0 0 1
    outer loop
      vertex 37.7345 90.882 10
      vertex 28.5075 87.5 10
      vertex 39.7623 88.6299 10
    endloop
  endfacet
  facet normal 0 0 1
    outer loop
      vertex 37.538 91.1525 10
      vertex 28.5075 87.5 10
      vertex 37.622 91.0069 10
    endloop
  endfacet
  facet normal 0 0 1
    outer loop
      vertex 36.0228 93.7769 10
      vertex 28.5075 87.5 10
      vertex 37.538 91.1525 10
    endloop
  endfacet
  facet normal 0 -0 1
    outer loop
      vertex 25.5463 94.8022 10
      vertex 34.7176 99.8328 10
      vertex 25 100 10
    endloop
  endfacet
  facet normal 0 0 1
    outer loop
      vertex 34.7176 99.8328 10
      vertex 25.5463 94.8022 10
      vertex 35.0343 96.819 10
    endloop
  endfacet
  facet normal 0 0 1
    outer loop
      vertex 35.0343 96.819 10
      vertex 25.5463 94.8022 10
      vertex 35.0863 96.6591 10
    endloop
  endfacet
  facet normal 0 -0 1
    outer loop
      vertex 27.1614 89.8316 10
      vertex 35.0863 96.6591 10
      vertex 25.5463 94.8022 10
    endloop
  endfacet
  facet normal 0 0 1
    outer loop
      vertex 36.0228 93.7769 10
      vertex 27.1614 89.8316 10
      vertex 28.5075 87.5 10
    endloop
  endfacet
  facet normal 0 0 1
    outer loop
      vertex 35.0863 96.6591 10
      vertex 27.1614 89.8316 10
      vertex 36.0228 93.7769 10
    endloop
  endfacet
  facet normal 0.951053 -0.309026 0
    outer loop
      vertex 72.8386 89.8316 10
      vertex 74.4537 94.8022 5
      vertex 74.4537 94.8022 10
    endloop
  endfacet
  facet normal 0.951053 -0.309026 0
    outer loop
      vertex 74.4537 94.8022 5
      vertex 72.8386 89.8316 10
      vertex 72.8386 89.8316 5
    endloop
  endfacet
  facet normal 0 0 1
    outer loop
      vertex 25.5463 105.198 5
      vertex 8.6 112.5 5
      vertex 25 100 5
    endloop
  endfacet
  facet normal 0 0 1
    outer loop
      vertex 27.1614 110.168 5
      vertex 8.6 112.5 5
      vertex 25.5463 105.198 5
    endloop
  endfacet
  facet normal -0 0 1
    outer loop
      vertex 8.6 112.5 5
      vertex 27.1614 110.168 5
      vertex 28.5075 112.5 5
    endloop
  endfacet
  facet normal -0 0 1
    outer loop
      vertex 0 103.9 5
      vertex 25 100 5
      vertex 8.6 112.5 5
    endloop
  endfacet
  facet normal 0 0 1
    outer loop
      vertex 25 100 5
      vertex 8.6 87.5 5
      vertex 25.5463 94.8022 5
    endloop
  endfacet
  facet normal 0 0 1
    outer loop
      vertex 25.5463 94.8022 5
      vertex 8.6 87.5 5
      vertex 27.1614 89.8316 5
    endloop
  endfacet
  facet normal 0 0 1
    outer loop
      vertex 27.1614 89.8316 5
      vertex 8.6 87.5 5
      vertex 28.5075 87.5 5
    endloop
  endfacet
  facet normal 0 0 1
    outer loop
      vertex 0 96.1 5
      vertex 25 100 5
      vertex 0 103.9 5
    endloop
  endfacet
  facet normal 0 0 1
    outer loop
      vertex 25 100 5
      vertex 0 96.1 5
      vertex 8.6 87.5 5
    endloop
  endfacet
  facet normal 0 0 1
    outer loop
      vertex 112.892 95.071 5
      vertex 110.595 95.1713 5
      vertex 112.773 94.5831 5
    endloop
  endfacet
  facet normal 0 0 1
    outer loop
      vertex 111.547 115.624 5
      vertex 112.12 113.27 5
      vertex 112.158 113.771 5
    endloop
  endfacet
  facet normal 0 0 1
    outer loop
      vertex 111.547 115.624 5
      vertex 112.232 112.291 5
      vertex 112.12 113.27 5
    endloop
  endfacet
  facet normal 0 0 1
    outer loop
      vertex 112.12 113.27 5
      vertex 112.232 112.291 5
      vertex 112.274 112.792 5
    endloop
  endfacet
  facet normal 0 0 1
    outer loop
      vertex 110.683 101.932 5
      vertex 112.232 112.291 5
      vertex 111.547 115.624 5
    endloop
  endfacet
  facet normal 0 0 1
    outer loop
      vertex 112.232 112.291 5
      vertex 112.335 111.312 5
      vertex 112.381 111.812 5
    endloop
  endfacet
  facet normal 0 0 1
    outer loop
      vertex 112.232 112.291 5
      vertex 110.683 101.932 5
      vertex 112.335 111.312 5
    endloop
  endfacet
  facet normal 0 0 1
    outer loop
      vertex 112.335 111.312 5
      vertex 112.429 110.331 5
      vertex 112.48 110.831 5
    endloop
  endfacet
  facet normal 0 0 1
    outer loop
      vertex 112.335 111.312 5
      vertex 110.683 101.932 5
      vertex 112.429 110.331 5
    endloop
  endfacet
  facet normal 0 0 1
    outer loop
      vertex 112.429 110.331 5
      vertex 112.515 109.349 5
      vertex 112.57 109.849 5
    endloop
  endfacet
  facet normal 0 0 1
    outer loop
      vertex 112.429 110.331 5
      vertex 110.683 101.932 5
      vertex 112.515 109.349 5
    endloop
  endfacet
  facet normal 0 0 1
    outer loop
      vertex 112.515 109.349 5
      vertex 112.593 108.367 5
      vertex 112.652 108.866 5
    endloop
  endfacet
  facet normal 0 0 1
    outer loop
      vertex 112.515 109.349 5
      vertex 110.683 101.932 5
      vertex 112.593 108.367 5
    endloop
  endfacet
  facet normal 0 0 1
    outer loop
      vertex 112.593 108.367 5
      vertex 112.661 107.384 5
      vertex 112.725 107.882 5
    endloop
  endfacet
  facet normal 0 0 1
    outer loop
      vertex 112.593 108.367 5
      vertex 110.683 101.932 5
      vertex 112.661 107.384 5
    endloop
  endfacet
  facet normal 0 0 1
    outer loop
      vertex 112.661 107.384 5
      vertex 112.721 106.401 5
      vertex 112.789 106.898 5
    endloop
  endfacet
  facet normal 0 0 1
    outer loop
      vertex 112.661 107.384 5
      vertex 110.683 101.932 5
      vertex 112.721 106.401 5
    endloop
  endfacet
  facet normal 0 0 1
    outer loop
      vertex 112.721 106.401 5
      vertex 112.773 105.417 5
      vertex 112.845 105.914 5
    endloop
  endfacet
  facet normal 0 0 1
    outer loop
      vertex 112.721 106.401 5
      vertex 110.683 101.932 5
      vertex 112.773 105.417 5
    endloop
  endfacet
  facet normal 0 0 1
    outer loop
      vertex 112.773 105.417 5
      vertex 112.816 104.433 5
      vertex 112.892 104.929 5
    endloop
  endfacet
  facet normal 0 0 1
    outer loop
      vertex 110.683 101.932 5
      vertex 112.85 103.448 5
      vertex 112.816 104.433 5
    endloop
  endfacet
  facet normal 0 0 1
    outer loop
      vertex 112.816 104.433 5
      vertex 112.85 103.448 5
      vertex 112.931 103.944 5
    endloop
  endfacet
  facet normal 0 0 1
    outer loop
      vertex 110.683 101.932 5
      vertex 112.876 102.463 5
      vertex 112.85 103.448 5
    endloop
  endfacet
  facet normal 0 0 1
    outer loop
      vertex 112.85 103.448 5
      vertex 112.876 102.463 5
      vertex 112.961 102.958 5
    endloop
  endfacet
  facet normal 0 0 1
    outer loop
      vertex 112.983 101.972 5
      vertex 110.683 101.932 5
      vertex 112.893 101.478 5
    endloop
  endfacet
  facet normal 0 0 1
    outer loop
      vertex 110.683 101.932 5
      vertex 112.983 101.972 5
      vertex 112.876 102.463 5
    endloop
  endfacet
  facet normal 0 -0 1
    outer loop
      vertex 110.696 100.966 5
      vertex 112.893 101.478 5
      vertex 110.683 101.932 5
    endloop
  endfacet
  facet normal 0 0 1
    outer loop
      vertex 110.696 100.966 5
      vertex 112.996 100.986 5
      vertex 112.893 101.478 5
    endloop
  endfacet
  facet normal 0 0 1
    outer loop
      vertex 110.7 100 5
      vertex 113 100 5
      vertex 112.902 100.493 5
    endloop
  endfacet
  facet normal -0 0 1
    outer loop
      vertex 110.696 99.034 5
      vertex 112.996 99.0139 5
      vertex 112.902 99.5074 5
    endloop
  endfacet
  facet normal 0 0 1
    outer loop
      vertex 112.996 100.986 5
      vertex 110.696 100.966 5
      vertex 112.902 100.493 5
    endloop
  endfacet
  facet normal -0 0 1
    outer loop
      vertex 110.683 98.068 5
      vertex 112.983 98.0279 5
      vertex 112.893 98.5221 5
    endloop
  endfacet
  facet normal 0 -0 1
    outer loop
      vertex 110.7 100 5
      vertex 112.902 100.493 5
      vertex 110.696 100.966 5
    endloop
  endfacet
  facet normal -0 0 1
    outer loop
      vertex 110.662 97.1022 5
      vertex 112.961 97.042 5
      vertex 112.876 97.537 5
    endloop
  endfacet
  facet normal 0 0 1
    outer loop
      vertex 113 100 5
      vertex 110.7 100 5
      vertex 112.902 99.5074 5
    endloop
  endfacet
  facet normal -0 0 1
    outer loop
      vertex 110.633 96.1366 5
      vertex 112.931 96.0564 5
      vertex 112.85 96.5521 5
    endloop
  endfacet
  facet normal 0 0 1
    outer loop
      vertex 112.773 105.417 5
      vertex 110.683 101.932 5
      vertex 112.816 104.433 5
    endloop
  endfacet
  facet normal -0 0 1
    outer loop
      vertex 110.595 95.1713 5
      vertex 112.892 95.071 5
      vertex 112.816 95.5674 5
    endloop
  endfacet
  facet normal 0 0 1
    outer loop
      vertex 110.696 99.034 5
      vertex 112.902 99.5074 5
      vertex 110.7 100 5
    endloop
  endfacet
  facet normal 0 0 1
    outer loop
      vertex 112.773 94.5831 5
      vertex 112.721 93.5992 5
      vertex 112.845 94.086 5
    endloop
  endfacet
  facet normal 0 0 1
    outer loop
      vertex 112.996 99.0139 5
      vertex 110.696 99.034 5
      vertex 112.893 98.5221 5
    endloop
  endfacet
  facet normal 0 0 1
    outer loop
      vertex 112.721 93.5992 5
      vertex 112.661 92.6158 5
      vertex 112.789 93.1015 5
    endloop
  endfacet
  facet normal 0 0 1
    outer loop
      vertex 110.683 98.068 5
      vertex 112.893 98.5221 5
      vertex 110.696 99.034 5
    endloop
  endfacet
  facet normal 0 0 1
    outer loop
      vertex 112.661 92.6158 5
      vertex 112.593 91.6329 5
      vertex 112.725 92.1175 5
    endloop
  endfacet
  facet normal 0 0 1
    outer loop
      vertex 112.983 98.0279 5
      vertex 110.683 98.068 5
      vertex 112.876 97.537 5
    endloop
  endfacet
  facet normal 0 0 1
    outer loop
      vertex 112.593 91.6329 5
      vertex 112.515 90.6507 5
      vertex 112.652 91.1341 5
    endloop
  endfacet
  facet normal 0 0 1
    outer loop
      vertex 110.662 97.1022 5
      vertex 112.876 97.537 5
      vertex 110.683 98.068 5
    endloop
  endfacet
  facet normal 0 0 1
    outer loop
      vertex 112.515 90.6507 5
      vertex 112.429 89.6692 5
      vertex 112.57 90.1514 5
    endloop
  endfacet
  facet normal 0 0 1
    outer loop
      vertex 112.961 97.042 5
      vertex 110.662 97.1022 5
      vertex 112.85 96.5521 5
    endloop
  endfacet
  facet normal 0 0 1
    outer loop
      vertex 112.429 89.6692 5
      vertex 112.335 88.6885 5
      vertex 112.48 89.1694 5
    endloop
  endfacet
  facet normal 0 0 1
    outer loop
      vertex 110.633 96.1366 5
      vertex 112.85 96.5521 5
      vertex 110.662 97.1022 5
    endloop
  endfacet
  facet normal 0 0 1
    outer loop
      vertex 112.335 88.6885 5
      vertex 112.232 87.7086 5
      vertex 112.381 88.1883 5
    endloop
  endfacet
  facet normal 0 0 1
    outer loop
      vertex 112.931 96.0564 5
      vertex 110.633 96.1366 5
      vertex 112.816 95.5674 5
    endloop
  endfacet
  facet normal 0 0 1
    outer loop
      vertex 112.232 87.7086 5
      vertex 112.12 86.7297 5
      vertex 112.274 87.208 5
    endloop
  endfacet
  facet normal 0 0 1
    outer loop
      vertex 110.595 95.1713 5
      vertex 112.816 95.5674 5
      vertex 110.633 96.1366 5
    endloop
  endfacet
  facet normal -0 0 1
    outer loop
      vertex 109.875 86.5091 5
      vertex 112.158 86.2288 5
      vertex 112.12 86.7297 5
    endloop
  endfacet
  facet normal 0 0 1
    outer loop
      vertex 112.773 94.5831 5
      vertex 110.548 94.2064 5
      vertex 112.721 93.5992 5
    endloop
  endfacet
  facet normal 0 0 1
    outer loop
      vertex 112.721 93.5992 5
      vertex 110.494 93.2419 5
      vertex 112.661 92.6158 5
    endloop
  endfacet
  facet normal 0 0 1
    outer loop
      vertex 110.494 93.2419 5
      vertex 112.721 93.5992 5
      vertex 110.548 94.2064 5
    endloop
  endfacet
  facet normal 0 0 1
    outer loop
      vertex 110.548 94.2064 5
      vertex 112.773 94.5831 5
      vertex 110.595 95.1713 5
    endloop
  endfacet
  facet normal 0 0 1
    outer loop
      vertex 111.547 115.624 5
      vertex 110.662 102.898 5
      vertex 110.683 101.932 5
    endloop
  endfacet
  facet normal 0 0 1
    outer loop
      vertex 111.547 115.624 5
      vertex 110.633 103.863 5
      vertex 110.662 102.898 5
    endloop
  endfacet
  facet normal 0 0 1
    outer loop
      vertex 111.547 115.624 5
      vertex 110.595 104.829 5
      vertex 110.633 103.863 5
    endloop
  endfacet
  facet normal 0 0 1
    outer loop
      vertex 111.547 115.624 5
      vertex 110.548 105.794 5
      vertex 110.595 104.829 5
    endloop
  endfacet
  facet normal 0 0 1
    outer loop
      vertex 111.547 115.624 5
      vertex 110.494 106.758 5
      vertex 110.548 105.794 5
    endloop
  endfacet
  facet normal 0 0 1
    outer loop
      vertex 111.547 115.624 5
      vertex 110.43 107.722 5
      vertex 110.494 106.758 5
    endloop
  endfacet
  facet normal 0 0 1
    outer loop
      vertex 111.547 115.624 5
      vertex 110.359 108.685 5
      vertex 110.43 107.722 5
    endloop
  endfacet
  facet normal 0 0 1
    outer loop
      vertex 111.547 115.624 5
      vertex 110.279 109.648 5
      vertex 110.359 108.685 5
    endloop
  endfacet
  facet normal 0 0 1
    outer loop
      vertex 109.036 115.137 5
      vertex 111.547 115.624 5
      vertex 110.273 117.102 5
    endloop
  endfacet
  facet normal 0 0 1
    outer loop
      vertex 111.547 115.624 5
      vertex 110.19 110.61 5
      vertex 110.279 109.648 5
    endloop
  endfacet
  facet normal 0 0 1
    outer loop
      vertex 110.279 109.648 5
      vertex 110.19 110.61 5
      vertex 110.062 110.113 5
    endloop
  endfacet
  facet normal 0 0 1
    outer loop
      vertex 105.415 96.7792 5
      vertex 75 100 5
      vertex 102.25 87.5 5
    endloop
  endfacet
  facet normal 0 0 1
    outer loop
      vertex 102.25 112.5 5
      vertex 74.4537 105.198 5
      vertex 75 100 5
    endloop
  endfacet
  facet normal 0 0 1
    outer loop
      vertex 102.25 112.5 5
      vertex 72.8386 110.168 5
      vertex 74.4537 105.198 5
    endloop
  endfacet
  facet normal 0 -0 1
    outer loop
      vertex 72.8386 110.168 5
      vertex 102.25 112.5 5
      vertex 71.4925 112.5 5
    endloop
  endfacet
  facet normal -0 0 1
    outer loop
      vertex 102.232 87.4475 5
      vertex 104.564 86.2307 5
      vertex 102.25 87.5 5
    endloop
  endfacet
  facet normal 0 0 1
    outer loop
      vertex 104.564 86.2307 5
      vertex 102.232 87.4475 5
      vertex 102.377 85.5019 5
    endloop
  endfacet
  facet normal -0 0 1
    outer loop
      vertex 74.4537 94.8022 5
      vertex 102.25 87.5 5
      vertex 75 100 5
    endloop
  endfacet
  facet normal -0 0 1
    outer loop
      vertex 72.8386 89.8316 5
      vertex 102.25 87.5 5
      vertex 74.4537 94.8022 5
    endloop
  endfacet
  facet normal 0 0 1
    outer loop
      vertex 102.25 87.5 5
      vertex 72.8386 89.8316 5
      vertex 71.4925 87.5 5
    endloop
  endfacet
  facet normal 0 0 1
    outer loop
      vertex 109.988 87.4684 5
      vertex 109.759 87.0091 5
      vertex 109.875 86.5091 5
    endloop
  endfacet
  facet normal 0 0 1
    outer loop
      vertex 110.094 88.4287 5
      vertex 109.869 87.9674 5
      vertex 109.988 87.4684 5
    endloop
  endfacet
  facet normal 0 0 1
    outer loop
      vertex 110.19 89.3899 5
      vertex 109.969 88.9267 5
      vertex 110.094 88.4287 5
    endloop
  endfacet
  facet normal 0 0 1
    outer loop
      vertex 111.547 115.624 5
      vertex 110.094 111.571 5
      vertex 110.19 110.61 5
    endloop
  endfacet
  facet normal 0 0 1
    outer loop
      vertex 111.547 115.624 5
      vertex 109.988 112.532 5
      vertex 110.094 111.571 5
    endloop
  endfacet
  facet normal 0 0 1
    outer loop
      vertex 111.547 115.624 5
      vertex 109.875 113.491 5
      vertex 109.988 112.532 5
    endloop
  endfacet
  facet normal 0 0 1
    outer loop
      vertex 111.547 115.624 5
      vertex 109.036 115.137 5
      vertex 109.875 113.491 5
    endloop
  endfacet
  facet normal 0 0 1
    outer loop
      vertex 108.531 117.98 5
      vertex 109.036 115.137 5
      vertex 110.273 117.102 5
    endloop
  endfacet
  facet normal 0 0 1
    outer loop
      vertex 108.531 117.98 5
      vertex 107.336 115.858 5
      vertex 109.036 115.137 5
    endloop
  endfacet
  facet normal 0 0 1
    outer loop
      vertex 106.586 118.125 5
      vertex 107.336 115.858 5
      vertex 108.531 117.98 5
    endloop
  endfacet
  facet normal 0 0 1
    outer loop
      vertex 106.586 118.125 5
      vertex 105.57 115.318 5
      vertex 107.336 115.858 5
    endloop
  endfacet
  facet normal -0 0 1
    outer loop
      vertex 104.733 117.514 5
      vertex 105.57 115.318 5
      vertex 106.586 118.125 5
    endloop
  endfacet
  facet normal -0 0 1
    outer loop
      vertex 103.255 116.24 5
      vertex 105.57 115.318 5
      vertex 104.733 117.514 5
    endloop
  endfacet
  facet normal 0 0 1
    outer loop
      vertex 102.25 87.5 5
      vertex 104.837 88.5185 5
      vertex 104.933 89.4338 5
    endloop
  endfacet
  facet normal 0 0 1
    outer loop
      vertex 105.57 115.318 5
      vertex 103.255 116.24 5
      vertex 104.564 113.769 5
    endloop
  endfacet
  facet normal 0 0 1
    outer loop
      vertex 110.359 91.3146 5
      vertex 110.146 90.8476 5
      vertex 110.279 90.3519 5
    endloop
  endfacet
  facet normal 0 0 1
    outer loop
      vertex 110.43 92.278 5
      vertex 110.222 91.8091 5
      vertex 110.359 91.3146 5
    endloop
  endfacet
  facet normal 0 0 1
    outer loop
      vertex 110.494 93.2419 5
      vertex 110.289 92.7713 5
      vertex 110.43 92.278 5
    endloop
  endfacet
  facet normal 0 0 1
    outer loop
      vertex 110.548 94.2064 5
      vertex 110.348 93.734 5
      vertex 110.494 93.2419 5
    endloop
  endfacet
  facet normal 0 0 1
    outer loop
      vertex 110.595 95.1713 5
      vertex 110.398 94.6972 5
      vertex 110.548 94.2064 5
    endloop
  endfacet
  facet normal 0 0 1
    outer loop
      vertex 110.633 96.1366 5
      vertex 110.44 95.6608 5
      vertex 110.595 95.1713 5
    endloop
  endfacet
  facet normal 0 0 1
    outer loop
      vertex 110.662 97.1022 5
      vertex 110.474 96.6247 5
      vertex 110.633 96.1366 5
    endloop
  endfacet
  facet normal 0 0 1
    outer loop
      vertex 110.683 98.068 5
      vertex 110.499 97.5889 5
      vertex 110.662 97.1022 5
    endloop
  endfacet
  facet normal 0 0 1
    outer loop
      vertex 110.696 99.034 5
      vertex 110.516 98.5533 5
      vertex 110.683 98.068 5
    endloop
  endfacet
  facet normal 0 0 1
    outer loop
      vertex 110.7 100 5
      vertex 110.524 99.5177 5
      vertex 110.696 99.034 5
    endloop
  endfacet
  facet normal 0 0 1
    outer loop
      vertex 110.43 92.278 5
      vertex 112.661 92.6158 5
      vertex 110.494 93.2419 5
    endloop
  endfacet
  facet normal 0 0 1
    outer loop
      vertex 112.661 92.6158 5
      vertex 110.43 92.278 5
      vertex 112.593 91.6329 5
    endloop
  endfacet
  facet normal 0 0 1
    outer loop
      vertex 110.359 91.3146 5
      vertex 112.593 91.6329 5
      vertex 110.43 92.278 5
    endloop
  endfacet
  facet normal 0 0 1
    outer loop
      vertex 112.593 91.6329 5
      vertex 110.359 91.3146 5
      vertex 112.515 90.6507 5
    endloop
  endfacet
  facet normal 0 0 1
    outer loop
      vertex 110.279 90.3519 5
      vertex 112.515 90.6507 5
      vertex 110.359 91.3146 5
    endloop
  endfacet
  facet normal 0 0 1
    outer loop
      vertex 112.515 90.6507 5
      vertex 110.279 90.3519 5
      vertex 112.429 89.6692 5
    endloop
  endfacet
  facet normal 0 0 1
    outer loop
      vertex 110.19 89.3899 5
      vertex 112.429 89.6692 5
      vertex 110.279 90.3519 5
    endloop
  endfacet
  facet normal 0 0 1
    outer loop
      vertex 112.429 89.6692 5
      vertex 110.19 89.3899 5
      vertex 112.335 88.6885 5
    endloop
  endfacet
  facet normal 0 0 1
    outer loop
      vertex 110.094 88.4287 5
      vertex 112.335 88.6885 5
      vertex 110.19 89.3899 5
    endloop
  endfacet
  facet normal 0 0 1
    outer loop
      vertex 112.335 88.6885 5
      vertex 110.094 88.4287 5
      vertex 112.232 87.7086 5
    endloop
  endfacet
  facet normal 0 0 1
    outer loop
      vertex 109.988 87.4684 5
      vertex 112.232 87.7086 5
      vertex 110.094 88.4287 5
    endloop
  endfacet
  facet normal 0 0 1
    outer loop
      vertex 112.232 87.7086 5
      vertex 109.988 87.4684 5
      vertex 112.12 86.7297 5
    endloop
  endfacet
  facet normal 0 -0 1
    outer loop
      vertex 110.19 89.3899 5
      vertex 110.279 90.3519 5
      vertex 110.062 89.8867 5
    endloop
  endfacet
  facet normal 0 0 1
    outer loop
      vertex 110.7 100 5
      vertex 110.696 100.966 5
      vertex 110.524 100.482 5
    endloop
  endfacet
  facet normal 0 0 1
    outer loop
      vertex 110.696 100.966 5
      vertex 110.683 101.932 5
      vertex 110.516 101.447 5
    endloop
  endfacet
  facet normal 0 0 1
    outer loop
      vertex 110.683 101.932 5
      vertex 110.662 102.898 5
      vertex 110.499 102.411 5
    endloop
  endfacet
  facet normal 0 0 1
    outer loop
      vertex 110.662 102.898 5
      vertex 110.633 103.863 5
      vertex 110.474 103.375 5
    endloop
  endfacet
  facet normal 0 0 1
    outer loop
      vertex 110.633 103.863 5
      vertex 110.595 104.829 5
      vertex 110.44 104.339 5
    endloop
  endfacet
  facet normal 0 0 1
    outer loop
      vertex 110.595 104.829 5
      vertex 110.548 105.794 5
      vertex 110.398 105.303 5
    endloop
  endfacet
  facet normal 0 0 1
    outer loop
      vertex 110.548 105.794 5
      vertex 110.494 106.758 5
      vertex 110.348 106.266 5
    endloop
  endfacet
  facet normal 0 0 1
    outer loop
      vertex 110.494 106.758 5
      vertex 110.43 107.722 5
      vertex 110.289 107.229 5
    endloop
  endfacet
  facet normal 0 0 1
    outer loop
      vertex 110.43 107.722 5
      vertex 110.359 108.685 5
      vertex 110.222 108.191 5
    endloop
  endfacet
  facet normal 0 0 1
    outer loop
      vertex 110.359 108.685 5
      vertex 110.279 109.648 5
      vertex 110.146 109.152 5
    endloop
  endfacet
  facet normal 0 0 1
    outer loop
      vertex 109.875 86.5091 5
      vertex 112.12 86.7297 5
      vertex 109.988 87.4684 5
    endloop
  endfacet
  facet normal 0 0 1
    outer loop
      vertex 112.158 86.2288 5
      vertex 109.875 86.5091 5
      vertex 111.547 84.376 5
    endloop
  endfacet
  facet normal -0 0 1
    outer loop
      vertex 109.036 84.8635 5
      vertex 111.547 84.376 5
      vertex 109.875 86.5091 5
    endloop
  endfacet
  facet normal 0 0 1
    outer loop
      vertex 111.547 84.376 5
      vertex 109.036 84.8635 5
      vertex 110.273 82.8981 5
    endloop
  endfacet
  facet normal 0 0 1
    outer loop
      vertex 109.036 84.8635 5
      vertex 108.531 82.02 5
      vertex 110.273 82.8981 5
    endloop
  endfacet
  facet normal -0 0 1
    outer loop
      vertex 107.336 84.1418 5
      vertex 108.531 82.02 5
      vertex 109.036 84.8635 5
    endloop
  endfacet
  facet normal 0 0 1
    outer loop
      vertex 107.336 84.1418 5
      vertex 106.586 81.8754 5
      vertex 108.531 82.02 5
    endloop
  endfacet
  facet normal 0 0 1
    outer loop
      vertex 105.57 84.6818 5
      vertex 106.586 81.8754 5
      vertex 107.336 84.1418 5
    endloop
  endfacet
  facet normal 0 0 1
    outer loop
      vertex 105.57 84.6818 5
      vertex 104.733 82.4863 5
      vertex 106.586 81.8754 5
    endloop
  endfacet
  facet normal 0 0 1
    outer loop
      vertex 103.255 83.7598 5
      vertex 105.57 84.6818 5
      vertex 104.564 86.2307 5
    endloop
  endfacet
  facet normal 0 0 1
    outer loop
      vertex 105.57 84.6818 5
      vertex 103.255 83.7598 5
      vertex 104.733 82.4863 5
    endloop
  endfacet
  facet normal 0 0 1
    outer loop
      vertex 102.25 87.5 5
      vertex 104.733 87.604 5
      vertex 104.837 88.5185 5
    endloop
  endfacet
  facet normal 0 0 1
    outer loop
      vertex 102.25 112.5 5
      vertex 103.255 116.24 5
      vertex 102.377 114.498 5
    endloop
  endfacet
  facet normal -0 0 1
    outer loop
      vertex 102.25 87.5 5
      vertex 104.564 86.2307 5
      vertex 104.733 87.604 5
    endloop
  endfacet
  facet normal 0 0 1
    outer loop
      vertex 104.564 86.2307 5
      vertex 102.377 85.5019 5
      vertex 103.255 83.7598 5
    endloop
  endfacet
  facet normal 0 -0 1
    outer loop
      vertex 102.25 112.5 5
      vertex 102.377 114.498 5
      vertex 102.232 112.553 5
    endloop
  endfacet
  facet normal 0 0 1
    outer loop
      vertex 110.19 110.61 5
      vertex 110.094 111.571 5
      vertex 109.969 111.073 5
    endloop
  endfacet
  facet normal 0 0 1
    outer loop
      vertex 110.094 111.571 5
      vertex 109.988 112.532 5
      vertex 109.869 112.033 5
    endloop
  endfacet
  facet normal 0 0 1
    outer loop
      vertex 109.988 112.532 5
      vertex 109.875 113.491 5
      vertex 109.759 112.991 5
    endloop
  endfacet
  facet normal 0 0 1
    outer loop
      vertex 105.439 102.301 5
      vertex 75 100 5
      vertex 105.455 101.38 5
    endloop
  endfacet
  facet normal 0 0 1
    outer loop
      vertex 105.455 101.38 5
      vertex 75 100 5
      vertex 105.463 100.46 5
    endloop
  endfacet
  facet normal 0 0 1
    outer loop
      vertex 75 100 5
      vertex 105.415 103.221 5
      vertex 102.25 112.5 5
    endloop
  endfacet
  facet normal 0 0 1
    outer loop
      vertex 105.415 103.221 5
      vertex 75 100 5
      vertex 105.439 102.301 5
    endloop
  endfacet
  facet normal 0 0 1
    outer loop
      vertex 105.383 104.141 5
      vertex 102.25 112.5 5
      vertex 105.415 103.221 5
    endloop
  endfacet
  facet normal 0 0 1
    outer loop
      vertex 105.463 100.46 5
      vertex 75 100 5
      vertex 105.463 99.5399 5
    endloop
  endfacet
  facet normal 0 0 1
    outer loop
      vertex 105.342 105.06 5
      vertex 102.25 112.5 5
      vertex 105.383 104.141 5
    endloop
  endfacet
  facet normal 0 0 1
    outer loop
      vertex 75 100 5
      vertex 105.455 98.6195 5
      vertex 105.463 99.5399 5
    endloop
  endfacet
  facet normal 0 0 1
    outer loop
      vertex 105.294 105.979 5
      vertex 102.25 112.5 5
      vertex 105.342 105.06 5
    endloop
  endfacet
  facet normal 0 0 1
    outer loop
      vertex 75 100 5
      vertex 105.439 97.6994 5
      vertex 105.455 98.6195 5
    endloop
  endfacet
  facet normal 0 0 1
    outer loop
      vertex 105.238 106.898 5
      vertex 102.25 112.5 5
      vertex 105.294 105.979 5
    endloop
  endfacet
  facet normal 0 0 1
    outer loop
      vertex 75 100 5
      vertex 105.415 96.7792 5
      vertex 105.439 97.6994 5
    endloop
  endfacet
  facet normal 0 0 1
    outer loop
      vertex 105.174 107.816 5
      vertex 102.25 112.5 5
      vertex 105.238 106.898 5
    endloop
  endfacet
  facet normal 0 0 1
    outer loop
      vertex 102.25 87.5 5
      vertex 105.383 95.8595 5
      vertex 105.415 96.7792 5
    endloop
  endfacet
  facet normal 0 0 1
    outer loop
      vertex 105.102 108.733 5
      vertex 102.25 112.5 5
      vertex 105.174 107.816 5
    endloop
  endfacet
  facet normal 0 0 1
    outer loop
      vertex 102.25 87.5 5
      vertex 105.342 94.94 5
      vertex 105.383 95.8595 5
    endloop
  endfacet
  facet normal 0 0 1
    outer loop
      vertex 105.021 109.65 5
      vertex 102.25 112.5 5
      vertex 105.102 108.733 5
    endloop
  endfacet
  facet normal 0 0 1
    outer loop
      vertex 102.25 87.5 5
      vertex 105.294 94.0209 5
      vertex 105.342 94.94 5
    endloop
  endfacet
  facet normal 0 0 1
    outer loop
      vertex 104.933 110.566 5
      vertex 102.25 112.5 5
      vertex 105.021 109.65 5
    endloop
  endfacet
  facet normal 0 0 1
    outer loop
      vertex 102.25 87.5 5
      vertex 105.238 93.1024 5
      vertex 105.294 94.0209 5
    endloop
  endfacet
  facet normal 0 0 1
    outer loop
      vertex 104.837 111.481 5
      vertex 102.25 112.5 5
      vertex 104.933 110.566 5
    endloop
  endfacet
  facet normal 0 0 1
    outer loop
      vertex 102.25 87.5 5
      vertex 105.174 92.1842 5
      vertex 105.238 93.1024 5
    endloop
  endfacet
  facet normal 0 0 1
    outer loop
      vertex 104.733 112.396 5
      vertex 102.25 112.5 5
      vertex 104.837 111.481 5
    endloop
  endfacet
  facet normal 0 0 1
    outer loop
      vertex 102.25 87.5 5
      vertex 105.102 91.2668 5
      vertex 105.174 92.1842 5
    endloop
  endfacet
  facet normal 0 0 1
    outer loop
      vertex 104.564 113.769 5
      vertex 102.25 112.5 5
      vertex 104.733 112.396 5
    endloop
  endfacet
  facet normal 0 0 1
    outer loop
      vertex 102.25 87.5 5
      vertex 105.021 90.35 5
      vertex 105.102 91.2668 5
    endloop
  endfacet
  facet normal 0 0 1
    outer loop
      vertex 102.25 112.5 5
      vertex 104.564 113.769 5
      vertex 103.255 116.24 5
    endloop
  endfacet
  facet normal 0 0 1
    outer loop
      vertex 102.25 87.5 5
      vertex 104.933 89.4338 5
      vertex 105.021 90.35 5
    endloop
  endfacet
  facet normal -0.994522 -0.104526 0
    outer loop
      vertex 25.5463 94.8022 5
      vertex 25 100 10
      vertex 25 100 5
    endloop
  endfacet
  facet normal -0.994522 -0.104526 0
    outer loop
      vertex 25 100 10
      vertex 25.5463 94.8022 5
      vertex 25.5463 94.8022 10
    endloop
  endfacet
  facet normal -0.866033 -0.499986 0
    outer loop
      vertex 28.5075 87.5 5
      vertex 27.1614 89.8316 10
      vertex 27.1614 89.8316 5
    endloop
  endfacet
  facet normal -0.866033 -0.499986 0
    outer loop
      vertex 27.1614 89.8316 10
      vertex 28.5075 87.5 5
      vertex 28.5075 87.5 10
    endloop
  endfacet
  facet normal -0.994523 0.104522 0
    outer loop
      vertex 25 100 5
      vertex 25.5463 105.198 10
      vertex 25.5463 105.198 5
    endloop
  endfacet
  facet normal -0.994523 0.104522 0
    outer loop
      vertex 25.5463 105.198 10
      vertex 25 100 5
      vertex 25 100 10
    endloop
  endfacet
  facet normal -0.951043 0.30906 0
    outer loop
      vertex 25.5463 105.198 5
      vertex 27.1614 110.168 10
      vertex 27.1614 110.168 5
    endloop
  endfacet
  facet normal -0.951043 0.30906 0
    outer loop
      vertex 27.1614 110.168 10
      vertex 25.5463 105.198 5
      vertex 25.5463 105.198 10
    endloop
  endfacet
  facet normal 0 1 -0
    outer loop
      vertex 102.25 112.5 0
      vertex 71.4925 112.5 5
      vertex 102.25 112.5 5
    endloop
  endfacet
  facet normal 0 1 0
    outer loop
      vertex 71.4925 112.5 5
      vertex 102.25 112.5 0
      vertex 65.644 112.5 5
    endloop
  endfacet
  facet normal 0 1 0
    outer loop
      vertex 8.6 112.5 0
      vertex 65.644 112.5 5
      vertex 102.25 112.5 0
    endloop
  endfacet
  facet normal 0 1 0
    outer loop
      vertex 65.644 112.5 5
      vertex 8.6 112.5 0
      vertex 34.356 112.5 5
    endloop
  endfacet
  facet normal 0 1 0
    outer loop
      vertex 34.356 112.5 5
      vertex 8.6 112.5 0
      vertex 28.5075 112.5 5
    endloop
  endfacet
  facet normal 0 1 0
    outer loop
      vertex 28.5075 112.5 5
      vertex 8.6 112.5 0
      vertex 8.6 112.5 5
    endloop
  endfacet
  facet normal 0 1 0
    outer loop
      vertex 71.4925 112.5 10
      vertex 61.2551 112.5 8.47959
      vertex 58.6825 112.5 10
    endloop
  endfacet
  facet normal 0 1 0
    outer loop
      vertex 71.4925 112.5 10
      vertex 62.9536 112.5 7.21035
      vertex 61.2551 112.5 8.47959
    endloop
  endfacet
  facet normal 0 1 0
    outer loop
      vertex 71.4925 112.5 10
      vertex 65.644 112.5 5.2
      vertex 62.9536 112.5 7.21035
    endloop
  endfacet
  facet normal 0 1 -0
    outer loop
      vertex 71.4925 112.5 5
      vertex 65.644 112.5 5.2
      vertex 71.4925 112.5 10
    endloop
  endfacet
  facet normal 0 1 0
    outer loop
      vertex 65.644 112.5 5.2
      vertex 71.4925 112.5 5
      vertex 65.644 112.5 5
    endloop
  endfacet
  facet normal 0 1 -0
    outer loop
      vertex 38.7449 112.5 8.47959
      vertex 28.5075 112.5 10
      vertex 41.3175 112.5 10
    endloop
  endfacet
  facet normal 0 1 -0
    outer loop
      vertex 37.0464 112.5 7.21035
      vertex 28.5075 112.5 10
      vertex 38.7449 112.5 8.47959
    endloop
  endfacet
  facet normal 0 1 -0
    outer loop
      vertex 34.356 112.5 5.2
      vertex 28.5075 112.5 10
      vertex 37.0464 112.5 7.21035
    endloop
  endfacet
  facet normal 0 1 0
    outer loop
      vertex 28.5075 112.5 5
      vertex 34.356 112.5 5.2
      vertex 34.356 112.5 5
    endloop
  endfacet
  facet normal 0 1 0
    outer loop
      vertex 34.356 112.5 5.2
      vertex 28.5075 112.5 5
      vertex 28.5075 112.5 10
    endloop
  endfacet
  facet normal 0 -1 0
    outer loop
      vertex 8.6 87.5 0
      vertex 28.5075 87.5 5
      vertex 8.6 87.5 5
    endloop
  endfacet
  facet normal 0 -1 -0
    outer loop
      vertex 28.5075 87.5 5
      vertex 8.6 87.5 0
      vertex 34.356 87.5 5
    endloop
  endfacet
  facet normal 0 -1 -0
    outer loop
      vertex 34.356 87.5 5
      vertex 8.6 87.5 0
      vertex 65.644 87.5 5
    endloop
  endfacet
  facet normal 0 -1 0
    outer loop
      vertex 102.25 87.5 0
      vertex 65.644 87.5 5
      vertex 8.6 87.5 0
    endloop
  endfacet
  facet normal 0 -1 0
    outer loop
      vertex 65.644 87.5 5
      vertex 102.25 87.5 0
      vertex 71.4925 87.5 5
    endloop
  endfacet
  facet normal 0 -1 0
    outer loop
      vertex 71.4925 87.5 5
      vertex 102.25 87.5 0
      vertex 102.25 87.5 5
    endloop
  endfacet
  facet normal 0 -1 0
    outer loop
      vertex 28.5075 87.5 10
      vertex 38.7449 87.5 8.47959
      vertex 41.3175 87.5 10
    endloop
  endfacet
  facet normal 0 -1 0
    outer loop
      vertex 28.5075 87.5 10
      vertex 37.0464 87.5 7.21035
      vertex 38.7449 87.5 8.47959
    endloop
  endfacet
  facet normal 0 -1 0
    outer loop
      vertex 28.5075 87.5 10
      vertex 34.356 87.5 5.2
      vertex 37.0464 87.5 7.21035
    endloop
  endfacet
  facet normal 0 -1 0
    outer loop
      vertex 28.5075 87.5 5
      vertex 34.356 87.5 5.2
      vertex 28.5075 87.5 10
    endloop
  endfacet
  facet normal 0 -1 -0
    outer loop
      vertex 34.356 87.5 5.2
      vertex 28.5075 87.5 5
      vertex 34.356 87.5 5
    endloop
  endfacet
  facet normal 0 -1 0
    outer loop
      vertex 61.2551 87.5 8.47959
      vertex 71.4925 87.5 10
      vertex 58.6825 87.5 10
    endloop
  endfacet
  facet normal 0 -1 0
    outer loop
      vertex 62.9536 87.5 7.21035
      vertex 71.4925 87.5 10
      vertex 61.2551 87.5 8.47959
    endloop
  endfacet
  facet normal 0 -1 0
    outer loop
      vertex 65.644 87.5 5.2
      vertex 71.4925 87.5 10
      vertex 62.9536 87.5 7.21035
    endloop
  endfacet
  facet normal 0 -1 0
    outer loop
      vertex 71.4925 87.5 5
      vertex 65.644 87.5 5.2
      vertex 65.644 87.5 5
    endloop
  endfacet
  facet normal 0 -1 0
    outer loop
      vertex 65.644 87.5 5.2
      vertex 71.4925 87.5 5
      vertex 71.4925 87.5 10
    endloop
  endfacet
  facet normal -0 0 -1
    outer loop
      vertex 112.892 104.929 0
      vertex 110.595 104.829 0
      vertex 112.773 105.417 0
    endloop
  endfacet
  facet normal 0 0 -1
    outer loop
      vertex 111.547 84.376 0
      vertex 112.12 86.7297 0
      vertex 112.158 86.2288 0
    endloop
  endfacet
  facet normal 0 0 -1
    outer loop
      vertex 111.547 84.376 0
      vertex 112.232 87.7086 0
      vertex 112.12 86.7297 0
    endloop
  endfacet
  facet normal 0 0 -1
    outer loop
      vertex 112.12 86.7297 0
      vertex 112.232 87.7086 0
      vertex 112.274 87.208 0
    endloop
  endfacet
  facet normal 0 0 -1
    outer loop
      vertex 110.683 98.068 0
      vertex 112.232 87.7086 0
      vertex 111.547 84.376 0
    endloop
  endfacet
  facet normal 0 0 -1
    outer loop
      vertex 112.232 87.7086 0
      vertex 112.335 88.6885 0
      vertex 112.381 88.1883 0
    endloop
  endfacet
  facet normal 0 0 -1
    outer loop
      vertex 112.232 87.7086 0
      vertex 110.683 98.068 0
      vertex 112.335 88.6885 0
    endloop
  endfacet
  facet normal 0 0 -1
    outer loop
      vertex 112.335 88.6885 0
      vertex 112.429 89.6692 0
      vertex 112.48 89.1694 0
    endloop
  endfacet
  facet normal 0 0 -1
    outer loop
      vertex 112.335 88.6885 0
      vertex 110.683 98.068 0
      vertex 112.429 89.6692 0
    endloop
  endfacet
  facet normal 0 0 -1
    outer loop
      vertex 112.429 89.6692 0
      vertex 112.515 90.6507 0
      vertex 112.57 90.1514 0
    endloop
  endfacet
  facet normal 0 0 -1
    outer loop
      vertex 112.429 89.6692 0
      vertex 110.683 98.068 0
      vertex 112.515 90.6507 0
    endloop
  endfacet
  facet normal 0 0 -1
    outer loop
      vertex 112.515 90.6507 0
      vertex 112.593 91.6329 0
      vertex 112.652 91.1341 0
    endloop
  endfacet
  facet normal 0 0 -1
    outer loop
      vertex 112.515 90.6507 0
      vertex 110.683 98.068 0
      vertex 112.593 91.6329 0
    endloop
  endfacet
  facet normal 0 0 -1
    outer loop
      vertex 112.593 91.6329 0
      vertex 112.661 92.6158 0
      vertex 112.725 92.1175 0
    endloop
  endfacet
  facet normal 0 0 -1
    outer loop
      vertex 112.593 91.6329 0
      vertex 110.683 98.068 0
      vertex 112.661 92.6158 0
    endloop
  endfacet
  facet normal 0 0 -1
    outer loop
      vertex 112.661 92.6158 0
      vertex 112.721 93.5992 0
      vertex 112.789 93.1015 0
    endloop
  endfacet
  facet normal 0 0 -1
    outer loop
      vertex 112.661 92.6158 0
      vertex 110.683 98.068 0
      vertex 112.721 93.5992 0
    endloop
  endfacet
  facet normal 0 0 -1
    outer loop
      vertex 112.721 93.5992 0
      vertex 112.773 94.5831 0
      vertex 112.845 94.086 0
    endloop
  endfacet
  facet normal 0 0 -1
    outer loop
      vertex 112.721 93.5992 0
      vertex 110.683 98.068 0
      vertex 112.773 94.5831 0
    endloop
  endfacet
  facet normal 0 0 -1
    outer loop
      vertex 112.773 94.5831 0
      vertex 112.816 95.5674 0
      vertex 112.892 95.071 0
    endloop
  endfacet
  facet normal 0 0 -1
    outer loop
      vertex 110.683 98.068 0
      vertex 112.85 96.5521 0
      vertex 112.816 95.5674 0
    endloop
  endfacet
  facet normal 0 0 -1
    outer loop
      vertex 112.816 95.5674 0
      vertex 112.85 96.5521 0
      vertex 112.931 96.0564 0
    endloop
  endfacet
  facet normal 0 0 -1
    outer loop
      vertex 110.683 98.068 0
      vertex 112.876 97.537 0
      vertex 112.85 96.5521 0
    endloop
  endfacet
  facet normal 0 0 -1
    outer loop
      vertex 112.85 96.5521 0
      vertex 112.876 97.537 0
      vertex 112.961 97.042 0
    endloop
  endfacet
  facet normal 0 0 -1
    outer loop
      vertex 112.983 98.0279 0
      vertex 110.683 98.068 0
      vertex 112.893 98.5221 0
    endloop
  endfacet
  facet normal 0 0 -1
    outer loop
      vertex 110.683 98.068 0
      vertex 112.983 98.0279 0
      vertex 112.876 97.537 0
    endloop
  endfacet
  facet normal 0 -0 -1
    outer loop
      vertex 110.696 99.034 0
      vertex 112.893 98.5221 0
      vertex 110.683 98.068 0
    endloop
  endfacet
  facet normal 0 0 -1
    outer loop
      vertex 110.696 99.034 0
      vertex 112.996 99.0139 0
      vertex 112.893 98.5221 0
    endloop
  endfacet
  facet normal 0 0 -1
    outer loop
      vertex 110.7 100 0
      vertex 113 100 0
      vertex 112.902 99.5074 0
    endloop
  endfacet
  facet normal 0 0 -1
    outer loop
      vertex 110.696 100.966 0
      vertex 112.996 100.986 0
      vertex 112.902 100.493 0
    endloop
  endfacet
  facet normal 0 0 -1
    outer loop
      vertex 112.996 99.0139 0
      vertex 110.696 99.034 0
      vertex 112.902 99.5074 0
    endloop
  endfacet
  facet normal 0 0 -1
    outer loop
      vertex 110.683 101.932 0
      vertex 112.983 101.972 0
      vertex 112.893 101.478 0
    endloop
  endfacet
  facet normal 0 -0 -1
    outer loop
      vertex 110.7 100 0
      vertex 112.902 99.5074 0
      vertex 110.696 99.034 0
    endloop
  endfacet
  facet normal 0 0 -1
    outer loop
      vertex 110.662 102.898 0
      vertex 112.961 102.958 0
      vertex 112.876 102.463 0
    endloop
  endfacet
  facet normal 0 0 -1
    outer loop
      vertex 113 100 0
      vertex 110.7 100 0
      vertex 112.902 100.493 0
    endloop
  endfacet
  facet normal 0 0 -1
    outer loop
      vertex 110.633 103.863 0
      vertex 112.931 103.944 0
      vertex 112.85 103.448 0
    endloop
  endfacet
  facet normal 0 0 -1
    outer loop
      vertex 112.773 94.5831 0
      vertex 110.683 98.068 0
      vertex 112.816 95.5674 0
    endloop
  endfacet
  facet normal 0 0 -1
    outer loop
      vertex 110.595 104.829 0
      vertex 112.892 104.929 0
      vertex 112.816 104.433 0
    endloop
  endfacet
  facet normal 0 0 -1
    outer loop
      vertex 110.696 100.966 0
      vertex 112.902 100.493 0
      vertex 110.7 100 0
    endloop
  endfacet
  facet normal 0 0 -1
    outer loop
      vertex 112.773 105.417 0
      vertex 112.721 106.401 0
      vertex 112.845 105.914 0
    endloop
  endfacet
  facet normal -0 0 -1
    outer loop
      vertex 112.996 100.986 0
      vertex 110.696 100.966 0
      vertex 112.893 101.478 0
    endloop
  endfacet
  facet normal 0 0 -1
    outer loop
      vertex 112.721 106.401 0
      vertex 112.661 107.384 0
      vertex 112.789 106.898 0
    endloop
  endfacet
  facet normal 0 0 -1
    outer loop
      vertex 110.683 101.932 0
      vertex 112.893 101.478 0
      vertex 110.696 100.966 0
    endloop
  endfacet
  facet normal 0 0 -1
    outer loop
      vertex 112.661 107.384 0
      vertex 112.593 108.367 0
      vertex 112.725 107.882 0
    endloop
  endfacet
  facet normal -0 0 -1
    outer loop
      vertex 112.983 101.972 0
      vertex 110.683 101.932 0
      vertex 112.876 102.463 0
    endloop
  endfacet
  facet normal 0 0 -1
    outer loop
      vertex 112.593 108.367 0
      vertex 112.515 109.349 0
      vertex 112.652 108.866 0
    endloop
  endfacet
  facet normal 0 0 -1
    outer loop
      vertex 110.662 102.898 0
      vertex 112.876 102.463 0
      vertex 110.683 101.932 0
    endloop
  endfacet
  facet normal 0 0 -1
    outer loop
      vertex 112.515 109.349 0
      vertex 112.429 110.331 0
      vertex 112.57 109.849 0
    endloop
  endfacet
  facet normal -0 0 -1
    outer loop
      vertex 112.961 102.958 0
      vertex 110.662 102.898 0
      vertex 112.85 103.448 0
    endloop
  endfacet
  facet normal 0 0 -1
    outer loop
      vertex 112.429 110.331 0
      vertex 112.335 111.312 0
      vertex 112.48 110.831 0
    endloop
  endfacet
  facet normal 0 0 -1
    outer loop
      vertex 110.633 103.863 0
      vertex 112.85 103.448 0
      vertex 110.662 102.898 0
    endloop
  endfacet
  facet normal 0 0 -1
    outer loop
      vertex 112.335 111.312 0
      vertex 112.232 112.291 0
      vertex 112.381 111.812 0
    endloop
  endfacet
  facet normal -0 0 -1
    outer loop
      vertex 112.931 103.944 0
      vertex 110.633 103.863 0
      vertex 112.816 104.433 0
    endloop
  endfacet
  facet normal 0 0 -1
    outer loop
      vertex 112.232 112.291 0
      vertex 112.12 113.27 0
      vertex 112.274 112.792 0
    endloop
  endfacet
  facet normal 0 0 -1
    outer loop
      vertex 110.595 104.829 0
      vertex 112.816 104.433 0
      vertex 110.633 103.863 0
    endloop
  endfacet
  facet normal 0 0 -1
    outer loop
      vertex 109.875 113.491 0
      vertex 112.158 113.771 0
      vertex 112.12 113.27 0
    endloop
  endfacet
  facet normal 0 0 -1
    outer loop
      vertex 112.773 105.417 0
      vertex 110.548 105.794 0
      vertex 112.721 106.401 0
    endloop
  endfacet
  facet normal 0 0 -1
    outer loop
      vertex 112.721 106.401 0
      vertex 110.494 106.758 0
      vertex 112.661 107.384 0
    endloop
  endfacet
  facet normal 0 0 -1
    outer loop
      vertex 110.494 106.758 0
      vertex 112.721 106.401 0
      vertex 110.548 105.794 0
    endloop
  endfacet
  facet normal 0 0 -1
    outer loop
      vertex 110.548 105.794 0
      vertex 112.773 105.417 0
      vertex 110.595 104.829 0
    endloop
  endfacet
  facet normal 0 0 -1
    outer loop
      vertex 111.547 84.376 0
      vertex 110.662 97.1022 0
      vertex 110.683 98.068 0
    endloop
  endfacet
  facet normal 0 0 -1
    outer loop
      vertex 111.547 84.376 0
      vertex 110.633 96.1366 0
      vertex 110.662 97.1022 0
    endloop
  endfacet
  facet normal 0 0 -1
    outer loop
      vertex 111.547 84.376 0
      vertex 110.595 95.1713 0
      vertex 110.633 96.1366 0
    endloop
  endfacet
  facet normal 0 0 -1
    outer loop
      vertex 111.547 84.376 0
      vertex 110.548 94.2064 0
      vertex 110.595 95.1713 0
    endloop
  endfacet
  facet normal 0 0 -1
    outer loop
      vertex 111.547 84.376 0
      vertex 110.494 93.2419 0
      vertex 110.548 94.2064 0
    endloop
  endfacet
  facet normal 0 0 -1
    outer loop
      vertex 111.547 84.376 0
      vertex 110.43 92.278 0
      vertex 110.494 93.2419 0
    endloop
  endfacet
  facet normal 0 0 -1
    outer loop
      vertex 111.547 84.376 0
      vertex 110.359 91.3146 0
      vertex 110.43 92.278 0
    endloop
  endfacet
  facet normal 0 0 -1
    outer loop
      vertex 111.547 84.376 0
      vertex 110.279 90.3519 0
      vertex 110.359 91.3146 0
    endloop
  endfacet
  facet normal 0 0 -1
    outer loop
      vertex 109.036 84.8635 0
      vertex 111.547 84.376 0
      vertex 110.273 82.8981 0
    endloop
  endfacet
  facet normal 0 0 -1
    outer loop
      vertex 111.547 84.376 0
      vertex 110.19 89.3899 0
      vertex 110.279 90.3519 0
    endloop
  endfacet
  facet normal 0 0 -1
    outer loop
      vertex 110.279 90.3519 0
      vertex 110.19 89.3899 0
      vertex 110.062 89.8867 0
    endloop
  endfacet
  facet normal -0 0 -1
    outer loop
      vertex 105.463 100.46 0
      vertex 55 96.1 0
      vertex 102.25 112.5 0
    endloop
  endfacet
  facet normal 0 0 -1
    outer loop
      vertex 8.6 87.5 0
      vertex 55 96.1 0
      vertex 102.25 87.5 0
    endloop
  endfacet
  facet normal -0 0 -1
    outer loop
      vertex 55 96.1 0
      vertex 8.6 87.5 0
      vertex 0 96.1 0
    endloop
  endfacet
  facet normal 0 0 -1
    outer loop
      vertex 102.232 112.553 0
      vertex 104.564 113.769 0
      vertex 102.25 112.5 0
    endloop
  endfacet
  facet normal -0 0 -1
    outer loop
      vertex 104.564 113.769 0
      vertex 102.232 112.553 0
      vertex 102.377 114.498 0
    endloop
  endfacet
  facet normal 0 0 -1
    outer loop
      vertex 55 103.9 0
      vertex 102.25 112.5 0
      vertex 55 96.1 0
    endloop
  endfacet
  facet normal 0 0 -1
    outer loop
      vertex 55 103.9 0
      vertex 8.6 112.5 0
      vertex 102.25 112.5 0
    endloop
  endfacet
  facet normal 0 -0 -1
    outer loop
      vertex 8.6 112.5 0
      vertex 55 103.9 0
      vertex 0 103.9 0
    endloop
  endfacet
  facet normal 0 0 -1
    outer loop
      vertex 109.988 112.532 0
      vertex 109.759 112.991 0
      vertex 109.875 113.491 0
    endloop
  endfacet
  facet normal 0 0 -1
    outer loop
      vertex 110.094 111.571 0
      vertex 109.869 112.033 0
      vertex 109.988 112.532 0
    endloop
  endfacet
  facet normal 0 0 -1
    outer loop
      vertex 110.19 110.61 0
      vertex 109.969 111.073 0
      vertex 110.094 111.571 0
    endloop
  endfacet
  facet normal 0 0 -1
    outer loop
      vertex 111.547 84.376 0
      vertex 110.094 88.4287 0
      vertex 110.19 89.3899 0
    endloop
  endfacet
  facet normal 0 0 -1
    outer loop
      vertex 111.547 84.376 0
      vertex 109.988 87.4684 0
      vertex 110.094 88.4287 0
    endloop
  endfacet
  facet normal 0 0 -1
    outer loop
      vertex 111.547 84.376 0
      vertex 109.875 86.5091 0
      vertex 109.988 87.4684 0
    endloop
  endfacet
  facet normal 0 0 -1
    outer loop
      vertex 111.547 84.376 0
      vertex 109.036 84.8635 0
      vertex 109.875 86.5091 0
    endloop
  endfacet
  facet normal 0 0 -1
    outer loop
      vertex 108.531 82.02 0
      vertex 109.036 84.8635 0
      vertex 110.273 82.8981 0
    endloop
  endfacet
  facet normal 0 0 -1
    outer loop
      vertex 108.531 82.02 0
      vertex 107.336 84.1418 0
      vertex 109.036 84.8635 0
    endloop
  endfacet
  facet normal 0 0 -1
    outer loop
      vertex 106.586 81.8754 0
      vertex 107.336 84.1418 0
      vertex 108.531 82.02 0
    endloop
  endfacet
  facet normal 0 0 -1
    outer loop
      vertex 106.586 81.8754 0
      vertex 105.57 84.6818 0
      vertex 107.336 84.1418 0
    endloop
  endfacet
  facet normal 0 0 -1
    outer loop
      vertex 104.733 82.4863 0
      vertex 105.57 84.6818 0
      vertex 106.586 81.8754 0
    endloop
  endfacet
  facet normal 0 0 -1
    outer loop
      vertex 103.255 83.7598 0
      vertex 105.57 84.6818 0
      vertex 104.733 82.4863 0
    endloop
  endfacet
  facet normal 0 0 -1
    outer loop
      vertex 102.25 112.5 0
      vertex 104.837 111.481 0
      vertex 104.933 110.566 0
    endloop
  endfacet
  facet normal -0 0 -1
    outer loop
      vertex 105.57 84.6818 0
      vertex 103.255 83.7598 0
      vertex 104.564 86.2307 0
    endloop
  endfacet
  facet normal 0 0 -1
    outer loop
      vertex 110.359 108.685 0
      vertex 110.146 109.152 0
      vertex 110.279 109.648 0
    endloop
  endfacet
  facet normal 0 0 -1
    outer loop
      vertex 110.43 107.722 0
      vertex 110.222 108.191 0
      vertex 110.359 108.685 0
    endloop
  endfacet
  facet normal 0 0 -1
    outer loop
      vertex 110.494 106.758 0
      vertex 110.289 107.229 0
      vertex 110.43 107.722 0
    endloop
  endfacet
  facet normal 0 0 -1
    outer loop
      vertex 110.548 105.794 0
      vertex 110.348 106.266 0
      vertex 110.494 106.758 0
    endloop
  endfacet
  facet normal 0 0 -1
    outer loop
      vertex 110.595 104.829 0
      vertex 110.398 105.303 0
      vertex 110.548 105.794 0
    endloop
  endfacet
  facet normal 0 0 -1
    outer loop
      vertex 110.633 103.863 0
      vertex 110.44 104.339 0
      vertex 110.595 104.829 0
    endloop
  endfacet
  facet normal 0 0 -1
    outer loop
      vertex 110.662 102.898 0
      vertex 110.474 103.375 0
      vertex 110.633 103.863 0
    endloop
  endfacet
  facet normal 0 0 -1
    outer loop
      vertex 110.683 101.932 0
      vertex 110.499 102.411 0
      vertex 110.662 102.898 0
    endloop
  endfacet
  facet normal 0 0 -1
    outer loop
      vertex 110.696 100.966 0
      vertex 110.516 101.447 0
      vertex 110.683 101.932 0
    endloop
  endfacet
  facet normal 0 0 -1
    outer loop
      vertex 110.7 100 0
      vertex 110.524 100.482 0
      vertex 110.696 100.966 0
    endloop
  endfacet
  facet normal 0 0 -1
    outer loop
      vertex 110.43 107.722 0
      vertex 112.661 107.384 0
      vertex 110.494 106.758 0
    endloop
  endfacet
  facet normal 0 0 -1
    outer loop
      vertex 112.661 107.384 0
      vertex 110.43 107.722 0
      vertex 112.593 108.367 0
    endloop
  endfacet
  facet normal 0 0 -1
    outer loop
      vertex 110.359 108.685 0
      vertex 112.593 108.367 0
      vertex 110.43 107.722 0
    endloop
  endfacet
  facet normal 0 0 -1
    outer loop
      vertex 112.593 108.367 0
      vertex 110.359 108.685 0
      vertex 112.515 109.349 0
    endloop
  endfacet
  facet normal 0 0 -1
    outer loop
      vertex 110.279 109.648 0
      vertex 112.515 109.349 0
      vertex 110.359 108.685 0
    endloop
  endfacet
  facet normal 0 0 -1
    outer loop
      vertex 112.515 109.349 0
      vertex 110.279 109.648 0
      vertex 112.429 110.331 0
    endloop
  endfacet
  facet normal 0 0 -1
    outer loop
      vertex 110.19 110.61 0
      vertex 112.429 110.331 0
      vertex 110.279 109.648 0
    endloop
  endfacet
  facet normal 0 0 -1
    outer loop
      vertex 112.429 110.331 0
      vertex 110.19 110.61 0
      vertex 112.335 111.312 0
    endloop
  endfacet
  facet normal 0 0 -1
    outer loop
      vertex 110.094 111.571 0
      vertex 112.335 111.312 0
      vertex 110.19 110.61 0
    endloop
  endfacet
  facet normal 0 0 -1
    outer loop
      vertex 112.335 111.312 0
      vertex 110.094 111.571 0
      vertex 112.232 112.291 0
    endloop
  endfacet
  facet normal 0 0 -1
    outer loop
      vertex 109.988 112.532 0
      vertex 112.232 112.291 0
      vertex 110.094 111.571 0
    endloop
  endfacet
  facet normal 0 0 -1
    outer loop
      vertex 112.232 112.291 0
      vertex 109.988 112.532 0
      vertex 112.12 113.27 0
    endloop
  endfacet
  facet normal 0 -0 -1
    outer loop
      vertex 110.19 110.61 0
      vertex 110.279 109.648 0
      vertex 110.062 110.113 0
    endloop
  endfacet
  facet normal 0 0 -1
    outer loop
      vertex 110.7 100 0
      vertex 110.696 99.034 0
      vertex 110.524 99.5177 0
    endloop
  endfacet
  facet normal 0 0 -1
    outer loop
      vertex 110.696 99.034 0
      vertex 110.683 98.068 0
      vertex 110.516 98.5533 0
    endloop
  endfacet
  facet normal 0 0 -1
    outer loop
      vertex 110.683 98.068 0
      vertex 110.662 97.1022 0
      vertex 110.499 97.5889 0
    endloop
  endfacet
  facet normal 0 0 -1
    outer loop
      vertex 110.662 97.1022 0
      vertex 110.633 96.1366 0
      vertex 110.474 96.6247 0
    endloop
  endfacet
  facet normal 0 0 -1
    outer loop
      vertex 110.633 96.1366 0
      vertex 110.595 95.1713 0
      vertex 110.44 95.6608 0
    endloop
  endfacet
  facet normal 0 0 -1
    outer loop
      vertex 110.595 95.1713 0
      vertex 110.548 94.2064 0
      vertex 110.398 94.6972 0
    endloop
  endfacet
  facet normal 0 0 -1
    outer loop
      vertex 110.548 94.2064 0
      vertex 110.494 93.2419 0
      vertex 110.348 93.734 0
    endloop
  endfacet
  facet normal 0 0 -1
    outer loop
      vertex 110.494 93.2419 0
      vertex 110.43 92.278 0
      vertex 110.289 92.7713 0
    endloop
  endfacet
  facet normal 0 0 -1
    outer loop
      vertex 110.43 92.278 0
      vertex 110.359 91.3146 0
      vertex 110.222 91.8091 0
    endloop
  endfacet
  facet normal 0 0 -1
    outer loop
      vertex 110.359 91.3146 0
      vertex 110.279 90.3519 0
      vertex 110.146 90.8476 0
    endloop
  endfacet
  facet normal 0 0 -1
    outer loop
      vertex 109.875 113.491 0
      vertex 112.12 113.27 0
      vertex 109.988 112.532 0
    endloop
  endfacet
  facet normal -0 0 -1
    outer loop
      vertex 112.158 113.771 0
      vertex 109.875 113.491 0
      vertex 111.547 115.624 0
    endloop
  endfacet
  facet normal 0 0 -1
    outer loop
      vertex 109.036 115.137 0
      vertex 111.547 115.624 0
      vertex 109.875 113.491 0
    endloop
  endfacet
  facet normal -0 0 -1
    outer loop
      vertex 111.547 115.624 0
      vertex 109.036 115.137 0
      vertex 110.273 117.102 0
    endloop
  endfacet
  facet normal 0 0 -1
    outer loop
      vertex 109.036 115.137 0
      vertex 108.531 117.98 0
      vertex 110.273 117.102 0
    endloop
  endfacet
  facet normal 0 0 -1
    outer loop
      vertex 107.336 115.858 0
      vertex 108.531 117.98 0
      vertex 109.036 115.137 0
    endloop
  endfacet
  facet normal 0 0 -1
    outer loop
      vertex 107.336 115.858 0
      vertex 106.586 118.125 0
      vertex 108.531 117.98 0
    endloop
  endfacet
  facet normal 0 0 -1
    outer loop
      vertex 105.57 115.318 0
      vertex 106.586 118.125 0
      vertex 107.336 115.858 0
    endloop
  endfacet
  facet normal 0 0 -1
    outer loop
      vertex 105.57 115.318 0
      vertex 104.733 117.514 0
      vertex 106.586 118.125 0
    endloop
  endfacet
  facet normal 0 0 -1
    outer loop
      vertex 103.255 116.24 0
      vertex 105.57 115.318 0
      vertex 104.564 113.769 0
    endloop
  endfacet
  facet normal 0 0 -1
    outer loop
      vertex 105.57 115.318 0
      vertex 103.255 116.24 0
      vertex 104.733 117.514 0
    endloop
  endfacet
  facet normal 0 0 -1
    outer loop
      vertex 102.25 112.5 0
      vertex 104.733 112.396 0
      vertex 104.837 111.481 0
    endloop
  endfacet
  facet normal 0 0 -1
    outer loop
      vertex 102.25 87.5 0
      vertex 103.255 83.7598 0
      vertex 102.377 85.5019 0
    endloop
  endfacet
  facet normal 0 0 -1
    outer loop
      vertex 102.25 112.5 0
      vertex 104.564 113.769 0
      vertex 104.733 112.396 0
    endloop
  endfacet
  facet normal 0 0 -1
    outer loop
      vertex 104.564 113.769 0
      vertex 102.377 114.498 0
      vertex 103.255 116.24 0
    endloop
  endfacet
  facet normal 0 -0 -1
    outer loop
      vertex 102.25 87.5 0
      vertex 102.377 85.5019 0
      vertex 102.232 87.4475 0
    endloop
  endfacet
  facet normal 0 0 -1
    outer loop
      vertex 110.19 89.3899 0
      vertex 110.094 88.4287 0
      vertex 109.969 88.9267 0
    endloop
  endfacet
  facet normal 0 0 -1
    outer loop
      vertex 110.094 88.4287 0
      vertex 109.988 87.4684 0
      vertex 109.869 87.9674 0
    endloop
  endfacet
  facet normal 0 0 -1
    outer loop
      vertex 109.988 87.4684 0
      vertex 109.875 86.5091 0
      vertex 109.759 87.0091 0
    endloop
  endfacet
  facet normal 0 0 -1
    outer loop
      vertex 102.25 87.5 0
      vertex 105.463 99.5399 0
      vertex 105.455 98.6195 0
    endloop
  endfacet
  facet normal -0 0 -1
    outer loop
      vertex 105.463 99.5399 0
      vertex 102.25 87.5 0
      vertex 105.463 100.46 0
    endloop
  endfacet
  facet normal -0 0 -1
    outer loop
      vertex 105.415 96.7792 0
      vertex 102.25 87.5 0
      vertex 105.439 97.6994 0
    endloop
  endfacet
  facet normal -0 0 -1
    outer loop
      vertex 105.439 97.6994 0
      vertex 102.25 87.5 0
      vertex 105.455 98.6195 0
    endloop
  endfacet
  facet normal -0 0 -1
    outer loop
      vertex 105.383 95.8595 0
      vertex 102.25 87.5 0
      vertex 105.415 96.7792 0
    endloop
  endfacet
  facet normal 0 0 -1
    outer loop
      vertex 55 96.1 0
      vertex 105.463 100.46 0
      vertex 102.25 87.5 0
    endloop
  endfacet
  facet normal -0 0 -1
    outer loop
      vertex 105.342 94.94 0
      vertex 102.25 87.5 0
      vertex 105.383 95.8595 0
    endloop
  endfacet
  facet normal 0 0 -1
    outer loop
      vertex 105.463 100.46 0
      vertex 102.25 112.5 0
      vertex 105.455 101.38 0
    endloop
  endfacet
  facet normal -0 0 -1
    outer loop
      vertex 105.294 94.0209 0
      vertex 102.25 87.5 0
      vertex 105.342 94.94 0
    endloop
  endfacet
  facet normal 0 0 -1
    outer loop
      vertex 105.455 101.38 0
      vertex 102.25 112.5 0
      vertex 105.439 102.301 0
    endloop
  endfacet
  facet normal -0 0 -1
    outer loop
      vertex 105.238 93.1024 0
      vertex 102.25 87.5 0
      vertex 105.294 94.0209 0
    endloop
  endfacet
  facet normal 0 0 -1
    outer loop
      vertex 102.25 112.5 0
      vertex 105.415 103.221 0
      vertex 105.439 102.301 0
    endloop
  endfacet
  facet normal -0 0 -1
    outer loop
      vertex 105.174 92.1842 0
      vertex 102.25 87.5 0
      vertex 105.238 93.1024 0
    endloop
  endfacet
  facet normal 0 0 -1
    outer loop
      vertex 102.25 112.5 0
      vertex 105.383 104.141 0
      vertex 105.415 103.221 0
    endloop
  endfacet
  facet normal -0 0 -1
    outer loop
      vertex 105.102 91.2668 0
      vertex 102.25 87.5 0
      vertex 105.174 92.1842 0
    endloop
  endfacet
  facet normal 0 0 -1
    outer loop
      vertex 102.25 112.5 0
      vertex 105.342 105.06 0
      vertex 105.383 104.141 0
    endloop
  endfacet
  facet normal -0 0 -1
    outer loop
      vertex 105.021 90.35 0
      vertex 102.25 87.5 0
      vertex 105.102 91.2668 0
    endloop
  endfacet
  facet normal 0 0 -1
    outer loop
      vertex 102.25 112.5 0
      vertex 105.294 105.979 0
      vertex 105.342 105.06 0
    endloop
  endfacet
  facet normal -0 0 -1
    outer loop
      vertex 104.933 89.4338 0
      vertex 102.25 87.5 0
      vertex 105.021 90.35 0
    endloop
  endfacet
  facet normal 0 0 -1
    outer loop
      vertex 102.25 112.5 0
      vertex 105.238 106.898 0
      vertex 105.294 105.979 0
    endloop
  endfacet
  facet normal -0 0 -1
    outer loop
      vertex 104.837 88.5185 0
      vertex 102.25 87.5 0
      vertex 104.933 89.4338 0
    endloop
  endfacet
  facet normal 0 0 -1
    outer loop
      vertex 102.25 112.5 0
      vertex 105.174 107.816 0
      vertex 105.238 106.898 0
    endloop
  endfacet
  facet normal -0 0 -1
    outer loop
      vertex 104.733 87.604 0
      vertex 102.25 87.5 0
      vertex 104.837 88.5185 0
    endloop
  endfacet
  facet normal 0 0 -1
    outer loop
      vertex 102.25 112.5 0
      vertex 105.102 108.733 0
      vertex 105.174 107.816 0
    endloop
  endfacet
  facet normal 0 0 -1
    outer loop
      vertex 104.564 86.2307 0
      vertex 102.25 87.5 0
      vertex 104.733 87.604 0
    endloop
  endfacet
  facet normal 0 0 -1
    outer loop
      vertex 102.25 112.5 0
      vertex 105.021 109.65 0
      vertex 105.102 108.733 0
    endloop
  endfacet
  facet normal 0 0 -1
    outer loop
      vertex 102.25 87.5 0
      vertex 104.564 86.2307 0
      vertex 103.255 83.7598 0
    endloop
  endfacet
  facet normal 0 0 -1
    outer loop
      vertex 102.25 112.5 0
      vertex 104.933 110.566 0
      vertex 105.021 109.65 0
    endloop
  endfacet
  facet normal -1 0 0
    outer loop
      vertex 0 96.1 0
      vertex 0 103.9 0
      vertex 0 103.9 -4.8
    endloop
  endfacet
  facet normal -1 0 0
    outer loop
      vertex 0 96.1 0
      vertex 0 103.9 -4.8
      vertex 0 96.1 -4.8
    endloop
  endfacet
  facet normal -1 0 0
    outer loop
      vertex 0 103.9 0
      vertex 0 96.1 0
      vertex 0 103.9 5
    endloop
  endfacet
  facet normal -1 -0 0
    outer loop
      vertex 0 103.9 5
      vertex 0 96.1 0
      vertex 0 96.1 5
    endloop
  endfacet
  facet normal 1 -0 0
    outer loop
      vertex 55 96.1 0
      vertex 55 103.9 -4.8
      vertex 55 103.9 0
    endloop
  endfacet
  facet normal 1 0 0
    outer loop
      vertex 55 103.9 -4.8
      vertex 55 96.1 0
      vertex 55 96.1 -4.8
    endloop
  endfacet
  facet normal 0 0 -1
    outer loop
      vertex 55 96.1 -4.8
      vertex 53.35 100 -4.8
      vertex 55 103.9 -4.8
    endloop
  endfacet
  facet normal 0 0 -1
    outer loop
      vertex 55 96.1 -4.8
      vertex 52.8182 98.1889 -4.8
      vertex 53.35 100 -4.8
    endloop
  endfacet
  facet normal 0 0 -1
    outer loop
      vertex 55 96.1 -4.8
      vertex 51.3916 96.9527 -4.8
      vertex 52.8182 98.1889 -4.8
    endloop
  endfacet
  facet normal 0 0 -1
    outer loop
      vertex 55 96.1 -4.8
      vertex 49.5232 96.6841 -4.8
      vertex 51.3916 96.9527 -4.8
    endloop
  endfacet
  facet normal -0 0 -1
    outer loop
      vertex 46.7857 99.0562 -4.8
      vertex 0 96.1 -4.8
      vertex 46.7857 100.944 -4.8
    endloop
  endfacet
  facet normal -0 0 -1
    outer loop
      vertex 47.8062 97.4682 -4.8
      vertex 0 96.1 -4.8
      vertex 46.7857 99.0562 -4.8
    endloop
  endfacet
  facet normal -0 0 -1
    outer loop
      vertex 49.5232 96.6841 -4.8
      vertex 0 96.1 -4.8
      vertex 47.8062 97.4682 -4.8
    endloop
  endfacet
  facet normal 0 0 -1
    outer loop
      vertex 0 96.1 -4.8
      vertex 49.5232 96.6841 -4.8
      vertex 55 96.1 -4.8
    endloop
  endfacet
  facet normal 0 0 -1
    outer loop
      vertex 52.8182 101.811 -4.8
      vertex 55 103.9 -4.8
      vertex 53.35 100 -4.8
    endloop
  endfacet
  facet normal 0 0 -1
    outer loop
      vertex 51.3916 103.047 -4.8
      vertex 55 103.9 -4.8
      vertex 52.8182 101.811 -4.8
    endloop
  endfacet
  facet normal 0 0 -1
    outer loop
      vertex 49.5232 103.316 -4.8
      vertex 55 103.9 -4.8
      vertex 51.3916 103.047 -4.8
    endloop
  endfacet
  facet normal 0 0 -1
    outer loop
      vertex 0 103.9 -4.8
      vertex 46.7857 100.944 -4.8
      vertex 0 96.1 -4.8
    endloop
  endfacet
  facet normal 0 0 -1
    outer loop
      vertex 46.7857 100.944 -4.8
      vertex 0 103.9 -4.8
      vertex 47.8062 102.532 -4.8
    endloop
  endfacet
  facet normal 0 0 -1
    outer loop
      vertex 49.5232 103.316 -4.8
      vertex 0 103.9 -4.8
      vertex 55 103.9 -4.8
    endloop
  endfacet
  facet normal 0 0 -1
    outer loop
      vertex 47.8062 102.532 -4.8
      vertex 0 103.9 -4.8
      vertex 49.5232 103.316 -4.8
    endloop
  endfacet
  facet normal 0 1 -0
    outer loop
      vertex 55 103.9 -4.8
      vertex 0 103.9 0
      vertex 55 103.9 0
    endloop
  endfacet
  facet normal 0 1 0
    outer loop
      vertex 0 103.9 0
      vertex 55 103.9 -4.8
      vertex 0 103.9 -4.8
    endloop
  endfacet
  facet normal 0 -1 0
    outer loop
      vertex 0 96.1 -4.8
      vertex 55 96.1 0
      vertex 0 96.1 0
    endloop
  endfacet
  facet normal 0 -1 -0
    outer loop
      vertex 55 96.1 0
      vertex 0 96.1 -4.8
      vertex 55 96.1 -4.8
    endloop
  endfacet
  facet normal -0.951048 -0.309043 0
    outer loop
      vertex 69.6608 104.179 5
      vertex 68.3623 108.175 5.2
      vertex 68.3623 108.175 5
    endloop
  endfacet
  facet normal -0.951048 -0.309043 0
    outer loop
      vertex 68.3623 108.175 5.2
      vertex 69.6608 104.179 5
      vertex 69.6608 104.179 5.2
    endloop
  endfacet
  facet normal -0.994523 -0.104521 0
    outer loop
      vertex 70.1 100 5
      vertex 69.6608 104.179 5.2
      vertex 69.6608 104.179 5
    endloop
  endfacet
  facet normal -0.994523 -0.104521 0
    outer loop
      vertex 69.6608 104.179 5.2
      vertex 70.1 100 5
      vertex 70.1 100 5.2
    endloop
  endfacet
  facet normal -0.866013 -0.500022 0
    outer loop
      vertex 68.3623 108.175 5
      vertex 66.2612 111.814 5.2
      vertex 66.2612 111.814 5
    endloop
  endfacet
  facet normal -0.866013 -0.500022 0
    outer loop
      vertex 66.2612 111.814 5.2
      vertex 68.3623 108.175 5
      vertex 68.3623 108.175 5.2
    endloop
  endfacet
  facet normal -0.951057 0.309015 0
    outer loop
      vertex 68.3623 91.8246 5
      vertex 69.6608 95.821 5.2
      vertex 69.6608 95.821 5
    endloop
  endfacet
  facet normal -0.951057 0.309015 0
    outer loop
      vertex 69.6608 95.821 5.2
      vertex 68.3623 91.8246 5
      vertex 68.3623 91.8246 5.2
    endloop
  endfacet
  facet normal -0.743402 -0.668845 0
    outer loop
      vertex 66.2612 111.814 5
      vertex 65.644 112.5 5.2
      vertex 65.644 112.5 5
    endloop
  endfacet
  facet normal -0.743402 -0.668845 0
    outer loop
      vertex 65.644 112.5 5.2
      vertex 66.2612 111.814 5
      vertex 66.2612 111.814 5.2
    endloop
  endfacet
  facet normal 0.743402 -0.668845 0
    outer loop
      vertex 33.7388 111.814 5.2
      vertex 34.356 112.5 5
      vertex 34.356 112.5 5.2
    endloop
  endfacet
  facet normal 0.743402 -0.668845 0
    outer loop
      vertex 34.356 112.5 5
      vertex 33.7388 111.814 5.2
      vertex 33.7388 111.814 5
    endloop
  endfacet
  facet normal -0.994523 0.104521 0
    outer loop
      vertex 69.6608 95.821 5
      vertex 70.1 100 5.2
      vertex 70.1 100 5
    endloop
  endfacet
  facet normal -0.994523 0.104521 0
    outer loop
      vertex 70.1 100 5.2
      vertex 69.6608 95.821 5
      vertex 69.6608 95.821 5.2
    endloop
  endfacet
  facet normal 0.866019 0.500012 0
    outer loop
      vertex 33.7388 88.1855 5.2
      vertex 31.6377 91.8246 5
      vertex 31.6377 91.8246 5.2
    endloop
  endfacet
  facet normal 0.866019 0.500012 0
    outer loop
      vertex 31.6377 91.8246 5
      vertex 33.7388 88.1855 5.2
      vertex 33.7388 88.1855 5
    endloop
  endfacet
  facet normal 0.866013 -0.500022 0
    outer loop
      vertex 31.6377 108.175 5.2
      vertex 33.7388 111.814 5
      vertex 33.7388 111.814 5.2
    endloop
  endfacet
  facet normal 0.866013 -0.500022 0
    outer loop
      vertex 33.7388 111.814 5
      vertex 31.6377 108.175 5.2
      vertex 31.6377 108.175 5
    endloop
  endfacet
  facet normal 0.951048 -0.309043 0
    outer loop
      vertex 30.3392 104.179 5.2
      vertex 31.6377 108.175 5
      vertex 31.6377 108.175 5.2
    endloop
  endfacet
  facet normal 0.951048 -0.309043 0
    outer loop
      vertex 31.6377 108.175 5
      vertex 30.3392 104.179 5.2
      vertex 30.3392 104.179 5
    endloop
  endfacet
  facet normal -0.866019 0.500012 0
    outer loop
      vertex 66.2612 88.1855 5
      vertex 68.3623 91.8246 5.2
      vertex 68.3623 91.8246 5
    endloop
  endfacet
  facet normal -0.866019 0.500012 0
    outer loop
      vertex 68.3623 91.8246 5.2
      vertex 66.2612 88.1855 5
      vertex 66.2612 88.1855 5.2
    endloop
  endfacet
  facet normal 0.994523 -0.104521 0
    outer loop
      vertex 29.9 100 5.2
      vertex 30.3392 104.179 5
      vertex 30.3392 104.179 5.2
    endloop
  endfacet
  facet normal 0.994523 -0.104521 0
    outer loop
      vertex 30.3392 104.179 5
      vertex 29.9 100 5.2
      vertex 29.9 100 5
    endloop
  endfacet
  facet normal -0.743159 0.669114 0
    outer loop
      vertex 65.644 87.5 5
      vertex 66.2612 88.1855 5.2
      vertex 66.2612 88.1855 5
    endloop
  endfacet
  facet normal -0.743159 0.669114 0
    outer loop
      vertex 66.2612 88.1855 5.2
      vertex 65.644 87.5 5
      vertex 65.644 87.5 5.2
    endloop
  endfacet
  facet normal 0.951057 0.309015 0
    outer loop
      vertex 31.6377 91.8246 5.2
      vertex 30.3392 95.821 5
      vertex 30.3392 95.821 5.2
    endloop
  endfacet
  facet normal 0.951057 0.309015 0
    outer loop
      vertex 30.3392 95.821 5
      vertex 31.6377 91.8246 5.2
      vertex 31.6377 91.8246 5
    endloop
  endfacet
  facet normal 0.743159 0.669114 0
    outer loop
      vertex 34.356 87.5 5.2
      vertex 33.7388 88.1855 5
      vertex 33.7388 88.1855 5.2
    endloop
  endfacet
  facet normal 0.743159 0.669114 0
    outer loop
      vertex 33.7388 88.1855 5
      vertex 34.356 87.5 5.2
      vertex 34.356 87.5 5
    endloop
  endfacet
  facet normal 0 0 1
    outer loop
      vertex 54.9 100 5
      vertex 70.1 100 5
      vertex 69.6608 104.179 5
    endloop
  endfacet
  facet normal 0 0 1
    outer loop
      vertex 54.527 101.875 5
      vertex 69.6608 104.179 5
      vertex 68.3623 108.175 5
    endloop
  endfacet
  facet normal 0 0 1
    outer loop
      vertex 70.1 100 5
      vertex 54.9 100 5
      vertex 69.6608 95.821 5
    endloop
  endfacet
  facet normal 0 0 1
    outer loop
      vertex 54.527 101.875 5
      vertex 68.3623 108.175 5
      vertex 66.2612 111.814 5
    endloop
  endfacet
  facet normal -0 0 1
    outer loop
      vertex 54.527 98.1248 5
      vertex 69.6608 95.821 5
      vertex 54.9 100 5
    endloop
  endfacet
  facet normal 0 0 1
    outer loop
      vertex 53.4648 103.465 5
      vertex 66.2612 111.814 5
      vertex 65.644 112.5 5
    endloop
  endfacet
  facet normal 0 0 1
    outer loop
      vertex 69.6608 95.821 5
      vertex 54.527 98.1248 5
      vertex 68.3623 91.8246 5
    endloop
  endfacet
  facet normal 0 0 1
    outer loop
      vertex 68.3623 91.8246 5
      vertex 54.527 98.1248 5
      vertex 66.2612 88.1855 5
    endloop
  endfacet
  facet normal 0 0 1
    outer loop
      vertex 69.6608 104.179 5
      vertex 54.527 101.875 5
      vertex 54.9 100 5
    endloop
  endfacet
  facet normal 0 0 1
    outer loop
      vertex 66.2612 111.814 5
      vertex 53.4648 103.465 5
      vertex 54.527 101.875 5
    endloop
  endfacet
  facet normal 0 0 1
    outer loop
      vertex 65.644 112.5 5
      vertex 51.8751 104.527 5
      vertex 53.4648 103.465 5
    endloop
  endfacet
  facet normal 0 0 1
    outer loop
      vertex 65.644 112.5 5
      vertex 50 104.9 5
      vertex 51.8751 104.527 5
    endloop
  endfacet
  facet normal -0 0 1
    outer loop
      vertex 34.356 112.5 5
      vertex 50 104.9 5
      vertex 65.644 112.5 5
    endloop
  endfacet
  facet normal 0 0 1
    outer loop
      vertex 46.5352 103.465 5
      vertex 33.7388 111.814 5
      vertex 45.473 101.875 5
    endloop
  endfacet
  facet normal -0 0 1
    outer loop
      vertex 33.7388 111.814 5
      vertex 46.5352 103.465 5
      vertex 34.356 112.5 5
    endloop
  endfacet
  facet normal 0 0 1
    outer loop
      vertex 48.1249 104.527 5
      vertex 34.356 112.5 5
      vertex 46.5352 103.465 5
    endloop
  endfacet
  facet normal 0 0 1
    outer loop
      vertex 50 104.9 5
      vertex 34.356 112.5 5
      vertex 48.1249 104.527 5
    endloop
  endfacet
  facet normal -0 0 1
    outer loop
      vertex 53.4648 96.5352 5
      vertex 66.2612 88.1855 5
      vertex 54.527 98.1248 5
    endloop
  endfacet
  facet normal 0 0 1
    outer loop
      vertex 66.2612 88.1855 5
      vertex 53.4648 96.5352 5
      vertex 65.644 87.5 5
    endloop
  endfacet
  facet normal -0 0 1
    outer loop
      vertex 51.8751 95.473 5
      vertex 65.644 87.5 5
      vertex 53.4648 96.5352 5
    endloop
  endfacet
  facet normal -0 0 1
    outer loop
      vertex 50 95.1 5
      vertex 65.644 87.5 5
      vertex 51.8751 95.473 5
    endloop
  endfacet
  facet normal 0 0 1
    outer loop
      vertex 34.356 87.5 5
      vertex 50 95.1 5
      vertex 48.1249 95.473 5
    endloop
  endfacet
  facet normal -0 0 1
    outer loop
      vertex 31.6377 108.175 5
      vertex 45.473 101.875 5
      vertex 33.7388 111.814 5
    endloop
  endfacet
  facet normal -0 0 1
    outer loop
      vertex 30.3392 104.179 5
      vertex 45.473 101.875 5
      vertex 31.6377 108.175 5
    endloop
  endfacet
  facet normal 0 0 1
    outer loop
      vertex 50 95.1 5
      vertex 34.356 87.5 5
      vertex 65.644 87.5 5
    endloop
  endfacet
  facet normal 0 0 1
    outer loop
      vertex 46.5352 96.5352 5
      vertex 34.356 87.5 5
      vertex 48.1249 95.473 5
    endloop
  endfacet
  facet normal 0 0 1
    outer loop
      vertex 45.473 101.875 5
      vertex 30.3392 104.179 5
      vertex 45.1 100 5
    endloop
  endfacet
  facet normal 0 0 1
    outer loop
      vertex 29.9 100 5
      vertex 45.1 100 5
      vertex 30.3392 104.179 5
    endloop
  endfacet
  facet normal 0 -0 1
    outer loop
      vertex 30.3392 95.821 5
      vertex 45.1 100 5
      vertex 29.9 100 5
    endloop
  endfacet
  facet normal 0 0 1
    outer loop
      vertex 45.1 100 5
      vertex 30.3392 95.821 5
      vertex 45.473 98.1248 5
    endloop
  endfacet
  facet normal 0 0 1
    outer loop
      vertex 46.5352 96.5352 5
      vertex 33.7388 88.1855 5
      vertex 34.356 87.5 5
    endloop
  endfacet
  facet normal 0 -0 1
    outer loop
      vertex 33.7388 88.1855 5
      vertex 45.473 98.1248 5
      vertex 31.6377 91.8246 5
    endloop
  endfacet
  facet normal 0 0 1
    outer loop
      vertex 45.473 98.1248 5
      vertex 33.7388 88.1855 5
      vertex 46.5352 96.5352 5
    endloop
  endfacet
  facet normal 0 -0 1
    outer loop
      vertex 31.6377 91.8246 5
      vertex 45.473 98.1248 5
      vertex 30.3392 95.821 5
    endloop
  endfacet
  facet normal 0.994523 0.104521 0
    outer loop
      vertex 30.3392 95.821 5.2
      vertex 29.9 100 5
      vertex 29.9 100 5.2
    endloop
  endfacet
  facet normal 0.994523 0.104521 0
    outer loop
      vertex 29.9 100 5
      vertex 30.3392 95.821 5.2
      vertex 30.3392 95.821 5
    endloop
  endfacet
  facet normal -0.705159 -0.07411 -0.705166
    outer loop
      vertex 70.1 100 5.2
      vertex 65.2824 100.167 10
      vertex 69.6608 104.179 5.2
    endloop
  endfacet
  facet normal -0.705151 -0.0743154 -0.705151
    outer loop
      vertex 65.2824 100.167 10
      vertex 70.1 100 5.2
      vertex 65.3 100 10
    endloop
  endfacet
  facet normal 0.614048 0.354522 -0.705166
    outer loop
      vertex 36.0228 93.7769 10
      vertex 37.538 91.1525 10
      vertex 31.6377 91.8246 5.2
    endloop
  endfacet
  facet normal -0.416769 -0.573592 -0.705192
    outer loop
      vertex 61.2551 112.5 8.47959
      vertex 60.2377 111.37 10
      vertex 58.6825 112.5 10
    endloop
  endfacet
  facet normal 0.527074 -0.474367 -0.705102
    outer loop
      vertex 37.622 108.993 10
      vertex 37.0464 112.5 7.21035
      vertex 37.7345 109.118 10
    endloop
  endfacet
  facet normal 0.526978 -0.474415 -0.705142
    outer loop
      vertex 33.7388 111.814 5.2
      vertex 37.0464 112.5 7.21035
      vertex 37.622 108.993 10
    endloop
  endfacet
  facet normal 0.527013 -0.474158 -0.705288
    outer loop
      vertex 37.0464 112.5 7.21035
      vertex 33.7388 111.814 5.2
      vertex 34.356 112.5 5.2
    endloop
  endfacet
  facet normal 0.526894 -0.474438 -0.705189
    outer loop
      vertex 37.7345 109.118 10
      vertex 38.7449 112.5 8.47959
      vertex 39.7623 111.37 10
    endloop
  endfacet
  facet normal 0.526941 -0.474437 -0.705154
    outer loop
      vertex 38.7449 112.5 8.47959
      vertex 37.7345 109.118 10
      vertex 37.0464 112.5 7.21035
    endloop
  endfacet
  facet normal 0.526808 0.474507 -0.705207
    outer loop
      vertex 37.0464 87.5 7.21035
      vertex 37.622 91.0069 10
      vertex 37.7345 90.882 10
    endloop
  endfacet
  facet normal 0.526927 0.474426 -0.705172
    outer loop
      vertex 33.7388 88.1855 5.2
      vertex 37.0464 87.5 7.21035
      vertex 34.356 87.5 5.2
    endloop
  endfacet
  facet normal 0.526923 0.47445 -0.705159
    outer loop
      vertex 37.0464 87.5 7.21035
      vertex 33.7388 88.1855 5.2
      vertex 37.622 91.0069 10
    endloop
  endfacet
  facet normal -0.705156 0.074227 -0.705156
    outer loop
      vertex 70.1 100 5.2
      vertex 65.2824 99.8328 10
      vertex 65.3 100 10
    endloop
  endfacet
  facet normal -0.70516 0.0741102 -0.705164
    outer loop
      vertex 65.2824 99.8328 10
      vertex 70.1 100 5.2
      vertex 69.6608 95.821 5.2
    endloop
  endfacet
  facet normal 0.674337 0.219109 -0.705167
    outer loop
      vertex 35.0863 96.6591 10
      vertex 36.0228 93.7769 10
      vertex 31.6377 91.8246 5.2
    endloop
  endfacet
  facet normal 0.705151 -0.0743154 -0.705151
    outer loop
      vertex 29.9 100 5.2
      vertex 34.7176 100.167 10
      vertex 34.7 100 10
    endloop
  endfacet
  facet normal 0.705159 -0.07411 -0.705166
    outer loop
      vertex 34.7176 100.167 10
      vertex 29.9 100 5.2
      vertex 30.3392 104.179 5.2
    endloop
  endfacet
  facet normal 0.674338 -0.219125 -0.705161
    outer loop
      vertex 36.0228 106.223 10
      vertex 35.0863 103.341 10
      vertex 31.6377 108.175 5.2
    endloop
  endfacet
  facet normal -0.526927 0.474426 -0.705172
    outer loop
      vertex 62.9536 87.5 7.21035
      vertex 66.2612 88.1855 5.2
      vertex 65.644 87.5 5.2
    endloop
  endfacet
  facet normal -0.526923 0.47445 -0.705159
    outer loop
      vertex 62.9536 87.5 7.21035
      vertex 62.378 91.0069 10
      vertex 66.2612 88.1855 5.2
    endloop
  endfacet
  facet normal -0.526808 0.474507 -0.705207
    outer loop
      vertex 62.378 91.0069 10
      vertex 62.9536 87.5 7.21035
      vertex 62.2655 90.882 10
    endloop
  endfacet
  facet normal -0.614048 0.354522 -0.705166
    outer loop
      vertex 63.9772 93.7769 10
      vertex 68.3623 91.8246 5.2
      vertex 62.462 91.1525 10
    endloop
  endfacet
  facet normal 0.416769 -0.573592 -0.705192
    outer loop
      vertex 41.3175 112.5 10
      vertex 39.7623 111.37 10
      vertex 38.7449 112.5 8.47959
    endloop
  endfacet
  facet normal 0.614179 0.354334 -0.705146
    outer loop
      vertex 33.7388 88.1855 5.2
      vertex 37.538 91.1525 10
      vertex 37.622 91.0069 10
    endloop
  endfacet
  facet normal 0.614047 0.354531 -0.705163
    outer loop
      vertex 37.538 91.1525 10
      vertex 33.7388 88.1855 5.2
      vertex 31.6377 91.8246 5.2
    endloop
  endfacet
  facet normal 0.6135 -0.355407 -0.705197
    outer loop
      vertex 37.538 108.848 10
      vertex 33.7388 111.814 5.2
      vertex 37.622 108.993 10
    endloop
  endfacet
  facet normal 0.614074 -0.354556 -0.705126
    outer loop
      vertex 33.7388 111.814 5.2
      vertex 37.538 108.848 10
      vertex 31.6377 108.175 5.2
    endloop
  endfacet
  facet normal 0.526916 0.474437 -0.705173
    outer loop
      vertex 38.7449 87.5 8.47959
      vertex 37.7345 90.882 10
      vertex 39.7623 88.6299 10
    endloop
  endfacet
  facet normal 0.526941 0.474437 -0.705154
    outer loop
      vertex 37.7345 90.882 10
      vertex 38.7449 87.5 8.47959
      vertex 37.0464 87.5 7.21035
    endloop
  endfacet
  facet normal -0.614047 0.354531 -0.705163
    outer loop
      vertex 66.2612 88.1855 5.2
      vertex 62.462 91.1525 10
      vertex 68.3623 91.8246 5.2
    endloop
  endfacet
  facet normal -0.614179 0.354334 -0.705146
    outer loop
      vertex 62.462 91.1525 10
      vertex 66.2612 88.1855 5.2
      vertex 62.378 91.0069 10
    endloop
  endfacet
  facet normal 0.61409 -0.354464 -0.705158
    outer loop
      vertex 37.538 108.848 10
      vertex 36.0228 106.223 10
      vertex 31.6377 108.175 5.2
    endloop
  endfacet
  facet normal 0.416757 0.573626 -0.705171
    outer loop
      vertex 39.7623 88.6299 10
      vertex 41.3175 87.5 10
      vertex 38.7449 87.5 8.47959
    endloop
  endfacet
  facet normal -0.67433 -0.219157 -0.705159
    outer loop
      vertex 64.9137 103.341 10
      vertex 69.6608 104.179 5.2
      vertex 64.9657 103.181 10
    endloop
  endfacet
  facet normal -0.674338 -0.219126 -0.705161
    outer loop
      vertex 69.6608 104.179 5.2
      vertex 64.9137 103.341 10
      vertex 68.3623 108.175 5.2
    endloop
  endfacet
  facet normal -0.527013 -0.474158 -0.705288
    outer loop
      vertex 66.2612 111.814 5.2
      vertex 62.9536 112.5 7.21035
      vertex 65.644 112.5 5.2
    endloop
  endfacet
  facet normal -0.526978 -0.474415 -0.705142
    outer loop
      vertex 62.378 108.993 10
      vertex 62.9536 112.5 7.21035
      vertex 66.2612 111.814 5.2
    endloop
  endfacet
  facet normal -0.527074 -0.474367 -0.705102
    outer loop
      vertex 62.9536 112.5 7.21035
      vertex 62.378 108.993 10
      vertex 62.2655 109.118 10
    endloop
  endfacet
  facet normal -0.526941 -0.474437 -0.705154
    outer loop
      vertex 62.2655 109.118 10
      vertex 61.2551 112.5 8.47959
      vertex 62.9536 112.5 7.21035
    endloop
  endfacet
  facet normal -0.526894 -0.474438 -0.705189
    outer loop
      vertex 61.2551 112.5 8.47959
      vertex 62.2655 109.118 10
      vertex 60.2377 111.37 10
    endloop
  endfacet
  facet normal -0.67434 0.219105 -0.705165
    outer loop
      vertex 64.9137 96.6591 10
      vertex 69.6608 95.821 5.2
      vertex 68.3623 91.8246 5.2
    endloop
  endfacet
  facet normal -0.674296 0.219283 -0.705152
    outer loop
      vertex 69.6608 95.821 5.2
      vertex 64.9137 96.6591 10
      vertex 64.9657 96.819 10
    endloop
  endfacet
  facet normal -0.705165 0.074101 -0.705161
    outer loop
      vertex 65.2824 99.8328 10
      vertex 69.6608 95.821 5.2
      vertex 64.9657 96.819 10
    endloop
  endfacet
  facet normal 0.705166 -0.0740962 -0.705161
    outer loop
      vertex 35.0343 103.181 10
      vertex 34.7176 100.167 10
      vertex 30.3392 104.179 5.2
    endloop
  endfacet
  facet normal 0.67434 0.219105 -0.705165
    outer loop
      vertex 30.3392 95.821 5.2
      vertex 35.0863 96.6591 10
      vertex 31.6377 91.8246 5.2
    endloop
  endfacet
  facet normal 0.674296 0.219283 -0.705152
    outer loop
      vertex 35.0863 96.6591 10
      vertex 30.3392 95.821 5.2
      vertex 35.0343 96.819 10
    endloop
  endfacet
  facet normal -0.61409 -0.354464 -0.705158
    outer loop
      vertex 68.3623 108.175 5.2
      vertex 63.9772 106.223 10
      vertex 62.462 108.848 10
    endloop
  endfacet
  facet normal 0.67433 -0.219157 -0.705159
    outer loop
      vertex 30.3392 104.179 5.2
      vertex 35.0863 103.341 10
      vertex 35.0343 103.181 10
    endloop
  endfacet
  facet normal 0.674338 -0.219126 -0.705161
    outer loop
      vertex 35.0863 103.341 10
      vertex 30.3392 104.179 5.2
      vertex 31.6377 108.175 5.2
    endloop
  endfacet
  facet normal 0.705165 0.074101 -0.705161
    outer loop
      vertex 34.7176 99.8328 10
      vertex 35.0343 96.819 10
      vertex 30.3392 95.821 5.2
    endloop
  endfacet
  facet normal 0.705156 0.074227 -0.705156
    outer loop
      vertex 34.7176 99.8328 10
      vertex 29.9 100 5.2
      vertex 34.7 100 10
    endloop
  endfacet
  facet normal 0.70516 0.0741102 -0.705164
    outer loop
      vertex 29.9 100 5.2
      vertex 34.7176 99.8328 10
      vertex 30.3392 95.821 5.2
    endloop
  endfacet
  facet normal -0.614074 -0.354556 -0.705126
    outer loop
      vertex 62.462 108.848 10
      vertex 66.2612 111.814 5.2
      vertex 68.3623 108.175 5.2
    endloop
  endfacet
  facet normal -0.6135 -0.355407 -0.705197
    outer loop
      vertex 66.2612 111.814 5.2
      vertex 62.462 108.848 10
      vertex 62.378 108.993 10
    endloop
  endfacet
  facet normal -0.674338 -0.219125 -0.705161
    outer loop
      vertex 68.3623 108.175 5.2
      vertex 64.9137 103.341 10
      vertex 63.9772 106.223 10
    endloop
  endfacet
  facet normal -0.705166 -0.0740962 -0.705161
    outer loop
      vertex 69.6608 104.179 5.2
      vertex 65.2824 100.167 10
      vertex 64.9657 103.181 10
    endloop
  endfacet
  facet normal -0.526941 0.474437 -0.705154
    outer loop
      vertex 61.2551 87.5 8.47959
      vertex 62.2655 90.882 10
      vertex 62.9536 87.5 7.21035
    endloop
  endfacet
  facet normal -0.526916 0.474437 -0.705173
    outer loop
      vertex 62.2655 90.882 10
      vertex 61.2551 87.5 8.47959
      vertex 60.2377 88.6299 10
    endloop
  endfacet
  facet normal -0.674337 0.219109 -0.705167
    outer loop
      vertex 64.9137 96.6591 10
      vertex 68.3623 91.8246 5.2
      vertex 63.9772 93.7769 10
    endloop
  endfacet
  facet normal -0.416757 0.573626 -0.705171
    outer loop
      vertex 60.2377 88.6299 10
      vertex 61.2551 87.5 8.47959
      vertex 58.6825 87.5 10
    endloop
  endfacet
  facet normal 0.997135 0.0756461 0
    outer loop
      vertex 112.158 86.2288 5
      vertex 112.12 86.7297 0
      vertex 112.12 86.7297 5
    endloop
  endfacet
  facet normal 0.997135 0.0756461 0
    outer loop
      vertex 112.12 86.7297 0
      vertex 112.158 86.2288 5
      vertex 112.158 86.2288 0
    endloop
  endfacet
  facet normal -0.313105 -0.949719 0
    outer loop
      vertex 104.733 82.4863 0
      vertex 106.586 81.8754 5
      vertex 104.733 82.4863 5
    endloop
  endfacet
  facet normal -0.313105 -0.949719 -0
    outer loop
      vertex 106.586 81.8754 5
      vertex 104.733 82.4863 0
      vertex 106.586 81.8754 0
    endloop
  endfacet
  facet normal 0.0741399 -0.997248 0
    outer loop
      vertex 106.586 81.8754 0
      vertex 108.531 82.02 5
      vertex 106.586 81.8754 5
    endloop
  endfacet
  facet normal 0.0741399 -0.997248 0
    outer loop
      vertex 108.531 82.02 5
      vertex 106.586 81.8754 0
      vertex 108.531 82.02 0
    endloop
  endfacet
  facet normal 0.450123 -0.892967 0
    outer loop
      vertex 108.531 82.02 0
      vertex 110.273 82.8981 5
      vertex 108.531 82.02 5
    endloop
  endfacet
  facet normal 0.450123 -0.892967 0
    outer loop
      vertex 110.273 82.8981 5
      vertex 108.531 82.02 0
      vertex 110.273 82.8981 0
    endloop
  endfacet
  facet normal 0.757423 -0.652924 0
    outer loop
      vertex 110.273 82.8981 5
      vertex 111.547 84.376 0
      vertex 111.547 84.376 5
    endloop
  endfacet
  facet normal 0.757423 -0.652924 0
    outer loop
      vertex 111.547 84.376 0
      vertex 110.273 82.8981 5
      vertex 110.273 82.8981 0
    endloop
  endfacet
  facet normal -0.945946 0.324324 0
    outer loop
      vertex 102.232 87.4475 0
      vertex 102.25 87.5 5
      vertex 102.25 87.5 0
    endloop
  endfacet
  facet normal -0.945946 0.324324 0
    outer loop
      vertex 102.25 87.5 5
      vertex 102.232 87.4475 0
      vertex 102.232 87.4475 5
    endloop
  endfacet
  facet normal 0.949693 -0.313181 0
    outer loop
      vertex 111.547 84.376 5
      vertex 112.158 86.2288 0
      vertex 112.158 86.2288 5
    endloop
  endfacet
  facet normal 0.949693 -0.313181 0
    outer loop
      vertex 112.158 86.2288 0
      vertex 111.547 84.376 5
      vertex 111.547 84.376 0
    endloop
  endfacet
  facet normal -0.892998 -0.450061 0
    outer loop
      vertex 103.255 83.7598 0
      vertex 102.377 85.5019 5
      vertex 102.377 85.5019 0
    endloop
  endfacet
  facet normal -0.892998 -0.450061 0
    outer loop
      vertex 102.377 85.5019 5
      vertex 103.255 83.7598 0
      vertex 103.255 83.7598 5
    endloop
  endfacet
  facet normal -0.997234 -0.074321 0
    outer loop
      vertex 102.377 85.5019 0
      vertex 102.232 87.4475 5
      vertex 102.232 87.4475 0
    endloop
  endfacet
  facet normal -0.997234 -0.074321 0
    outer loop
      vertex 102.232 87.4475 5
      vertex 102.377 85.5019 0
      vertex 102.377 85.5019 5
    endloop
  endfacet
  facet normal -0.652752 -0.757572 0
    outer loop
      vertex 103.255 83.7598 0
      vertex 104.733 82.4863 5
      vertex 103.255 83.7598 5
    endloop
  endfacet
  facet normal -0.652752 -0.757572 -0
    outer loop
      vertex 104.733 82.4863 5
      vertex 103.255 83.7598 0
      vertex 104.733 82.4863 0
    endloop
  endfacet
  facet normal 0.996499 0.0836056 0
    outer loop
      vertex 112.274 87.208 5
      vertex 112.232 87.7086 0
      vertex 112.232 87.7086 5
    endloop
  endfacet
  facet normal 0.996499 0.0836056 0
    outer loop
      vertex 112.232 87.7086 0
      vertex 112.274 87.208 5
      vertex 112.274 87.208 0
    endloop
  endfacet
  facet normal 0.951877 -0.306479 0
    outer loop
      vertex 112.12 86.7297 5
      vertex 112.274 87.208 0
      vertex 112.274 87.208 5
    endloop
  endfacet
  facet normal 0.951877 -0.306479 0
    outer loop
      vertex 112.274 87.208 0
      vertex 112.12 86.7297 5
      vertex 112.12 86.7297 0
    endloop
  endfacet
  facet normal 0.995798 0.0915768 0
    outer loop
      vertex 112.381 88.1883 5
      vertex 112.335 88.6885 0
      vertex 112.335 88.6885 5
    endloop
  endfacet
  facet normal 0.995798 0.0915768 0
    outer loop
      vertex 112.335 88.6885 0
      vertex 112.381 88.1883 5
      vertex 112.381 88.1883 0
    endloop
  endfacet
  facet normal 0.954992 -0.296631 0
    outer loop
      vertex 112.232 87.7086 5
      vertex 112.381 88.1883 0
      vertex 112.381 88.1883 5
    endloop
  endfacet
  facet normal 0.954992 -0.296631 0
    outer loop
      vertex 112.381 88.1883 0
      vertex 112.232 87.7086 5
      vertex 112.232 87.7086 0
    endloop
  endfacet
  facet normal 0.994834 0.101514 0
    outer loop
      vertex 112.48 89.1694 5
      vertex 112.429 89.6692 0
      vertex 112.429 89.6692 5
    endloop
  endfacet
  facet normal 0.994834 0.101514 0
    outer loop
      vertex 112.429 89.6692 0
      vertex 112.48 89.1694 5
      vertex 112.48 89.1694 0
    endloop
  endfacet
  facet normal 0.957425 -0.288681 0
    outer loop
      vertex 112.335 88.6885 5
      vertex 112.48 89.1694 0
      vertex 112.48 89.1694 5
    endloop
  endfacet
  facet normal 0.957425 -0.288681 0
    outer loop
      vertex 112.48 89.1694 0
      vertex 112.335 88.6885 5
      vertex 112.335 88.6885 0
    endloop
  endfacet
  facet normal 0.993988 0.109492 0
    outer loop
      vertex 112.57 90.1514 5
      vertex 112.515 90.6507 0
      vertex 112.515 90.6507 5
    endloop
  endfacet
  facet normal 0.993988 0.109492 0
    outer loop
      vertex 112.515 90.6507 0
      vertex 112.57 90.1514 5
      vertex 112.57 90.1514 0
    endloop
  endfacet
  facet normal 0.959808 -0.280657 0
    outer loop
      vertex 112.429 89.6692 5
      vertex 112.57 90.1514 0
      vertex 112.57 90.1514 5
    endloop
  endfacet
  facet normal 0.959808 -0.280657 0
    outer loop
      vertex 112.57 90.1514 0
      vertex 112.429 89.6692 5
      vertex 112.429 89.6692 0
    endloop
  endfacet
  facet normal 0.993077 0.117465 0
    outer loop
      vertex 112.652 91.1341 5
      vertex 112.593 91.6329 0
      vertex 112.593 91.6329 5
    endloop
  endfacet
  facet normal 0.993077 0.117465 0
    outer loop
      vertex 112.593 91.6329 0
      vertex 112.652 91.1341 5
      vertex 112.652 91.1341 0
    endloop
  endfacet
  facet normal 0.962108 -0.27267 0
    outer loop
      vertex 112.515 90.6507 5
      vertex 112.652 91.1341 0
      vertex 112.652 91.1341 5
    endloop
  endfacet
  facet normal 0.962108 -0.27267 0
    outer loop
      vertex 112.652 91.1341 0
      vertex 112.515 90.6507 5
      vertex 112.515 90.6507 0
    endloop
  endfacet
  facet normal 0.991853 0.12739 0
    outer loop
      vertex 112.725 92.1175 5
      vertex 112.661 92.6158 0
      vertex 112.661 92.6158 5
    endloop
  endfacet
  facet normal 0.991853 0.12739 0
    outer loop
      vertex 112.661 92.6158 0
      vertex 112.725 92.1175 5
      vertex 112.725 92.1175 0
    endloop
  endfacet
  facet normal 0.964846 -0.262814 0
    outer loop
      vertex 112.593 91.6329 5
      vertex 112.725 92.1175 0
      vertex 112.725 92.1175 5
    endloop
  endfacet
  facet normal 0.964846 -0.262814 0
    outer loop
      vertex 112.725 92.1175 0
      vertex 112.593 91.6329 5
      vertex 112.593 91.6329 0
    endloop
  endfacet
  facet normal 0.990795 0.135371 0
    outer loop
      vertex 112.789 93.1015 5
      vertex 112.721 93.5992 0
      vertex 112.721 93.5992 5
    endloop
  endfacet
  facet normal 0.990795 0.135371 0
    outer loop
      vertex 112.721 93.5992 0
      vertex 112.789 93.1015 5
      vertex 112.789 93.1015 0
    endloop
  endfacet
  facet normal 0.966984 -0.254836 0
    outer loop
      vertex 112.661 92.6158 5
      vertex 112.789 93.1015 0
      vertex 112.789 93.1015 5
    endloop
  endfacet
  facet normal 0.966984 -0.254836 0
    outer loop
      vertex 112.789 93.1015 0
      vertex 112.661 92.6158 5
      vertex 112.661 92.6158 0
    endloop
  endfacet
  facet normal 0.989673 0.143344 0
    outer loop
      vertex 112.845 94.086 5
      vertex 112.773 94.5831 0
      vertex 112.773 94.5831 5
    endloop
  endfacet
  facet normal 0.989673 0.143344 0
    outer loop
      vertex 112.773 94.5831 0
      vertex 112.845 94.086 5
      vertex 112.845 94.086 0
    endloop
  endfacet
  facet normal 0.969056 -0.246842 0
    outer loop
      vertex 112.721 93.5992 5
      vertex 112.845 94.086 0
      vertex 112.845 94.086 5
    endloop
  endfacet
  facet normal 0.969056 -0.246842 0
    outer loop
      vertex 112.845 94.086 0
      vertex 112.721 93.5992 5
      vertex 112.721 93.5992 0
    endloop
  endfacet
  facet normal 0.988482 0.151339 0
    outer loop
      vertex 112.892 95.071 5
      vertex 112.816 95.5674 0
      vertex 112.816 95.5674 5
    endloop
  endfacet
  facet normal 0.988482 0.151339 0
    outer loop
      vertex 112.816 95.5674 0
      vertex 112.892 95.071 5
      vertex 112.892 95.071 0
    endloop
  endfacet
  facet normal 0.97152 -0.236956 0
    outer loop
      vertex 112.773 94.5831 5
      vertex 112.892 95.071 0
      vertex 112.892 95.071 5
    endloop
  endfacet
  facet normal 0.97152 -0.236956 0
    outer loop
      vertex 112.892 95.071 0
      vertex 112.773 94.5831 5
      vertex 112.773 94.5831 0
    endloop
  endfacet
  facet normal 0.986911 0.161266 0
    outer loop
      vertex 112.931 96.0564 5
      vertex 112.85 96.5521 0
      vertex 112.85 96.5521 5
    endloop
  endfacet
  facet normal 0.986911 0.161266 0
    outer loop
      vertex 112.85 96.5521 0
      vertex 112.931 96.0564 5
      vertex 112.931 96.0564 0
    endloop
  endfacet
  facet normal 0.973443 -0.228928 0
    outer loop
      vertex 112.816 95.5674 5
      vertex 112.931 96.0564 0
      vertex 112.931 96.0564 5
    endloop
  endfacet
  facet normal 0.973443 -0.228928 0
    outer loop
      vertex 112.931 96.0564 0
      vertex 112.816 95.5674 5
      vertex 112.816 95.5674 0
    endloop
  endfacet
  facet normal 0.985575 0.16924 0
    outer loop
      vertex 112.961 97.042 5
      vertex 112.876 97.537 0
      vertex 112.876 97.537 5
    endloop
  endfacet
  facet normal 0.985575 0.16924 0
    outer loop
      vertex 112.876 97.537 0
      vertex 112.961 97.042 5
      vertex 112.961 97.042 0
    endloop
  endfacet
  facet normal 0.975279 -0.220976 0
    outer loop
      vertex 112.85 96.5521 5
      vertex 112.961 97.042 0
      vertex 112.961 97.042 5
    endloop
  endfacet
  facet normal 0.975279 -0.220976 0
    outer loop
      vertex 112.961 97.042 0
      vertex 112.85 96.5521 5
      vertex 112.85 96.5521 0
    endloop
  endfacet
  facet normal 0.983819 0.179166 0
    outer loop
      vertex 112.983 98.0279 5
      vertex 112.893 98.5221 0
      vertex 112.893 98.5221 5
    endloop
  endfacet
  facet normal 0.983819 0.179166 0
    outer loop
      vertex 112.893 98.5221 0
      vertex 112.983 98.0279 5
      vertex 112.983 98.0279 0
    endloop
  endfacet
  facet normal 0.977059 -0.212967 0
    outer loop
      vertex 112.876 97.537 5
      vertex 112.983 98.0279 0
      vertex 112.983 98.0279 5
    endloop
  endfacet
  facet normal 0.977059 -0.212967 0
    outer loop
      vertex 112.983 98.0279 0
      vertex 112.876 97.537 5
      vertex 112.876 97.537 0
    endloop
  endfacet
  facet normal 0.982339 0.187112 0
    outer loop
      vertex 112.996 99.0139 5
      vertex 112.902 99.5074 0
      vertex 112.902 99.5074 5
    endloop
  endfacet
  facet normal 0.982339 0.187112 0
    outer loop
      vertex 112.902 99.5074 0
      vertex 112.996 99.0139 5
      vertex 112.996 99.0139 0
    endloop
  endfacet
  facet normal 0.978765 -0.204987 0
    outer loop
      vertex 112.893 98.5221 5
      vertex 112.996 99.0139 0
      vertex 112.996 99.0139 5
    endloop
  endfacet
  facet normal 0.978765 -0.204987 0
    outer loop
      vertex 112.996 99.0139 0
      vertex 112.893 98.5221 5
      vertex 112.893 98.5221 0
    endloop
  endfacet
  facet normal 0.98081 0.194968 0
    outer loop
      vertex 113 100 5
      vertex 112.902 100.493 0
      vertex 112.902 100.493 5
    endloop
  endfacet
  facet normal 0.98081 0.194968 0
    outer loop
      vertex 112.902 100.493 0
      vertex 113 100 5
      vertex 113 100 0
    endloop
  endfacet
  facet normal 0.980779 -0.195121 0
    outer loop
      vertex 112.902 99.5074 5
      vertex 113 100 0
      vertex 113 100 5
    endloop
  endfacet
  facet normal 0.980779 -0.195121 0
    outer loop
      vertex 113 100 0
      vertex 112.902 99.5074 5
      vertex 112.902 99.5074 0
    endloop
  endfacet
  facet normal 0.978781 0.204907 0
    outer loop
      vertex 112.996 100.986 5
      vertex 112.893 101.478 0
      vertex 112.893 101.478 5
    endloop
  endfacet
  facet normal 0.978781 0.204907 0
    outer loop
      vertex 112.893 101.478 0
      vertex 112.996 100.986 5
      vertex 112.996 100.986 0
    endloop
  endfacet
  facet normal 0.982304 -0.187295 0
    outer loop
      vertex 112.902 100.493 5
      vertex 112.996 100.986 0
      vertex 112.996 100.986 5
    endloop
  endfacet
  facet normal 0.982304 -0.187295 0
    outer loop
      vertex 112.996 100.986 0
      vertex 112.902 100.493 5
      vertex 112.902 100.493 0
    endloop
  endfacet
  facet normal 0.977068 0.212925 0
    outer loop
      vertex 112.983 101.972 5
      vertex 112.876 102.463 0
      vertex 112.876 102.463 5
    endloop
  endfacet
  facet normal 0.977068 0.212925 0
    outer loop
      vertex 112.876 102.463 0
      vertex 112.983 101.972 5
      vertex 112.983 101.972 0
    endloop
  endfacet
  facet normal 0.983806 -0.179236 0
    outer loop
      vertex 112.893 101.478 5
      vertex 112.983 101.972 0
      vertex 112.983 101.972 5
    endloop
  endfacet
  facet normal 0.983806 -0.179236 0
    outer loop
      vertex 112.983 101.972 0
      vertex 112.893 101.478 5
      vertex 112.893 101.478 0
    endloop
  endfacet
  facet normal 0.975289 0.220933 0
    outer loop
      vertex 112.961 102.958 5
      vertex 112.85 103.448 0
      vertex 112.85 103.448 5
    endloop
  endfacet
  facet normal 0.975289 0.220933 0
    outer loop
      vertex 112.85 103.448 0
      vertex 112.961 102.958 5
      vertex 112.961 102.958 0
    endloop
  endfacet
  facet normal 0.985575 -0.16924 0
    outer loop
      vertex 112.876 102.463 5
      vertex 112.961 102.958 0
      vertex 112.961 102.958 5
    endloop
  endfacet
  facet normal 0.985575 -0.16924 0
    outer loop
      vertex 112.961 102.958 0
      vertex 112.876 102.463 5
      vertex 112.876 102.463 0
    endloop
  endfacet
  facet normal 0.973443 0.228928 0
    outer loop
      vertex 112.931 103.944 5
      vertex 112.816 104.433 0
      vertex 112.816 104.433 5
    endloop
  endfacet
  facet normal 0.973443 0.228928 0
    outer loop
      vertex 112.816 104.433 0
      vertex 112.931 103.944 5
      vertex 112.931 103.944 0
    endloop
  endfacet
  facet normal 0.986926 -0.161171 0
    outer loop
      vertex 112.85 103.448 5
      vertex 112.931 103.944 0
      vertex 112.931 103.944 5
    endloop
  endfacet
  facet normal 0.986926 -0.161171 0
    outer loop
      vertex 112.931 103.944 0
      vertex 112.85 103.448 5
      vertex 112.85 103.448 0
    endloop
  endfacet
  facet normal 0.971532 0.23691 0
    outer loop
      vertex 112.892 104.929 5
      vertex 112.773 105.417 0
      vertex 112.773 105.417 5
    endloop
  endfacet
  facet normal 0.971532 0.23691 0
    outer loop
      vertex 112.773 105.417 0
      vertex 112.892 104.929 5
      vertex 112.892 104.929 0
    endloop
  endfacet
  facet normal 0.988464 -0.151458 0
    outer loop
      vertex 112.816 104.433 5
      vertex 112.892 104.929 0
      vertex 112.892 104.929 5
    endloop
  endfacet
  facet normal 0.988464 -0.151458 0
    outer loop
      vertex 112.892 104.929 0
      vertex 112.816 104.433 5
      vertex 112.816 104.433 0
    endloop
  endfacet
  facet normal 0.96908 0.246747 0
    outer loop
      vertex 112.845 105.914 5
      vertex 112.721 106.401 0
      vertex 112.721 106.401 5
    endloop
  endfacet
  facet normal 0.96908 0.246747 0
    outer loop
      vertex 112.721 106.401 0
      vertex 112.845 105.914 5
      vertex 112.845 105.914 0
    endloop
  endfacet
  facet normal 0.989669 -0.143373 0
    outer loop
      vertex 112.773 105.417 5
      vertex 112.845 105.914 0
      vertex 112.845 105.914 5
    endloop
  endfacet
  facet normal 0.989669 -0.143373 0
    outer loop
      vertex 112.845 105.914 0
      vertex 112.773 105.417 5
      vertex 112.773 105.417 0
    endloop
  endfacet
  facet normal 0.967023 0.254689 0
    outer loop
      vertex 112.789 106.898 5
      vertex 112.661 107.384 0
      vertex 112.661 107.384 5
    endloop
  endfacet
  facet normal 0.967023 0.254689 0
    outer loop
      vertex 112.661 107.384 0
      vertex 112.789 106.898 5
      vertex 112.789 106.898 0
    endloop
  endfacet
  facet normal 0.990769 -0.135558 0
    outer loop
      vertex 112.721 106.401 5
      vertex 112.789 106.898 0
      vertex 112.789 106.898 5
    endloop
  endfacet
  facet normal 0.990769 -0.135558 0
    outer loop
      vertex 112.789 106.898 0
      vertex 112.721 106.401 5
      vertex 112.721 106.401 0
    endloop
  endfacet
  facet normal 0.964901 0.262612 0
    outer loop
      vertex 112.725 107.882 5
      vertex 112.593 108.367 0
      vertex 112.593 108.367 5
    endloop
  endfacet
  facet normal 0.964901 0.262612 0
    outer loop
      vertex 112.593 108.367 0
      vertex 112.725 107.882 5
      vertex 112.725 107.882 0
    endloop
  endfacet
  facet normal 0.991843 -0.127466 0
    outer loop
      vertex 112.661 107.384 5
      vertex 112.725 107.882 0
      vertex 112.725 107.882 5
    endloop
  endfacet
  facet normal 0.991843 -0.127466 0
    outer loop
      vertex 112.725 107.882 0
      vertex 112.661 107.384 5
      vertex 112.661 107.384 0
    endloop
  endfacet
  facet normal 0.962048 0.272879 0
    outer loop
      vertex 112.652 108.866 5
      vertex 112.515 109.349 0
      vertex 112.515 109.349 5
    endloop
  endfacet
  facet normal 0.962048 0.272879 0
    outer loop
      vertex 112.515 109.349 0
      vertex 112.652 108.866 5
      vertex 112.652 108.866 0
    endloop
  endfacet
  facet normal 0.993083 -0.117419 0
    outer loop
      vertex 112.593 108.367 5
      vertex 112.652 108.866 0
      vertex 112.652 108.866 5
    endloop
  endfacet
  facet normal 0.993083 -0.117419 0
    outer loop
      vertex 112.652 108.866 0
      vertex 112.593 108.367 5
      vertex 112.593 108.367 0
    endloop
  endfacet
  facet normal 0.959777 0.280765 0
    outer loop
      vertex 112.57 109.849 5
      vertex 112.429 110.331 0
      vertex 112.429 110.331 5
    endloop
  endfacet
  facet normal 0.959777 0.280765 0
    outer loop
      vertex 112.429 110.331 0
      vertex 112.57 109.849 5
      vertex 112.57 109.849 0
    endloop
  endfacet
  facet normal 0.994004 -0.10934 0
    outer loop
      vertex 112.515 109.349 5
      vertex 112.57 109.849 0
      vertex 112.57 109.849 5
    endloop
  endfacet
  facet normal 0.994004 -0.10934 0
    outer loop
      vertex 112.57 109.849 0
      vertex 112.515 109.349 5
      vertex 112.515 109.349 0
    endloop
  endfacet
  facet normal 0.957442 0.288626 0
    outer loop
      vertex 112.48 110.831 5
      vertex 112.335 111.312 0
      vertex 112.335 111.312 5
    endloop
  endfacet
  facet normal 0.957442 0.288626 0
    outer loop
      vertex 112.335 111.312 0
      vertex 112.48 110.831 5
      vertex 112.48 110.831 0
    endloop
  endfacet
  facet normal 0.994838 -0.101474 0
    outer loop
      vertex 112.429 110.331 5
      vertex 112.48 110.831 0
      vertex 112.48 110.831 5
    endloop
  endfacet
  facet normal 0.994838 -0.101474 0
    outer loop
      vertex 112.48 110.831 0
      vertex 112.429 110.331 5
      vertex 112.429 110.331 0
    endloop
  endfacet
  facet normal 0.954869 0.297026 0
    outer loop
      vertex 112.381 111.812 5
      vertex 112.232 112.291 0
      vertex 112.232 112.291 5
    endloop
  endfacet
  facet normal 0.954869 0.297026 0
    outer loop
      vertex 112.232 112.291 0
      vertex 112.381 111.812 5
      vertex 112.381 111.812 0
    endloop
  endfacet
  facet normal 0.995795 -0.0916131 0
    outer loop
      vertex 112.335 111.312 5
      vertex 112.381 111.812 0
      vertex 112.381 111.812 5
    endloop
  endfacet
  facet normal 0.995795 -0.0916131 0
    outer loop
      vertex 112.381 111.812 0
      vertex 112.335 111.312 5
      vertex 112.335 111.312 0
    endloop
  endfacet
  facet normal 0.951821 0.306654 0
    outer loop
      vertex 112.274 112.792 5
      vertex 112.12 113.27 0
      vertex 112.12 113.27 5
    endloop
  endfacet
  facet normal 0.951821 0.306654 0
    outer loop
      vertex 112.12 113.27 0
      vertex 112.274 112.792 5
      vertex 112.274 112.792 0
    endloop
  endfacet
  facet normal 0.996504 -0.0835393 0
    outer loop
      vertex 112.232 112.291 5
      vertex 112.274 112.792 0
      vertex 112.274 112.792 5
    endloop
  endfacet
  facet normal 0.996504 -0.0835393 0
    outer loop
      vertex 112.274 112.792 0
      vertex 112.232 112.291 5
      vertex 112.232 112.291 0
    endloop
  endfacet
  facet normal -0.652899 0.757445 0
    outer loop
      vertex 104.733 117.514 0
      vertex 103.255 116.24 5
      vertex 104.733 117.514 5
    endloop
  endfacet
  facet normal -0.652899 0.757445 0
    outer loop
      vertex 103.255 116.24 5
      vertex 104.733 117.514 0
      vertex 103.255 116.24 0
    endloop
  endfacet
  facet normal 0.757445 0.652899 0
    outer loop
      vertex 111.547 115.624 5
      vertex 110.273 117.102 0
      vertex 110.273 117.102 5
    endloop
  endfacet
  facet normal 0.757445 0.652899 0
    outer loop
      vertex 110.273 117.102 0
      vertex 111.547 115.624 5
      vertex 111.547 115.624 0
    endloop
  endfacet
  facet normal 0.949703 0.313151 0
    outer loop
      vertex 112.158 113.771 5
      vertex 111.547 115.624 0
      vertex 111.547 115.624 5
    endloop
  endfacet
  facet normal 0.949703 0.313151 0
    outer loop
      vertex 111.547 115.624 0
      vertex 112.158 113.771 5
      vertex 112.158 113.771 0
    endloop
  endfacet
  facet normal -0.892987 0.450082 0
    outer loop
      vertex 102.377 114.498 0
      vertex 103.255 116.24 5
      vertex 103.255 116.24 0
    endloop
  endfacet
  facet normal -0.892987 0.450082 0
    outer loop
      vertex 103.255 116.24 5
      vertex 102.377 114.498 0
      vertex 102.377 114.498 5
    endloop
  endfacet
  facet normal -0.997233 0.0743438 0
    outer loop
      vertex 102.232 112.553 0
      vertex 102.377 114.498 5
      vertex 102.377 114.498 0
    endloop
  endfacet
  facet normal -0.997233 0.0743438 0
    outer loop
      vertex 102.377 114.498 5
      vertex 102.232 112.553 0
      vertex 102.232 112.553 5
    endloop
  endfacet
  facet normal 0.997136 -0.0756311 0
    outer loop
      vertex 112.12 113.27 5
      vertex 112.158 113.771 0
      vertex 112.158 113.771 5
    endloop
  endfacet
  facet normal 0.997136 -0.0756311 0
    outer loop
      vertex 112.158 113.771 0
      vertex 112.12 113.27 5
      vertex 112.12 113.27 0
    endloop
  endfacet
  facet normal -0.313151 0.949703 0
    outer loop
      vertex 106.586 118.125 0
      vertex 104.733 117.514 5
      vertex 106.586 118.125 5
    endloop
  endfacet
  facet normal -0.313151 0.949703 0
    outer loop
      vertex 104.733 117.514 5
      vertex 106.586 118.125 0
      vertex 104.733 117.514 0
    endloop
  endfacet
  facet normal 0.0743438 0.997233 -0
    outer loop
      vertex 108.531 117.98 0
      vertex 106.586 118.125 5
      vertex 108.531 117.98 5
    endloop
  endfacet
  facet normal 0.0743438 0.997233 0
    outer loop
      vertex 106.586 118.125 5
      vertex 108.531 117.98 0
      vertex 106.586 118.125 0
    endloop
  endfacet
  facet normal 0.450082 0.892987 -0
    outer loop
      vertex 110.273 117.102 0
      vertex 108.531 117.98 5
      vertex 110.273 117.102 5
    endloop
  endfacet
  facet normal 0.450082 0.892987 0
    outer loop
      vertex 108.531 117.98 5
      vertex 110.273 117.102 0
      vertex 108.531 117.98 0
    endloop
  endfacet
  facet normal -0.946882 -0.321582 0
    outer loop
      vertex 102.25 112.5 0
      vertex 102.232 112.553 5
      vertex 102.232 112.553 0
    endloop
  endfacet
  facet normal -0.946882 -0.321582 0
    outer loop
      vertex 102.232 112.553 5
      vertex 102.25 112.5 0
      vertex 102.25 112.5 5
    endloop
  endfacet
  facet normal -0.980781 0.19511 0
    outer loop
      vertex 45.1 100 5
      vertex 45.473 101.875 10
      vertex 45.473 101.875 5
    endloop
  endfacet
  facet normal -0.980781 0.19511 0
    outer loop
      vertex 45.473 101.875 10
      vertex 45.1 100 5
      vertex 45.1 100 10
    endloop
  endfacet
  facet normal 0.831519 0.555496 0
    outer loop
      vertex 54.527 101.875 10
      vertex 53.4648 103.465 5
      vertex 53.4648 103.465 10
    endloop
  endfacet
  facet normal 0.831519 0.555496 0
    outer loop
      vertex 53.4648 103.465 5
      vertex 54.527 101.875 10
      vertex 54.527 101.875 5
    endloop
  endfacet
  facet normal 0.980781 0.19511 0
    outer loop
      vertex 54.9 100 10
      vertex 54.527 101.875 5
      vertex 54.527 101.875 10
    endloop
  endfacet
  facet normal 0.980781 0.19511 0
    outer loop
      vertex 54.527 101.875 5
      vertex 54.9 100 10
      vertex 54.9 100 5
    endloop
  endfacet
  facet normal -0.831519 0.555496 0
    outer loop
      vertex 45.473 101.875 5
      vertex 46.5352 103.465 10
      vertex 46.5352 103.465 5
    endloop
  endfacet
  facet normal -0.831519 0.555496 0
    outer loop
      vertex 46.5352 103.465 10
      vertex 45.473 101.875 5
      vertex 45.473 101.875 10
    endloop
  endfacet
  facet normal -0.1951 -0.980783 0
    outer loop
      vertex 48.1249 95.473 5
      vertex 50 95.1 10
      vertex 48.1249 95.473 10
    endloop
  endfacet
  facet normal -0.1951 -0.980783 -0
    outer loop
      vertex 50 95.1 10
      vertex 48.1249 95.473 5
      vertex 50 95.1 5
    endloop
  endfacet
  facet normal 0.980785 -0.19509 0
    outer loop
      vertex 54.527 98.1248 10
      vertex 54.9 100 5
      vertex 54.9 100 10
    endloop
  endfacet
  facet normal 0.980785 -0.19509 0
    outer loop
      vertex 54.9 100 5
      vertex 54.527 98.1248 10
      vertex 54.527 98.1248 5
    endloop
  endfacet
  facet normal 0.1951 0.980783 -0
    outer loop
      vertex 51.8751 104.527 5
      vertex 50 104.9 10
      vertex 51.8751 104.527 10
    endloop
  endfacet
  facet normal 0.1951 0.980783 0
    outer loop
      vertex 50 104.9 10
      vertex 51.8751 104.527 5
      vertex 50 104.9 5
    endloop
  endfacet
  facet normal 0.555569 -0.83147 0
    outer loop
      vertex 51.8751 95.473 5
      vertex 53.4648 96.5352 10
      vertex 51.8751 95.473 10
    endloop
  endfacet
  facet normal 0.555569 -0.83147 0
    outer loop
      vertex 53.4648 96.5352 10
      vertex 51.8751 95.473 5
      vertex 53.4648 96.5352 5
    endloop
  endfacet
  facet normal 0.1951 -0.980783 0
    outer loop
      vertex 50 95.1 5
      vertex 51.8751 95.473 10
      vertex 50 95.1 10
    endloop
  endfacet
  facet normal 0.1951 -0.980783 0
    outer loop
      vertex 51.8751 95.473 10
      vertex 50 95.1 5
      vertex 51.8751 95.473 5
    endloop
  endfacet
  facet normal -0.555497 0.831519 0
    outer loop
      vertex 48.1249 104.527 5
      vertex 46.5352 103.465 10
      vertex 48.1249 104.527 10
    endloop
  endfacet
  facet normal -0.555497 0.831519 0
    outer loop
      vertex 46.5352 103.465 10
      vertex 48.1249 104.527 5
      vertex 46.5352 103.465 5
    endloop
  endfacet
  facet normal -0.1951 0.980783 0
    outer loop
      vertex 50 104.9 5
      vertex 48.1249 104.527 10
      vertex 50 104.9 10
    endloop
  endfacet
  facet normal -0.1951 0.980783 0
    outer loop
      vertex 48.1249 104.527 10
      vertex 50 104.9 5
      vertex 48.1249 104.527 5
    endloop
  endfacet
  facet normal 0.831454 -0.555593 0
    outer loop
      vertex 53.4648 96.5352 10
      vertex 54.527 98.1248 5
      vertex 54.527 98.1248 10
    endloop
  endfacet
  facet normal 0.831454 -0.555593 0
    outer loop
      vertex 54.527 98.1248 5
      vertex 53.4648 96.5352 10
      vertex 53.4648 96.5352 5
    endloop
  endfacet
  facet normal 0 0 1
    outer loop
      vertex 52.6 100 10
      vertex 54.9 100 10
      vertex 54.527 101.875 10
    endloop
  endfacet
  facet normal 0 0 1
    outer loop
      vertex 51.9917 101.671 10
      vertex 54.527 101.875 10
      vertex 53.4648 103.465 10
    endloop
  endfacet
  facet normal 0 0 1
    outer loop
      vertex 54.9 100 10
      vertex 52.6 100 10
      vertex 54.527 98.1248 10
    endloop
  endfacet
  facet normal -0 0 1
    outer loop
      vertex 51.9917 98.3288 10
      vertex 54.527 98.1248 10
      vertex 52.6 100 10
    endloop
  endfacet
  facet normal 0 0 1
    outer loop
      vertex 54.527 101.875 10
      vertex 51.9917 101.671 10
      vertex 52.6 100 10
    endloop
  endfacet
  facet normal 0 0 1
    outer loop
      vertex 51.8751 104.527 10
      vertex 51.9917 101.671 10
      vertex 53.4648 103.465 10
    endloop
  endfacet
  facet normal 0 0 1
    outer loop
      vertex 51.8751 104.527 10
      vertex 50.4515 102.561 10
      vertex 51.9917 101.671 10
    endloop
  endfacet
  facet normal 0 0 1
    outer loop
      vertex 50 104.9 10
      vertex 50.4515 102.561 10
      vertex 51.8751 104.527 10
    endloop
  endfacet
  facet normal 0 0 1
    outer loop
      vertex 50 104.9 10
      vertex 48.7 102.252 10
      vertex 50.4515 102.561 10
    endloop
  endfacet
  facet normal -0 0 1
    outer loop
      vertex 48.1249 104.527 10
      vertex 48.7 102.252 10
      vertex 50 104.9 10
    endloop
  endfacet
  facet normal -0 0 1
    outer loop
      vertex 46.5352 103.465 10
      vertex 48.7 102.252 10
      vertex 48.1249 104.527 10
    endloop
  endfacet
  facet normal -0 0 1
    outer loop
      vertex 45.473 101.875 10
      vertex 47.5568 100.889 10
      vertex 46.5352 103.465 10
    endloop
  endfacet
  facet normal 0 0 1
    outer loop
      vertex 48.7 102.252 10
      vertex 46.5352 103.465 10
      vertex 47.5568 100.889 10
    endloop
  endfacet
  facet normal 0 0 1
    outer loop
      vertex 54.527 98.1248 10
      vertex 51.9917 98.3288 10
      vertex 53.4648 96.5352 10
    endloop
  endfacet
  facet normal 0 0 1
    outer loop
      vertex 51.9917 98.3288 10
      vertex 51.8751 95.473 10
      vertex 53.4648 96.5352 10
    endloop
  endfacet
  facet normal -0 0 1
    outer loop
      vertex 50.4515 97.4395 10
      vertex 51.8751 95.473 10
      vertex 51.9917 98.3288 10
    endloop
  endfacet
  facet normal 0 0 1
    outer loop
      vertex 50.4515 97.4395 10
      vertex 50 95.1 10
      vertex 51.8751 95.473 10
    endloop
  endfacet
  facet normal 0 0 1
    outer loop
      vertex 48.7 97.7483 10
      vertex 50 95.1 10
      vertex 50.4515 97.4395 10
    endloop
  endfacet
  facet normal 0 0 1
    outer loop
      vertex 48.7 97.7483 10
      vertex 48.1249 95.473 10
      vertex 50 95.1 10
    endloop
  endfacet
  facet normal 0 0 1
    outer loop
      vertex 46.5352 96.5352 10
      vertex 48.7 97.7483 10
      vertex 47.5568 99.1107 10
    endloop
  endfacet
  facet normal 0 0 1
    outer loop
      vertex 45.1 100 10
      vertex 47.5568 100.889 10
      vertex 45.473 101.875 10
    endloop
  endfacet
  facet normal 0 0 1
    outer loop
      vertex 48.7 97.7483 10
      vertex 46.5352 96.5352 10
      vertex 48.1249 95.473 10
    endloop
  endfacet
  facet normal 0 0 1
    outer loop
      vertex 47.5568 100.889 10
      vertex 45.1 100 10
      vertex 47.5568 99.1107 10
    endloop
  endfacet
  facet normal 0 0 1
    outer loop
      vertex 47.5568 99.1107 10
      vertex 45.473 98.1248 10
      vertex 46.5352 96.5352 10
    endloop
  endfacet
  facet normal 0 0 1
    outer loop
      vertex 47.5568 99.1107 10
      vertex 45.1 100 10
      vertex 45.473 98.1248 10
    endloop
  endfacet
  facet normal 0.555497 0.831519 -0
    outer loop
      vertex 53.4648 103.465 5
      vertex 51.8751 104.527 10
      vertex 53.4648 103.465 10
    endloop
  endfacet
  facet normal 0.555497 0.831519 0
    outer loop
      vertex 51.8751 104.527 10
      vertex 53.4648 103.465 5
      vertex 51.8751 104.527 5
    endloop
  endfacet
  facet normal -0.831454 -0.555593 0
    outer loop
      vertex 46.5352 96.5352 5
      vertex 45.473 98.1248 10
      vertex 45.473 98.1248 5
    endloop
  endfacet
  facet normal -0.831454 -0.555593 0
    outer loop
      vertex 45.473 98.1248 10
      vertex 46.5352 96.5352 5
      vertex 46.5352 96.5352 10
    endloop
  endfacet
  facet normal -0.980785 -0.19509 0
    outer loop
      vertex 45.473 98.1248 5
      vertex 45.1 100 10
      vertex 45.1 100 5
    endloop
  endfacet
  facet normal -0.980785 -0.19509 0
    outer loop
      vertex 45.1 100 10
      vertex 45.473 98.1248 5
      vertex 45.473 98.1248 10
    endloop
  endfacet
  facet normal -0.555569 -0.83147 0
    outer loop
      vertex 46.5352 96.5352 5
      vertex 48.1249 95.473 10
      vertex 46.5352 96.5352 10
    endloop
  endfacet
  facet normal -0.555569 -0.83147 -0
    outer loop
      vertex 48.1249 95.473 10
      vertex 46.5352 96.5352 5
      vertex 48.1249 95.473 5
    endloop
  endfacet
  facet normal 0.838638 0.54469 0
    outer loop
      vertex 105.57 84.6818 5
      vertex 104.564 86.2307 0
      vertex 104.564 86.2307 5
    endloop
  endfacet
  facet normal 0.838638 0.54469 0
    outer loop
      vertex 104.564 86.2307 0
      vertex 105.57 84.6818 5
      vertex 105.57 84.6818 0
    endloop
  endfacet
  facet normal -0.974128 -0.225998 0
    outer loop
      vertex 109.875 86.5091 0
      vertex 109.759 87.0091 5
      vertex 109.759 87.0091 0
    endloop
  endfacet
  facet normal -0.974128 -0.225998 0
    outer loop
      vertex 109.759 87.0091 5
      vertex 109.875 86.5091 0
      vertex 109.875 86.5091 5
    endloop
  endfacet
  facet normal -0.390774 0.920487 0
    outer loop
      vertex 109.036 84.8635 0
      vertex 107.336 84.1418 5
      vertex 109.036 84.8635 5
    endloop
  endfacet
  facet normal -0.390774 0.920487 0
    outer loop
      vertex 107.336 84.1418 5
      vertex 109.036 84.8635 0
      vertex 107.336 84.1418 0
    endloop
  endfacet
  facet normal 0.992513 -0.12214 0
    outer loop
      vertex 104.564 86.2307 5
      vertex 104.733 87.604 0
      vertex 104.733 87.604 5
    endloop
  endfacet
  facet normal 0.992513 -0.12214 0
    outer loop
      vertex 104.733 87.604 0
      vertex 104.564 86.2307 5
      vertex 104.564 86.2307 0
    endloop
  endfacet
  facet normal 0.292411 0.956293 -0
    outer loop
      vertex 107.336 84.1418 0
      vertex 105.57 84.6818 5
      vertex 107.336 84.1418 5
    endloop
  endfacet
  facet normal 0.292411 0.956293 0
    outer loop
      vertex 105.57 84.6818 5
      vertex 107.336 84.1418 0
      vertex 105.57 84.6818 0
    endloop
  endfacet
  facet normal -0.890892 0.454216 0
    outer loop
      vertex 109.036 84.8635 0
      vertex 109.875 86.5091 5
      vertex 109.875 86.5091 0
    endloop
  endfacet
  facet normal -0.890892 0.454216 0
    outer loop
      vertex 109.875 86.5091 5
      vertex 109.036 84.8635 0
      vertex 109.036 84.8635 5
    endloop
  endfacet
  facet normal -0.972722 -0.231972 0
    outer loop
      vertex 109.988 87.4684 0
      vertex 109.869 87.9674 5
      vertex 109.869 87.9674 0
    endloop
  endfacet
  facet normal -0.972722 -0.231972 0
    outer loop
      vertex 109.869 87.9674 5
      vertex 109.988 87.4684 0
      vertex 109.988 87.4684 5
    endloop
  endfacet
  facet normal -0.894933 0.4462 0
    outer loop
      vertex 109.759 87.0091 0
      vertex 109.988 87.4684 5
      vertex 109.988 87.4684 0
    endloop
  endfacet
  facet normal -0.894933 0.4462 0
    outer loop
      vertex 109.988 87.4684 5
      vertex 109.759 87.0091 0
      vertex 109.759 87.0091 5
    endloop
  endfacet
  facet normal 0.993596 -0.112995 0
    outer loop
      vertex 104.733 87.604 5
      vertex 104.837 88.5185 0
      vertex 104.837 88.5185 5
    endloop
  endfacet
  facet normal 0.993596 -0.112995 0
    outer loop
      vertex 104.837 88.5185 0
      vertex 104.733 87.604 5
      vertex 104.733 87.604 0
    endloop
  endfacet
  facet normal -0.969913 -0.243452 0
    outer loop
      vertex 110.094 88.4287 0
      vertex 109.969 88.9267 5
      vertex 109.969 88.9267 0
    endloop
  endfacet
  facet normal -0.969913 -0.243452 0
    outer loop
      vertex 109.969 88.9267 5
      vertex 110.094 88.4287 0
      vertex 110.094 88.4287 5
    endloop
  endfacet
  facet normal -0.898787 0.438385 0
    outer loop
      vertex 109.869 87.9674 0
      vertex 110.094 88.4287 5
      vertex 110.094 88.4287 0
    endloop
  endfacet
  facet normal -0.898787 0.438385 0
    outer loop
      vertex 110.094 88.4287 5
      vertex 109.869 87.9674 0
      vertex 109.869 87.9674 5
    endloop
  endfacet
  facet normal 0.994545 -0.104311 0
    outer loop
      vertex 104.837 88.5185 5
      vertex 104.933 89.4338 0
      vertex 104.933 89.4338 5
    endloop
  endfacet
  facet normal 0.994545 -0.104311 0
    outer loop
      vertex 104.933 89.4338 0
      vertex 104.837 88.5185 5
      vertex 104.837 88.5185 0
    endloop
  endfacet
  facet normal -0.968375 -0.249501 0
    outer loop
      vertex 110.19 89.3899 0
      vertex 110.062 89.8867 5
      vertex 110.062 89.8867 0
    endloop
  endfacet
  facet normal -0.968375 -0.249501 0
    outer loop
      vertex 110.062 89.8867 5
      vertex 110.19 89.3899 0
      vertex 110.19 89.3899 5
    endloop
  endfacet
  facet normal 0.995419 -0.0956089 0
    outer loop
      vertex 104.933 89.4338 5
      vertex 105.021 90.35 0
      vertex 105.021 90.35 5
    endloop
  endfacet
  facet normal 0.995419 -0.0956089 0
    outer loop
      vertex 105.021 90.35 0
      vertex 104.933 89.4338 5
      vertex 104.933 89.4338 0
    endloop
  endfacet
  facet normal -0.902536 0.430614 0
    outer loop
      vertex 109.969 88.9267 0
      vertex 110.19 89.3899 5
      vertex 110.19 89.3899 0
    endloop
  endfacet
  facet normal -0.902536 0.430614 0
    outer loop
      vertex 110.19 89.3899 5
      vertex 109.969 88.9267 0
      vertex 109.969 88.9267 5
    endloop
  endfacet
  facet normal -0.965839 -0.259142 0
    outer loop
      vertex 110.279 90.3519 0
      vertex 110.146 90.8476 5
      vertex 110.146 90.8476 0
    endloop
  endfacet
  facet normal -0.965839 -0.259142 0
    outer loop
      vertex 110.146 90.8476 5
      vertex 110.279 90.3519 0
      vertex 110.279 90.3519 5
    endloop
  endfacet
  facet normal -0.906253 0.422736 0
    outer loop
      vertex 110.062 89.8867 0
      vertex 110.279 90.3519 5
      vertex 110.279 90.3519 0
    endloop
  endfacet
  facet normal -0.906253 0.422736 0
    outer loop
      vertex 110.279 90.3519 5
      vertex 110.062 89.8867 0
      vertex 110.062 89.8867 5
    endloop
  endfacet
  facet normal 0.99612 -0.088008 0
    outer loop
      vertex 105.021 90.35 5
      vertex 105.102 91.2668 0
      vertex 105.102 91.2668 5
    endloop
  endfacet
  facet normal 0.99612 -0.088008 0
    outer loop
      vertex 105.102 91.2668 0
      vertex 105.021 90.35 5
      vertex 105.021 90.35 0
    endloop
  endfacet
  facet normal -0.963699 -0.26699 0
    outer loop
      vertex 110.359 91.3146 0
      vertex 110.222 91.8091 5
      vertex 110.222 91.8091 0
    endloop
  endfacet
  facet normal -0.963699 -0.26699 0
    outer loop
      vertex 110.222 91.8091 5
      vertex 110.359 91.3146 0
      vertex 110.359 91.3146 5
    endloop
  endfacet
  facet normal -0.909832 0.414977 0
    outer loop
      vertex 110.146 90.8476 0
      vertex 110.359 91.3146 5
      vertex 110.359 91.3146 0
    endloop
  endfacet
  facet normal -0.909832 0.414977 0
    outer loop
      vertex 110.359 91.3146 5
      vertex 110.146 90.8476 0
      vertex 110.146 90.8476 5
    endloop
  endfacet
  facet normal 0.996934 -0.0782421 0
    outer loop
      vertex 105.102 91.2668 5
      vertex 105.174 92.1842 0
      vertex 105.174 92.1842 5
    endloop
  endfacet
  facet normal 0.996934 -0.0782421 0
    outer loop
      vertex 105.174 92.1842 0
      vertex 105.102 91.2668 5
      vertex 105.102 91.2668 0
    endloop
  endfacet
  facet normal -0.961495 -0.274824 0
    outer loop
      vertex 110.43 92.278 0
      vertex 110.289 92.7713 5
      vertex 110.289 92.7713 0
    endloop
  endfacet
  facet normal -0.961495 -0.274824 0
    outer loop
      vertex 110.289 92.7713 5
      vertex 110.43 92.278 0
      vertex 110.43 92.278 5
    endloop
  endfacet
  facet normal -0.914101 0.405487 0
    outer loop
      vertex 110.222 91.8091 0
      vertex 110.43 92.278 5
      vertex 110.43 92.278 0
    endloop
  endfacet
  facet normal -0.914101 0.405487 0
    outer loop
      vertex 110.43 92.278 5
      vertex 110.222 91.8091 0
      vertex 110.222 91.8091 5
    endloop
  endfacet
  facet normal 0.99758 -0.0695329 0
    outer loop
      vertex 105.174 92.1842 5
      vertex 105.238 93.1024 0
      vertex 105.238 93.1024 5
    endloop
  endfacet
  facet normal 0.99758 -0.0695329 0
    outer loop
      vertex 105.238 93.1024 0
      vertex 105.174 92.1842 5
      vertex 105.174 92.1842 0
    endloop
  endfacet
  facet normal -0.958696 -0.284433 0
    outer loop
      vertex 110.494 93.2419 0
      vertex 110.348 93.734 5
      vertex 110.348 93.734 0
    endloop
  endfacet
  facet normal -0.958696 -0.284433 0
    outer loop
      vertex 110.348 93.734 5
      vertex 110.494 93.2419 0
      vertex 110.494 93.2419 5
    endloop
  endfacet
  facet normal -0.916791 0.399367 0
    outer loop
      vertex 110.289 92.7713 0
      vertex 110.494 93.2419 5
      vertex 110.494 93.2419 0
    endloop
  endfacet
  facet normal -0.916791 0.399367 0
    outer loop
      vertex 110.494 93.2419 5
      vertex 110.289 92.7713 0
      vertex 110.289 92.7713 5
    endloop
  endfacet
  facet normal 0.998147 -0.060856 0
    outer loop
      vertex 105.238 93.1024 5
      vertex 105.294 94.0209 0
      vertex 105.294 94.0209 5
    endloop
  endfacet
  facet normal 0.998147 -0.060856 0
    outer loop
      vertex 105.294 94.0209 0
      vertex 105.238 93.1024 5
      vertex 105.238 93.1024 0
    endloop
  endfacet
  facet normal -0.956333 -0.292278 0
    outer loop
      vertex 110.548 94.2064 0
      vertex 110.398 94.6972 5
      vertex 110.398 94.6972 0
    endloop
  endfacet
  facet normal -0.956333 -0.292278 0
    outer loop
      vertex 110.398 94.6972 5
      vertex 110.548 94.2064 0
      vertex 110.548 94.2064 5
    endloop
  endfacet
  facet normal 0.998639 -0.0521539 0
    outer loop
      vertex 105.294 94.0209 5
      vertex 105.342 94.94 0
      vertex 105.342 94.94 5
    endloop
  endfacet
  facet normal 0.998639 -0.0521539 0
    outer loop
      vertex 105.342 94.94 0
      vertex 105.294 94.0209 5
      vertex 105.294 94.0209 0
    endloop
  endfacet
  facet normal -0.92087 0.389869 0
    outer loop
      vertex 110.348 93.734 0
      vertex 110.548 94.2064 5
      vertex 110.548 94.2064 0
    endloop
  endfacet
  facet normal -0.92087 0.389869 0
    outer loop
      vertex 110.548 94.2064 5
      vertex 110.348 93.734 0
      vertex 110.348 93.734 5
    endloop
  endfacet
  facet normal -0.953347 -0.301877 0
    outer loop
      vertex 110.595 95.1713 0
      vertex 110.44 95.6608 5
      vertex 110.44 95.6608 0
    endloop
  endfacet
  facet normal -0.953347 -0.301877 0
    outer loop
      vertex 110.44 95.6608 5
      vertex 110.595 95.1713 0
      vertex 110.595 95.1713 5
    endloop
  endfacet
  facet normal -0.923451 0.383716 0
    outer loop
      vertex 110.398 94.6972 0
      vertex 110.595 95.1713 5
      vertex 110.595 95.1713 0
    endloop
  endfacet
  facet normal -0.923451 0.383716 0
    outer loop
      vertex 110.595 95.1713 5
      vertex 110.398 94.6972 0
      vertex 110.398 94.6972 5
    endloop
  endfacet
  facet normal 0.999007 -0.0445452 0
    outer loop
      vertex 105.342 94.94 5
      vertex 105.383 95.8595 0
      vertex 105.383 95.8595 5
    endloop
  endfacet
  facet normal 0.999007 -0.0445452 0
    outer loop
      vertex 105.383 95.8595 0
      vertex 105.342 94.94 5
      vertex 105.342 94.94 0
    endloop
  endfacet
  facet normal -0.950823 -0.309734 0
    outer loop
      vertex 110.633 96.1366 0
      vertex 110.474 96.6247 5
      vertex 110.474 96.6247 0
    endloop
  endfacet
  facet normal -0.950823 -0.309734 0
    outer loop
      vertex 110.474 96.6247 5
      vertex 110.633 96.1366 0
      vertex 110.633 96.1366 5
    endloop
  endfacet
  facet normal 0.999395 -0.0347729 0
    outer loop
      vertex 105.383 95.8595 5
      vertex 105.415 96.7792 0
      vertex 105.415 96.7792 5
    endloop
  endfacet
  facet normal 0.999395 -0.0347729 0
    outer loop
      vertex 105.415 96.7792 0
      vertex 105.383 95.8595 5
      vertex 105.383 95.8595 0
    endloop
  endfacet
  facet normal -0.926666 0.375886 0
    outer loop
      vertex 110.44 95.6608 0
      vertex 110.633 96.1366 5
      vertex 110.633 96.1366 0
    endloop
  endfacet
  facet normal -0.926666 0.375886 0
    outer loop
      vertex 110.633 96.1366 5
      vertex 110.44 95.6608 0
      vertex 110.44 95.6608 5
    endloop
  endfacet
  facet normal -0.948234 -0.317572 0
    outer loop
      vertex 110.662 97.1022 0
      vertex 110.499 97.5889 5
      vertex 110.499 97.5889 0
    endloop
  endfacet
  facet normal -0.948234 -0.317572 0
    outer loop
      vertex 110.499 97.5889 5
      vertex 110.662 97.1022 0
      vertex 110.662 97.1022 5
    endloop
  endfacet
  facet normal -0.930479 0.366346 0
    outer loop
      vertex 110.474 96.6247 0
      vertex 110.662 97.1022 5
      vertex 110.662 97.1022 0
    endloop
  endfacet
  facet normal -0.930479 0.366346 0
    outer loop
      vertex 110.662 97.1022 5
      vertex 110.474 96.6247 0
      vertex 110.474 96.6247 5
    endloop
  endfacet
  facet normal 0.99966 -0.0260724 0
    outer loop
      vertex 105.415 96.7792 5
      vertex 105.439 97.6994 0
      vertex 105.439 97.6994 5
    endloop
  endfacet
  facet normal 0.99966 -0.0260724 0
    outer loop
      vertex 105.439 97.6994 0
      vertex 105.415 96.7792 5
      vertex 105.415 96.7792 0
    endloop
  endfacet
  facet normal -0.94558 -0.32539 0
    outer loop
      vertex 110.683 98.068 0
      vertex 110.516 98.5533 5
      vertex 110.516 98.5533 0
    endloop
  endfacet
  facet normal -0.94558 -0.32539 0
    outer loop
      vertex 110.516 98.5533 5
      vertex 110.683 98.068 0
      vertex 110.683 98.068 5
    endloop
  endfacet
  facet normal -0.933521 0.358522 0
    outer loop
      vertex 110.499 97.5889 0
      vertex 110.683 98.068 5
      vertex 110.683 98.068 0
    endloop
  endfacet
  facet normal -0.933521 0.358522 0
    outer loop
      vertex 110.683 98.068 5
      vertex 110.499 97.5889 0
      vertex 110.499 97.5889 5
    endloop
  endfacet
  facet normal 0.999849 -0.0173868 0
    outer loop
      vertex 105.439 97.6994 5
      vertex 105.455 98.6195 0
      vertex 105.455 98.6195 5
    endloop
  endfacet
  facet normal 0.999849 -0.0173868 0
    outer loop
      vertex 105.455 98.6195 0
      vertex 105.439 97.6994 5
      vertex 105.439 97.6994 0
    endloop
  endfacet
  facet normal -0.942204 -0.33504 0
    outer loop
      vertex 110.696 99.034 0
      vertex 110.524 99.5177 5
      vertex 110.524 99.5177 0
    endloop
  endfacet
  facet normal -0.942204 -0.33504 0
    outer loop
      vertex 110.524 99.5177 5
      vertex 110.696 99.034 0
      vertex 110.696 99.034 5
    endloop
  endfacet
  facet normal -0.936497 0.350675 0
    outer loop
      vertex 110.516 98.5533 0
      vertex 110.696 99.034 5
      vertex 110.696 99.034 0
    endloop
  endfacet
  facet normal -0.936497 0.350675 0
    outer loop
      vertex 110.696 99.034 5
      vertex 110.516 98.5533 0
      vertex 110.516 98.5533 5
    endloop
  endfacet
  facet normal 0.999962 -0.00869154 0
    outer loop
      vertex 105.455 98.6195 5
      vertex 105.463 99.5399 0
      vertex 105.463 99.5399 5
    endloop
  endfacet
  facet normal 0.999962 -0.00869154 0
    outer loop
      vertex 105.463 99.5399 0
      vertex 105.455 98.6195 5
      vertex 105.455 98.6195 0
    endloop
  endfacet
  facet normal -0.939337 -0.342995 0
    outer loop
      vertex 110.7 100 0
      vertex 110.524 100.482 5
      vertex 110.524 100.482 0
    endloop
  endfacet
  facet normal -0.939337 -0.342995 0
    outer loop
      vertex 110.524 100.482 5
      vertex 110.7 100 0
      vertex 110.7 100 5
    endloop
  endfacet
  facet normal -0.939406 0.342806 0
    outer loop
      vertex 110.524 99.5177 0
      vertex 110.7 100 5
      vertex 110.7 100 0
    endloop
  endfacet
  facet normal -0.939406 0.342806 0
    outer loop
      vertex 110.7 100 5
      vertex 110.524 99.5177 0
      vertex 110.524 99.5177 5
    endloop
  endfacet
  facet normal 1 -0 0
    outer loop
      vertex 105.463 99.5399 5
      vertex 105.463 100.46 0
      vertex 105.463 100.46 5
    endloop
  endfacet
  facet normal 1 0 0
    outer loop
      vertex 105.463 100.46 0
      vertex 105.463 99.5399 5
      vertex 105.463 99.5399 0
    endloop
  endfacet
  facet normal -0.936569 -0.350483 0
    outer loop
      vertex 110.696 100.966 0
      vertex 110.516 101.447 5
      vertex 110.516 101.447 0
    endloop
  endfacet
  facet normal -0.936569 -0.350483 0
    outer loop
      vertex 110.516 101.447 5
      vertex 110.696 100.966 0
      vertex 110.696 100.966 5
    endloop
  endfacet
  facet normal 0.999962 0.00869532 0
    outer loop
      vertex 105.463 100.46 5
      vertex 105.455 101.38 0
      vertex 105.455 101.38 5
    endloop
  endfacet
  facet normal 0.999962 0.00869532 0
    outer loop
      vertex 105.455 101.38 0
      vertex 105.463 100.46 5
      vertex 105.463 100.46 0
    endloop
  endfacet
  facet normal -0.942269 0.334856 0
    outer loop
      vertex 110.524 100.482 0
      vertex 110.696 100.966 5
      vertex 110.696 100.966 0
    endloop
  endfacet
  facet normal -0.942269 0.334856 0
    outer loop
      vertex 110.696 100.966 5
      vertex 110.524 100.482 0
      vertex 110.524 100.482 5
    endloop
  endfacet
  facet normal -0.933496 -0.358587 0
    outer loop
      vertex 110.683 101.932 0
      vertex 110.499 102.411 5
      vertex 110.499 102.411 0
    endloop
  endfacet
  facet normal -0.933496 -0.358587 0
    outer loop
      vertex 110.499 102.411 5
      vertex 110.683 101.932 0
      vertex 110.683 101.932 5
    endloop
  endfacet
  facet normal 0.999849 0.0173698 0
    outer loop
      vertex 105.455 101.38 5
      vertex 105.439 102.301 0
      vertex 105.439 102.301 5
    endloop
  endfacet
  facet normal 0.999849 0.0173698 0
    outer loop
      vertex 105.439 102.301 0
      vertex 105.455 101.38 5
      vertex 105.455 101.38 0
    endloop
  endfacet
  facet normal -0.945518 0.32557 0
    outer loop
      vertex 110.516 101.447 0
      vertex 110.683 101.932 5
      vertex 110.683 101.932 0
    endloop
  endfacet
  facet normal -0.945518 0.32557 0
    outer loop
      vertex 110.683 101.932 5
      vertex 110.516 101.447 0
      vertex 110.516 101.447 5
    endloop
  endfacet
  facet normal -0.930348 -0.366678 0
    outer loop
      vertex 110.662 102.898 0
      vertex 110.474 103.375 5
      vertex 110.474 103.375 0
    endloop
  endfacet
  facet normal -0.930348 -0.366678 0
    outer loop
      vertex 110.474 103.375 5
      vertex 110.662 102.898 0
      vertex 110.662 102.898 5
    endloop
  endfacet
  facet normal 0.99966 0.0260781 0
    outer loop
      vertex 105.439 102.301 5
      vertex 105.415 103.221 0
      vertex 105.415 103.221 5
    endloop
  endfacet
  facet normal 0.99966 0.0260781 0
    outer loop
      vertex 105.415 103.221 0
      vertex 105.439 102.301 5
      vertex 105.439 102.301 0
    endloop
  endfacet
  facet normal -0.948293 0.317396 0
    outer loop
      vertex 110.499 102.411 0
      vertex 110.662 102.898 5
      vertex 110.662 102.898 0
    endloop
  endfacet
  facet normal -0.948293 0.317396 0
    outer loop
      vertex 110.662 102.898 5
      vertex 110.499 102.411 0
      vertex 110.499 102.411 5
    endloop
  endfacet
  facet normal -0.926721 -0.37575 0
    outer loop
      vertex 110.633 103.863 0
      vertex 110.44 104.339 5
      vertex 110.44 104.339 0
    endloop
  endfacet
  facet normal -0.926721 -0.37575 0
    outer loop
      vertex 110.44 104.339 5
      vertex 110.633 103.863 0
      vertex 110.633 103.863 5
    endloop
  endfacet
  facet normal 0.999396 0.0347616 0
    outer loop
      vertex 105.415 103.221 5
      vertex 105.383 104.141 0
      vertex 105.383 104.141 5
    endloop
  endfacet
  facet normal 0.999396 0.0347616 0
    outer loop
      vertex 105.383 104.141 0
      vertex 105.415 103.221 5
      vertex 105.415 103.221 0
    endloop
  endfacet
  facet normal -0.950805 0.309791 0
    outer loop
      vertex 110.474 103.375 0
      vertex 110.633 103.863 5
      vertex 110.633 103.863 0
    endloop
  endfacet
  facet normal -0.950805 0.309791 0
    outer loop
      vertex 110.633 103.863 5
      vertex 110.474 103.375 0
      vertex 110.474 103.375 5
    endloop
  endfacet
  facet normal -0.923422 -0.383785 0
    outer loop
      vertex 110.595 104.829 0
      vertex 110.398 105.303 5
      vertex 110.398 105.303 0
    endloop
  endfacet
  facet normal -0.923422 -0.383785 0
    outer loop
      vertex 110.398 105.303 5
      vertex 110.595 104.829 0
      vertex 110.595 104.829 5
    endloop
  endfacet
  facet normal 0.999006 0.0445694 0
    outer loop
      vertex 105.383 104.141 5
      vertex 105.342 105.06 0
      vertex 105.342 105.06 5
    endloop
  endfacet
  facet normal 0.999006 0.0445694 0
    outer loop
      vertex 105.342 105.06 0
      vertex 105.383 104.141 5
      vertex 105.383 104.141 0
    endloop
  endfacet
  facet normal -0.953436 0.301597 0
    outer loop
      vertex 110.44 104.339 0
      vertex 110.595 104.829 5
      vertex 110.595 104.829 0
    endloop
  endfacet
  facet normal -0.953436 0.301597 0
    outer loop
      vertex 110.595 104.829 5
      vertex 110.44 104.339 0
      vertex 110.44 104.339 5
    endloop
  endfacet
  facet normal -0.920752 -0.390149 0
    outer loop
      vertex 110.548 105.794 0
      vertex 110.348 106.266 5
      vertex 110.348 106.266 0
    endloop
  endfacet
  facet normal -0.920752 -0.390149 0
    outer loop
      vertex 110.348 106.266 5
      vertex 110.548 105.794 0
      vertex 110.548 105.794 5
    endloop
  endfacet
  facet normal -0.956367 0.292169 0
    outer loop
      vertex 110.398 105.303 0
      vertex 110.548 105.794 5
      vertex 110.548 105.794 0
    endloop
  endfacet
  facet normal -0.956367 0.292169 0
    outer loop
      vertex 110.548 105.794 5
      vertex 110.398 105.303 0
      vertex 110.398 105.303 5
    endloop
  endfacet
  facet normal 0.998639 0.0521596 0
    outer loop
      vertex 105.342 105.06 5
      vertex 105.294 105.979 0
      vertex 105.294 105.979 5
    endloop
  endfacet
  facet normal 0.998639 0.0521596 0
    outer loop
      vertex 105.294 105.979 0
      vertex 105.342 105.06 5
      vertex 105.342 105.06 0
    endloop
  endfacet
  facet normal -0.916915 -0.399082 0
    outer loop
      vertex 110.494 106.758 0
      vertex 110.289 107.229 5
      vertex 110.289 107.229 0
    endloop
  endfacet
  facet normal -0.916915 -0.399082 0
    outer loop
      vertex 110.289 107.229 5
      vertex 110.494 106.758 0
      vertex 110.494 106.758 5
    endloop
  endfacet
  facet normal 0.998149 0.060823 0
    outer loop
      vertex 105.294 105.979 5
      vertex 105.238 106.898 0
      vertex 105.238 106.898 5
    endloop
  endfacet
  facet normal 0.998149 0.060823 0
    outer loop
      vertex 105.238 106.898 0
      vertex 105.294 105.979 5
      vertex 105.294 105.979 0
    endloop
  endfacet
  facet normal -0.95868 0.284486 0
    outer loop
      vertex 110.348 106.266 0
      vertex 110.494 106.758 5
      vertex 110.494 106.758 0
    endloop
  endfacet
  facet normal -0.95868 0.284486 0
    outer loop
      vertex 110.494 106.758 5
      vertex 110.348 106.266 0
      vertex 110.348 106.266 5
    endloop
  endfacet
  facet normal -0.914133 -0.405415 0
    outer loop
      vertex 110.43 107.722 0
      vertex 110.222 108.191 5
      vertex 110.222 108.191 0
    endloop
  endfacet
  facet normal -0.914133 -0.405415 0
    outer loop
      vertex 110.222 108.191 5
      vertex 110.43 107.722 0
      vertex 110.43 107.722 5
    endloop
  endfacet
  facet normal 0.997579 0.069548 0
    outer loop
      vertex 105.238 106.898 5
      vertex 105.174 107.816 0
      vertex 105.174 107.816 5
    endloop
  endfacet
  facet normal 0.997579 0.069548 0
    outer loop
      vertex 105.174 107.816 0
      vertex 105.238 106.898 5
      vertex 105.238 106.898 0
    endloop
  endfacet
  facet normal -0.96145 0.274979 0
    outer loop
      vertex 110.289 107.229 0
      vertex 110.43 107.722 5
      vertex 110.43 107.722 0
    endloop
  endfacet
  facet normal -0.96145 0.274979 0
    outer loop
      vertex 110.43 107.722 5
      vertex 110.289 107.229 0
      vertex 110.289 107.229 5
    endloop
  endfacet
  facet normal -0.909832 -0.414977 0
    outer loop
      vertex 110.359 108.685 0
      vertex 110.146 109.152 5
      vertex 110.146 109.152 0
    endloop
  endfacet
  facet normal -0.909832 -0.414977 0
    outer loop
      vertex 110.146 109.152 5
      vertex 110.359 108.685 0
      vertex 110.359 108.685 5
    endloop
  endfacet
  facet normal 0.996932 0.078276 0
    outer loop
      vertex 105.174 107.816 5
      vertex 105.102 108.733 0
      vertex 105.102 108.733 5
    endloop
  endfacet
  facet normal 0.996932 0.078276 0
    outer loop
      vertex 105.102 108.733 0
      vertex 105.174 107.816 5
      vertex 105.174 107.816 0
    endloop
  endfacet
  facet normal -0.96363 0.267241 0
    outer loop
      vertex 110.222 108.191 0
      vertex 110.359 108.685 5
      vertex 110.359 108.685 0
    endloop
  endfacet
  facet normal -0.96363 0.267241 0
    outer loop
      vertex 110.359 108.685 5
      vertex 110.222 108.191 0
      vertex 110.222 108.191 5
    endloop
  endfacet
  facet normal -0.906183 -0.422885 0
    outer loop
      vertex 110.279 109.648 0
      vertex 110.062 110.113 5
      vertex 110.062 110.113 0
    endloop
  endfacet
  facet normal -0.906183 -0.422885 0
    outer loop
      vertex 110.062 110.113 5
      vertex 110.279 109.648 0
      vertex 110.279 109.648 5
    endloop
  endfacet
  facet normal -0.965878 0.258996 0
    outer loop
      vertex 110.146 109.152 0
      vertex 110.279 109.648 5
      vertex 110.279 109.648 0
    endloop
  endfacet
  facet normal -0.965878 0.258996 0
    outer loop
      vertex 110.279 109.648 5
      vertex 110.146 109.152 0
      vertex 110.146 109.152 5
    endloop
  endfacet
  facet normal 0.996121 0.0879889 0
    outer loop
      vertex 105.102 108.733 5
      vertex 105.021 109.65 0
      vertex 105.021 109.65 5
    endloop
  endfacet
  facet normal 0.996121 0.0879889 0
    outer loop
      vertex 105.021 109.65 0
      vertex 105.102 108.733 5
      vertex 105.102 108.733 0
    endloop
  endfacet
  facet normal -0.902464 -0.430766 0
    outer loop
      vertex 110.19 110.61 0
      vertex 109.969 111.073 5
      vertex 109.969 111.073 0
    endloop
  endfacet
  facet normal -0.902464 -0.430766 0
    outer loop
      vertex 109.969 111.073 5
      vertex 110.19 110.61 0
      vertex 110.19 110.61 5
    endloop
  endfacet
  facet normal 0.995417 0.0956296 0
    outer loop
      vertex 105.021 109.65 5
      vertex 104.933 110.566 0
      vertex 104.933 110.566 5
    endloop
  endfacet
  facet normal 0.995417 0.0956296 0
    outer loop
      vertex 104.933 110.566 0
      vertex 105.021 109.65 5
      vertex 105.021 109.65 0
    endloop
  endfacet
  facet normal -0.968399 0.249407 0
    outer loop
      vertex 110.062 110.113 0
      vertex 110.19 110.61 5
      vertex 110.19 110.61 0
    endloop
  endfacet
  facet normal -0.968399 0.249407 0
    outer loop
      vertex 110.19 110.61 5
      vertex 110.062 110.113 0
      vertex 110.062 110.113 5
    endloop
  endfacet
  facet normal -0.899049 -0.437848 0
    outer loop
      vertex 110.094 111.571 0
      vertex 109.869 112.033 5
      vertex 109.869 112.033 0
    endloop
  endfacet
  facet normal -0.899049 -0.437848 0
    outer loop
      vertex 109.869 112.033 5
      vertex 110.094 111.571 0
      vertex 110.094 111.571 5
    endloop
  endfacet
  facet normal 0.994541 0.104345 0
    outer loop
      vertex 104.933 110.566 5
      vertex 104.837 111.481 0
      vertex 104.837 111.481 5
    endloop
  endfacet
  facet normal 0.994541 0.104345 0
    outer loop
      vertex 104.837 111.481 0
      vertex 104.933 110.566 5
      vertex 104.933 110.566 0
    endloop
  endfacet
  facet normal -0.969913 0.243452 0
    outer loop
      vertex 109.969 111.073 0
      vertex 110.094 111.571 5
      vertex 110.094 111.571 0
    endloop
  endfacet
  facet normal -0.969913 0.243452 0
    outer loop
      vertex 110.094 111.571 5
      vertex 109.969 111.073 0
      vertex 109.969 111.073 5
    endloop
  endfacet
  facet normal -0.894817 -0.446434 0
    outer loop
      vertex 109.988 112.532 0
      vertex 109.759 112.991 5
      vertex 109.759 112.991 0
    endloop
  endfacet
  facet normal -0.894817 -0.446434 0
    outer loop
      vertex 109.759 112.991 5
      vertex 109.988 112.532 0
      vertex 109.988 112.532 5
    endloop
  endfacet
  facet normal -0.972722 0.231972 0
    outer loop
      vertex 109.869 112.033 0
      vertex 109.988 112.532 5
      vertex 109.988 112.532 0
    endloop
  endfacet
  facet normal -0.972722 0.231972 0
    outer loop
      vertex 109.988 112.532 5
      vertex 109.869 112.033 0
      vertex 109.869 112.033 5
    endloop
  endfacet
  facet normal 0.993602 0.112934 0
    outer loop
      vertex 104.837 111.481 5
      vertex 104.733 112.396 0
      vertex 104.733 112.396 5
    endloop
  endfacet
  facet normal 0.993602 0.112934 0
    outer loop
      vertex 104.733 112.396 0
      vertex 104.837 111.481 5
      vertex 104.837 111.481 0
    endloop
  endfacet
  facet normal -0.390452 -0.920623 0
    outer loop
      vertex 107.336 115.858 0
      vertex 109.036 115.137 5
      vertex 107.336 115.858 5
    endloop
  endfacet
  facet normal -0.390452 -0.920623 -0
    outer loop
      vertex 109.036 115.137 5
      vertex 107.336 115.858 0
      vertex 109.036 115.137 0
    endloop
  endfacet
  facet normal -0.890936 -0.454128 0
    outer loop
      vertex 109.875 113.491 0
      vertex 109.036 115.137 5
      vertex 109.036 115.137 0
    endloop
  endfacet
  facet normal -0.890936 -0.454128 0
    outer loop
      vertex 109.036 115.137 5
      vertex 109.875 113.491 0
      vertex 109.875 113.491 5
    endloop
  endfacet
  facet normal 0.292411 -0.956293 0
    outer loop
      vertex 105.57 115.318 0
      vertex 107.336 115.858 5
      vertex 105.57 115.318 5
    endloop
  endfacet
  facet normal 0.292411 -0.956293 0
    outer loop
      vertex 107.336 115.858 5
      vertex 105.57 115.318 0
      vertex 107.336 115.858 0
    endloop
  endfacet
  facet normal 0.99251 0.122166 0
    outer loop
      vertex 104.733 112.396 5
      vertex 104.564 113.769 0
      vertex 104.564 113.769 5
    endloop
  endfacet
  facet normal 0.99251 0.122166 0
    outer loop
      vertex 104.564 113.769 0
      vertex 104.733 112.396 5
      vertex 104.733 112.396 0
    endloop
  endfacet
  facet normal 0.838654 -0.544665 0
    outer loop
      vertex 104.564 113.769 5
      vertex 105.57 115.318 0
      vertex 105.57 115.318 5
    endloop
  endfacet
  facet normal 0.838654 -0.544665 0
    outer loop
      vertex 105.57 115.318 0
      vertex 104.564 113.769 5
      vertex 104.564 113.769 0
    endloop
  endfacet
  facet normal -0.974128 0.225998 0
    outer loop
      vertex 109.759 112.991 0
      vertex 109.875 113.491 5
      vertex 109.875 113.491 0
    endloop
  endfacet
  facet normal -0.974128 0.225998 0
    outer loop
      vertex 109.875 113.491 5
      vertex 109.759 112.991 0
      vertex 109.759 112.991 5
    endloop
  endfacet
  facet normal 0.766041 0.642791 0
    outer loop
      vertex 48.7 97.7483 10
      vertex 47.5568 99.1107 1.2
      vertex 47.5568 99.1107 10
    endloop
  endfacet
  facet normal 0.766041 0.642791 0
    outer loop
      vertex 47.5568 99.1107 1.2
      vertex 48.7 97.7483 10
      vertex 48.7 97.7483 1.2
    endloop
  endfacet
  facet normal -0.500323 -0.865839 0
    outer loop
      vertex 50.4515 102.561 1.2
      vertex 51.9917 101.671 10
      vertex 50.4515 102.561 10
    endloop
  endfacet
  facet normal -0.500323 -0.865839 -0
    outer loop
      vertex 51.9917 101.671 10
      vertex 50.4515 102.561 1.2
      vertex 51.9917 101.671 1.2
    endloop
  endfacet
  facet normal -0.939674 -0.342073 0
    outer loop
      vertex 52.6 100 1.2
      vertex 51.9917 101.671 10
      vertex 51.9917 101.671 1.2
    endloop
  endfacet
  facet normal -0.939674 -0.342073 0
    outer loop
      vertex 51.9917 101.671 10
      vertex 52.6 100 1.2
      vertex 52.6 100 10
    endloop
  endfacet
  facet normal 0.173737 -0.984792 0
    outer loop
      vertex 48.7 102.252 1.2
      vertex 50.4515 102.561 10
      vertex 48.7 102.252 10
    endloop
  endfacet
  facet normal 0.173737 -0.984792 0
    outer loop
      vertex 50.4515 102.561 10
      vertex 48.7 102.252 1.2
      vertex 50.4515 102.561 1.2
    endloop
  endfacet
  facet normal 0.173628 0.984811 -0
    outer loop
      vertex 50.4515 97.4395 1.2
      vertex 48.7 97.7483 10
      vertex 50.4515 97.4395 10
    endloop
  endfacet
  facet normal 0.173628 0.984811 0
    outer loop
      vertex 48.7 97.7483 10
      vertex 50.4515 97.4395 1.2
      vertex 48.7 97.7483 1.2
    endloop
  endfacet
  facet normal -0.500027 0.86601 0
    outer loop
      vertex 51.9917 98.3288 1.2
      vertex 50.4515 97.4395 10
      vertex 51.9917 98.3288 10
    endloop
  endfacet
  facet normal -0.500027 0.86601 0
    outer loop
      vertex 50.4515 97.4395 10
      vertex 51.9917 98.3288 1.2
      vertex 50.4515 97.4395 1.2
    endloop
  endfacet
  facet normal 0.766181 -0.642625 0
    outer loop
      vertex 47.5568 100.889 10
      vertex 48.7 102.252 1.2
      vertex 48.7 102.252 10
    endloop
  endfacet
  facet normal 0.766181 -0.642625 0
    outer loop
      vertex 48.7 102.252 1.2
      vertex 47.5568 100.889 10
      vertex 47.5568 100.889 1.2
    endloop
  endfacet
  facet normal -0.939687 0.342037 0
    outer loop
      vertex 51.9917 98.3288 1.2
      vertex 52.6 100 10
      vertex 52.6 100 1.2
    endloop
  endfacet
  facet normal -0.939687 0.342037 0
    outer loop
      vertex 52.6 100 10
      vertex 51.9917 98.3288 1.2
      vertex 51.9917 98.3288 10
    endloop
  endfacet
  facet normal 1 -0 0
    outer loop
      vertex 47.5568 99.1107 10
      vertex 47.5568 100.889 1.2
      vertex 47.5568 100.889 10
    endloop
  endfacet
  facet normal 1 0 0
    outer loop
      vertex 47.5568 100.889 1.2
      vertex 47.5568 99.1107 10
      vertex 47.5568 99.1107 1.2
    endloop
  endfacet
  facet normal 0.841265 0.540624 0
    outer loop
      vertex 47.8062 97.4682 1.2
      vertex 46.7857 99.0562 -4.8
      vertex 46.7857 99.0562 1.2
    endloop
  endfacet
  facet normal 0.841265 0.540624 0
    outer loop
      vertex 46.7857 99.0562 -4.8
      vertex 47.8062 97.4682 1.2
      vertex 47.8062 97.4682 -4.8
    endloop
  endfacet
  facet normal -0.654814 -0.75579 0
    outer loop
      vertex 51.3916 103.047 -4.8
      vertex 52.8182 101.811 1.2
      vertex 51.3916 103.047 1.2
    endloop
  endfacet
  facet normal -0.654814 -0.75579 -0
    outer loop
      vertex 52.8182 101.811 1.2
      vertex 51.3916 103.047 -4.8
      vertex 52.8182 101.811 -4.8
    endloop
  endfacet
  facet normal -0.959487 -0.281753 0
    outer loop
      vertex 53.35 100 -4.8
      vertex 52.8182 101.811 1.2
      vertex 52.8182 101.811 -4.8
    endloop
  endfacet
  facet normal -0.959487 -0.281753 0
    outer loop
      vertex 52.8182 101.811 1.2
      vertex 53.35 100 -4.8
      vertex 53.35 100 1.2
    endloop
  endfacet
  facet normal -0.142504 -0.989794 0
    outer loop
      vertex 49.5232 103.316 -4.8
      vertex 51.3916 103.047 1.2
      vertex 49.5232 103.316 1.2
    endloop
  endfacet
  facet normal -0.142504 -0.989794 -0
    outer loop
      vertex 51.3916 103.047 1.2
      vertex 49.5232 103.316 -4.8
      vertex 51.3916 103.047 -4.8
    endloop
  endfacet
  facet normal 0.415359 -0.909658 0
    outer loop
      vertex 47.8062 102.532 -4.8
      vertex 49.5232 103.316 1.2
      vertex 47.8062 102.532 1.2
    endloop
  endfacet
  facet normal 0.415359 -0.909658 0
    outer loop
      vertex 49.5232 103.316 1.2
      vertex 47.8062 102.532 -4.8
      vertex 49.5232 103.316 -4.8
    endloop
  endfacet
  facet normal -0.654874 0.755738 0
    outer loop
      vertex 52.8182 98.1889 -4.8
      vertex 51.3916 96.9527 1.2
      vertex 52.8182 98.1889 1.2
    endloop
  endfacet
  facet normal -0.654874 0.755738 0
    outer loop
      vertex 51.3916 96.9527 1.2
      vertex 52.8182 98.1889 -4.8
      vertex 51.3916 96.9527 -4.8
    endloop
  endfacet
  facet normal 0.415403 0.909638 -0
    outer loop
      vertex 49.5232 96.6841 -4.8
      vertex 47.8062 97.4682 1.2
      vertex 49.5232 96.6841 1.2
    endloop
  endfacet
  facet normal 0.415403 0.909638 0
    outer loop
      vertex 47.8062 97.4682 1.2
      vertex 49.5232 96.6841 -4.8
      vertex 47.8062 97.4682 -4.8
    endloop
  endfacet
  facet normal -0.142296 0.989824 0
    outer loop
      vertex 51.3916 96.9527 -4.8
      vertex 49.5232 96.6841 1.2
      vertex 51.3916 96.9527 1.2
    endloop
  endfacet
  facet normal -0.142296 0.989824 0
    outer loop
      vertex 49.5232 96.6841 1.2
      vertex 51.3916 96.9527 -4.8
      vertex 49.5232 96.6841 -4.8
    endloop
  endfacet
  facet normal 0.841265 -0.540624 0
    outer loop
      vertex 46.7857 100.944 1.2
      vertex 47.8062 102.532 -4.8
      vertex 47.8062 102.532 1.2
    endloop
  endfacet
  facet normal 0.841265 -0.540624 0
    outer loop
      vertex 47.8062 102.532 -4.8
      vertex 46.7857 100.944 1.2
      vertex 46.7857 100.944 -4.8
    endloop
  endfacet
  facet normal -0.959491 0.281739 0
    outer loop
      vertex 52.8182 98.1889 -4.8
      vertex 53.35 100 1.2
      vertex 53.35 100 -4.8
    endloop
  endfacet
  facet normal -0.959491 0.281739 0
    outer loop
      vertex 53.35 100 1.2
      vertex 52.8182 98.1889 -4.8
      vertex 52.8182 98.1889 1.2
    endloop
  endfacet
  facet normal 1 -0 0
    outer loop
      vertex 46.7857 99.0562 1.2
      vertex 46.7857 100.944 -4.8
      vertex 46.7857 100.944 1.2
    endloop
  endfacet
  facet normal 1 0 0
    outer loop
      vertex 46.7857 100.944 -4.8
      vertex 46.7857 99.0562 1.2
      vertex 46.7857 99.0562 -4.8
    endloop
  endfacet
  facet normal 0 0 -1
    outer loop
      vertex 52.6 100 1.2
      vertex 53.35 100 1.2
      vertex 52.8182 98.1889 1.2
    endloop
  endfacet
  facet normal 0 0 -1
    outer loop
      vertex 53.35 100 1.2
      vertex 52.6 100 1.2
      vertex 52.8182 101.811 1.2
    endloop
  endfacet
  facet normal 0 0 -1
    outer loop
      vertex 52.8182 98.1889 1.2
      vertex 51.9917 98.3288 1.2
      vertex 52.6 100 1.2
    endloop
  endfacet
  facet normal 0 0 -1
    outer loop
      vertex 51.3916 96.9527 1.2
      vertex 51.9917 98.3288 1.2
      vertex 52.8182 98.1889 1.2
    endloop
  endfacet
  facet normal 0 0 -1
    outer loop
      vertex 51.3916 96.9527 1.2
      vertex 50.4515 97.4395 1.2
      vertex 51.9917 98.3288 1.2
    endloop
  endfacet
  facet normal 0 0 -1
    outer loop
      vertex 49.5232 96.6841 1.2
      vertex 50.4515 97.4395 1.2
      vertex 51.3916 96.9527 1.2
    endloop
  endfacet
  facet normal 0 0 -1
    outer loop
      vertex 49.5232 96.6841 1.2
      vertex 48.7 97.7483 1.2
      vertex 50.4515 97.4395 1.2
    endloop
  endfacet
  facet normal 0 0 -1
    outer loop
      vertex 47.8062 97.4682 1.2
      vertex 48.7 97.7483 1.2
      vertex 49.5232 96.6841 1.2
    endloop
  endfacet
  facet normal 0 0 -1
    outer loop
      vertex 47.8062 97.4682 1.2
      vertex 47.5568 99.1107 1.2
      vertex 48.7 97.7483 1.2
    endloop
  endfacet
  facet normal -0 0 -1
    outer loop
      vertex 47.5568 99.1107 1.2
      vertex 46.7857 99.0562 1.2
      vertex 47.5568 100.889 1.2
    endloop
  endfacet
  facet normal 0 0 -1
    outer loop
      vertex 46.7857 99.0562 1.2
      vertex 47.5568 99.1107 1.2
      vertex 47.8062 97.4682 1.2
    endloop
  endfacet
  facet normal 0 0 -1
    outer loop
      vertex 51.9917 101.671 1.2
      vertex 52.8182 101.811 1.2
      vertex 52.6 100 1.2
    endloop
  endfacet
  facet normal 0 0 -1
    outer loop
      vertex 51.9917 101.671 1.2
      vertex 51.3916 103.047 1.2
      vertex 52.8182 101.811 1.2
    endloop
  endfacet
  facet normal 0 0 -1
    outer loop
      vertex 50.4515 102.561 1.2
      vertex 51.3916 103.047 1.2
      vertex 51.9917 101.671 1.2
    endloop
  endfacet
  facet normal 0 0 -1
    outer loop
      vertex 50.4515 102.561 1.2
      vertex 49.5232 103.316 1.2
      vertex 51.3916 103.047 1.2
    endloop
  endfacet
  facet normal 0 0 -1
    outer loop
      vertex 48.7 102.252 1.2
      vertex 49.5232 103.316 1.2
      vertex 50.4515 102.561 1.2
    endloop
  endfacet
  facet normal 0 0 -1
    outer loop
      vertex 48.7 102.252 1.2
      vertex 47.8062 102.532 1.2
      vertex 49.5232 103.316 1.2
    endloop
  endfacet
  facet normal 0 0 -1
    outer loop
      vertex 47.5568 100.889 1.2
      vertex 47.8062 102.532 1.2
      vertex 48.7 102.252 1.2
    endloop
  endfacet
  facet normal 0 0 -1
    outer loop
      vertex 46.7857 100.944 1.2
      vertex 47.5568 100.889 1.2
      vertex 46.7857 99.0562 1.2
    endloop
  endfacet
  facet normal 0 0 -1
    outer loop
      vertex 47.5568 100.889 1.2
      vertex 46.7857 100.944 1.2
      vertex 47.8062 102.532 1.2
    endloop
  endfacet
  facet normal -0.707107 0.707107 0
    outer loop
      vertex 8.6 112.5 0
      vertex 0 103.9 5
      vertex 8.6 112.5 5
    endloop
  endfacet
  facet normal -0.707107 0.707107 0
    outer loop
      vertex 0 103.9 5
      vertex 8.6 112.5 0
      vertex 0 103.9 0
    endloop
  endfacet
  facet normal -0.707107 -0.707107 0
    outer loop
      vertex 0 96.1 0
      vertex 8.6 87.5 5
      vertex 0 96.1 5
    endloop
  endfacet
  facet normal -0.707107 -0.707107 -0
    outer loop
      vertex 8.6 87.5 5
      vertex 0 96.1 0
      vertex 8.6 87.5 0
    endloop
  endfacet
endsolid OpenSCAD_Model
