solid OpenSCAD_Model
  facet normal 1 0 0
    outer loop
      vertex 58 47.0562 16
      vertex 58 42.8032 4.42705
      vertex 58 47.0562 0
    endloop
  endfacet
  facet normal 1 0 0
    outer loop
      vertex 58 47.0562 16
      vertex 58 41.7134 5.92705
      vertex 58 42.8032 4.42705
    endloop
  endfacet
  facet normal 1 0 0
    outer loop
      vertex 58 47.0562 16
      vertex 58 39.95 6.5
      vertex 58 41.7134 5.92705
    endloop
  endfacet
  facet normal 1 0 0
    outer loop
      vertex 58 47.0562 16
      vertex 58 38.1866 5.92705
      vertex 58 39.95 6.5
    endloop
  endfacet
  facet normal 1 0 0
    outer loop
      vertex 58 37.0968 4.42705
      vertex 58 -37.0968 4.42705
      vertex 58 37.0968 2.57295
    endloop
  endfacet
  facet normal 1 0 0
    outer loop
      vertex 58 38.1866 5.92705
      vertex 58 -37.0968 4.42705
      vertex 58 37.0968 4.42705
    endloop
  endfacet
  facet normal 1 0 0
    outer loop
      vertex 58 -38.1866 5.92705
      vertex 58 38.1866 5.92705
      vertex 58 47.0562 16
    endloop
  endfacet
  facet normal 1 0 0
    outer loop
      vertex 58 38.1866 5.92705
      vertex 58 -38.1866 5.92705
      vertex 58 -37.0968 4.42705
    endloop
  endfacet
  facet normal 1 -0 0
    outer loop
      vertex 58 -47.0562 16
      vertex 58 -38.1866 5.92705
      vertex 58 47.0562 16
    endloop
  endfacet
  facet normal 1 0 0
    outer loop
      vertex 58 -47.0562 0
      vertex 58 -42.8032 4.42705
      vertex 58 -47.0562 16
    endloop
  endfacet
  facet normal 1 0 0
    outer loop
      vertex 58 -41.7134 5.92705
      vertex 58 -47.0562 16
      vertex 58 -42.8032 4.42705
    endloop
  endfacet
  facet normal 1 0 0
    outer loop
      vertex 58 -39.95 6.5
      vertex 58 -47.0562 16
      vertex 58 -41.7134 5.92705
    endloop
  endfacet
  facet normal 1 0 0
    outer loop
      vertex 58 -38.1866 5.92705
      vertex 58 -47.0562 16
      vertex 58 -39.95 6.5
    endloop
  endfacet
  facet normal 1 -0 0
    outer loop
      vertex 58 42.8032 2.57295
      vertex 58 47.0562 0
      vertex 58 42.8032 4.42705
    endloop
  endfacet
  facet normal 1 -0 0
    outer loop
      vertex 58 41.7134 1.07295
      vertex 58 47.0562 0
      vertex 58 42.8032 2.57295
    endloop
  endfacet
  facet normal 1 -0 0
    outer loop
      vertex 58 39.95 0.5
      vertex 58 47.0562 0
      vertex 58 41.7134 1.07295
    endloop
  endfacet
  facet normal 1 0 0
    outer loop
      vertex 58 -37.0968 2.57295
      vertex 58 37.0968 2.57295
      vertex 58 -37.0968 4.42705
    endloop
  endfacet
  facet normal 1 0 0
    outer loop
      vertex 58 37.0968 2.57295
      vertex 58 -37.0968 2.57295
      vertex 58 38.1866 1.07295
    endloop
  endfacet
  facet normal 1 0 0
    outer loop
      vertex 58 -38.1866 1.07295
      vertex 58 38.1866 1.07295
      vertex 58 -37.0968 2.57295
    endloop
  endfacet
  facet normal 1 0 0
    outer loop
      vertex 58 38.1866 1.07295
      vertex 58 -38.1866 1.07295
      vertex 58 39.95 0.5
    endloop
  endfacet
  facet normal 1 0 0
    outer loop
      vertex 58 -39.95 0.5
      vertex 58 39.95 0.5
      vertex 58 -38.1866 1.07295
    endloop
  endfacet
  facet normal 1 0 0
    outer loop
      vertex 58 39.95 0.5
      vertex 58 -39.95 0.5
      vertex 58 47.0562 0
    endloop
  endfacet
  facet normal 1 0 0
    outer loop
      vertex 58 -39.95 0.5
      vertex 58 -47.0562 0
      vertex 58 47.0562 0
    endloop
  endfacet
  facet normal 1 0 0
    outer loop
      vertex 58 -41.7134 1.07295
      vertex 58 -47.0562 0
      vertex 58 -39.95 0.5
    endloop
  endfacet
  facet normal 1 0 0
    outer loop
      vertex 58 -42.8032 2.57295
      vertex 58 -47.0562 0
      vertex 58 -41.7134 1.07295
    endloop
  endfacet
  facet normal 1 0 0
    outer loop
      vertex 58 -42.8032 4.42705
      vertex 58 -47.0562 0
      vertex 58 -42.8032 2.57295
    endloop
  endfacet
  facet normal -0 0 1
    outer loop
      vertex -53.8383 23.3383 16
      vertex -53.15 -25 16
      vertex -53.15 25 16
    endloop
  endfacet
  facet normal 0 0 1
    outer loop
      vertex -53.8383 23.3383 16
      vertex -53.8383 -23.3383 16
      vertex -53.15 -25 16
    endloop
  endfacet
  facet normal -0 0 1
    outer loop
      vertex -55.5 22.65 16
      vertex -53.8383 -23.3383 16
      vertex -53.8383 23.3383 16
    endloop
  endfacet
  facet normal 0 0 1
    outer loop
      vertex -55.5 22.65 16
      vertex -55.5 -22.65 16
      vertex -53.8383 -23.3383 16
    endloop
  endfacet
  facet normal 0 0 1
    outer loop
      vertex -57.1617 23.3383 16
      vertex -55.5 -22.65 16
      vertex -55.5 22.65 16
    endloop
  endfacet
  facet normal 0 0 1
    outer loop
      vertex -57.1617 23.3383 16
      vertex -57.1617 -23.3383 16
      vertex -55.5 -22.65 16
    endloop
  endfacet
  facet normal 0 0 1
    outer loop
      vertex -57.85 25 16
      vertex -57.1617 -23.3383 16
      vertex -57.1617 23.3383 16
    endloop
  endfacet
  facet normal 0 0 1
    outer loop
      vertex -57.1617 -23.3383 16
      vertex -57.85 25 16
      vertex -57.85 -25 16
    endloop
  endfacet
  facet normal 0 0 1
    outer loop
      vertex 18.2101 60 16
      vertex 17.9683 59.778 16
      vertex 18.1117 59.9096 16
    endloop
  endfacet
  facet normal 0 0 1
    outer loop
      vertex -17.9683 59.778 16
      vertex 17.9683 59.778 16
      vertex 18.2101 60 16
    endloop
  endfacet
  facet normal 0 0 1
    outer loop
      vertex 17.9683 59.778 16
      vertex -14.4679 56.8518 16
      vertex 14.4679 56.8518 16
    endloop
  endfacet
  facet normal 0 0 1
    outer loop
      vertex 12.492 55.2 16
      vertex -12.492 55.2 16
      vertex 12.492 55 16
    endloop
  endfacet
  facet normal 0 0 1
    outer loop
      vertex 14.4679 56.8518 16
      vertex -14.4679 56.8518 16
      vertex 12.492 55.2 16
    endloop
  endfacet
  facet normal 0 0 1
    outer loop
      vertex 12.492 55.2 16
      vertex -14.4679 56.8518 16
      vertex -12.492 55.2 16
    endloop
  endfacet
  facet normal 0 0 1
    outer loop
      vertex 17.9683 59.778 16
      vertex -17.9683 59.778 16
      vertex -14.4679 56.8518 16
    endloop
  endfacet
  facet normal 0 0 1
    outer loop
      vertex 18.2101 60 16
      vertex -18.1117 59.9096 16
      vertex -17.9683 59.778 16
    endloop
  endfacet
  facet normal 0 -0 1
    outer loop
      vertex -18.1117 59.9096 16
      vertex 18.2101 60 16
      vertex -18.2101 60 16
    endloop
  endfacet
  facet normal -0 0 1
    outer loop
      vertex 54.1617 23.3383 16
      vertex 54.85 -25 16
      vertex 54.85 25 16
    endloop
  endfacet
  facet normal 0 0 1
    outer loop
      vertex 54.1617 23.3383 16
      vertex 54.1617 -23.3383 16
      vertex 54.85 -25 16
    endloop
  endfacet
  facet normal -0 0 1
    outer loop
      vertex 52.5 22.65 16
      vertex 54.1617 -23.3383 16
      vertex 54.1617 23.3383 16
    endloop
  endfacet
  facet normal 0 0 1
    outer loop
      vertex 52.5 22.65 16
      vertex 52.5 -22.65 16
      vertex 54.1617 -23.3383 16
    endloop
  endfacet
  facet normal 0 0 1
    outer loop
      vertex 50.8383 23.3383 16
      vertex 52.5 -22.65 16
      vertex 52.5 22.65 16
    endloop
  endfacet
  facet normal 0 0 1
    outer loop
      vertex 50.8383 23.3383 16
      vertex 50.8383 -23.3383 16
      vertex 52.5 -22.65 16
    endloop
  endfacet
  facet normal 0 0 1
    outer loop
      vertex 50.15 25 16
      vertex 50.8383 -23.3383 16
      vertex 50.8383 23.3383 16
    endloop
  endfacet
  facet normal 0 0 1
    outer loop
      vertex 50.8383 -23.3383 16
      vertex 50.15 25 16
      vertex 50.15 -25 16
    endloop
  endfacet
  facet normal 0 0 1
    outer loop
      vertex 58 47.0562 16
      vertex 54.85 25 16
      vertex 58 -47.0562 16
    endloop
  endfacet
  facet normal 0 0 1
    outer loop
      vertex 58 47.0562 16
      vertex 54.1617 26.6617 16
      vertex 54.85 25 16
    endloop
  endfacet
  facet normal 0 0 1
    outer loop
      vertex 58 47.0562 16
      vertex 52.5 27.35 16
      vertex 54.1617 26.6617 16
    endloop
  endfacet
  facet normal -0 0 1
    outer loop
      vertex 48.5 48.5 16
      vertex 58 47.0562 16
      vertex 50.8474 55 16
    endloop
  endfacet
  facet normal 0 0 1
    outer loop
      vertex 58 47.0562 16
      vertex 48.5 48.5 16
      vertex 52.5 27.35 16
    endloop
  endfacet
  facet normal 0 0 1
    outer loop
      vertex 52.5 27.35 16
      vertex 48.5 48.5 16
      vertex 50.8383 26.6617 16
    endloop
  endfacet
  facet normal 0 0 1
    outer loop
      vertex 50.15 25 16
      vertex 48.5 48.5 16
      vertex 50.15 -25 16
    endloop
  endfacet
  facet normal 0 0 1
    outer loop
      vertex 50.8383 26.6617 16
      vertex 48.5 48.5 16
      vertex 50.15 25 16
    endloop
  endfacet
  facet normal -0 0 1
    outer loop
      vertex 12.492 55 16
      vertex 48.5 48.5 16
      vertex 50.8474 55 16
    endloop
  endfacet
  facet normal 0 0 1
    outer loop
      vertex -12.492 55 16
      vertex 12.492 55 16
      vertex -12.492 55.2 16
    endloop
  endfacet
  facet normal 0 0 1
    outer loop
      vertex 12.492 55 16
      vertex -12.492 55 16
      vertex 48.5 48.5 16
    endloop
  endfacet
  facet normal 0 0 1
    outer loop
      vertex -51.5 48.5 16
      vertex -12.492 55 16
      vertex -50.8474 55 16
    endloop
  endfacet
  facet normal 0 0 1
    outer loop
      vertex -12.492 55 16
      vertex -51.5 48.5 16
      vertex 48.5 48.5 16
    endloop
  endfacet
  facet normal 0 0 1
    outer loop
      vertex -51.5 48.5 16
      vertex -53.15 25 16
      vertex -51.5 -48.5 16
    endloop
  endfacet
  facet normal 0 0 1
    outer loop
      vertex -51.5 48.5 16
      vertex -53.8383 26.6617 16
      vertex -53.15 25 16
    endloop
  endfacet
  facet normal 0 0 1
    outer loop
      vertex -58 47.0562 16
      vertex -51.5 48.5 16
      vertex -50.8474 55 16
    endloop
  endfacet
  facet normal 0 -0 1
    outer loop
      vertex -55.5 27.35 16
      vertex -51.5 48.5 16
      vertex -58 47.0562 16
    endloop
  endfacet
  facet normal 0 0 1
    outer loop
      vertex -51.5 48.5 16
      vertex -55.5 27.35 16
      vertex -53.8383 26.6617 16
    endloop
  endfacet
  facet normal 0 0 1
    outer loop
      vertex -55.5 27.35 16
      vertex -58 47.0562 16
      vertex -57.1617 26.6617 16
    endloop
  endfacet
  facet normal 0 0 1
    outer loop
      vertex -57.85 25 16
      vertex -58 47.0562 16
      vertex -57.85 -25 16
    endloop
  endfacet
  facet normal 0 0 1
    outer loop
      vertex -57.1617 26.6617 16
      vertex -58 47.0562 16
      vertex -57.85 25 16
    endloop
  endfacet
  facet normal -0 0 1
    outer loop
      vertex 54.85 -25 16
      vertex 58 -47.0562 16
      vertex 54.85 25 16
    endloop
  endfacet
  facet normal -0 0 1
    outer loop
      vertex 54.1617 -26.6617 16
      vertex 58 -47.0562 16
      vertex 54.85 -25 16
    endloop
  endfacet
  facet normal -0 0 1
    outer loop
      vertex 52.5 -27.35 16
      vertex 58 -47.0562 16
      vertex 54.1617 -26.6617 16
    endloop
  endfacet
  facet normal 0 0 1
    outer loop
      vertex 48.5 -48.5 16
      vertex 58 -47.0562 16
      vertex 52.5 -27.35 16
    endloop
  endfacet
  facet normal 0 0 1
    outer loop
      vertex 48.5 -48.5 16
      vertex 52.5 -27.35 16
      vertex 50.8383 -26.6617 16
    endloop
  endfacet
  facet normal 0 0 1
    outer loop
      vertex 48.5 -48.5 16
      vertex 50.8383 -26.6617 16
      vertex 50.15 -25 16
    endloop
  endfacet
  facet normal 0 0 1
    outer loop
      vertex 48.5 -48.5 16
      vertex 50.15 -25 16
      vertex 48.5 48.5 16
    endloop
  endfacet
  facet normal 0 0 1
    outer loop
      vertex 58 -47.0562 16
      vertex 48.5 -48.5 16
      vertex 50.8474 -55 16
    endloop
  endfacet
  facet normal 0 0 1
    outer loop
      vertex 48.5 -48.5 16
      vertex 12.492 -55 16
      vertex 50.8474 -55 16
    endloop
  endfacet
  facet normal 0 0 1
    outer loop
      vertex 12.492 -55 16
      vertex -12.492 -55 16
      vertex 12.492 -55.2 16
    endloop
  endfacet
  facet normal 0 0 1
    outer loop
      vertex 48.5 -48.5 16
      vertex -12.492 -55 16
      vertex 12.492 -55 16
    endloop
  endfacet
  facet normal -0 0 1
    outer loop
      vertex -51.5 -48.5 16
      vertex -12.492 -55 16
      vertex 48.5 -48.5 16
    endloop
  endfacet
  facet normal 0 0 1
    outer loop
      vertex -12.492 -55 16
      vertex -51.5 -48.5 16
      vertex -50.8474 -55 16
    endloop
  endfacet
  facet normal -0 0 1
    outer loop
      vertex -53.15 -25 16
      vertex -51.5 -48.5 16
      vertex -53.15 25 16
    endloop
  endfacet
  facet normal -0 0 1
    outer loop
      vertex -53.8383 -26.6617 16
      vertex -51.5 -48.5 16
      vertex -53.15 -25 16
    endloop
  endfacet
  facet normal -0 0 1
    outer loop
      vertex -55.5 -27.35 16
      vertex -51.5 -48.5 16
      vertex -53.8383 -26.6617 16
    endloop
  endfacet
  facet normal 0 0 1
    outer loop
      vertex -51.5 -48.5 16
      vertex -55.5 -27.35 16
      vertex -58 -47.0562 16
    endloop
  endfacet
  facet normal 0 0 1
    outer loop
      vertex -58 -47.0562 16
      vertex -55.5 -27.35 16
      vertex -57.1617 -26.6617 16
    endloop
  endfacet
  facet normal 0 0 1
    outer loop
      vertex -58 -47.0562 16
      vertex -57.1617 -26.6617 16
      vertex -57.85 -25 16
    endloop
  endfacet
  facet normal 0 0 1
    outer loop
      vertex -51.5 -48.5 16
      vertex -58 -47.0562 16
      vertex -50.8474 -55 16
    endloop
  endfacet
  facet normal 0 0 1
    outer loop
      vertex -58 -47.0562 16
      vertex -57.85 -25 16
      vertex -58 47.0562 16
    endloop
  endfacet
  facet normal 0 0 1
    outer loop
      vertex 17.9683 -59.778 16
      vertex 18.2101 -60 16
      vertex 18.1117 -59.9096 16
    endloop
  endfacet
  facet normal -0 0 1
    outer loop
      vertex -14.4679 -56.8518 16
      vertex 17.9683 -59.778 16
      vertex 14.4679 -56.8518 16
    endloop
  endfacet
  facet normal 0 0 1
    outer loop
      vertex -14.4679 -56.8518 16
      vertex 14.4679 -56.8518 16
      vertex 12.492 -55.2 16
    endloop
  endfacet
  facet normal 0 0 1
    outer loop
      vertex -12.492 -55.2 16
      vertex 12.492 -55.2 16
      vertex -12.492 -55 16
    endloop
  endfacet
  facet normal 0 0 1
    outer loop
      vertex -14.4679 -56.8518 16
      vertex 12.492 -55.2 16
      vertex -12.492 -55.2 16
    endloop
  endfacet
  facet normal 0 0 1
    outer loop
      vertex -17.9683 -59.778 16
      vertex 17.9683 -59.778 16
      vertex -14.4679 -56.8518 16
    endloop
  endfacet
  facet normal 0 0 1
    outer loop
      vertex 17.9683 -59.778 16
      vertex -17.9683 -59.778 16
      vertex 18.2101 -60 16
    endloop
  endfacet
  facet normal -0 0 1
    outer loop
      vertex -18.1117 -59.9096 16
      vertex 18.2101 -60 16
      vertex -17.9683 -59.778 16
    endloop
  endfacet
  facet normal 0 0 1
    outer loop
      vertex 18.2101 -60 16
      vertex -18.1117 -59.9096 16
      vertex -18.2101 -60 16
    endloop
  endfacet
  facet normal 0 0 -1
    outer loop
      vertex 18.2101 -60 0
      vertex 17.9683 -59.778 0
      vertex 18.1117 -59.9096 0
    endloop
  endfacet
  facet normal 0 0 -1
    outer loop
      vertex -17.9683 -59.778 0
      vertex 17.9683 -59.778 0
      vertex 18.2101 -60 0
    endloop
  endfacet
  facet normal 0 0 -1
    outer loop
      vertex 17.9683 -59.778 0
      vertex -14.4679 -56.8518 0
      vertex 14.4679 -56.8518 0
    endloop
  endfacet
  facet normal 0 0 -1
    outer loop
      vertex 12.492 -55.2 0
      vertex -12.492 -55.2 0
      vertex 12.492 -55 0
    endloop
  endfacet
  facet normal 0 0 -1
    outer loop
      vertex 14.4679 -56.8518 0
      vertex -14.4679 -56.8518 0
      vertex 12.492 -55.2 0
    endloop
  endfacet
  facet normal -0 0 -1
    outer loop
      vertex 12.492 -55.2 0
      vertex -14.4679 -56.8518 0
      vertex -12.492 -55.2 0
    endloop
  endfacet
  facet normal 0 0 -1
    outer loop
      vertex 17.9683 -59.778 0
      vertex -17.9683 -59.778 0
      vertex -14.4679 -56.8518 0
    endloop
  endfacet
  facet normal 0 0 -1
    outer loop
      vertex 18.2101 -60 0
      vertex -18.1117 -59.9096 0
      vertex -17.9683 -59.778 0
    endloop
  endfacet
  facet normal 0 -0 -1
    outer loop
      vertex -18.1117 -59.9096 0
      vertex 18.2101 -60 0
      vertex -18.2101 -60 0
    endloop
  endfacet
  facet normal -0 0 -1
    outer loop
      vertex 58 -47.0562 0
      vertex 52.2 -52.2 0
      vertex 58 47.0562 0
    endloop
  endfacet
  facet normal 0 0 -1
    outer loop
      vertex 50.8474 -55 0
      vertex 52.2 -52.2 0
      vertex 58 -47.0562 0
    endloop
  endfacet
  facet normal 0 0 -1
    outer loop
      vertex 12.492 -55 0
      vertex 52.2 -52.2 0
      vertex 50.8474 -55 0
    endloop
  endfacet
  facet normal 0 0 -1
    outer loop
      vertex -12.492 -55 0
      vertex 12.492 -55 0
      vertex -12.492 -55.2 0
    endloop
  endfacet
  facet normal 0 0 -1
    outer loop
      vertex 12.492 -55 0
      vertex -12.492 -55 0
      vertex 52.2 -52.2 0
    endloop
  endfacet
  facet normal 0 0 -1
    outer loop
      vertex -52.2 -52.2 0
      vertex -12.492 -55 0
      vertex -50.8474 -55 0
    endloop
  endfacet
  facet normal 0 0 -1
    outer loop
      vertex -12.492 -55 0
      vertex -52.2 -52.2 0
      vertex 52.2 -52.2 0
    endloop
  endfacet
  facet normal 0 0 -1
    outer loop
      vertex -52.2 -52.2 0
      vertex -58 -47.0562 0
      vertex -52.2 52.2 0
    endloop
  endfacet
  facet normal 0 0 -1
    outer loop
      vertex -58 -47.0562 0
      vertex -52.2 -52.2 0
      vertex -50.8474 -55 0
    endloop
  endfacet
  facet normal 0 0 -1
    outer loop
      vertex 52.2 52.2 0
      vertex 58 47.0562 0
      vertex 52.2 -52.2 0
    endloop
  endfacet
  facet normal 0 0 -1
    outer loop
      vertex 52.2 52.2 0
      vertex 50.8474 55 0
      vertex 58 47.0562 0
    endloop
  endfacet
  facet normal 0 0 -1
    outer loop
      vertex 52.2 52.2 0
      vertex 12.492 55 0
      vertex 50.8474 55 0
    endloop
  endfacet
  facet normal 0 0 -1
    outer loop
      vertex 12.492 55 0
      vertex -12.492 55 0
      vertex 12.492 55.2 0
    endloop
  endfacet
  facet normal 0 0 -1
    outer loop
      vertex 52.2 52.2 0
      vertex -12.492 55 0
      vertex 12.492 55 0
    endloop
  endfacet
  facet normal 0 0 -1
    outer loop
      vertex -52.2 52.2 0
      vertex -12.492 55 0
      vertex 52.2 52.2 0
    endloop
  endfacet
  facet normal -0 0 -1
    outer loop
      vertex -12.492 55 0
      vertex -52.2 52.2 0
      vertex -50.8474 55 0
    endloop
  endfacet
  facet normal -0 0 -1
    outer loop
      vertex -52.2 52.2 0
      vertex -58 47.0562 0
      vertex -50.8474 55 0
    endloop
  endfacet
  facet normal 0 0 -1
    outer loop
      vertex -58 47.0562 0
      vertex -52.2 52.2 0
      vertex -58 -47.0562 0
    endloop
  endfacet
  facet normal 0 0 -1
    outer loop
      vertex 17.9683 59.778 0
      vertex 18.2101 60 0
      vertex 18.1117 59.9096 0
    endloop
  endfacet
  facet normal 0 0 -1
    outer loop
      vertex -14.4679 56.8518 0
      vertex 17.9683 59.778 0
      vertex 14.4679 56.8518 0
    endloop
  endfacet
  facet normal 0 0 -1
    outer loop
      vertex -14.4679 56.8518 0
      vertex 14.4679 56.8518 0
      vertex 12.492 55.2 0
    endloop
  endfacet
  facet normal 0 0 -1
    outer loop
      vertex -12.492 55.2 0
      vertex 12.492 55.2 0
      vertex -12.492 55 0
    endloop
  endfacet
  facet normal 0 0 -1
    outer loop
      vertex -14.4679 56.8518 0
      vertex 12.492 55.2 0
      vertex -12.492 55.2 0
    endloop
  endfacet
  facet normal 0 0 -1
    outer loop
      vertex -17.9683 59.778 0
      vertex 17.9683 59.778 0
      vertex -14.4679 56.8518 0
    endloop
  endfacet
  facet normal 0 0 -1
    outer loop
      vertex 17.9683 59.778 0
      vertex -17.9683 59.778 0
      vertex 18.2101 60 0
    endloop
  endfacet
  facet normal 0 0 -1
    outer loop
      vertex -18.1117 59.9096 0
      vertex 18.2101 60 0
      vertex -17.9683 59.778 0
    endloop
  endfacet
  facet normal -0 0 -1
    outer loop
      vertex 18.2101 60 0
      vertex -18.1117 59.9096 0
      vertex -18.2101 60 0
    endloop
  endfacet
  facet normal -1 0 0
    outer loop
      vertex -58 47.0562 0
      vertex -58 46 2.06155
      vertex -58 47.0562 2.06155
    endloop
  endfacet
  facet normal -1 0 0
    outer loop
      vertex -58 42.8032 2.57295
      vertex -58 46 4.75264
      vertex -58 46 2.06155
    endloop
  endfacet
  facet normal -1 0 0
    outer loop
      vertex -58 41.7134 5.92705
      vertex -58 46 4.75264
      vertex -58 42.8032 4.42705
    endloop
  endfacet
  facet normal -1 0 0
    outer loop
      vertex -58 46 4.75264
      vertex -58 42.8032 2.57295
      vertex -58 42.8032 4.42705
    endloop
  endfacet
  facet normal -1 0 0
    outer loop
      vertex -58 41.7134 1.07295
      vertex -58 46 2.06155
      vertex -58 47.0562 0
    endloop
  endfacet
  facet normal -1 -0 0
    outer loop
      vertex -58 46 2.06155
      vertex -58 41.7134 1.07295
      vertex -58 42.8032 2.57295
    endloop
  endfacet
  facet normal -1 0 0
    outer loop
      vertex -58 47.0562 0
      vertex -58 39.95 0.5
      vertex -58 41.7134 1.07295
    endloop
  endfacet
  facet normal -1 0 0
    outer loop
      vertex -58 37.0968 2.57295
      vertex -58 -37.0968 2.57295
      vertex -58 37.0968 4.42705
    endloop
  endfacet
  facet normal -1 0 0
    outer loop
      vertex -58 38.1866 1.07295
      vertex -58 -37.0968 2.57295
      vertex -58 37.0968 2.57295
    endloop
  endfacet
  facet normal -1 0 0
    outer loop
      vertex -58 -38.1866 1.07295
      vertex -58 38.1866 1.07295
      vertex -58 39.95 0.5
    endloop
  endfacet
  facet normal -1 0 0
    outer loop
      vertex -58 -39.95 0.5
      vertex -58 39.95 0.5
      vertex -58 47.0562 0
    endloop
  endfacet
  facet normal -1 0 0
    outer loop
      vertex -58 38.1866 1.07295
      vertex -58 -38.1866 1.07295
      vertex -58 -37.0968 2.57295
    endloop
  endfacet
  facet normal -1 0 0
    outer loop
      vertex -58 39.95 0.5
      vertex -58 -39.95 0.5
      vertex -58 -38.1866 1.07295
    endloop
  endfacet
  facet normal -1 0 0
    outer loop
      vertex -58 -46 4.75264
      vertex -58 -42.8032 2.57295
      vertex -58 -46 2.06155
    endloop
  endfacet
  facet normal -1 0 0
    outer loop
      vertex -58 -41.7134 1.07295
      vertex -58 -46 2.06155
      vertex -58 -42.8032 2.57295
    endloop
  endfacet
  facet normal -1 0 0
    outer loop
      vertex -58 -47.0562 0
      vertex -58 -41.7134 1.07295
      vertex -58 -39.95 0.5
    endloop
  endfacet
  facet normal -1 0 0
    outer loop
      vertex -58 -47.0562 0
      vertex -58 -39.95 0.5
      vertex -58 47.0562 0
    endloop
  endfacet
  facet normal -1 -0 0
    outer loop
      vertex -58 -41.7134 1.07295
      vertex -58 -47.0562 0
      vertex -58 -46 2.06155
    endloop
  endfacet
  facet normal -1 -0 0
    outer loop
      vertex -58 -46 2.06155
      vertex -58 -47.0562 0
      vertex -58 -47.0562 2.06155
    endloop
  endfacet
  facet normal -1 0 0
    outer loop
      vertex -58 46 13.9384
      vertex -58 47.0562 16
      vertex -58 47.0562 13.9384
    endloop
  endfacet
  facet normal -1 0 0
    outer loop
      vertex -58 46 4.75264
      vertex -58 41.7134 5.92705
      vertex -58 46 11.2474
    endloop
  endfacet
  facet normal -1 0 0
    outer loop
      vertex -58 39.95 6.5
      vertex -58 46 11.2474
      vertex -58 41.7134 5.92705
    endloop
  endfacet
  facet normal -1 -0 0
    outer loop
      vertex -58 46 11.2474
      vertex -58 39.95 6.5
      vertex -58 46 13.9384
    endloop
  endfacet
  facet normal -1 0 0
    outer loop
      vertex -58 38.1866 5.92705
      vertex -58 46 13.9384
      vertex -58 39.95 6.5
    endloop
  endfacet
  facet normal -1 -0 0
    outer loop
      vertex -58 46 13.9384
      vertex -58 38.1866 5.92705
      vertex -58 47.0562 16
    endloop
  endfacet
  facet normal -1 0 0
    outer loop
      vertex -58 -37.0968 4.42705
      vertex -58 37.0968 4.42705
      vertex -58 -37.0968 2.57295
    endloop
  endfacet
  facet normal -1 0 0
    outer loop
      vertex -58 37.0968 4.42705
      vertex -58 -37.0968 4.42705
      vertex -58 38.1866 5.92705
    endloop
  endfacet
  facet normal -1 0 0
    outer loop
      vertex -58 -38.1866 5.92705
      vertex -58 38.1866 5.92705
      vertex -58 -37.0968 4.42705
    endloop
  endfacet
  facet normal -1 0 0
    outer loop
      vertex -58 38.1866 5.92705
      vertex -58 -38.1866 5.92705
      vertex -58 47.0562 16
    endloop
  endfacet
  facet normal -1 0 0
    outer loop
      vertex -58 -46 13.9384
      vertex -58 -38.1866 5.92705
      vertex -58 -39.95 6.5
    endloop
  endfacet
  facet normal -1 0 0
    outer loop
      vertex -58 -42.8032 2.57295
      vertex -58 -46 4.75264
      vertex -58 -42.8032 4.42705
    endloop
  endfacet
  facet normal -1 0 0
    outer loop
      vertex -58 -42.8032 4.42705
      vertex -58 -46 4.75264
      vertex -58 -41.7134 5.92705
    endloop
  endfacet
  facet normal -1 0 0
    outer loop
      vertex -58 -46 11.2474
      vertex -58 -41.7134 5.92705
      vertex -58 -46 4.75264
    endloop
  endfacet
  facet normal -1 0 0
    outer loop
      vertex -58 -41.7134 5.92705
      vertex -58 -46 11.2474
      vertex -58 -39.95 6.5
    endloop
  endfacet
  facet normal -1 0 0
    outer loop
      vertex -58 -46 13.9384
      vertex -58 -39.95 6.5
      vertex -58 -46 11.2474
    endloop
  endfacet
  facet normal -1 0 0
    outer loop
      vertex -58 -38.1866 5.92705
      vertex -58 -46 13.9384
      vertex -58 -47.0562 16
    endloop
  endfacet
  facet normal -1 0 0
    outer loop
      vertex -58 -47.0562 16
      vertex -58 -46 13.9384
      vertex -58 -47.0562 13.9384
    endloop
  endfacet
  facet normal -1 0 0
    outer loop
      vertex -58 -38.1866 5.92705
      vertex -58 -47.0562 16
      vertex -58 47.0562 16
    endloop
  endfacet
  facet normal 0 1 0
    outer loop
      vertex -13.6118 55 14.0604
      vertex -37.5229 55 5.26336
      vertex -39.0229 55 6.35317
    endloop
  endfacet
  facet normal 0 1 0
    outer loop
      vertex -36.95 55 3.5
      vertex -14.9 55 8
      vertex -14.5744 55 4.90212
    endloop
  endfacet
  facet normal 0 1 0
    outer loop
      vertex -14.9 55 8
      vertex -36.95 55 3.5
      vertex -37.5229 55 5.26336
    endloop
  endfacet
  facet normal 0 1 0
    outer loop
      vertex -13.6118 55 1.93962
      vertex -36.95 55 3.5
      vertex -14.5744 55 4.90212
    endloop
  endfacet
  facet normal 0 1 0
    outer loop
      vertex -13.6118 55 1.93962
      vertex -37.5229 55 1.73664
      vertex -36.95 55 3.5
    endloop
  endfacet
  facet normal 0 1 0
    outer loop
      vertex -12.492 55 0
      vertex -37.5229 55 1.73664
      vertex -13.6118 55 1.93962
    endloop
  endfacet
  facet normal 0 1 0
    outer loop
      vertex -50.8474 55 0
      vertex -39.0229 55 0.64683
      vertex -12.492 55 0
    endloop
  endfacet
  facet normal 0 1 0
    outer loop
      vertex -37.5229 55 1.73664
      vertex -12.492 55 0
      vertex -39.0229 55 0.64683
    endloop
  endfacet
  facet normal 0 1 0
    outer loop
      vertex -39.0229 55 6.35317
      vertex -12.492 55 16
      vertex -13.6118 55 14.0604
    endloop
  endfacet
  facet normal 0 1 0
    outer loop
      vertex -37.5229 55 5.26336
      vertex -13.6118 55 14.0604
      vertex -14.5744 55 11.0979
    endloop
  endfacet
  facet normal 0 1 0
    outer loop
      vertex -37.5229 55 5.26336
      vertex -14.5744 55 11.0979
      vertex -14.9 55 8
    endloop
  endfacet
  facet normal 0 1 0
    outer loop
      vertex -12.492 55 16
      vertex -39.0229 55 6.35317
      vertex -50.8474 55 16
    endloop
  endfacet
  facet normal 0 1 -0
    outer loop
      vertex -40.8771 55 6.35317
      vertex -50.8474 55 16
      vertex -39.0229 55 6.35317
    endloop
  endfacet
  facet normal 0 1 -0
    outer loop
      vertex -42.3771 55 5.26336
      vertex -50.8474 55 16
      vertex -40.8771 55 6.35317
    endloop
  endfacet
  facet normal 0 1 0
    outer loop
      vertex -50.8474 55 0
      vertex -42.3771 55 5.26336
      vertex -42.95 55 3.5
    endloop
  endfacet
  facet normal 0 1 0
    outer loop
      vertex -50.8474 55 0
      vertex -42.95 55 3.5
      vertex -42.3771 55 1.73664
    endloop
  endfacet
  facet normal 0 1 0
    outer loop
      vertex -42.3771 55 5.26336
      vertex -50.8474 55 0
      vertex -50.8474 55 16
    endloop
  endfacet
  facet normal 0 1 0
    outer loop
      vertex -40.8771 55 0.64683
      vertex -50.8474 55 0
      vertex -42.3771 55 1.73664
    endloop
  endfacet
  facet normal 0 1 0
    outer loop
      vertex -39.0229 55 0.64683
      vertex -50.8474 55 0
      vertex -40.8771 55 0.64683
    endloop
  endfacet
  facet normal 0 1 -0
    outer loop
      vertex 39.0229 55 6.35317
      vertex 12.492 55 16
      vertex 50.8474 55 16
    endloop
  endfacet
  facet normal 0 1 0
    outer loop
      vertex 12.492 55 16
      vertex 39.0229 55 6.35317
      vertex 13.6118 55 14.0604
    endloop
  endfacet
  facet normal 0 1 -0
    outer loop
      vertex 37.5229 55 5.26336
      vertex 13.6118 55 14.0604
      vertex 39.0229 55 6.35317
    endloop
  endfacet
  facet normal 0 1 0
    outer loop
      vertex 39.0229 55 6.35317
      vertex 50.8474 55 16
      vertex 40.8771 55 6.35317
    endloop
  endfacet
  facet normal 0 1 0
    outer loop
      vertex 50.8474 55 16
      vertex 42.3771 55 5.26336
      vertex 40.8771 55 6.35317
    endloop
  endfacet
  facet normal 0 1 -0
    outer loop
      vertex 50.8474 55 0
      vertex 42.3771 55 5.26336
      vertex 50.8474 55 16
    endloop
  endfacet
  facet normal 0 1 0
    outer loop
      vertex 42.3771 55 5.26336
      vertex 50.8474 55 0
      vertex 42.95 55 3.5
    endloop
  endfacet
  facet normal 0 1 0
    outer loop
      vertex 40.8771 55 0.64683
      vertex 50.8474 55 0
      vertex 39.0229 55 0.64683
    endloop
  endfacet
  facet normal 0 1 0
    outer loop
      vertex 42.3771 55 1.73664
      vertex 50.8474 55 0
      vertex 40.8771 55 0.64683
    endloop
  endfacet
  facet normal 0 1 0
    outer loop
      vertex 42.95 55 3.5
      vertex 50.8474 55 0
      vertex 42.3771 55 1.73664
    endloop
  endfacet
  facet normal 0 1 0
    outer loop
      vertex 13.6118 55 14.0604
      vertex 37.5229 55 5.26336
      vertex 14.5744 55 11.0979
    endloop
  endfacet
  facet normal 0 1 0
    outer loop
      vertex 14.5744 55 11.0979
      vertex 37.5229 55 5.26336
      vertex 14.9 55 8
    endloop
  endfacet
  facet normal 0 1 -0
    outer loop
      vertex 36.95 55 3.5
      vertex 14.9 55 8
      vertex 37.5229 55 5.26336
    endloop
  endfacet
  facet normal 0 1 0
    outer loop
      vertex 14.9 55 8
      vertex 36.95 55 3.5
      vertex 14.5744 55 4.90212
    endloop
  endfacet
  facet normal 0 1 0
    outer loop
      vertex 36.95 55 3.5
      vertex 13.6118 55 1.93962
      vertex 14.5744 55 4.90212
    endloop
  endfacet
  facet normal 0 1 0
    outer loop
      vertex 37.5229 55 1.73664
      vertex 13.6118 55 1.93962
      vertex 36.95 55 3.5
    endloop
  endfacet
  facet normal 0 1 0
    outer loop
      vertex 12.492 55 0
      vertex 37.5229 55 1.73664
      vertex 39.0229 55 0.64683
    endloop
  endfacet
  facet normal 0 1 0
    outer loop
      vertex 12.492 55 0
      vertex 39.0229 55 0.64683
      vertex 50.8474 55 0
    endloop
  endfacet
  facet normal 0 1 0
    outer loop
      vertex 37.5229 55 1.73664
      vertex 12.492 55 0
      vertex 13.6118 55 1.93962
    endloop
  endfacet
  facet normal 0 -1 0
    outer loop
      vertex -39.0229 -55 6.35317
      vertex -12.492 -55 16
      vertex -50.8474 -55 16
    endloop
  endfacet
  facet normal 0 -1 0
    outer loop
      vertex -12.492 -55 16
      vertex -39.0229 -55 6.35317
      vertex -13.6118 -55 14.0604
    endloop
  endfacet
  facet normal 0 -1 0
    outer loop
      vertex -37.5229 -55 5.26336
      vertex -13.6118 -55 14.0604
      vertex -39.0229 -55 6.35317
    endloop
  endfacet
  facet normal 0 -1 0
    outer loop
      vertex -39.0229 -55 6.35317
      vertex -50.8474 -55 16
      vertex -40.8771 -55 6.35317
    endloop
  endfacet
  facet normal 0 -1 0
    outer loop
      vertex -50.8474 -55 16
      vertex -42.3771 -55 5.26336
      vertex -40.8771 -55 6.35317
    endloop
  endfacet
  facet normal 0 -1 0
    outer loop
      vertex -50.8474 -55 0
      vertex -42.3771 -55 5.26336
      vertex -50.8474 -55 16
    endloop
  endfacet
  facet normal 0 -1 0
    outer loop
      vertex -42.3771 -55 5.26336
      vertex -50.8474 -55 0
      vertex -42.95 -55 3.5
    endloop
  endfacet
  facet normal 0 -1 -0
    outer loop
      vertex -40.8771 -55 0.64683
      vertex -50.8474 -55 0
      vertex -39.0229 -55 0.64683
    endloop
  endfacet
  facet normal 0 -1 -0
    outer loop
      vertex -42.3771 -55 1.73664
      vertex -50.8474 -55 0
      vertex -40.8771 -55 0.64683
    endloop
  endfacet
  facet normal 0 -1 -0
    outer loop
      vertex -42.95 -55 3.5
      vertex -50.8474 -55 0
      vertex -42.3771 -55 1.73664
    endloop
  endfacet
  facet normal 0 -1 0
    outer loop
      vertex -13.6118 -55 14.0604
      vertex -37.5229 -55 5.26336
      vertex -14.5744 -55 11.0979
    endloop
  endfacet
  facet normal 0 -1 0
    outer loop
      vertex -14.5744 -55 11.0979
      vertex -37.5229 -55 5.26336
      vertex -14.9 -55 8
    endloop
  endfacet
  facet normal 0 -1 0
    outer loop
      vertex -36.95 -55 3.5
      vertex -14.9 -55 8
      vertex -37.5229 -55 5.26336
    endloop
  endfacet
  facet normal 0 -1 -0
    outer loop
      vertex -14.9 -55 8
      vertex -36.95 -55 3.5
      vertex -14.5744 -55 4.90212
    endloop
  endfacet
  facet normal 0 -1 0
    outer loop
      vertex -36.95 -55 3.5
      vertex -13.6118 -55 1.93962
      vertex -14.5744 -55 4.90212
    endloop
  endfacet
  facet normal 0 -1 0
    outer loop
      vertex -37.5229 -55 1.73664
      vertex -13.6118 -55 1.93962
      vertex -36.95 -55 3.5
    endloop
  endfacet
  facet normal 0 -1 0
    outer loop
      vertex -12.492 -55 0
      vertex -37.5229 -55 1.73664
      vertex -39.0229 -55 0.64683
    endloop
  endfacet
  facet normal 0 -1 0
    outer loop
      vertex -12.492 -55 0
      vertex -39.0229 -55 0.64683
      vertex -50.8474 -55 0
    endloop
  endfacet
  facet normal 0 -1 0
    outer loop
      vertex -37.5229 -55 1.73664
      vertex -12.492 -55 0
      vertex -13.6118 -55 1.93962
    endloop
  endfacet
  facet normal 0 -1 0
    outer loop
      vertex 13.6118 -55 14.0604
      vertex 37.5229 -55 5.26336
      vertex 39.0229 -55 6.35317
    endloop
  endfacet
  facet normal 0 -1 0
    outer loop
      vertex 36.95 -55 3.5
      vertex 14.9 -55 8
      vertex 14.5744 -55 4.90212
    endloop
  endfacet
  facet normal 0 -1 0
    outer loop
      vertex 14.9 -55 8
      vertex 36.95 -55 3.5
      vertex 37.5229 -55 5.26336
    endloop
  endfacet
  facet normal 0 -1 0
    outer loop
      vertex 13.6118 -55 1.93962
      vertex 36.95 -55 3.5
      vertex 14.5744 -55 4.90212
    endloop
  endfacet
  facet normal 0 -1 0
    outer loop
      vertex 13.6118 -55 1.93962
      vertex 37.5229 -55 1.73664
      vertex 36.95 -55 3.5
    endloop
  endfacet
  facet normal 0 -1 0
    outer loop
      vertex 12.492 -55 0
      vertex 37.5229 -55 1.73664
      vertex 13.6118 -55 1.93962
    endloop
  endfacet
  facet normal 0 -1 0
    outer loop
      vertex 50.8474 -55 0
      vertex 39.0229 -55 0.64683
      vertex 12.492 -55 0
    endloop
  endfacet
  facet normal 0 -1 -0
    outer loop
      vertex 37.5229 -55 1.73664
      vertex 12.492 -55 0
      vertex 39.0229 -55 0.64683
    endloop
  endfacet
  facet normal 0 -1 0
    outer loop
      vertex 39.0229 -55 6.35317
      vertex 12.492 -55 16
      vertex 13.6118 -55 14.0604
    endloop
  endfacet
  facet normal 0 -1 0
    outer loop
      vertex 37.5229 -55 5.26336
      vertex 13.6118 -55 14.0604
      vertex 14.5744 -55 11.0979
    endloop
  endfacet
  facet normal 0 -1 0
    outer loop
      vertex 37.5229 -55 5.26336
      vertex 14.5744 -55 11.0979
      vertex 14.9 -55 8
    endloop
  endfacet
  facet normal 0 -1 0
    outer loop
      vertex 12.492 -55 16
      vertex 39.0229 -55 6.35317
      vertex 50.8474 -55 16
    endloop
  endfacet
  facet normal 0 -1 0
    outer loop
      vertex 40.8771 -55 6.35317
      vertex 50.8474 -55 16
      vertex 39.0229 -55 6.35317
    endloop
  endfacet
  facet normal 0 -1 0
    outer loop
      vertex 42.3771 -55 5.26336
      vertex 50.8474 -55 16
      vertex 40.8771 -55 6.35317
    endloop
  endfacet
  facet normal 0 -1 0
    outer loop
      vertex 50.8474 -55 0
      vertex 42.3771 -55 5.26336
      vertex 42.95 -55 3.5
    endloop
  endfacet
  facet normal 0 -1 0
    outer loop
      vertex 50.8474 -55 0
      vertex 42.95 -55 3.5
      vertex 42.3771 -55 1.73664
    endloop
  endfacet
  facet normal 0 -1 0
    outer loop
      vertex 42.3771 -55 5.26336
      vertex 50.8474 -55 0
      vertex 50.8474 -55 16
    endloop
  endfacet
  facet normal 0 -1 0
    outer loop
      vertex 40.8771 -55 0.64683
      vertex 50.8474 -55 0
      vertex 42.3771 -55 1.73664
    endloop
  endfacet
  facet normal 0 -1 0
    outer loop
      vertex 39.0229 -55 0.64683
      vertex 50.8474 -55 0
      vertex 40.8771 -55 0.64683
    endloop
  endfacet
  facet normal -0.743147 0.669128 0
    outer loop
      vertex -50.8474 55 0
      vertex -52 53.7199 8
      vertex -50.8474 55 16
    endloop
  endfacet
  facet normal -0.743166 0.669108 -5.98515e-06
    outer loop
      vertex -50.8474 55 0
      vertex -52.3251 53.3588 6.0518
      vertex -52 53.7199 8
    endloop
  endfacet
  facet normal -0.743129 0.669148 1.40473e-05
    outer loop
      vertex -50.8474 55 0
      vertex -53.2652 52.3148 4.31472
      vertex -52.3251 53.3588 6.0518
    endloop
  endfacet
  facet normal -0.743153 0.669122 -1.57212e-05
    outer loop
      vertex -50.8474 55 0
      vertex -54.7183 50.7009 2.977
      vertex -53.2652 52.3148 4.31472
    endloop
  endfacet
  facet normal -0.743148 0.669127 -3.08056e-06
    outer loop
      vertex -50.8474 55 0
      vertex -56.5271 48.692 2.1836
      vertex -54.7183 50.7009 2.977
    endloop
  endfacet
  facet normal -0.743146 0.669129 8.56589e-06
    outer loop
      vertex -58 47.0562 0
      vertex -56.5271 48.692 2.1836
      vertex -50.8474 55 0
    endloop
  endfacet
  facet normal -0.743141 0.669135 0
    outer loop
      vertex -56.5271 48.692 2.1836
      vertex -58 47.0562 0
      vertex -58 47.0562 2.06155
    endloop
  endfacet
  facet normal -0.743166 0.669108 5.98515e-06
    outer loop
      vertex -52.3251 53.3588 9.9482
      vertex -50.8474 55 16
      vertex -52 53.7199 8
    endloop
  endfacet
  facet normal -0.743129 0.669148 -1.40472e-05
    outer loop
      vertex -53.2652 52.3148 11.6853
      vertex -50.8474 55 16
      vertex -52.3251 53.3588 9.9482
    endloop
  endfacet
  facet normal -0.743153 0.669122 1.57213e-05
    outer loop
      vertex -54.7183 50.7009 13.023
      vertex -50.8474 55 16
      vertex -53.2652 52.3148 11.6853
    endloop
  endfacet
  facet normal -0.743148 0.669127 3.08056e-06
    outer loop
      vertex -56.5271 48.692 13.8164
      vertex -50.8474 55 16
      vertex -54.7183 50.7009 13.023
    endloop
  endfacet
  facet normal -0.743141 0.669135 0
    outer loop
      vertex -58 47.0562 16
      vertex -56.5271 48.692 13.8164
      vertex -58 47.0562 13.9384
    endloop
  endfacet
  facet normal -0.743146 0.669129 -8.56589e-06
    outer loop
      vertex -56.5271 48.692 13.8164
      vertex -58 47.0562 16
      vertex -50.8474 55 16
    endloop
  endfacet
  facet normal 0.743146 -0.669129 0
    outer loop
      vertex 50.8474 -55 16
      vertex 58 -47.0562 0
      vertex 58 -47.0562 16
    endloop
  endfacet
  facet normal 0.743146 -0.669129 0
    outer loop
      vertex 58 -47.0562 0
      vertex 50.8474 -55 16
      vertex 50.8474 -55 0
    endloop
  endfacet
  facet normal 0.743146 0.669129 0
    outer loop
      vertex 58 47.0562 16
      vertex 50.8474 55 0
      vertex 50.8474 55 16
    endloop
  endfacet
  facet normal 0.743146 0.669129 0
    outer loop
      vertex 50.8474 55 0
      vertex 58 47.0562 16
      vertex 58 47.0562 0
    endloop
  endfacet
  facet normal -0.743141 -0.669135 0
    outer loop
      vertex -58 -47.0562 0
      vertex -56.5271 -48.692 2.1836
      vertex -58 -47.0562 2.06155
    endloop
  endfacet
  facet normal -0.743146 -0.669129 8.56589e-06
    outer loop
      vertex -50.8474 -55 0
      vertex -56.5271 -48.692 2.1836
      vertex -58 -47.0562 0
    endloop
  endfacet
  facet normal -0.743166 -0.669108 -5.98515e-06
    outer loop
      vertex -52.3251 -53.3588 6.0518
      vertex -50.8474 -55 0
      vertex -52 -53.7199 8
    endloop
  endfacet
  facet normal -0.743129 -0.669148 1.40473e-05
    outer loop
      vertex -53.2652 -52.3148 4.31472
      vertex -50.8474 -55 0
      vertex -52.3251 -53.3588 6.0518
    endloop
  endfacet
  facet normal -0.743153 -0.669122 -1.57212e-05
    outer loop
      vertex -54.7183 -50.7009 2.977
      vertex -50.8474 -55 0
      vertex -53.2652 -52.3148 4.31472
    endloop
  endfacet
  facet normal -0.743148 -0.669127 -3.08056e-06
    outer loop
      vertex -56.5271 -48.692 2.1836
      vertex -50.8474 -55 0
      vertex -54.7183 -50.7009 2.977
    endloop
  endfacet
  facet normal -0.743141 -0.669135 0
    outer loop
      vertex -56.5271 -48.692 13.8164
      vertex -58 -47.0562 16
      vertex -58 -47.0562 13.9384
    endloop
  endfacet
  facet normal -0.743148 -0.669127 3.08056e-06
    outer loop
      vertex -50.8474 -55 16
      vertex -56.5271 -48.692 13.8164
      vertex -54.7183 -50.7009 13.023
    endloop
  endfacet
  facet normal -0.743146 -0.669129 -8.56589e-06
    outer loop
      vertex -56.5271 -48.692 13.8164
      vertex -50.8474 -55 16
      vertex -58 -47.0562 16
    endloop
  endfacet
  facet normal -0.743153 -0.669122 1.57213e-05
    outer loop
      vertex -53.2652 -52.3148 11.6853
      vertex -50.8474 -55 16
      vertex -54.7183 -50.7009 13.023
    endloop
  endfacet
  facet normal -0.743129 -0.669148 -1.40472e-05
    outer loop
      vertex -52.3251 -53.3588 9.9482
      vertex -50.8474 -55 16
      vertex -53.2652 -52.3148 11.6853
    endloop
  endfacet
  facet normal -0.743166 -0.669108 5.98515e-06
    outer loop
      vertex -52 -53.7199 8
      vertex -50.8474 -55 16
      vertex -52.3251 -53.3588 9.9482
    endloop
  endfacet
  facet normal -0.743147 -0.669128 -0
    outer loop
      vertex -50.8474 -55 16
      vertex -52 -53.7199 8
      vertex -50.8474 -55 0
    endloop
  endfacet
  facet normal 0.951054 0 -0.309024
    outer loop
      vertex 14.5744 55 4.90212
      vertex 13.6118 55.2 1.93962
      vertex 14.5744 55.2 4.90212
    endloop
  endfacet
  facet normal 0.951054 0 -0.309024
    outer loop
      vertex 13.6118 55.2 1.93962
      vertex 14.5744 55 4.90212
      vertex 13.6118 55 1.93962
    endloop
  endfacet
  facet normal 0.994522 0 -0.104528
    outer loop
      vertex 14.9 55 8
      vertex 14.5744 55.2 4.90212
      vertex 14.9 55.2 8
    endloop
  endfacet
  facet normal 0.994522 0 -0.104528
    outer loop
      vertex 14.5744 55.2 4.90212
      vertex 14.9 55 8
      vertex 14.5744 55 4.90212
    endloop
  endfacet
  facet normal 0.866033 0 -0.499987
    outer loop
      vertex 13.6118 55 1.93962
      vertex 12.492 55.2 0
      vertex 13.6118 55.2 1.93962
    endloop
  endfacet
  facet normal 0.866033 0 -0.499987
    outer loop
      vertex 12.492 55.2 0
      vertex 13.6118 55 1.93962
      vertex 12.492 55 0
    endloop
  endfacet
  facet normal 0.951054 -0 0.309024
    outer loop
      vertex 13.6118 55 14.0604
      vertex 14.5744 55.2 11.0979
      vertex 13.6118 55.2 14.0604
    endloop
  endfacet
  facet normal 0.951054 0 0.309024
    outer loop
      vertex 14.5744 55.2 11.0979
      vertex 13.6118 55 14.0604
      vertex 14.5744 55 11.0979
    endloop
  endfacet
  facet normal 0.994522 -0 0.104528
    outer loop
      vertex 14.5744 55 11.0979
      vertex 14.9 55.2 8
      vertex 14.5744 55.2 11.0979
    endloop
  endfacet
  facet normal 0.994522 0 0.104528
    outer loop
      vertex 14.9 55.2 8
      vertex 14.5744 55 11.0979
      vertex 14.9 55 8
    endloop
  endfacet
  facet normal -0.866033 0 -0.499987
    outer loop
      vertex -12.492 55 0
      vertex -13.6118 55.2 1.93962
      vertex -12.492 55.2 0
    endloop
  endfacet
  facet normal -0.866033 -0 -0.499987
    outer loop
      vertex -13.6118 55.2 1.93962
      vertex -12.492 55 0
      vertex -13.6118 55 1.93962
    endloop
  endfacet
  facet normal 0.866031 -0 0.49999
    outer loop
      vertex 12.492 55 16
      vertex 13.6118 55.2 14.0604
      vertex 12.492 55.2 16
    endloop
  endfacet
  facet normal 0.866031 0 0.49999
    outer loop
      vertex 13.6118 55.2 14.0604
      vertex 12.492 55 16
      vertex 13.6118 55 14.0604
    endloop
  endfacet
  facet normal -0.951054 0 -0.309024
    outer loop
      vertex -13.6118 55 1.93962
      vertex -14.5744 55.2 4.90212
      vertex -13.6118 55.2 1.93962
    endloop
  endfacet
  facet normal -0.951054 -0 -0.309024
    outer loop
      vertex -14.5744 55.2 4.90212
      vertex -13.6118 55 1.93962
      vertex -14.5744 55 4.90212
    endloop
  endfacet
  facet normal -0.866031 0 0.49999
    outer loop
      vertex -13.6118 55 14.0604
      vertex -12.492 55.2 16
      vertex -13.6118 55.2 14.0604
    endloop
  endfacet
  facet normal -0.866031 0 0.49999
    outer loop
      vertex -12.492 55.2 16
      vertex -13.6118 55 14.0604
      vertex -12.492 55 16
    endloop
  endfacet
  facet normal -0.994522 0 -0.104528
    outer loop
      vertex -14.5744 55 4.90212
      vertex -14.9 55.2 8
      vertex -14.5744 55.2 4.90212
    endloop
  endfacet
  facet normal -0.994522 -0 -0.104528
    outer loop
      vertex -14.9 55.2 8
      vertex -14.5744 55 4.90212
      vertex -14.9 55 8
    endloop
  endfacet
  facet normal -0.994522 0 0.104528
    outer loop
      vertex -14.9 55 8
      vertex -14.5744 55.2 11.0979
      vertex -14.9 55.2 8
    endloop
  endfacet
  facet normal -0.994522 0 0.104528
    outer loop
      vertex -14.5744 55.2 11.0979
      vertex -14.9 55 8
      vertex -14.5744 55 11.0979
    endloop
  endfacet
  facet normal -0.951054 0 0.309024
    outer loop
      vertex -14.5744 55 11.0979
      vertex -13.6118 55.2 14.0604
      vertex -14.5744 55.2 11.0979
    endloop
  endfacet
  facet normal -0.951054 0 0.309024
    outer loop
      vertex -13.6118 55.2 14.0604
      vertex -14.5744 55 11.0979
      vertex -13.6118 55 14.0604
    endloop
  endfacet
  facet normal 0.690705 -0.719484 -0.0725959
    outer loop
      vertex 14.9 55.2 8
      vertex 14.5744 55.2 4.90212
      vertex 19.9 60 8
    endloop
  endfacet
  facet normal -0.690707 -0.719481 0.0726032
    outer loop
      vertex -19.4651 60 12.1374
      vertex -19.9 60 8
      vertex -14.5744 55.2 11.0979
    endloop
  endfacet
  facet normal -0.690705 -0.719484 -0.0725959
    outer loop
      vertex -14.9 55.2 8
      vertex -19.9 60 8
      vertex -14.5744 55.2 4.90212
    endloop
  endfacet
  facet normal 0.690707 -0.719481 0.0726032
    outer loop
      vertex 19.4651 60 12.1374
      vertex 14.5744 55.2 11.0979
      vertex 19.9 60 8
    endloop
  endfacet
  facet normal 0.660524 -0.719482 -0.214602
    outer loop
      vertex 18.1117 59.9096 0
      vertex 19.4651 60 3.86256
      vertex 14.5744 55.2 4.90212
    endloop
  endfacet
  facet normal 0.660762 -0.719237 -0.214691
    outer loop
      vertex 19.4651 60 3.86256
      vertex 18.1117 59.9096 0
      vertex 18.2101 60 0
    endloop
  endfacet
  facet normal -0.660762 -0.719237 -0.214691
    outer loop
      vertex -18.1117 59.9096 0
      vertex -19.4651 60 3.86256
      vertex -18.2101 60 0
    endloop
  endfacet
  facet normal -0.660524 -0.719482 -0.214602
    outer loop
      vertex -19.4651 60 3.86256
      vertex -18.1117 59.9096 0
      vertex -14.5744 55.2 4.90212
    endloop
  endfacet
  facet normal -0.690705 -0.719484 0.0725954
    outer loop
      vertex -14.5744 55.2 11.0979
      vertex -19.9 60 8
      vertex -14.9 55.2 8
    endloop
  endfacet
  facet normal 0.601462 -0.719485 0.347254
    outer loop
      vertex 14.4679 56.8518 16
      vertex 13.6118 55.2 14.0604
      vertex 17.9683 59.778 16
    endloop
  endfacet
  facet normal 0.690705 -0.719484 0.0725954
    outer loop
      vertex 19.9 60 8
      vertex 14.5744 55.2 11.0979
      vertex 14.9 55.2 8
    endloop
  endfacet
  facet normal 0.690706 -0.719482 -0.0726024
    outer loop
      vertex 19.9 60 8
      vertex 14.5744 55.2 4.90212
      vertex 19.4651 60 3.86256
    endloop
  endfacet
  facet normal 0.660762 -0.719237 0.214689
    outer loop
      vertex 18.1117 59.9096 16
      vertex 19.4651 60 12.1374
      vertex 18.2101 60 16
    endloop
  endfacet
  facet normal 0.660525 -0.719481 0.2146
    outer loop
      vertex 19.4651 60 12.1374
      vertex 18.1117 59.9096 16
      vertex 14.5744 55.2 11.0979
    endloop
  endfacet
  facet normal 0.660514 -0.719486 0.21462
    outer loop
      vertex 14.5744 55.2 11.0979
      vertex 17.9683 59.778 16
      vertex 13.6118 55.2 14.0604
    endloop
  endfacet
  facet normal 0.66036 -0.719571 0.214806
    outer loop
      vertex 17.9683 59.778 16
      vertex 14.5744 55.2 11.0979
      vertex 18.1117 59.9096 16
    endloop
  endfacet
  facet normal -0.690706 -0.719482 -0.0726024
    outer loop
      vertex -14.5744 55.2 4.90212
      vertex -19.9 60 8
      vertex -19.4651 60 3.86256
    endloop
  endfacet
  facet normal -0.601468 -0.719482 0.347249
    outer loop
      vertex -12.492 55.2 16
      vertex -14.4679 56.8518 16
      vertex -13.6118 55.2 14.0604
    endloop
  endfacet
  facet normal -0.601462 -0.719486 -0.347251
    outer loop
      vertex -13.6118 55.2 1.93962
      vertex -17.9683 59.778 0
      vertex -14.4679 56.8518 0
    endloop
  endfacet
  facet normal 0 1 0
    outer loop
      vertex 18.2101 60 16
      vertex 0.470568 60 13.0782
      vertex -18.2101 60 16
    endloop
  endfacet
  facet normal 0 1 0
    outer loop
      vertex 18.2101 60 16
      vertex 2.27326 60 12.5653
      vertex 0.470568 60 13.0782
    endloop
  endfacet
  facet normal 0 1 0
    outer loop
      vertex 4.75561 60 9.84233
      vertex 18.2101 60 16
      vertex 19.4651 60 12.1374
    endloop
  endfacet
  facet normal 0 1 0
    outer loop
      vertex 18.2101 60 16
      vertex 3.76894 60 11.4358
      vertex 2.27326 60 12.5653
    endloop
  endfacet
  facet normal 0 1 0
    outer loop
      vertex 18.2101 60 16
      vertex 4.75561 60 9.84233
      vertex 3.76894 60 11.4358
    endloop
  endfacet
  facet normal 0 1 0
    outer loop
      vertex 5.1 60 8
      vertex 19.4651 60 12.1374
      vertex 19.9 60 8
    endloop
  endfacet
  facet normal 0 1 0
    outer loop
      vertex 19.4651 60 12.1374
      vertex 5.1 60 8
      vertex 4.75561 60 9.84233
    endloop
  endfacet
  facet normal 0 1 -0
    outer loop
      vertex 19.4651 60 3.86256
      vertex 5.1 60 8
      vertex 19.9 60 8
    endloop
  endfacet
  facet normal 0 1 0
    outer loop
      vertex 5.1 60 8
      vertex 19.4651 60 3.86256
      vertex 4.75561 60 6.15767
    endloop
  endfacet
  facet normal 0 1 -0
    outer loop
      vertex 18.2101 60 0
      vertex 4.75561 60 6.15767
      vertex 19.4651 60 3.86256
    endloop
  endfacet
  facet normal 0 1 0
    outer loop
      vertex 4.75561 60 6.15767
      vertex 18.2101 60 0
      vertex 3.76894 60 4.56415
    endloop
  endfacet
  facet normal 0 1 0
    outer loop
      vertex 3.76894 60 4.56415
      vertex 18.2101 60 0
      vertex 2.27326 60 3.43467
    endloop
  endfacet
  facet normal 0 1 0
    outer loop
      vertex 2.27326 60 3.43467
      vertex 18.2101 60 0
      vertex 0.470568 60 2.92175
    endloop
  endfacet
  facet normal 0 1 -0
    outer loop
      vertex -1.39568 60 12.9053
      vertex -18.2101 60 16
      vertex 0.470568 60 13.0782
    endloop
  endfacet
  facet normal 0 1 -0
    outer loop
      vertex -3.07344 60 12.0699
      vertex -18.2101 60 16
      vertex -1.39568 60 12.9053
    endloop
  endfacet
  facet normal 0 1 -0
    outer loop
      vertex -4.33611 60 10.6848
      vertex -18.2101 60 16
      vertex -3.07344 60 12.0699
    endloop
  endfacet
  facet normal 0 1 -0
    outer loop
      vertex -5.01316 60 8.93712
      vertex -18.2101 60 16
      vertex -4.33611 60 10.6848
    endloop
  endfacet
  facet normal 0 1 0
    outer loop
      vertex -18.2101 60 16
      vertex -5.01316 60 8.93712
      vertex -19.4651 60 12.1374
    endloop
  endfacet
  facet normal 0 1 0
    outer loop
      vertex -5.01316 60 8.93712
      vertex -19.9 60 8
      vertex -19.4651 60 12.1374
    endloop
  endfacet
  facet normal 0 1 -0
    outer loop
      vertex -5.01316 60 7.06288
      vertex -19.9 60 8
      vertex -5.01316 60 8.93712
    endloop
  endfacet
  facet normal 0 1 0
    outer loop
      vertex -18.2101 60 0
      vertex -5.01316 60 7.06288
      vertex -4.33611 60 5.3152
    endloop
  endfacet
  facet normal 0 1 0
    outer loop
      vertex -18.2101 60 0
      vertex -4.33611 60 5.3152
      vertex -3.07344 60 3.93011
    endloop
  endfacet
  facet normal 0 1 0
    outer loop
      vertex -5.01316 60 7.06288
      vertex -19.4651 60 3.86256
      vertex -19.9 60 8
    endloop
  endfacet
  facet normal 0 1 0
    outer loop
      vertex -18.2101 60 0
      vertex -3.07344 60 3.93011
      vertex -1.39568 60 3.09469
    endloop
  endfacet
  facet normal 0 1 0
    outer loop
      vertex -18.2101 60 0
      vertex -1.39568 60 3.09469
      vertex 0.470568 60 2.92175
    endloop
  endfacet
  facet normal 0 1 0
    outer loop
      vertex -18.2101 60 0
      vertex 0.470568 60 2.92175
      vertex 18.2101 60 0
    endloop
  endfacet
  facet normal 0 1 0
    outer loop
      vertex -5.01316 60 7.06288
      vertex -18.2101 60 0
      vertex -19.4651 60 3.86256
    endloop
  endfacet
  facet normal -0.66036 -0.719572 -0.214806
    outer loop
      vertex -17.9683 59.778 0
      vertex -14.5744 55.2 4.90212
      vertex -18.1117 59.9096 0
    endloop
  endfacet
  facet normal -0.660514 -0.719486 -0.21462
    outer loop
      vertex -14.5744 55.2 4.90212
      vertex -17.9683 59.778 0
      vertex -13.6118 55.2 1.93962
    endloop
  endfacet
  facet normal -0.660762 -0.719237 0.214689
    outer loop
      vertex -19.4651 60 12.1374
      vertex -18.1117 59.9096 16
      vertex -18.2101 60 16
    endloop
  endfacet
  facet normal -0.660525 -0.719481 0.2146
    outer loop
      vertex -18.1117 59.9096 16
      vertex -19.4651 60 12.1374
      vertex -14.5744 55.2 11.0979
    endloop
  endfacet
  facet normal -0.601462 -0.719485 0.347254
    outer loop
      vertex -14.4679 56.8518 16
      vertex -17.9683 59.778 16
      vertex -13.6118 55.2 14.0604
    endloop
  endfacet
  facet normal 0.601469 -0.719483 -0.347246
    outer loop
      vertex 13.6118 55.2 1.93962
      vertex 12.492 55.2 0
      vertex 14.4679 56.8518 0
    endloop
  endfacet
  facet normal 0.601468 -0.719482 0.347249
    outer loop
      vertex 14.4679 56.8518 16
      vertex 12.492 55.2 16
      vertex 13.6118 55.2 14.0604
    endloop
  endfacet
  facet normal -0.66036 -0.719571 0.214806
    outer loop
      vertex -14.5744 55.2 11.0979
      vertex -17.9683 59.778 16
      vertex -18.1117 59.9096 16
    endloop
  endfacet
  facet normal -0.660514 -0.719486 0.21462
    outer loop
      vertex -17.9683 59.778 16
      vertex -14.5744 55.2 11.0979
      vertex -13.6118 55.2 14.0604
    endloop
  endfacet
  facet normal 0.601462 -0.719486 -0.347251
    outer loop
      vertex 17.9683 59.778 0
      vertex 13.6118 55.2 1.93962
      vertex 14.4679 56.8518 0
    endloop
  endfacet
  facet normal 0.660514 -0.719486 -0.21462
    outer loop
      vertex 17.9683 59.778 0
      vertex 14.5744 55.2 4.90212
      vertex 13.6118 55.2 1.93962
    endloop
  endfacet
  facet normal 0.66036 -0.719572 -0.214806
    outer loop
      vertex 14.5744 55.2 4.90212
      vertex 17.9683 59.778 0
      vertex 18.1117 59.9096 0
    endloop
  endfacet
  facet normal -0.601469 -0.719483 -0.347246
    outer loop
      vertex -13.6118 55.2 1.93962
      vertex -14.4679 56.8518 0
      vertex -12.492 55.2 0
    endloop
  endfacet
  facet normal -0.951054 0 -0.309024
    outer loop
      vertex -13.6118 -55.2 1.93962
      vertex -14.5744 -55 4.90212
      vertex -13.6118 -55 1.93962
    endloop
  endfacet
  facet normal -0.951054 -0 -0.309024
    outer loop
      vertex -14.5744 -55 4.90212
      vertex -13.6118 -55.2 1.93962
      vertex -14.5744 -55.2 4.90212
    endloop
  endfacet
  facet normal -0.994522 0 -0.104528
    outer loop
      vertex -14.5744 -55.2 4.90212
      vertex -14.9 -55 8
      vertex -14.5744 -55 4.90212
    endloop
  endfacet
  facet normal -0.994522 -0 -0.104528
    outer loop
      vertex -14.9 -55 8
      vertex -14.5744 -55.2 4.90212
      vertex -14.9 -55.2 8
    endloop
  endfacet
  facet normal -0.866033 0 -0.499987
    outer loop
      vertex -12.492 -55.2 0
      vertex -13.6118 -55 1.93962
      vertex -12.492 -55 0
    endloop
  endfacet
  facet normal -0.866033 -0 -0.499987
    outer loop
      vertex -13.6118 -55 1.93962
      vertex -12.492 -55.2 0
      vertex -13.6118 -55.2 1.93962
    endloop
  endfacet
  facet normal -0.951054 0 0.309024
    outer loop
      vertex -14.5744 -55.2 11.0979
      vertex -13.6118 -55 14.0604
      vertex -14.5744 -55 11.0979
    endloop
  endfacet
  facet normal -0.951054 0 0.309024
    outer loop
      vertex -13.6118 -55 14.0604
      vertex -14.5744 -55.2 11.0979
      vertex -13.6118 -55.2 14.0604
    endloop
  endfacet
  facet normal -0.994522 0 0.104528
    outer loop
      vertex -14.9 -55.2 8
      vertex -14.5744 -55 11.0979
      vertex -14.9 -55 8
    endloop
  endfacet
  facet normal -0.994522 0 0.104528
    outer loop
      vertex -14.5744 -55 11.0979
      vertex -14.9 -55.2 8
      vertex -14.5744 -55.2 11.0979
    endloop
  endfacet
  facet normal 0.866033 0 -0.499987
    outer loop
      vertex 13.6118 -55.2 1.93962
      vertex 12.492 -55 0
      vertex 13.6118 -55 1.93962
    endloop
  endfacet
  facet normal 0.866033 0 -0.499987
    outer loop
      vertex 12.492 -55 0
      vertex 13.6118 -55.2 1.93962
      vertex 12.492 -55.2 0
    endloop
  endfacet
  facet normal -0.866031 0 0.49999
    outer loop
      vertex -13.6118 -55.2 14.0604
      vertex -12.492 -55 16
      vertex -13.6118 -55 14.0604
    endloop
  endfacet
  facet normal -0.866031 0 0.49999
    outer loop
      vertex -12.492 -55 16
      vertex -13.6118 -55.2 14.0604
      vertex -12.492 -55.2 16
    endloop
  endfacet
  facet normal 0.951054 0 -0.309024
    outer loop
      vertex 14.5744 -55.2 4.90212
      vertex 13.6118 -55 1.93962
      vertex 14.5744 -55 4.90212
    endloop
  endfacet
  facet normal 0.951054 0 -0.309024
    outer loop
      vertex 13.6118 -55 1.93962
      vertex 14.5744 -55.2 4.90212
      vertex 13.6118 -55.2 1.93962
    endloop
  endfacet
  facet normal 0.866031 -0 0.49999
    outer loop
      vertex 12.492 -55.2 16
      vertex 13.6118 -55 14.0604
      vertex 12.492 -55 16
    endloop
  endfacet
  facet normal 0.866031 0 0.49999
    outer loop
      vertex 13.6118 -55 14.0604
      vertex 12.492 -55.2 16
      vertex 13.6118 -55.2 14.0604
    endloop
  endfacet
  facet normal 0.994522 0 -0.104528
    outer loop
      vertex 14.9 -55.2 8
      vertex 14.5744 -55 4.90212
      vertex 14.9 -55 8
    endloop
  endfacet
  facet normal 0.994522 0 -0.104528
    outer loop
      vertex 14.5744 -55 4.90212
      vertex 14.9 -55.2 8
      vertex 14.5744 -55.2 4.90212
    endloop
  endfacet
  facet normal 0.994522 -0 0.104528
    outer loop
      vertex 14.5744 -55.2 11.0979
      vertex 14.9 -55 8
      vertex 14.5744 -55 11.0979
    endloop
  endfacet
  facet normal 0.994522 0 0.104528
    outer loop
      vertex 14.9 -55 8
      vertex 14.5744 -55.2 11.0979
      vertex 14.9 -55.2 8
    endloop
  endfacet
  facet normal 0.951054 -0 0.309024
    outer loop
      vertex 13.6118 -55.2 14.0604
      vertex 14.5744 -55 11.0979
      vertex 13.6118 -55 14.0604
    endloop
  endfacet
  facet normal 0.951054 0 0.309024
    outer loop
      vertex 14.5744 -55 11.0979
      vertex 13.6118 -55.2 14.0604
      vertex 14.5744 -55.2 11.0979
    endloop
  endfacet
  facet normal -0.690705 0.719484 -0.0725959
    outer loop
      vertex -14.5744 -55.2 4.90212
      vertex -19.9 -60 8
      vertex -14.9 -55.2 8
    endloop
  endfacet
  facet normal 0.690707 0.719481 0.0726032
    outer loop
      vertex 19.9 -60 8
      vertex 14.5744 -55.2 11.0979
      vertex 19.4651 -60 12.1374
    endloop
  endfacet
  facet normal 0.690705 0.719484 -0.0725959
    outer loop
      vertex 19.9 -60 8
      vertex 14.5744 -55.2 4.90212
      vertex 14.9 -55.2 8
    endloop
  endfacet
  facet normal -0.690707 0.719481 0.0726032
    outer loop
      vertex -14.5744 -55.2 11.0979
      vertex -19.9 -60 8
      vertex -19.4651 -60 12.1374
    endloop
  endfacet
  facet normal -0.660524 0.719482 -0.214602
    outer loop
      vertex -18.1117 -59.9096 0
      vertex -19.4651 -60 3.86256
      vertex -14.5744 -55.2 4.90212
    endloop
  endfacet
  facet normal -0.660762 0.719237 -0.214691
    outer loop
      vertex -19.4651 -60 3.86256
      vertex -18.1117 -59.9096 0
      vertex -18.2101 -60 0
    endloop
  endfacet
  facet normal 0.660762 0.719237 -0.214691
    outer loop
      vertex 18.1117 -59.9096 0
      vertex 19.4651 -60 3.86256
      vertex 18.2101 -60 0
    endloop
  endfacet
  facet normal 0.660524 0.719482 -0.214602
    outer loop
      vertex 19.4651 -60 3.86256
      vertex 18.1117 -59.9096 0
      vertex 14.5744 -55.2 4.90212
    endloop
  endfacet
  facet normal 0.690705 0.719484 0.0725954
    outer loop
      vertex 14.9 -55.2 8
      vertex 14.5744 -55.2 11.0979
      vertex 19.9 -60 8
    endloop
  endfacet
  facet normal -0.601462 0.719485 0.347254
    outer loop
      vertex -13.6118 -55.2 14.0604
      vertex -17.9683 -59.778 16
      vertex -14.4679 -56.8518 16
    endloop
  endfacet
  facet normal -0.690705 0.719484 0.0725954
    outer loop
      vertex -14.9 -55.2 8
      vertex -19.9 -60 8
      vertex -14.5744 -55.2 11.0979
    endloop
  endfacet
  facet normal -0.690706 0.719482 -0.0726024
    outer loop
      vertex -19.4651 -60 3.86256
      vertex -19.9 -60 8
      vertex -14.5744 -55.2 4.90212
    endloop
  endfacet
  facet normal -0.660762 0.719237 0.214689
    outer loop
      vertex -18.1117 -59.9096 16
      vertex -19.4651 -60 12.1374
      vertex -18.2101 -60 16
    endloop
  endfacet
  facet normal -0.660525 0.719481 0.2146
    outer loop
      vertex -19.4651 -60 12.1374
      vertex -18.1117 -59.9096 16
      vertex -14.5744 -55.2 11.0979
    endloop
  endfacet
  facet normal -0.660514 0.719486 0.21462
    outer loop
      vertex -14.5744 -55.2 11.0979
      vertex -17.9683 -59.778 16
      vertex -13.6118 -55.2 14.0604
    endloop
  endfacet
  facet normal -0.66036 0.719571 0.214806
    outer loop
      vertex -17.9683 -59.778 16
      vertex -14.5744 -55.2 11.0979
      vertex -18.1117 -59.9096 16
    endloop
  endfacet
  facet normal 0.690706 0.719482 -0.0726024
    outer loop
      vertex 19.4651 -60 3.86256
      vertex 14.5744 -55.2 4.90212
      vertex 19.9 -60 8
    endloop
  endfacet
  facet normal 0.601468 0.719482 0.347249
    outer loop
      vertex 13.6118 -55.2 14.0604
      vertex 12.492 -55.2 16
      vertex 14.4679 -56.8518 16
    endloop
  endfacet
  facet normal 0.601462 0.719486 -0.347251
    outer loop
      vertex 14.4679 -56.8518 0
      vertex 13.6118 -55.2 1.93962
      vertex 17.9683 -59.778 0
    endloop
  endfacet
  facet normal 0 -1 0
    outer loop
      vertex -18.2101 -60 16
      vertex 0.470568 -60 13.0782
      vertex 18.2101 -60 16
    endloop
  endfacet
  facet normal 0 -1 0
    outer loop
      vertex -18.2101 -60 16
      vertex -1.39568 -60 12.9053
      vertex 0.470568 -60 13.0782
    endloop
  endfacet
  facet normal 0 -1 0
    outer loop
      vertex -5.01316 -60 8.93712
      vertex -18.2101 -60 16
      vertex -19.4651 -60 12.1374
    endloop
  endfacet
  facet normal 0 -1 0
    outer loop
      vertex -18.2101 -60 16
      vertex -3.07344 -60 12.0699
      vertex -1.39568 -60 12.9053
    endloop
  endfacet
  facet normal 0 -1 0
    outer loop
      vertex -18.2101 -60 16
      vertex -4.33611 -60 10.6848
      vertex -3.07344 -60 12.0699
    endloop
  endfacet
  facet normal 0 -1 0
    outer loop
      vertex -18.2101 -60 16
      vertex -5.01316 -60 8.93712
      vertex -4.33611 -60 10.6848
    endloop
  endfacet
  facet normal 0 -1 0
    outer loop
      vertex -19.9 -60 8
      vertex -5.01316 -60 8.93712
      vertex -19.4651 -60 12.1374
    endloop
  endfacet
  facet normal 0 -1 0
    outer loop
      vertex -19.9 -60 8
      vertex -5.01316 -60 7.06288
      vertex -5.01316 -60 8.93712
    endloop
  endfacet
  facet normal 0 -1 0
    outer loop
      vertex -19.4651 -60 3.86256
      vertex -5.01316 -60 7.06288
      vertex -19.9 -60 8
    endloop
  endfacet
  facet normal 0 -1 0
    outer loop
      vertex -18.2101 -60 0
      vertex -5.01316 -60 7.06288
      vertex -19.4651 -60 3.86256
    endloop
  endfacet
  facet normal 0 -1 -0
    outer loop
      vertex -5.01316 -60 7.06288
      vertex -18.2101 -60 0
      vertex -4.33611 -60 5.3152
    endloop
  endfacet
  facet normal 0 -1 -0
    outer loop
      vertex -4.33611 -60 5.3152
      vertex -18.2101 -60 0
      vertex -3.07344 -60 3.93011
    endloop
  endfacet
  facet normal 0 -1 -0
    outer loop
      vertex -3.07344 -60 3.93011
      vertex -18.2101 -60 0
      vertex -1.39568 -60 3.09469
    endloop
  endfacet
  facet normal 0 -1 -0
    outer loop
      vertex -1.39568 -60 3.09469
      vertex -18.2101 -60 0
      vertex 0.470568 -60 2.92175
    endloop
  endfacet
  facet normal 0 -1 0
    outer loop
      vertex 2.27326 -60 12.5653
      vertex 18.2101 -60 16
      vertex 0.470568 -60 13.0782
    endloop
  endfacet
  facet normal 0 -1 0
    outer loop
      vertex 3.76894 -60 11.4358
      vertex 18.2101 -60 16
      vertex 2.27326 -60 12.5653
    endloop
  endfacet
  facet normal 0 -1 0
    outer loop
      vertex 4.75561 -60 9.84233
      vertex 18.2101 -60 16
      vertex 3.76894 -60 11.4358
    endloop
  endfacet
  facet normal 0 -1 -0
    outer loop
      vertex 18.2101 -60 16
      vertex 4.75561 -60 9.84233
      vertex 19.4651 -60 12.1374
    endloop
  endfacet
  facet normal 0 -1 0
    outer loop
      vertex 5.1 -60 8
      vertex 19.4651 -60 12.1374
      vertex 4.75561 -60 9.84233
    endloop
  endfacet
  facet normal 0 -1 0
    outer loop
      vertex 5.1 -60 8
      vertex 19.9 -60 8
      vertex 19.4651 -60 12.1374
    endloop
  endfacet
  facet normal 0 -1 0
    outer loop
      vertex 19.4651 -60 3.86256
      vertex 5.1 -60 8
      vertex 4.75561 -60 6.15767
    endloop
  endfacet
  facet normal 0 -1 0
    outer loop
      vertex 18.2101 -60 0
      vertex 4.75561 -60 6.15767
      vertex 3.76894 -60 4.56415
    endloop
  endfacet
  facet normal 0 -1 0
    outer loop
      vertex 5.1 -60 8
      vertex 19.4651 -60 3.86256
      vertex 19.9 -60 8
    endloop
  endfacet
  facet normal 0 -1 0
    outer loop
      vertex 18.2101 -60 0
      vertex 3.76894 -60 4.56415
      vertex 2.27326 -60 3.43467
    endloop
  endfacet
  facet normal 0 -1 0
    outer loop
      vertex 18.2101 -60 0
      vertex 2.27326 -60 3.43467
      vertex 0.470568 -60 2.92175
    endloop
  endfacet
  facet normal 0 -1 0
    outer loop
      vertex 18.2101 -60 0
      vertex 0.470568 -60 2.92175
      vertex -18.2101 -60 0
    endloop
  endfacet
  facet normal 0 -1 0
    outer loop
      vertex 4.75561 -60 6.15767
      vertex 18.2101 -60 0
      vertex 19.4651 -60 3.86256
    endloop
  endfacet
  facet normal 0.66036 0.719572 -0.214806
    outer loop
      vertex 17.9683 -59.778 0
      vertex 14.5744 -55.2 4.90212
      vertex 18.1117 -59.9096 0
    endloop
  endfacet
  facet normal 0.660514 0.719486 -0.21462
    outer loop
      vertex 14.5744 -55.2 4.90212
      vertex 17.9683 -59.778 0
      vertex 13.6118 -55.2 1.93962
    endloop
  endfacet
  facet normal 0.660762 0.719237 0.214689
    outer loop
      vertex 19.4651 -60 12.1374
      vertex 18.1117 -59.9096 16
      vertex 18.2101 -60 16
    endloop
  endfacet
  facet normal 0.660525 0.719481 0.2146
    outer loop
      vertex 18.1117 -59.9096 16
      vertex 19.4651 -60 12.1374
      vertex 14.5744 -55.2 11.0979
    endloop
  endfacet
  facet normal 0.601462 0.719485 0.347254
    outer loop
      vertex 17.9683 -59.778 16
      vertex 13.6118 -55.2 14.0604
      vertex 14.4679 -56.8518 16
    endloop
  endfacet
  facet normal -0.601469 0.719483 -0.347246
    outer loop
      vertex -12.492 -55.2 0
      vertex -14.4679 -56.8518 0
      vertex -13.6118 -55.2 1.93962
    endloop
  endfacet
  facet normal -0.601468 0.719482 0.347249
    outer loop
      vertex -13.6118 -55.2 14.0604
      vertex -14.4679 -56.8518 16
      vertex -12.492 -55.2 16
    endloop
  endfacet
  facet normal 0.66036 0.719571 0.214806
    outer loop
      vertex 14.5744 -55.2 11.0979
      vertex 17.9683 -59.778 16
      vertex 18.1117 -59.9096 16
    endloop
  endfacet
  facet normal 0.660514 0.719486 0.21462
    outer loop
      vertex 17.9683 -59.778 16
      vertex 14.5744 -55.2 11.0979
      vertex 13.6118 -55.2 14.0604
    endloop
  endfacet
  facet normal -0.601462 0.719486 -0.347251
    outer loop
      vertex -14.4679 -56.8518 0
      vertex -17.9683 -59.778 0
      vertex -13.6118 -55.2 1.93962
    endloop
  endfacet
  facet normal -0.660514 0.719486 -0.21462
    outer loop
      vertex -17.9683 -59.778 0
      vertex -14.5744 -55.2 4.90212
      vertex -13.6118 -55.2 1.93962
    endloop
  endfacet
  facet normal -0.66036 0.719572 -0.214806
    outer loop
      vertex -14.5744 -55.2 4.90212
      vertex -17.9683 -59.778 0
      vertex -18.1117 -59.9096 0
    endloop
  endfacet
  facet normal 0.601469 0.719483 -0.347246
    outer loop
      vertex 14.4679 -56.8518 0
      vertex 12.492 -55.2 0
      vertex 13.6118 -55.2 1.93962
    endloop
  endfacet
  facet normal -0.546953 0 -0.837163
    outer loop
      vertex -62.0637 -60 3.58566
      vertex -60.4102 -46 2.50536
      vertex -60.4102 -60 2.50536
    endloop
  endfacet
  facet normal -0.546953 0 -0.837163
    outer loop
      vertex -60.4102 -46 2.50536
      vertex -62.0637 -60 3.58566
      vertex -62.0637 -46 3.58566
    endloop
  endfacet
  facet normal 0.879465 0 -0.475963
    outer loop
      vertex -53.2652 -60 4.31472
      vertex -52.3251 -53.3588 6.0518
      vertex -52.3251 -60 6.0518
    endloop
  endfacet
  facet normal 0.879465 0 -0.475963
    outer loop
      vertex -52.3251 -53.3588 6.0518
      vertex -53.2652 -60 4.31472
      vertex -53.2652 -52.3148 4.31472
    endloop
  endfacet
  facet normal 0.986361 0 -0.164596
    outer loop
      vertex -52.3251 -60 6.0518
      vertex -52 -53.7199 8
      vertex -52 -60 8
    endloop
  endfacet
  facet normal 0.986361 0 -0.164596
    outer loop
      vertex -52 -53.7199 8
      vertex -52.3251 -60 6.0518
      vertex -52.3251 -53.3588 6.0518
    endloop
  endfacet
  facet normal 0.677295 0 -0.735712
    outer loop
      vertex -54.7183 -60 2.977
      vertex -53.2652 -52.3148 4.31472
      vertex -53.2652 -60 4.31472
    endloop
  endfacet
  facet normal 0.677295 0 -0.735712
    outer loop
      vertex -53.2652 -52.3148 4.31472
      vertex -54.7183 -60 2.977
      vertex -54.7183 -50.7009 2.977
    endloop
  endfacet
  facet normal 0.0825812 0 -0.996584
    outer loop
      vertex -58.4955 -60 2.02049
      vertex -56.5271 -48.692 2.1836
      vertex -56.5271 -60 2.1836
    endloop
  endfacet
  facet normal 0.0825808 7.5162e-08 -0.996584
    outer loop
      vertex -56.5271 -48.692 2.1836
      vertex -58.4955 -60 2.02049
      vertex -58 -47.0562 2.06155
    endloop
  endfacet
  facet normal 0.0825827 0 -0.996584
    outer loop
      vertex -58.4955 -46 2.02049
      vertex -58 -47.0562 2.06155
      vertex -58.4955 -60 2.02049
    endloop
  endfacet
  facet normal 0.0825827 0 -0.996584
    outer loop
      vertex -58 -47.0562 2.06155
      vertex -58.4955 -46 2.02049
      vertex -58 -46 2.06155
    endloop
  endfacet
  facet normal 0.0826626 0 0.996578
    outer loop
      vertex -58 -46 13.9384
      vertex -58.4955 -46 13.9795
      vertex -58 -47.0562 13.9384
    endloop
  endfacet
  facet normal 0.0825518 4.27156e-06 0.996587
    outer loop
      vertex -58.4955 -60 13.9795
      vertex -56.5271 -48.692 13.8164
      vertex -58 -47.0562 13.9384
    endloop
  endfacet
  facet normal 0.0826626 -0 0.996578
    outer loop
      vertex -58.4955 -60 13.9795
      vertex -58 -47.0562 13.9384
      vertex -58.4955 -46 13.9795
    endloop
  endfacet
  facet normal 0.0825762 0 0.996585
    outer loop
      vertex -56.5271 -48.692 13.8164
      vertex -58.4955 -60 13.9795
      vertex -56.5271 -60 13.8164
    endloop
  endfacet
  facet normal -0.245501 0 0.969396
    outer loop
      vertex -60.4102 -46 13.4946
      vertex -58.4955 -60 13.9795
      vertex -58.4955 -46 13.9795
    endloop
  endfacet
  facet normal -0.245501 0 0.969396
    outer loop
      vertex -58.4955 -60 13.9795
      vertex -60.4102 -46 13.4946
      vertex -60.4102 -60 13.4946
    endloop
  endfacet
  facet normal 0.40169 0 -0.915776
    outer loop
      vertex -56.5271 -60 2.1836
      vertex -54.7183 -50.7009 2.977
      vertex -54.7183 -60 2.977
    endloop
  endfacet
  facet normal 0.40169 0 -0.915776
    outer loop
      vertex -54.7183 -50.7009 2.977
      vertex -56.5271 -60 2.1836
      vertex -56.5271 -48.692 2.1836
    endloop
  endfacet
  facet normal 0 -1 0
    outer loop
      vertex -58.4768 -60 11.3159
      vertex -58.4955 -60 13.9795
      vertex -60.4102 -60 13.4946
    endloop
  endfacet
  facet normal 0 -1 0
    outer loop
      vertex -58.4955 -60 13.9795
      vertex -58.4768 -60 11.3159
      vertex -56.5271 -60 13.8164
    endloop
  endfacet
  facet normal 0 -1 0
    outer loop
      vertex -60.1938 -60 10.5318
      vertex -60.4102 -60 13.4946
      vertex -62.0637 -60 12.4143
    endloop
  endfacet
  facet normal 0 -1 0
    outer loop
      vertex -56.6084 -60 11.0473
      vertex -56.5271 -60 13.8164
      vertex -58.4768 -60 11.3159
    endloop
  endfacet
  facet normal 0 -1 -0
    outer loop
      vertex -56.5271 -60 13.8164
      vertex -56.6084 -60 11.0473
      vertex -54.7183 -60 13.023
    endloop
  endfacet
  facet normal 0 -1 0
    outer loop
      vertex -60.1938 -60 10.5318
      vertex -62.0637 -60 12.4143
      vertex -63.2768 -60 10.8557
    endloop
  endfacet
  facet normal 0 -1 0
    outer loop
      vertex -60.4102 -60 13.4946
      vertex -60.1938 -60 10.5318
      vertex -58.4768 -60 11.3159
    endloop
  endfacet
  facet normal 0 -1 0
    outer loop
      vertex -61.2143 -60 8.9438
      vertex -63.2768 -60 10.8557
      vertex -63.9182 -60 8.98757
    endloop
  endfacet
  facet normal 0 -1 0
    outer loop
      vertex -63.2768 -60 10.8557
      vertex -61.2143 -60 8.9438
      vertex -60.1938 -60 10.5318
    endloop
  endfacet
  facet normal 0 -1 0
    outer loop
      vertex -63.9182 -60 8.98757
      vertex -61.2143 -60 7.0562
      vertex -61.2143 -60 8.9438
    endloop
  endfacet
  facet normal 0 -1 0
    outer loop
      vertex -63.9182 -60 7.01243
      vertex -61.2143 -60 7.0562
      vertex -63.9182 -60 8.98757
    endloop
  endfacet
  facet normal 0 -1 0
    outer loop
      vertex -63.2768 -60 5.14431
      vertex -61.2143 -60 7.0562
      vertex -63.9182 -60 7.01243
    endloop
  endfacet
  facet normal 0 -1 -0
    outer loop
      vertex -61.2143 -60 7.0562
      vertex -63.2768 -60 5.14431
      vertex -60.1938 -60 5.46824
    endloop
  endfacet
  facet normal 0 -1 0
    outer loop
      vertex -62.0637 -60 3.58566
      vertex -60.1938 -60 5.46824
      vertex -63.2768 -60 5.14431
    endloop
  endfacet
  facet normal 0 -1 0
    outer loop
      vertex -60.4102 -60 2.50536
      vertex -60.1938 -60 5.46824
      vertex -62.0637 -60 3.58566
    endloop
  endfacet
  facet normal 0 -1 -0
    outer loop
      vertex -60.1938 -60 5.46824
      vertex -60.4102 -60 2.50536
      vertex -58.4768 -60 4.6841
    endloop
  endfacet
  facet normal 0 -1 0
    outer loop
      vertex -58.4768 -60 4.6841
      vertex -54.7183 -60 2.977
      vertex -53.2652 -60 4.31472
    endloop
  endfacet
  facet normal 0 -1 0
    outer loop
      vertex -58.4955 -60 2.02049
      vertex -58.4768 -60 4.6841
      vertex -60.4102 -60 2.50536
    endloop
  endfacet
  facet normal 0 -1 0
    outer loop
      vertex -58.4768 -60 4.6841
      vertex -56.5271 -60 2.1836
      vertex -54.7183 -60 2.977
    endloop
  endfacet
  facet normal 0 -1 -0
    outer loop
      vertex -58.4768 -60 4.6841
      vertex -58.4955 -60 2.02049
      vertex -56.5271 -60 2.1836
    endloop
  endfacet
  facet normal 0 -1 0
    outer loop
      vertex -55.1818 -60 9.81115
      vertex -54.7183 -60 13.023
      vertex -56.6084 -60 11.0473
    endloop
  endfacet
  facet normal 0 -1 -0
    outer loop
      vertex -54.7183 -60 13.023
      vertex -55.1818 -60 9.81115
      vertex -53.2652 -60 11.6853
    endloop
  endfacet
  facet normal 0 -1 -0
    outer loop
      vertex -53.2652 -60 11.6853
      vertex -55.1818 -60 9.81115
      vertex -52.3251 -60 9.9482
    endloop
  endfacet
  facet normal 0 -1 0
    outer loop
      vertex -54.65 -60 8
      vertex -52.3251 -60 9.9482
      vertex -55.1818 -60 9.81115
    endloop
  endfacet
  facet normal 0 -1 0
    outer loop
      vertex -54.65 -60 8
      vertex -52 -60 8
      vertex -52.3251 -60 9.9482
    endloop
  endfacet
  facet normal 0 -1 0
    outer loop
      vertex -52.3251 -60 6.0518
      vertex -54.65 -60 8
      vertex -55.1818 -60 6.18885
    endloop
  endfacet
  facet normal 0 -1 0
    outer loop
      vertex -54.65 -60 8
      vertex -52.3251 -60 6.0518
      vertex -52 -60 8
    endloop
  endfacet
  facet normal 0 -1 0
    outer loop
      vertex -53.2652 -60 4.31472
      vertex -55.1818 -60 6.18885
      vertex -56.6084 -60 4.95273
    endloop
  endfacet
  facet normal 0 -1 0
    outer loop
      vertex -55.1818 -60 6.18885
      vertex -53.2652 -60 4.31472
      vertex -52.3251 -60 6.0518
    endloop
  endfacet
  facet normal 0 -1 0
    outer loop
      vertex -53.2652 -60 4.31472
      vertex -56.6084 -60 4.95273
      vertex -58.4768 -60 4.6841
    endloop
  endfacet
  facet normal -0.789142 0 0.61421
    outer loop
      vertex -63.2768 -60 10.8557
      vertex -62.0637 -46 12.4143
      vertex -63.2768 -46 10.8557
    endloop
  endfacet
  facet normal -0.789142 0 0.61421
    outer loop
      vertex -62.0637 -46 12.4143
      vertex -63.2768 -60 10.8557
      vertex -62.0637 -60 12.4143
    endloop
  endfacet
  facet normal 0.879468 -0 0.475959
    outer loop
      vertex -53.2652 -60 11.6853
      vertex -52.3251 -53.3588 9.9482
      vertex -53.2652 -52.3148 11.6853
    endloop
  endfacet
  facet normal 0.879468 0 0.475959
    outer loop
      vertex -52.3251 -53.3588 9.9482
      vertex -53.2652 -60 11.6853
      vertex -52.3251 -60 9.9482
    endloop
  endfacet
  facet normal -0.945806 0 0.324731
    outer loop
      vertex -63.9182 -60 8.98757
      vertex -63.2768 -46 10.8557
      vertex -63.9182 -46 8.98757
    endloop
  endfacet
  facet normal -0.945806 0 0.324731
    outer loop
      vertex -63.2768 -46 10.8557
      vertex -63.9182 -60 8.98757
      vertex -63.2768 -60 10.8557
    endloop
  endfacet
  facet normal -0.245486 0 -0.9694
    outer loop
      vertex -60.4102 -60 2.50536
      vertex -58.4955 -46 2.02049
      vertex -58.4955 -60 2.02049
    endloop
  endfacet
  facet normal -0.245486 0 -0.9694
    outer loop
      vertex -58.4955 -46 2.02049
      vertex -60.4102 -60 2.50536
      vertex -60.4102 -46 2.50536
    endloop
  endfacet
  facet normal 0.986361 -0 0.164596
    outer loop
      vertex -52.3251 -60 9.9482
      vertex -52 -53.7199 8
      vertex -52.3251 -53.3588 9.9482
    endloop
  endfacet
  facet normal 0.986361 0 0.164596
    outer loop
      vertex -52 -53.7199 8
      vertex -52.3251 -60 9.9482
      vertex -52 -60 8
    endloop
  endfacet
  facet normal 0.677289 -0 0.735717
    outer loop
      vertex -54.7183 -60 13.023
      vertex -53.2652 -52.3148 11.6853
      vertex -54.7183 -50.7009 13.023
    endloop
  endfacet
  facet normal 0.677289 0 0.735717
    outer loop
      vertex -53.2652 -52.3148 11.6853
      vertex -54.7183 -60 13.023
      vertex -53.2652 -60 11.6853
    endloop
  endfacet
  facet normal 0.40169 -0 0.915776
    outer loop
      vertex -56.5271 -60 13.8164
      vertex -54.7183 -50.7009 13.023
      vertex -56.5271 -48.692 13.8164
    endloop
  endfacet
  facet normal 0.40169 0 0.915776
    outer loop
      vertex -54.7183 -50.7009 13.023
      vertex -56.5271 -60 13.8164
      vertex -54.7183 -60 13.023
    endloop
  endfacet
  facet normal -0.945806 0 -0.324733
    outer loop
      vertex -63.2768 -60 5.14431
      vertex -63.9182 -46 7.01243
      vertex -63.2768 -46 5.14431
    endloop
  endfacet
  facet normal -0.945806 -0 -0.324733
    outer loop
      vertex -63.9182 -46 7.01243
      vertex -63.2768 -60 5.14431
      vertex -63.9182 -60 7.01243
    endloop
  endfacet
  facet normal -0.789152 0 -0.614198
    outer loop
      vertex -62.0637 -60 3.58566
      vertex -63.2768 -46 5.14431
      vertex -62.0637 -46 3.58566
    endloop
  endfacet
  facet normal -0.789152 -0 -0.614198
    outer loop
      vertex -63.2768 -46 5.14431
      vertex -62.0637 -60 3.58566
      vertex -63.2768 -60 5.14431
    endloop
  endfacet
  facet normal -1 0 0
    outer loop
      vertex -63.9182 -60 7.01243
      vertex -63.9182 -46 8.98757
      vertex -63.9182 -46 7.01243
    endloop
  endfacet
  facet normal -1 -0 0
    outer loop
      vertex -63.9182 -46 8.98757
      vertex -63.9182 -60 7.01243
      vertex -63.9182 -60 8.98757
    endloop
  endfacet
  facet normal -0.546953 0 0.837163
    outer loop
      vertex -62.0637 -46 12.4143
      vertex -60.4102 -60 13.4946
      vertex -60.4102 -46 13.4946
    endloop
  endfacet
  facet normal -0.546953 0 0.837163
    outer loop
      vertex -60.4102 -60 13.4946
      vertex -62.0637 -46 12.4143
      vertex -62.0637 -60 12.4143
    endloop
  endfacet
  facet normal 0 1 -0
    outer loop
      vertex -58 -46 2.06155
      vertex -58.4768 -46 4.6841
      vertex -58 -46 4.75264
    endloop
  endfacet
  facet normal 0 1 0
    outer loop
      vertex -58.4768 -46 4.6841
      vertex -60.4102 -46 2.50536
      vertex -62.0637 -46 3.58566
    endloop
  endfacet
  facet normal 0 1 0
    outer loop
      vertex -58.4768 -46 4.6841
      vertex -58 -46 2.06155
      vertex -58.4955 -46 2.02049
    endloop
  endfacet
  facet normal 0 1 0
    outer loop
      vertex -58.4768 -46 4.6841
      vertex -58.4955 -46 2.02049
      vertex -60.4102 -46 2.50536
    endloop
  endfacet
  facet normal 0 1 -0
    outer loop
      vertex -58.4768 -46 11.3159
      vertex -58.4955 -46 13.9795
      vertex -58 -46 13.9384
    endloop
  endfacet
  facet normal 0 1 0
    outer loop
      vertex -58.4955 -46 13.9795
      vertex -58.4768 -46 11.3159
      vertex -60.4102 -46 13.4946
    endloop
  endfacet
  facet normal 0 1 -0
    outer loop
      vertex -60.1938 -46 10.5318
      vertex -60.4102 -46 13.4946
      vertex -58.4768 -46 11.3159
    endloop
  endfacet
  facet normal -0 1 0
    outer loop
      vertex -58.4768 -46 11.3159
      vertex -58 -46 13.9384
      vertex -58 -46 11.2474
    endloop
  endfacet
  facet normal 0 1 0
    outer loop
      vertex -60.4102 -46 13.4946
      vertex -60.1938 -46 10.5318
      vertex -62.0637 -46 12.4143
    endloop
  endfacet
  facet normal 0 1 0
    outer loop
      vertex -62.0637 -46 12.4143
      vertex -60.1938 -46 10.5318
      vertex -63.2768 -46 10.8557
    endloop
  endfacet
  facet normal 0 1 -0
    outer loop
      vertex -61.2143 -46 8.9438
      vertex -63.2768 -46 10.8557
      vertex -60.1938 -46 10.5318
    endloop
  endfacet
  facet normal 0 1 0
    outer loop
      vertex -63.2768 -46 10.8557
      vertex -61.2143 -46 8.9438
      vertex -63.9182 -46 8.98757
    endloop
  endfacet
  facet normal 0 1 -0
    outer loop
      vertex -61.2143 -46 7.0562
      vertex -63.9182 -46 8.98757
      vertex -61.2143 -46 8.9438
    endloop
  endfacet
  facet normal 0 1 0
    outer loop
      vertex -61.2143 -46 7.0562
      vertex -63.9182 -46 7.01243
      vertex -63.9182 -46 8.98757
    endloop
  endfacet
  facet normal 0 1 0
    outer loop
      vertex -63.2768 -46 5.14431
      vertex -61.2143 -46 7.0562
      vertex -60.1938 -46 5.46824
    endloop
  endfacet
  facet normal 0 1 0
    outer loop
      vertex -61.2143 -46 7.0562
      vertex -63.2768 -46 5.14431
      vertex -63.9182 -46 7.01243
    endloop
  endfacet
  facet normal 0 1 0
    outer loop
      vertex -62.0637 -46 3.58566
      vertex -60.1938 -46 5.46824
      vertex -58.4768 -46 4.6841
    endloop
  endfacet
  facet normal 0 1 0
    outer loop
      vertex -60.1938 -46 5.46824
      vertex -62.0637 -46 3.58566
      vertex -63.2768 -46 5.14431
    endloop
  endfacet
  facet normal 0 -1 0
    outer loop
      vertex -58 -46 11.2474
      vertex -55.1818 -46 9.81115
      vertex -56.6084 -46 11.0473
    endloop
  endfacet
  facet normal 0 -1 0
    outer loop
      vertex -58 -46 11.2474
      vertex -54.65 -46 8
      vertex -55.1818 -46 9.81115
    endloop
  endfacet
  facet normal 0 -1 0
    outer loop
      vertex -58 -46 4.75264
      vertex -54.65 -46 8
      vertex -58 -46 11.2474
    endloop
  endfacet
  facet normal 0 -1 0
    outer loop
      vertex -54.65 -46 8
      vertex -58 -46 4.75264
      vertex -55.1818 -46 6.18885
    endloop
  endfacet
  facet normal 0 -1 0
    outer loop
      vertex -55.1818 -46 6.18885
      vertex -58 -46 4.75264
      vertex -56.6084 -46 4.95273
    endloop
  endfacet
  facet normal 0 1 0
    outer loop
      vertex -56.5271 60 13.8164
      vertex -56.6084 60 11.0473
      vertex -58.4768 60 11.3159
    endloop
  endfacet
  facet normal 0 1 0
    outer loop
      vertex -55.1818 60 9.81115
      vertex -53.2652 60 11.6853
      vertex -52.3251 60 9.9482
    endloop
  endfacet
  facet normal 0 1 0
    outer loop
      vertex -54.7183 60 13.023
      vertex -55.1818 60 9.81115
      vertex -56.6084 60 11.0473
    endloop
  endfacet
  facet normal 0 1 0
    outer loop
      vertex -54.65 60 8
      vertex -52.3251 60 9.9482
      vertex -52 60 8
    endloop
  endfacet
  facet normal 0 1 0
    outer loop
      vertex -52.3251 60 9.9482
      vertex -54.65 60 8
      vertex -55.1818 60 9.81115
    endloop
  endfacet
  facet normal 0 1 -0
    outer loop
      vertex -52.3251 60 6.0518
      vertex -54.65 60 8
      vertex -52 60 8
    endloop
  endfacet
  facet normal 0 1 0
    outer loop
      vertex -54.65 60 8
      vertex -52.3251 60 6.0518
      vertex -55.1818 60 6.18885
    endloop
  endfacet
  facet normal 0 1 -0
    outer loop
      vertex -53.2652 60 4.31472
      vertex -55.1818 60 6.18885
      vertex -52.3251 60 6.0518
    endloop
  endfacet
  facet normal 0 1 0
    outer loop
      vertex -55.1818 60 6.18885
      vertex -54.7183 60 2.977
      vertex -56.6084 60 4.95273
    endloop
  endfacet
  facet normal 0 1 -0
    outer loop
      vertex -54.7183 60 2.977
      vertex -55.1818 60 6.18885
      vertex -53.2652 60 4.31472
    endloop
  endfacet
  facet normal 0 1 -0
    outer loop
      vertex -58.4768 60 11.3159
      vertex -58.4955 60 13.9795
      vertex -56.5271 60 13.8164
    endloop
  endfacet
  facet normal 0 1 0
    outer loop
      vertex -56.6084 60 11.0473
      vertex -56.5271 60 13.8164
      vertex -54.7183 60 13.023
    endloop
  endfacet
  facet normal 0 1 0
    outer loop
      vertex -58.4955 60 13.9795
      vertex -58.4768 60 11.3159
      vertex -60.4102 60 13.4946
    endloop
  endfacet
  facet normal 0 1 0
    outer loop
      vertex -55.1818 60 9.81115
      vertex -54.7183 60 13.023
      vertex -53.2652 60 11.6853
    endloop
  endfacet
  facet normal 0 1 -0
    outer loop
      vertex -60.1938 60 10.5318
      vertex -60.4102 60 13.4946
      vertex -58.4768 60 11.3159
    endloop
  endfacet
  facet normal 0 1 0
    outer loop
      vertex -60.4102 60 13.4946
      vertex -60.1938 60 10.5318
      vertex -62.0637 60 12.4143
    endloop
  endfacet
  facet normal 0 1 0
    outer loop
      vertex -62.0637 60 12.4143
      vertex -60.1938 60 10.5318
      vertex -63.2768 60 10.8557
    endloop
  endfacet
  facet normal 0 1 -0
    outer loop
      vertex -61.2143 60 8.9438
      vertex -63.2768 60 10.8557
      vertex -60.1938 60 10.5318
    endloop
  endfacet
  facet normal 0 1 0
    outer loop
      vertex -63.2768 60 10.8557
      vertex -61.2143 60 8.9438
      vertex -63.9182 60 8.98757
    endloop
  endfacet
  facet normal 0 1 -0
    outer loop
      vertex -61.2143 60 7.0562
      vertex -63.9182 60 8.98757
      vertex -61.2143 60 8.9438
    endloop
  endfacet
  facet normal 0 1 0
    outer loop
      vertex -61.2143 60 7.0562
      vertex -63.9182 60 7.01243
      vertex -63.9182 60 8.98757
    endloop
  endfacet
  facet normal 0 1 0
    outer loop
      vertex -63.2768 60 5.14431
      vertex -61.2143 60 7.0562
      vertex -60.1938 60 5.46824
    endloop
  endfacet
  facet normal 0 1 0
    outer loop
      vertex -61.2143 60 7.0562
      vertex -63.2768 60 5.14431
      vertex -63.9182 60 7.01243
    endloop
  endfacet
  facet normal 0 1 0
    outer loop
      vertex -60.4102 60 2.50536
      vertex -60.1938 60 5.46824
      vertex -58.4768 60 4.6841
    endloop
  endfacet
  facet normal 0 1 0
    outer loop
      vertex -60.1938 60 5.46824
      vertex -62.0637 60 3.58566
      vertex -63.2768 60 5.14431
    endloop
  endfacet
  facet normal 0 1 -0
    outer loop
      vertex -56.5271 60 2.1836
      vertex -56.6084 60 4.95273
      vertex -54.7183 60 2.977
    endloop
  endfacet
  facet normal 0 1 0
    outer loop
      vertex -56.6084 60 4.95273
      vertex -56.5271 60 2.1836
      vertex -58.4768 60 4.6841
    endloop
  endfacet
  facet normal 0 1 0
    outer loop
      vertex -60.1938 60 5.46824
      vertex -60.4102 60 2.50536
      vertex -62.0637 60 3.58566
    endloop
  endfacet
  facet normal 0 1 0
    outer loop
      vertex -58.4955 60 2.02049
      vertex -58.4768 60 4.6841
      vertex -56.5271 60 2.1836
    endloop
  endfacet
  facet normal 0 1 0
    outer loop
      vertex -58.4768 60 4.6841
      vertex -58.4955 60 2.02049
      vertex -60.4102 60 2.50536
    endloop
  endfacet
  facet normal 0.879468 0 0.475959
    outer loop
      vertex -53.2652 60 11.6853
      vertex -52.3251 53.3588 9.9482
      vertex -52.3251 60 9.9482
    endloop
  endfacet
  facet normal 0.879468 0 0.475959
    outer loop
      vertex -52.3251 53.3588 9.9482
      vertex -53.2652 60 11.6853
      vertex -53.2652 52.3148 11.6853
    endloop
  endfacet
  facet normal 0.986361 0 0.164596
    outer loop
      vertex -52.3251 60 9.9482
      vertex -52 53.7199 8
      vertex -52 60 8
    endloop
  endfacet
  facet normal 0.986361 0 0.164596
    outer loop
      vertex -52 53.7199 8
      vertex -52.3251 60 9.9482
      vertex -52.3251 53.3588 9.9482
    endloop
  endfacet
  facet normal -0.945806 0 0.324731
    outer loop
      vertex -63.9182 46 8.98757
      vertex -63.2768 60 10.8557
      vertex -63.9182 60 8.98757
    endloop
  endfacet
  facet normal -0.945806 0 0.324731
    outer loop
      vertex -63.2768 60 10.8557
      vertex -63.9182 46 8.98757
      vertex -63.2768 46 10.8557
    endloop
  endfacet
  facet normal 0.0825762 0 0.996585
    outer loop
      vertex -58.4955 60 13.9795
      vertex -56.5271 48.692 13.8164
      vertex -56.5271 60 13.8164
    endloop
  endfacet
  facet normal 0.0825518 -4.27156e-06 0.996587
    outer loop
      vertex -56.5271 48.692 13.8164
      vertex -58.4955 60 13.9795
      vertex -58 47.0562 13.9384
    endloop
  endfacet
  facet normal 0.0826626 -0 0.996578
    outer loop
      vertex -58.4955 46 13.9795
      vertex -58 47.0562 13.9384
      vertex -58.4955 60 13.9795
    endloop
  endfacet
  facet normal 0.0826626 0 0.996578
    outer loop
      vertex -58 47.0562 13.9384
      vertex -58.4955 46 13.9795
      vertex -58 46 13.9384
    endloop
  endfacet
  facet normal 0.40169 0 0.915776
    outer loop
      vertex -56.5271 60 13.8164
      vertex -54.7183 50.7009 13.023
      vertex -54.7183 60 13.023
    endloop
  endfacet
  facet normal 0.40169 0 0.915776
    outer loop
      vertex -54.7183 50.7009 13.023
      vertex -56.5271 60 13.8164
      vertex -56.5271 48.692 13.8164
    endloop
  endfacet
  facet normal 0.677289 0 0.735717
    outer loop
      vertex -54.7183 60 13.023
      vertex -53.2652 52.3148 11.6853
      vertex -53.2652 60 11.6853
    endloop
  endfacet
  facet normal 0.677289 0 0.735717
    outer loop
      vertex -53.2652 52.3148 11.6853
      vertex -54.7183 60 13.023
      vertex -54.7183 50.7009 13.023
    endloop
  endfacet
  facet normal -0.245486 0 -0.9694
    outer loop
      vertex -60.4102 46 2.50536
      vertex -58.4955 60 2.02049
      vertex -58.4955 46 2.02049
    endloop
  endfacet
  facet normal -0.245486 0 -0.9694
    outer loop
      vertex -58.4955 60 2.02049
      vertex -60.4102 46 2.50536
      vertex -60.4102 60 2.50536
    endloop
  endfacet
  facet normal 0.0825827 0 -0.996584
    outer loop
      vertex -58 46 2.06155
      vertex -58.4955 46 2.02049
      vertex -58 47.0562 2.06155
    endloop
  endfacet
  facet normal 0.0825808 -7.5162e-08 -0.996584
    outer loop
      vertex -58.4955 60 2.02049
      vertex -56.5271 48.692 2.1836
      vertex -58 47.0562 2.06155
    endloop
  endfacet
  facet normal 0.0825827 0 -0.996584
    outer loop
      vertex -58.4955 60 2.02049
      vertex -58 47.0562 2.06155
      vertex -58.4955 46 2.02049
    endloop
  endfacet
  facet normal 0.0825812 0 -0.996584
    outer loop
      vertex -56.5271 48.692 2.1836
      vertex -58.4955 60 2.02049
      vertex -56.5271 60 2.1836
    endloop
  endfacet
  facet normal 0.986361 0 -0.164596
    outer loop
      vertex -52 53.7199 8
      vertex -52.3251 60 6.0518
      vertex -52 60 8
    endloop
  endfacet
  facet normal 0.986361 0 -0.164596
    outer loop
      vertex -52.3251 60 6.0518
      vertex -52 53.7199 8
      vertex -52.3251 53.3588 6.0518
    endloop
  endfacet
  facet normal -0.546953 0 -0.837163
    outer loop
      vertex -62.0637 46 3.58566
      vertex -60.4102 60 2.50536
      vertex -60.4102 46 2.50536
    endloop
  endfacet
  facet normal -0.546953 0 -0.837163
    outer loop
      vertex -60.4102 60 2.50536
      vertex -62.0637 46 3.58566
      vertex -62.0637 60 3.58566
    endloop
  endfacet
  facet normal 0.40169 0 -0.915776
    outer loop
      vertex -56.5271 60 2.1836
      vertex -54.7183 50.7009 2.977
      vertex -56.5271 48.692 2.1836
    endloop
  endfacet
  facet normal 0.40169 0 -0.915776
    outer loop
      vertex -54.7183 50.7009 2.977
      vertex -56.5271 60 2.1836
      vertex -54.7183 60 2.977
    endloop
  endfacet
  facet normal -0.945806 0 -0.324733
    outer loop
      vertex -63.2768 46 5.14431
      vertex -63.9182 60 7.01243
      vertex -63.2768 60 5.14431
    endloop
  endfacet
  facet normal -0.945806 -0 -0.324733
    outer loop
      vertex -63.9182 60 7.01243
      vertex -63.2768 46 5.14431
      vertex -63.9182 46 7.01243
    endloop
  endfacet
  facet normal -0.245501 0 0.969396
    outer loop
      vertex -60.4102 60 13.4946
      vertex -58.4955 46 13.9795
      vertex -58.4955 60 13.9795
    endloop
  endfacet
  facet normal -0.245501 0 0.969396
    outer loop
      vertex -58.4955 46 13.9795
      vertex -60.4102 60 13.4946
      vertex -60.4102 46 13.4946
    endloop
  endfacet
  facet normal -1 0 0
    outer loop
      vertex -63.9182 46 7.01243
      vertex -63.9182 60 8.98757
      vertex -63.9182 60 7.01243
    endloop
  endfacet
  facet normal -1 -0 0
    outer loop
      vertex -63.9182 60 8.98757
      vertex -63.9182 46 7.01243
      vertex -63.9182 46 8.98757
    endloop
  endfacet
  facet normal 0.879465 0 -0.475963
    outer loop
      vertex -52.3251 53.3588 6.0518
      vertex -53.2652 60 4.31472
      vertex -52.3251 60 6.0518
    endloop
  endfacet
  facet normal 0.879465 0 -0.475963
    outer loop
      vertex -53.2652 60 4.31472
      vertex -52.3251 53.3588 6.0518
      vertex -53.2652 52.3148 4.31472
    endloop
  endfacet
  facet normal -0.546953 0 0.837163
    outer loop
      vertex -62.0637 60 12.4143
      vertex -60.4102 46 13.4946
      vertex -60.4102 60 13.4946
    endloop
  endfacet
  facet normal -0.546953 0 0.837163
    outer loop
      vertex -60.4102 46 13.4946
      vertex -62.0637 60 12.4143
      vertex -62.0637 46 12.4143
    endloop
  endfacet
  facet normal 0.677295 0 -0.735712
    outer loop
      vertex -54.7183 60 2.977
      vertex -53.2652 52.3148 4.31472
      vertex -54.7183 50.7009 2.977
    endloop
  endfacet
  facet normal 0.677295 0 -0.735712
    outer loop
      vertex -53.2652 52.3148 4.31472
      vertex -54.7183 60 2.977
      vertex -53.2652 60 4.31472
    endloop
  endfacet
  facet normal -0.789152 0 -0.614198
    outer loop
      vertex -62.0637 46 3.58566
      vertex -63.2768 60 5.14431
      vertex -62.0637 60 3.58566
    endloop
  endfacet
  facet normal -0.789152 -0 -0.614198
    outer loop
      vertex -63.2768 60 5.14431
      vertex -62.0637 46 3.58566
      vertex -63.2768 46 5.14431
    endloop
  endfacet
  facet normal -0.789142 0 0.61421
    outer loop
      vertex -63.2768 46 10.8557
      vertex -62.0637 60 12.4143
      vertex -63.2768 60 10.8557
    endloop
  endfacet
  facet normal -0.789142 0 0.61421
    outer loop
      vertex -62.0637 60 12.4143
      vertex -63.2768 46 10.8557
      vertex -62.0637 46 12.4143
    endloop
  endfacet
  facet normal 0 -1 0
    outer loop
      vertex -60.1938 46 10.5318
      vertex -62.0637 46 12.4143
      vertex -63.2768 46 10.8557
    endloop
  endfacet
  facet normal 0 -1 0
    outer loop
      vertex -62.0637 46 12.4143
      vertex -60.1938 46 10.5318
      vertex -58.4768 46 11.3159
    endloop
  endfacet
  facet normal 0 -1 0
    outer loop
      vertex -61.2143 46 8.9438
      vertex -63.2768 46 10.8557
      vertex -63.9182 46 8.98757
    endloop
  endfacet
  facet normal 0 -1 0
    outer loop
      vertex -63.2768 46 10.8557
      vertex -61.2143 46 8.9438
      vertex -60.1938 46 10.5318
    endloop
  endfacet
  facet normal 0 -1 0
    outer loop
      vertex -63.9182 46 8.98757
      vertex -61.2143 46 7.0562
      vertex -61.2143 46 8.9438
    endloop
  endfacet
  facet normal 0 -1 0
    outer loop
      vertex -63.9182 46 7.01243
      vertex -61.2143 46 7.0562
      vertex -63.9182 46 8.98757
    endloop
  endfacet
  facet normal 0 -1 0
    outer loop
      vertex -63.2768 46 5.14431
      vertex -61.2143 46 7.0562
      vertex -63.9182 46 7.01243
    endloop
  endfacet
  facet normal 0 -1 -0
    outer loop
      vertex -61.2143 46 7.0562
      vertex -63.2768 46 5.14431
      vertex -60.1938 46 5.46824
    endloop
  endfacet
  facet normal 0 -1 0
    outer loop
      vertex -62.0637 46 3.58566
      vertex -60.1938 46 5.46824
      vertex -63.2768 46 5.14431
    endloop
  endfacet
  facet normal 0 -1 0
    outer loop
      vertex -60.4102 46 2.50536
      vertex -60.1938 46 5.46824
      vertex -62.0637 46 3.58566
    endloop
  endfacet
  facet normal 0 -1 0
    outer loop
      vertex -58.4768 46 11.3159
      vertex -58.4955 46 13.9795
      vertex -60.4102 46 13.4946
    endloop
  endfacet
  facet normal 0 -1 0
    outer loop
      vertex -58.4768 46 11.3159
      vertex -60.4102 46 13.4946
      vertex -62.0637 46 12.4143
    endloop
  endfacet
  facet normal 0 -1 0
    outer loop
      vertex -58.4955 46 13.9795
      vertex -58.4768 46 11.3159
      vertex -58 46 13.9384
    endloop
  endfacet
  facet normal 0 -1 -0
    outer loop
      vertex -58 46 13.9384
      vertex -58.4768 46 11.3159
      vertex -58 46 11.2474
    endloop
  endfacet
  facet normal 0 -1 -0
    outer loop
      vertex -60.1938 46 5.46824
      vertex -60.4102 46 2.50536
      vertex -58.4768 46 4.6841
    endloop
  endfacet
  facet normal 0 -1 0
    outer loop
      vertex -58.4955 46 2.02049
      vertex -58.4768 46 4.6841
      vertex -60.4102 46 2.50536
    endloop
  endfacet
  facet normal -0 -1 0
    outer loop
      vertex -58 46 2.06155
      vertex -58.4768 46 4.6841
      vertex -58.4955 46 2.02049
    endloop
  endfacet
  facet normal 0 -1 0
    outer loop
      vertex -58.4768 46 4.6841
      vertex -58 46 2.06155
      vertex -58 46 4.75264
    endloop
  endfacet
  facet normal 0 1 0
    outer loop
      vertex -55.1818 46 9.81115
      vertex -58 46 11.2474
      vertex -56.6084 46 11.0473
    endloop
  endfacet
  facet normal 0 1 0
    outer loop
      vertex -54.65 46 8
      vertex -58 46 11.2474
      vertex -55.1818 46 9.81115
    endloop
  endfacet
  facet normal 0 1 0
    outer loop
      vertex -58 46 4.75264
      vertex -54.65 46 8
      vertex -55.1818 46 6.18885
    endloop
  endfacet
  facet normal 0 1 0
    outer loop
      vertex -58 46 4.75264
      vertex -55.1818 46 6.18885
      vertex -56.6084 46 4.95273
    endloop
  endfacet
  facet normal 0 1 0
    outer loop
      vertex -54.65 46 8
      vertex -58 46 4.75264
      vertex -58 46 11.2474
    endloop
  endfacet
  facet normal -1 0 0
    outer loop
      vertex 52.2 52.2 0
      vertex 52.2 41.3766 3.03647
      vertex 52.2 52.2 7
    endloop
  endfacet
  facet normal -1 0 0
    outer loop
      vertex 52.2 52.2 0
      vertex 52.2 39.95 2
      vertex 52.2 41.3766 3.03647
    endloop
  endfacet
  facet normal -1 0 0
    outer loop
      vertex 52.2 39.95 2
      vertex 52.2 -38.5234 3.03647
      vertex 52.2 38.5234 3.03647
    endloop
  endfacet
  facet normal -1 0 0
    outer loop
      vertex 52.2 -39.95 2
      vertex 52.2 39.95 2
      vertex 52.2 52.2 0
    endloop
  endfacet
  facet normal -1 0 0
    outer loop
      vertex 52.2 39.95 2
      vertex 52.2 -39.95 2
      vertex 52.2 -38.5234 3.03647
    endloop
  endfacet
  facet normal -1 -0 0
    outer loop
      vertex 52.2 -39.95 2
      vertex 52.2 -52.2 0
      vertex 52.2 -41.3766 3.03647
    endloop
  endfacet
  facet normal -1 0 0
    outer loop
      vertex 52.2 -52.2 0
      vertex 52.2 -39.95 2
      vertex 52.2 52.2 0
    endloop
  endfacet
  facet normal -1 0 0
    outer loop
      vertex 52.2 40.8317 4.71352
      vertex 52.2 52.2 7
      vertex 52.2 41.3766 3.03647
    endloop
  endfacet
  facet normal -1 0 0
    outer loop
      vertex 52.2 39.0683 4.71352
      vertex 52.2 52.2 7
      vertex 52.2 40.8317 4.71352
    endloop
  endfacet
  facet normal -1 0 0
    outer loop
      vertex 52.2 -38.5234 3.03647
      vertex 52.2 39.0683 4.71352
      vertex 52.2 38.5234 3.03647
    endloop
  endfacet
  facet normal -1 0 0
    outer loop
      vertex 52.2 -39.0683 4.71352
      vertex 52.2 39.0683 4.71352
      vertex 52.2 -38.5234 3.03647
    endloop
  endfacet
  facet normal -1 0 0
    outer loop
      vertex 52.2 39.0683 4.71352
      vertex 52.2 -39.0683 4.71352
      vertex 52.2 52.2 7
    endloop
  endfacet
  facet normal -1 0 0
    outer loop
      vertex 52.2 -52.2 7
      vertex 52.2 -39.0683 4.71352
      vertex 52.2 -40.8317 4.71352
    endloop
  endfacet
  facet normal -1 0 0
    outer loop
      vertex 52.2 -52.2 7
      vertex 52.2 -41.3766 3.03647
      vertex 52.2 -52.2 0
    endloop
  endfacet
  facet normal -1 0 0
    outer loop
      vertex 52.2 -39.0683 4.71352
      vertex 52.2 -52.2 7
      vertex 52.2 52.2 7
    endloop
  endfacet
  facet normal -1 0 0
    outer loop
      vertex 52.2 -41.3766 3.03647
      vertex 52.2 -52.2 7
      vertex 52.2 -40.8317 4.71352
    endloop
  endfacet
  facet normal 1 0 0
    outer loop
      vertex -52.2 52.2 7
      vertex -52.2 41.3766 3.03647
      vertex -52.2 52.2 0
    endloop
  endfacet
  facet normal 1 0 0
    outer loop
      vertex -52.2 52.2 7
      vertex -52.2 40.8317 4.71352
      vertex -52.2 41.3766 3.03647
    endloop
  endfacet
  facet normal 1 0 0
    outer loop
      vertex -52.2 52.2 7
      vertex -52.2 39.0683 4.71352
      vertex -52.2 40.8317 4.71352
    endloop
  endfacet
  facet normal 1 0 0
    outer loop
      vertex -52.2 39.0683 4.71352
      vertex -52.2 -38.5234 3.03647
      vertex -52.2 38.5234 3.03647
    endloop
  endfacet
  facet normal 1 0 0
    outer loop
      vertex -52.2 -39.0683 4.71352
      vertex -52.2 39.0683 4.71352
      vertex -52.2 52.2 7
    endloop
  endfacet
  facet normal 1 0 0
    outer loop
      vertex -52.2 39.0683 4.71352
      vertex -52.2 -39.0683 4.71352
      vertex -52.2 -38.5234 3.03647
    endloop
  endfacet
  facet normal 1 -0 0
    outer loop
      vertex -52.2 -52.2 7
      vertex -52.2 -39.0683 4.71352
      vertex -52.2 52.2 7
    endloop
  endfacet
  facet normal 1 0 0
    outer loop
      vertex -52.2 -40.8317 4.71352
      vertex -52.2 -52.2 7
      vertex -52.2 -41.3766 3.03647
    endloop
  endfacet
  facet normal 1 0 0
    outer loop
      vertex -52.2 -39.0683 4.71352
      vertex -52.2 -52.2 7
      vertex -52.2 -40.8317 4.71352
    endloop
  endfacet
  facet normal 1 -0 0
    outer loop
      vertex -52.2 39.95 2
      vertex -52.2 52.2 0
      vertex -52.2 41.3766 3.03647
    endloop
  endfacet
  facet normal 1 -0 0
    outer loop
      vertex -52.2 -38.5234 3.03647
      vertex -52.2 39.95 2
      vertex -52.2 38.5234 3.03647
    endloop
  endfacet
  facet normal 1 0 0
    outer loop
      vertex -52.2 -39.95 2
      vertex -52.2 39.95 2
      vertex -52.2 -38.5234 3.03647
    endloop
  endfacet
  facet normal 1 0 0
    outer loop
      vertex -52.2 39.95 2
      vertex -52.2 -39.95 2
      vertex -52.2 52.2 0
    endloop
  endfacet
  facet normal 1 0 0
    outer loop
      vertex -52.2 -52.2 0
      vertex -52.2 -41.3766 3.03647
      vertex -52.2 -52.2 7
    endloop
  endfacet
  facet normal 1 0 0
    outer loop
      vertex -52.2 -39.95 2
      vertex -52.2 -52.2 0
      vertex -52.2 52.2 0
    endloop
  endfacet
  facet normal 1 0 0
    outer loop
      vertex -52.2 -41.3766 3.03647
      vertex -52.2 -52.2 0
      vertex -52.2 -39.95 2
    endloop
  endfacet
  facet normal 0 -1 0
    outer loop
      vertex -39.4865 52.2 4.92658
      vertex 38.7365 52.2 4.38168
      vertex 40.4135 52.2 4.92658
    endloop
  endfacet
  facet normal 0 -1 0
    outer loop
      vertex -38.45 52.2 3.5
      vertex 38.7365 52.2 4.38168
      vertex -39.4865 52.2 4.92658
    endloop
  endfacet
  facet normal 0 -1 0
    outer loop
      vertex -38.45 52.2 3.5
      vertex 38.7365 52.2 2.61832
      vertex 38.7365 52.2 4.38168
    endloop
  endfacet
  facet normal 0 -1 0
    outer loop
      vertex -39.4865 52.2 2.07341
      vertex 38.7365 52.2 2.61832
      vertex -38.45 52.2 3.5
    endloop
  endfacet
  facet normal 0 -1 -0
    outer loop
      vertex 38.7365 52.2 2.61832
      vertex -39.4865 52.2 2.07341
      vertex 40.4135 52.2 2.07341
    endloop
  endfacet
  facet normal 0 -1 0
    outer loop
      vertex -52.2 52.2 7
      vertex -39.4865 52.2 4.92658
      vertex 52.2 52.2 7
    endloop
  endfacet
  facet normal 0 -1 0
    outer loop
      vertex -52.2 52.2 7
      vertex -41.1635 52.2 4.38168
      vertex -39.4865 52.2 4.92658
    endloop
  endfacet
  facet normal 0 -1 0
    outer loop
      vertex -52.2 52.2 7
      vertex -41.1635 52.2 2.61832
      vertex -41.1635 52.2 4.38168
    endloop
  endfacet
  facet normal 0 -1 0
    outer loop
      vertex 52.2 52.2 0
      vertex -39.4865 52.2 2.07341
      vertex -52.2 52.2 0
    endloop
  endfacet
  facet normal 0 -1 -0
    outer loop
      vertex -41.1635 52.2 2.61832
      vertex -52.2 52.2 0
      vertex -39.4865 52.2 2.07341
    endloop
  endfacet
  facet normal 0 -1 0
    outer loop
      vertex -52.2 52.2 0
      vertex -41.1635 52.2 2.61832
      vertex -52.2 52.2 7
    endloop
  endfacet
  facet normal 0 -1 0
    outer loop
      vertex 40.4135 52.2 4.92658
      vertex 52.2 52.2 7
      vertex -39.4865 52.2 4.92658
    endloop
  endfacet
  facet normal 0 -1 0
    outer loop
      vertex 41.45 52.2 3.5
      vertex 52.2 52.2 7
      vertex 40.4135 52.2 4.92658
    endloop
  endfacet
  facet normal 0 -1 0
    outer loop
      vertex 52.2 52.2 0
      vertex 41.45 52.2 3.5
      vertex 40.4135 52.2 2.07341
    endloop
  endfacet
  facet normal 0 -1 0
    outer loop
      vertex 41.45 52.2 3.5
      vertex 52.2 52.2 0
      vertex 52.2 52.2 7
    endloop
  endfacet
  facet normal 0 -1 0
    outer loop
      vertex -39.4865 52.2 2.07341
      vertex 52.2 52.2 0
      vertex 40.4135 52.2 2.07341
    endloop
  endfacet
  facet normal 0 1 -0
    outer loop
      vertex 38.7365 -52.2 4.38168
      vertex -39.4865 -52.2 4.92658
      vertex 40.4135 -52.2 4.92658
    endloop
  endfacet
  facet normal 0 1 0
    outer loop
      vertex 38.7365 -52.2 4.38168
      vertex -38.45 -52.2 3.5
      vertex -39.4865 -52.2 4.92658
    endloop
  endfacet
  facet normal 0 1 -0
    outer loop
      vertex 38.7365 -52.2 2.61832
      vertex -38.45 -52.2 3.5
      vertex 38.7365 -52.2 4.38168
    endloop
  endfacet
  facet normal 0 1 0
    outer loop
      vertex -39.4865 -52.2 2.07341
      vertex 38.7365 -52.2 2.61832
      vertex 40.4135 -52.2 2.07341
    endloop
  endfacet
  facet normal 0 1 0
    outer loop
      vertex 38.7365 -52.2 2.61832
      vertex -39.4865 -52.2 2.07341
      vertex -38.45 -52.2 3.5
    endloop
  endfacet
  facet normal 0 1 0
    outer loop
      vertex -39.4865 -52.2 4.92658
      vertex 52.2 -52.2 7
      vertex 40.4135 -52.2 4.92658
    endloop
  endfacet
  facet normal 0 1 0
    outer loop
      vertex 52.2 -52.2 7
      vertex 41.45 -52.2 3.5
      vertex 40.4135 -52.2 4.92658
    endloop
  endfacet
  facet normal 0 1 -0
    outer loop
      vertex 52.2 -52.2 0
      vertex 41.45 -52.2 3.5
      vertex 52.2 -52.2 7
    endloop
  endfacet
  facet normal 0 1 0
    outer loop
      vertex 40.4135 -52.2 2.07341
      vertex 52.2 -52.2 0
      vertex -39.4865 -52.2 2.07341
    endloop
  endfacet
  facet normal 0 1 0
    outer loop
      vertex 41.45 -52.2 3.5
      vertex 52.2 -52.2 0
      vertex 40.4135 -52.2 2.07341
    endloop
  endfacet
  facet normal 0 1 0
    outer loop
      vertex 52.2 -52.2 7
      vertex -39.4865 -52.2 4.92658
      vertex -52.2 -52.2 7
    endloop
  endfacet
  facet normal 0 1 -0
    outer loop
      vertex -41.1635 -52.2 4.38168
      vertex -52.2 -52.2 7
      vertex -39.4865 -52.2 4.92658
    endloop
  endfacet
  facet normal 0 1 -0
    outer loop
      vertex -41.1635 -52.2 2.61832
      vertex -52.2 -52.2 7
      vertex -41.1635 -52.2 4.38168
    endloop
  endfacet
  facet normal 0 1 0
    outer loop
      vertex -41.1635 -52.2 2.61832
      vertex -52.2 -52.2 0
      vertex -52.2 -52.2 7
    endloop
  endfacet
  facet normal 0 1 0
    outer loop
      vertex -39.4865 -52.2 2.07341
      vertex -52.2 -52.2 0
      vertex -41.1635 -52.2 2.61832
    endloop
  endfacet
  facet normal 0 1 0
    outer loop
      vertex -52.2 -52.2 0
      vertex -39.4865 -52.2 2.07341
      vertex 52.2 -52.2 0
    endloop
  endfacet
  facet normal 0 0.413803 -0.910366
    outer loop
      vertex 52.2 -52.2 7
      vertex 9.46315 -41.2 12
      vertex 41.2 -41.2 12
    endloop
  endfacet
  facet normal 9.02814e-07 0.413806 -0.910365
    outer loop
      vertex 52.2 -52.2 7
      vertex 4.44246 -42.2672 11.5149
      vertex 9.46315 -41.2 12
    endloop
  endfacet
  facet normal 0 0.413802 -0.910367
    outer loop
      vertex 52.2 -52.2 7
      vertex -4.44246 -42.2672 11.5149
      vertex 4.44246 -42.2672 11.5149
    endloop
  endfacet
  facet normal -9.02814e-07 0.413806 -0.910365
    outer loop
      vertex -52.2 -52.2 7
      vertex -9.46315 -41.2 12
      vertex -4.44246 -42.2672 11.5149
    endloop
  endfacet
  facet normal 0 0.413802 -0.910367
    outer loop
      vertex -52.2 -52.2 7
      vertex -4.44246 -42.2672 11.5149
      vertex 52.2 -52.2 7
    endloop
  endfacet
  facet normal 0 0.413803 -0.910366
    outer loop
      vertex -9.46315 -41.2 12
      vertex -52.2 -52.2 7
      vertex -41.2 -41.2 12
    endloop
  endfacet
  facet normal 0 0 -1
    outer loop
      vertex -41.2 -41.2 12
      vertex -13.1332 -40.4199 12
      vertex -9.46315 -41.2 12
    endloop
  endfacet
  facet normal 0 0 -1
    outer loop
      vertex -41.2 -41.2 12
      vertex -21.25 -36.8061 12
      vertex -13.1332 -40.4199 12
    endloop
  endfacet
  facet normal 0 0 -1
    outer loop
      vertex -41.2 -41.2 12
      vertex -28.438 -31.5837 12
      vertex -21.25 -36.8061 12
    endloop
  endfacet
  facet normal 0 0 -1
    outer loop
      vertex -41.2 -41.2 12
      vertex -34.3832 -24.9809 12
      vertex -28.438 -31.5837 12
    endloop
  endfacet
  facet normal 0 0 -1
    outer loop
      vertex -41.2 -41.2 12
      vertex -38.8257 -17.2863 12
      vertex -34.3832 -24.9809 12
    endloop
  endfacet
  facet normal -0 0 -1
    outer loop
      vertex -38.8257 -17.2863 12
      vertex -41.2 -41.2 12
      vertex -41.2 -9.97891 12
    endloop
  endfacet
  facet normal 0 0 -1
    outer loop
      vertex 41.2 -41.2 12
      vertex 38.8257 -17.2863 12
      vertex 41.2 -9.97891 12
    endloop
  endfacet
  facet normal 0 0 -1
    outer loop
      vertex 41.2 -41.2 12
      vertex 34.3832 -24.9809 12
      vertex 38.8257 -17.2863 12
    endloop
  endfacet
  facet normal 0 0 -1
    outer loop
      vertex 41.2 -41.2 12
      vertex 28.438 -31.5837 12
      vertex 34.3832 -24.9809 12
    endloop
  endfacet
  facet normal 0 0 -1
    outer loop
      vertex 41.2 -41.2 12
      vertex 21.25 -36.8061 12
      vertex 28.438 -31.5837 12
    endloop
  endfacet
  facet normal 0 0 -1
    outer loop
      vertex 41.2 -41.2 12
      vertex 13.1332 -40.4199 12
      vertex 21.25 -36.8061 12
    endloop
  endfacet
  facet normal 0 -0 -1
    outer loop
      vertex 13.1332 -40.4199 12
      vertex 41.2 -41.2 12
      vertex 9.46315 -41.2 12
    endloop
  endfacet
  facet normal 0 0 -1
    outer loop
      vertex 38.8257 17.2863 12
      vertex 41.2 41.2 12
      vertex 41.2 9.97891 12
    endloop
  endfacet
  facet normal 0 0 -1
    outer loop
      vertex 34.3832 24.9809 12
      vertex 41.2 41.2 12
      vertex 38.8257 17.2863 12
    endloop
  endfacet
  facet normal 0 0 -1
    outer loop
      vertex 28.438 31.5837 12
      vertex 41.2 41.2 12
      vertex 34.3832 24.9809 12
    endloop
  endfacet
  facet normal 0 0 -1
    outer loop
      vertex 21.25 36.8061 12
      vertex 41.2 41.2 12
      vertex 28.438 31.5837 12
    endloop
  endfacet
  facet normal 0 0 -1
    outer loop
      vertex 13.1332 40.4199 12
      vertex 41.2 41.2 12
      vertex 21.25 36.8061 12
    endloop
  endfacet
  facet normal -0 0 -1
    outer loop
      vertex 41.2 41.2 12
      vertex 13.1332 40.4199 12
      vertex 9.46315 41.2 12
    endloop
  endfacet
  facet normal 0 0 -1
    outer loop
      vertex -13.1332 40.4199 12
      vertex -41.2 41.2 12
      vertex -9.46315 41.2 12
    endloop
  endfacet
  facet normal 0 0 -1
    outer loop
      vertex -21.25 36.8061 12
      vertex -41.2 41.2 12
      vertex -13.1332 40.4199 12
    endloop
  endfacet
  facet normal 0 0 -1
    outer loop
      vertex -28.438 31.5837 12
      vertex -41.2 41.2 12
      vertex -21.25 36.8061 12
    endloop
  endfacet
  facet normal 0 0 -1
    outer loop
      vertex -34.3832 24.9809 12
      vertex -41.2 41.2 12
      vertex -28.438 31.5837 12
    endloop
  endfacet
  facet normal 0 0 -1
    outer loop
      vertex -38.8257 17.2863 12
      vertex -41.2 41.2 12
      vertex -34.3832 24.9809 12
    endloop
  endfacet
  facet normal 0 0 -1
    outer loop
      vertex -41.2 41.2 12
      vertex -38.8257 17.2863 12
      vertex -41.2 9.97891 12
    endloop
  endfacet
  facet normal 0 -0.413803 -0.910366
    outer loop
      vertex 9.46315 41.2 12
      vertex 52.2 52.2 7
      vertex 41.2 41.2 12
    endloop
  endfacet
  facet normal 9.02814e-07 -0.413806 -0.910365
    outer loop
      vertex 4.44246 42.2672 11.5149
      vertex 52.2 52.2 7
      vertex 9.46315 41.2 12
    endloop
  endfacet
  facet normal 0 -0.413802 -0.910367
    outer loop
      vertex -4.44246 42.2672 11.5149
      vertex 52.2 52.2 7
      vertex 4.44246 42.2672 11.5149
    endloop
  endfacet
  facet normal 0 -0.413803 -0.910366
    outer loop
      vertex -52.2 52.2 7
      vertex -9.46315 41.2 12
      vertex -41.2 41.2 12
    endloop
  endfacet
  facet normal -9.02814e-07 -0.413806 -0.910365
    outer loop
      vertex -9.46315 41.2 12
      vertex -52.2 52.2 7
      vertex -4.44246 42.2672 11.5149
    endloop
  endfacet
  facet normal 0 -0.413802 -0.910367
    outer loop
      vertex -4.44246 42.2672 11.5149
      vertex -52.2 52.2 7
      vertex 52.2 52.2 7
    endloop
  endfacet
  facet normal 0.413803 0 -0.910366
    outer loop
      vertex -52.2 -52.2 7
      vertex -41.2 -9.97891 12
      vertex -41.2 -41.2 12
    endloop
  endfacet
  facet normal 0.413834 -9.66885e-06 -0.910352
    outer loop
      vertex -41.2 -9.97891 12
      vertex -52.2 -52.2 7
      vertex -41.5713 -8.83625 11.8312
    endloop
  endfacet
  facet normal 0.413793 2.45025e-06 -0.910371
    outer loop
      vertex -41.5713 -8.83625 11.8312
      vertex -52.2 -52.2 7
      vertex -42.5 0 11.4091
    endloop
  endfacet
  facet normal 0.413834 9.66885e-06 -0.910352
    outer loop
      vertex -52.2 52.2 7
      vertex -41.2 9.97891 12
      vertex -41.5713 8.83625 11.8312
    endloop
  endfacet
  facet normal 0.413793 -2.45025e-06 -0.910371
    outer loop
      vertex -52.2 52.2 7
      vertex -41.5713 8.83625 11.8312
      vertex -42.5 0 11.4091
    endloop
  endfacet
  facet normal 0.413804 0 -0.910366
    outer loop
      vertex -52.2 52.2 7
      vertex -42.5 0 11.4091
      vertex -52.2 -52.2 7
    endloop
  endfacet
  facet normal 0.413803 0 -0.910366
    outer loop
      vertex -41.2 9.97891 12
      vertex -52.2 52.2 7
      vertex -41.2 41.2 12
    endloop
  endfacet
  facet normal -0.413804 0 -0.910366
    outer loop
      vertex 52.2 -52.2 7
      vertex 42.5 0 11.4091
      vertex 52.2 52.2 7
    endloop
  endfacet
  facet normal -0.413793 2.45025e-06 -0.910371
    outer loop
      vertex 52.2 -52.2 7
      vertex 41.5713 -8.83625 11.8312
      vertex 42.5 0 11.4091
    endloop
  endfacet
  facet normal -0.413803 -0 -0.910366
    outer loop
      vertex 41.2 -9.97891 12
      vertex 52.2 -52.2 7
      vertex 41.2 -41.2 12
    endloop
  endfacet
  facet normal -0.413834 -9.66885e-06 -0.910352
    outer loop
      vertex 52.2 -52.2 7
      vertex 41.2 -9.97891 12
      vertex 41.5713 -8.83625 11.8312
    endloop
  endfacet
  facet normal -0.413793 -2.45025e-06 -0.910371
    outer loop
      vertex 41.5713 8.83625 11.8312
      vertex 52.2 52.2 7
      vertex 42.5 0 11.4091
    endloop
  endfacet
  facet normal -0.413834 9.66885e-06 -0.910352
    outer loop
      vertex 41.2 9.97891 12
      vertex 52.2 52.2 7
      vertex 41.5713 8.83625 11.8312
    endloop
  endfacet
  facet normal -0.413803 0 -0.910366
    outer loop
      vertex 52.2 52.2 7
      vertex 41.2 9.97891 12
      vertex 41.2 41.2 12
    endloop
  endfacet
  facet normal 0.406734 0.913547 -0
    outer loop
      vertex -13.1332 -40.4199 12
      vertex -21.25 -36.8061 12.6
      vertex -13.1332 -40.4199 12.6
    endloop
  endfacet
  facet normal 0.406734 0.913547 0
    outer loop
      vertex -21.25 -36.8061 12.6
      vertex -13.1332 -40.4199 12
      vertex -21.25 -36.8061 12
    endloop
  endfacet
  facet normal -0.951057 -0.309015 0
    outer loop
      vertex 41.2 9.97891 12
      vertex 38.8257 17.2863 12.6
      vertex 38.8257 17.2863 12
    endloop
  endfacet
  facet normal -0.951056 -0.309018 4.05686e-05
    outer loop
      vertex 41.2 9.97891 12
      vertex 41.5713 8.83625 12.6
      vertex 38.8257 17.2863 12.6
    endloop
  endfacet
  facet normal -0.95105 -0.309038 -0
    outer loop
      vertex 41.5713 8.83625 12.6
      vertex 41.2 9.97891 12
      vertex 41.5713 8.83625 11.8312
    endloop
  endfacet
  facet normal -0.994522 -0.104525 -0
    outer loop
      vertex 42.5 0 12.6
      vertex 41.5713 8.83625 11.8312
      vertex 42.5 0 11.4091
    endloop
  endfacet
  facet normal -0.994522 -0.104525 0
    outer loop
      vertex 41.5713 8.83625 11.8312
      vertex 42.5 0 12.6
      vertex 41.5713 8.83625 12.6
    endloop
  endfacet
  facet normal -0.866024 -0.500002 0
    outer loop
      vertex 38.8257 17.2863 12
      vertex 34.3832 24.9809 12.6
      vertex 34.3832 24.9809 12
    endloop
  endfacet
  facet normal -0.866024 -0.500002 0
    outer loop
      vertex 34.3832 24.9809 12.6
      vertex 38.8257 17.2863 12
      vertex 38.8257 17.2863 12.6
    endloop
  endfacet
  facet normal 0.743144 0.669131 0
    outer loop
      vertex -28.438 -31.5837 12.6
      vertex -34.3832 -24.9809 12
      vertex -34.3832 -24.9809 12.6
    endloop
  endfacet
  facet normal 0.743144 0.669131 0
    outer loop
      vertex -34.3832 -24.9809 12
      vertex -28.438 -31.5837 12.6
      vertex -28.438 -31.5837 12
    endloop
  endfacet
  facet normal -0.994522 0.104525 0
    outer loop
      vertex 41.5713 -8.83625 11.8312
      vertex 42.5 0 12.6
      vertex 42.5 0 11.4091
    endloop
  endfacet
  facet normal -0.994522 0.104525 0
    outer loop
      vertex 42.5 0 12.6
      vertex 41.5713 -8.83625 11.8312
      vertex 41.5713 -8.83625 12.6
    endloop
  endfacet
  facet normal -0.866024 0.500002 0
    outer loop
      vertex 34.3832 -24.9809 12
      vertex 38.8257 -17.2863 12.6
      vertex 38.8257 -17.2863 12
    endloop
  endfacet
  facet normal -0.866024 0.500002 0
    outer loop
      vertex 38.8257 -17.2863 12.6
      vertex 34.3832 -24.9809 12
      vertex 34.3832 -24.9809 12.6
    endloop
  endfacet
  facet normal -0.406734 -0.913547 0
    outer loop
      vertex 13.1332 40.4199 12
      vertex 21.25 36.8061 12.6
      vertex 13.1332 40.4199 12.6
    endloop
  endfacet
  facet normal -0.406734 -0.913547 -0
    outer loop
      vertex 21.25 36.8061 12.6
      vertex 13.1332 40.4199 12
      vertex 21.25 36.8061 12
    endloop
  endfacet
  facet normal 0.95105 0.309038 0
    outer loop
      vertex -41.5713 -8.83625 12.6
      vertex -41.2 -9.97891 12
      vertex -41.5713 -8.83625 11.8312
    endloop
  endfacet
  facet normal 0.951056 0.309018 4.05686e-05
    outer loop
      vertex -38.8257 -17.2863 12.6
      vertex -41.2 -9.97891 12
      vertex -41.5713 -8.83625 12.6
    endloop
  endfacet
  facet normal 0.951057 0.309015 0
    outer loop
      vertex -41.2 -9.97891 12
      vertex -38.8257 -17.2863 12.6
      vertex -38.8257 -17.2863 12
    endloop
  endfacet
  facet normal 0.587786 -0.809016 0
    outer loop
      vertex -28.438 31.5837 12
      vertex -21.25 36.8061 12.6
      vertex -28.438 31.5837 12.6
    endloop
  endfacet
  facet normal 0.587786 -0.809016 0
    outer loop
      vertex -21.25 36.8061 12.6
      vertex -28.438 31.5837 12
      vertex -21.25 36.8061 12
    endloop
  endfacet
  facet normal -0.587786 -0.809016 0
    outer loop
      vertex 21.25 36.8061 12
      vertex 28.438 31.5837 12.6
      vertex 21.25 36.8061 12.6
    endloop
  endfacet
  facet normal -0.587786 -0.809016 -0
    outer loop
      vertex 28.438 31.5837 12.6
      vertex 21.25 36.8061 12
      vertex 28.438 31.5837 12
    endloop
  endfacet
  facet normal 0.994522 -0.104525 0
    outer loop
      vertex -42.5 0 12.6
      vertex -41.5713 8.83625 11.8312
      vertex -41.5713 8.83625 12.6
    endloop
  endfacet
  facet normal 0.994522 -0.104525 0
    outer loop
      vertex -41.5713 8.83625 11.8312
      vertex -42.5 0 12.6
      vertex -42.5 0 11.4091
    endloop
  endfacet
  facet normal -0.207913 0.978147 0
    outer loop
      vertex 9.46315 -41.2 12
      vertex 13.1332 -40.4199 12.6
      vertex 13.1332 -40.4199 12
    endloop
  endfacet
  facet normal -0.207915 0.978147 6.95768e-06
    outer loop
      vertex 13.1332 -40.4199 12.6
      vertex 9.46315 -41.2 12
      vertex 4.44246 -42.2672 12.6
    endloop
  endfacet
  facet normal -0.207915 0.978147 0
    outer loop
      vertex 4.44246 -42.2672 12.6
      vertex 9.46315 -41.2 12
      vertex 4.44246 -42.2672 11.5149
    endloop
  endfacet
  facet normal 0.994522 0.104525 -0
    outer loop
      vertex -41.5713 -8.83625 11.8312
      vertex -42.5 0 12.6
      vertex -41.5713 -8.83625 12.6
    endloop
  endfacet
  facet normal 0.994522 0.104525 0
    outer loop
      vertex -42.5 0 12.6
      vertex -41.5713 -8.83625 11.8312
      vertex -42.5 0 11.4091
    endloop
  endfacet
  facet normal -0.743144 0.669131 0
    outer loop
      vertex 28.438 -31.5837 12
      vertex 34.3832 -24.9809 12.6
      vertex 34.3832 -24.9809 12
    endloop
  endfacet
  facet normal -0.743144 0.669131 0
    outer loop
      vertex 34.3832 -24.9809 12.6
      vertex 28.438 -31.5837 12
      vertex 28.438 -31.5837 12.6
    endloop
  endfacet
  facet normal 0.951057 -0.309015 0
    outer loop
      vertex -38.8257 17.2863 12.6
      vertex -41.2 9.97891 12
      vertex -38.8257 17.2863 12
    endloop
  endfacet
  facet normal 0.951056 -0.309018 4.05686e-05
    outer loop
      vertex -41.5713 8.83625 12.6
      vertex -41.2 9.97891 12
      vertex -38.8257 17.2863 12.6
    endloop
  endfacet
  facet normal 0.95105 -0.309038 0
    outer loop
      vertex -41.2 9.97891 12
      vertex -41.5713 8.83625 12.6
      vertex -41.5713 8.83625 11.8312
    endloop
  endfacet
  facet normal 0.207913 -0.978147 0
    outer loop
      vertex -9.46315 41.2 12
      vertex -13.1332 40.4199 12.6
      vertex -13.1332 40.4199 12
    endloop
  endfacet
  facet normal 0.207915 -0.978147 6.95768e-06
    outer loop
      vertex -13.1332 40.4199 12.6
      vertex -9.46315 41.2 12
      vertex -4.44246 42.2672 12.6
    endloop
  endfacet
  facet normal 0.207915 -0.978147 0
    outer loop
      vertex -4.44246 42.2672 12.6
      vertex -9.46315 41.2 12
      vertex -4.44246 42.2672 11.5149
    endloop
  endfacet
  facet normal -0.207915 -0.978147 6.95768e-06
    outer loop
      vertex 4.44246 42.2672 12.6
      vertex 9.46315 41.2 12
      vertex 13.1332 40.4199 12.6
    endloop
  endfacet
  facet normal -0.207915 -0.978147 0
    outer loop
      vertex 9.46315 41.2 12
      vertex 4.44246 42.2672 12.6
      vertex 4.44246 42.2672 11.5149
    endloop
  endfacet
  facet normal -0.207913 -0.978147 -0
    outer loop
      vertex 13.1332 40.4199 12.6
      vertex 9.46315 41.2 12
      vertex 13.1332 40.4199 12
    endloop
  endfacet
  facet normal 0.406734 -0.913547 0
    outer loop
      vertex -21.25 36.8061 12
      vertex -13.1332 40.4199 12.6
      vertex -21.25 36.8061 12.6
    endloop
  endfacet
  facet normal 0.406734 -0.913547 0
    outer loop
      vertex -13.1332 40.4199 12.6
      vertex -21.25 36.8061 12
      vertex -13.1332 40.4199 12
    endloop
  endfacet
  facet normal -0.406734 0.913547 0
    outer loop
      vertex 21.25 -36.8061 12
      vertex 13.1332 -40.4199 12.6
      vertex 21.25 -36.8061 12.6
    endloop
  endfacet
  facet normal -0.406734 0.913547 0
    outer loop
      vertex 13.1332 -40.4199 12.6
      vertex 21.25 -36.8061 12
      vertex 13.1332 -40.4199 12
    endloop
  endfacet
  facet normal -0.95105 0.309038 0
    outer loop
      vertex 41.2 -9.97891 12
      vertex 41.5713 -8.83625 12.6
      vertex 41.5713 -8.83625 11.8312
    endloop
  endfacet
  facet normal -0.951057 0.309015 0
    outer loop
      vertex 38.8257 -17.2863 12.6
      vertex 41.2 -9.97891 12
      vertex 38.8257 -17.2863 12
    endloop
  endfacet
  facet normal -0.951056 0.309018 4.05686e-05
    outer loop
      vertex 41.2 -9.97891 12
      vertex 38.8257 -17.2863 12.6
      vertex 41.5713 -8.83625 12.6
    endloop
  endfacet
  facet normal 0.743144 -0.669131 0
    outer loop
      vertex -34.3832 24.9809 12.6
      vertex -28.438 31.5837 12
      vertex -28.438 31.5837 12.6
    endloop
  endfacet
  facet normal 0.743144 -0.669131 0
    outer loop
      vertex -28.438 31.5837 12
      vertex -34.3832 24.9809 12.6
      vertex -34.3832 24.9809 12
    endloop
  endfacet
  facet normal 0.207915 0.978147 6.95768e-06
    outer loop
      vertex -4.44246 -42.2672 12.6
      vertex -9.46315 -41.2 12
      vertex -13.1332 -40.4199 12.6
    endloop
  endfacet
  facet normal 0.207915 0.978147 0
    outer loop
      vertex -9.46315 -41.2 12
      vertex -4.44246 -42.2672 12.6
      vertex -4.44246 -42.2672 11.5149
    endloop
  endfacet
  facet normal 0.207913 0.978147 0
    outer loop
      vertex -13.1332 -40.4199 12.6
      vertex -9.46315 -41.2 12
      vertex -13.1332 -40.4199 12
    endloop
  endfacet
  facet normal 0.866024 0.500002 0
    outer loop
      vertex -34.3832 -24.9809 12.6
      vertex -38.8257 -17.2863 12
      vertex -38.8257 -17.2863 12.6
    endloop
  endfacet
  facet normal 0.866024 0.500002 0
    outer loop
      vertex -38.8257 -17.2863 12
      vertex -34.3832 -24.9809 12.6
      vertex -34.3832 -24.9809 12
    endloop
  endfacet
  facet normal -0.743144 -0.669131 0
    outer loop
      vertex 34.3832 24.9809 12
      vertex 28.438 31.5837 12.6
      vertex 28.438 31.5837 12
    endloop
  endfacet
  facet normal -0.743144 -0.669131 0
    outer loop
      vertex 28.438 31.5837 12.6
      vertex 34.3832 24.9809 12
      vertex 34.3832 24.9809 12.6
    endloop
  endfacet
  facet normal 0.866024 -0.500002 0
    outer loop
      vertex -38.8257 17.2863 12.6
      vertex -34.3832 24.9809 12
      vertex -34.3832 24.9809 12.6
    endloop
  endfacet
  facet normal 0.866024 -0.500002 0
    outer loop
      vertex -34.3832 24.9809 12
      vertex -38.8257 17.2863 12.6
      vertex -38.8257 17.2863 12
    endloop
  endfacet
  facet normal 0 1 -0
    outer loop
      vertex 4.44246 -42.2672 11.5149
      vertex -4.44246 -42.2672 12.6
      vertex 4.44246 -42.2672 12.6
    endloop
  endfacet
  facet normal 0 1 0
    outer loop
      vertex -4.44246 -42.2672 12.6
      vertex 4.44246 -42.2672 11.5149
      vertex -4.44246 -42.2672 11.5149
    endloop
  endfacet
  facet normal -0.587786 0.809016 0
    outer loop
      vertex 28.438 -31.5837 12
      vertex 21.25 -36.8061 12.6
      vertex 28.438 -31.5837 12.6
    endloop
  endfacet
  facet normal -0.587786 0.809016 0
    outer loop
      vertex 21.25 -36.8061 12.6
      vertex 28.438 -31.5837 12
      vertex 21.25 -36.8061 12
    endloop
  endfacet
  facet normal 0 -1 0
    outer loop
      vertex -4.44246 42.2672 11.5149
      vertex 4.44246 42.2672 12.6
      vertex -4.44246 42.2672 12.6
    endloop
  endfacet
  facet normal 0 -1 -0
    outer loop
      vertex 4.44246 42.2672 12.6
      vertex -4.44246 42.2672 11.5149
      vertex 4.44246 42.2672 11.5149
    endloop
  endfacet
  facet normal 0.587786 0.809016 -0
    outer loop
      vertex -21.25 -36.8061 12
      vertex -28.438 -31.5837 12.6
      vertex -21.25 -36.8061 12.6
    endloop
  endfacet
  facet normal 0.587786 0.809016 0
    outer loop
      vertex -28.438 -31.5837 12.6
      vertex -21.25 -36.8061 12
      vertex -28.438 -31.5837 12
    endloop
  endfacet
  facet normal -1 0 0
    outer loop
      vertex 48.5 -48.5 13.8
      vertex 48.5 48.5 16
      vertex 48.5 48.5 13.8
    endloop
  endfacet
  facet normal -1 -0 0
    outer loop
      vertex 48.5 48.5 16
      vertex 48.5 -48.5 13.8
      vertex 48.5 -48.5 16
    endloop
  endfacet
  facet normal 0 0 1
    outer loop
      vertex 48.5 48.5 13.8
      vertex 44.5 0 13.8
      vertex 48.5 -48.5 13.8
    endloop
  endfacet
  facet normal 0 0 1
    outer loop
      vertex 48.5 48.5 13.8
      vertex 43.5276 9.25207 13.8
      vertex 44.5 0 13.8
    endloop
  endfacet
  facet normal 0 0 1
    outer loop
      vertex 48.5 48.5 13.8
      vertex 40.6528 18.0998 13.8
      vertex 43.5276 9.25207 13.8
    endloop
  endfacet
  facet normal 0 0 1
    outer loop
      vertex 48.5 48.5 13.8
      vertex 36.0013 26.1564 13.8
      vertex 40.6528 18.0998 13.8
    endloop
  endfacet
  facet normal 0 0 1
    outer loop
      vertex 48.5 48.5 13.8
      vertex 29.7763 33.0699 13.8
      vertex 36.0013 26.1564 13.8
    endloop
  endfacet
  facet normal 0 0 1
    outer loop
      vertex 48.5 48.5 13.8
      vertex 22.25 38.5381 13.8
      vertex 29.7763 33.0699 13.8
    endloop
  endfacet
  facet normal 0 0 1
    outer loop
      vertex 48.5 48.5 13.8
      vertex 13.7513 42.322 13.8
      vertex 22.25 38.5381 13.8
    endloop
  endfacet
  facet normal 0 0 1
    outer loop
      vertex 48.5 48.5 13.8
      vertex 4.65152 44.2562 13.8
      vertex 13.7513 42.322 13.8
    endloop
  endfacet
  facet normal 0 0 1
    outer loop
      vertex 48.5 48.5 13.8
      vertex -4.65152 44.2562 13.8
      vertex 4.65152 44.2562 13.8
    endloop
  endfacet
  facet normal 0 0 1
    outer loop
      vertex -43.5276 9.25207 13.8
      vertex -51.5 48.5 13.8
      vertex -44.5 0 13.8
    endloop
  endfacet
  facet normal 0 0 1
    outer loop
      vertex -40.6528 18.0998 13.8
      vertex -51.5 48.5 13.8
      vertex -43.5276 9.25207 13.8
    endloop
  endfacet
  facet normal 0 0 1
    outer loop
      vertex -36.0013 26.1564 13.8
      vertex -51.5 48.5 13.8
      vertex -40.6528 18.0998 13.8
    endloop
  endfacet
  facet normal 0 0 1
    outer loop
      vertex -29.7763 33.0699 13.8
      vertex -51.5 48.5 13.8
      vertex -36.0013 26.1564 13.8
    endloop
  endfacet
  facet normal 0 0 1
    outer loop
      vertex -22.25 38.5381 13.8
      vertex -51.5 48.5 13.8
      vertex -29.7763 33.0699 13.8
    endloop
  endfacet
  facet normal 0 0 1
    outer loop
      vertex -13.7513 42.322 13.8
      vertex -51.5 48.5 13.8
      vertex -22.25 38.5381 13.8
    endloop
  endfacet
  facet normal 0 0 1
    outer loop
      vertex -4.65152 44.2562 13.8
      vertex -51.5 48.5 13.8
      vertex -13.7513 42.322 13.8
    endloop
  endfacet
  facet normal -0 0 1
    outer loop
      vertex -51.5 48.5 13.8
      vertex -4.65152 44.2562 13.8
      vertex 48.5 48.5 13.8
    endloop
  endfacet
  facet normal -0 0 1
    outer loop
      vertex 43.5276 -9.25207 13.8
      vertex 48.5 -48.5 13.8
      vertex 44.5 0 13.8
    endloop
  endfacet
  facet normal -0 0 1
    outer loop
      vertex 40.6528 -18.0998 13.8
      vertex 48.5 -48.5 13.8
      vertex 43.5276 -9.25207 13.8
    endloop
  endfacet
  facet normal -0 0 1
    outer loop
      vertex 36.0013 -26.1564 13.8
      vertex 48.5 -48.5 13.8
      vertex 40.6528 -18.0998 13.8
    endloop
  endfacet
  facet normal -0 0 1
    outer loop
      vertex 29.7763 -33.0699 13.8
      vertex 48.5 -48.5 13.8
      vertex 36.0013 -26.1564 13.8
    endloop
  endfacet
  facet normal -0 0 1
    outer loop
      vertex 22.25 -38.5381 13.8
      vertex 48.5 -48.5 13.8
      vertex 29.7763 -33.0699 13.8
    endloop
  endfacet
  facet normal -0 0 1
    outer loop
      vertex 13.7513 -42.322 13.8
      vertex 48.5 -48.5 13.8
      vertex 22.25 -38.5381 13.8
    endloop
  endfacet
  facet normal -0 0 1
    outer loop
      vertex 4.65152 -44.2562 13.8
      vertex 48.5 -48.5 13.8
      vertex 13.7513 -42.322 13.8
    endloop
  endfacet
  facet normal -0 0 1
    outer loop
      vertex -4.65152 -44.2562 13.8
      vertex 48.5 -48.5 13.8
      vertex 4.65152 -44.2562 13.8
    endloop
  endfacet
  facet normal 0 0 1
    outer loop
      vertex -51.5 -48.5 13.8
      vertex -44.5 0 13.8
      vertex -51.5 48.5 13.8
    endloop
  endfacet
  facet normal 0 0 1
    outer loop
      vertex -4.65152 -44.2562 13.8
      vertex -51.5 -48.5 13.8
      vertex 48.5 -48.5 13.8
    endloop
  endfacet
  facet normal 0 0 1
    outer loop
      vertex -13.7513 -42.322 13.8
      vertex -51.5 -48.5 13.8
      vertex -4.65152 -44.2562 13.8
    endloop
  endfacet
  facet normal 0 0 1
    outer loop
      vertex -22.25 -38.5381 13.8
      vertex -51.5 -48.5 13.8
      vertex -13.7513 -42.322 13.8
    endloop
  endfacet
  facet normal 0 0 1
    outer loop
      vertex -29.7763 -33.0699 13.8
      vertex -51.5 -48.5 13.8
      vertex -22.25 -38.5381 13.8
    endloop
  endfacet
  facet normal 0 0 1
    outer loop
      vertex -36.0013 -26.1564 13.8
      vertex -51.5 -48.5 13.8
      vertex -29.7763 -33.0699 13.8
    endloop
  endfacet
  facet normal 0 0 1
    outer loop
      vertex -40.6528 -18.0998 13.8
      vertex -51.5 -48.5 13.8
      vertex -36.0013 -26.1564 13.8
    endloop
  endfacet
  facet normal 0 0 1
    outer loop
      vertex -43.5276 -9.25207 13.8
      vertex -51.5 -48.5 13.8
      vertex -40.6528 -18.0998 13.8
    endloop
  endfacet
  facet normal 0 0 1
    outer loop
      vertex -44.5 0 13.8
      vertex -51.5 -48.5 13.8
      vertex -43.5276 -9.25207 13.8
    endloop
  endfacet
  facet normal 1 -0 0
    outer loop
      vertex -51.5 -48.5 16
      vertex -51.5 48.5 13.8
      vertex -51.5 48.5 16
    endloop
  endfacet
  facet normal 1 0 0
    outer loop
      vertex -51.5 48.5 13.8
      vertex -51.5 -48.5 16
      vertex -51.5 -48.5 13.8
    endloop
  endfacet
  facet normal 0 -1 0
    outer loop
      vertex -51.5 48.5 13.8
      vertex 48.5 48.5 16
      vertex -51.5 48.5 16
    endloop
  endfacet
  facet normal 0 -1 -0
    outer loop
      vertex 48.5 48.5 16
      vertex -51.5 48.5 13.8
      vertex 48.5 48.5 13.8
    endloop
  endfacet
  facet normal 0 1 -0
    outer loop
      vertex 48.5 -48.5 13.8
      vertex -51.5 -48.5 16
      vertex 48.5 -48.5 16
    endloop
  endfacet
  facet normal 0 1 0
    outer loop
      vertex -51.5 -48.5 16
      vertex 48.5 -48.5 13.8
      vertex -51.5 -48.5 13.8
    endloop
  endfacet
  facet normal -0.951057 -0.309017 0
    outer loop
      vertex 43.5276 9.25207 12.6
      vertex 40.6528 18.0998 13.8
      vertex 40.6528 18.0998 12.6
    endloop
  endfacet
  facet normal -0.951057 -0.309017 0
    outer loop
      vertex 40.6528 18.0998 13.8
      vertex 43.5276 9.25207 12.6
      vertex 43.5276 9.25207 13.8
    endloop
  endfacet
  facet normal -0.994522 -0.104525 0
    outer loop
      vertex 44.5 0 12.6
      vertex 43.5276 9.25207 13.8
      vertex 43.5276 9.25207 12.6
    endloop
  endfacet
  facet normal -0.994522 -0.104525 0
    outer loop
      vertex 43.5276 9.25207 13.8
      vertex 44.5 0 12.6
      vertex 44.5 0 13.8
    endloop
  endfacet
  facet normal -0.866024 -0.500002 0
    outer loop
      vertex 40.6528 18.0998 12.6
      vertex 36.0013 26.1564 13.8
      vertex 36.0013 26.1564 12.6
    endloop
  endfacet
  facet normal -0.866024 -0.500002 0
    outer loop
      vertex 36.0013 26.1564 13.8
      vertex 40.6528 18.0998 12.6
      vertex 40.6528 18.0998 13.8
    endloop
  endfacet
  facet normal -0.951057 0.309017 0
    outer loop
      vertex 40.6528 -18.0998 12.6
      vertex 43.5276 -9.25207 13.8
      vertex 43.5276 -9.25207 12.6
    endloop
  endfacet
  facet normal -0.951057 0.309017 0
    outer loop
      vertex 43.5276 -9.25207 13.8
      vertex 40.6528 -18.0998 12.6
      vertex 40.6528 -18.0998 13.8
    endloop
  endfacet
  facet normal -0.994522 0.104525 0
    outer loop
      vertex 43.5276 -9.25207 12.6
      vertex 44.5 0 13.8
      vertex 44.5 0 12.6
    endloop
  endfacet
  facet normal -0.994522 0.104525 0
    outer loop
      vertex 44.5 0 13.8
      vertex 43.5276 -9.25207 12.6
      vertex 43.5276 -9.25207 13.8
    endloop
  endfacet
  facet normal -0.743142 -0.669134 0
    outer loop
      vertex 36.0013 26.1564 12.6
      vertex 29.7763 33.0699 13.8
      vertex 29.7763 33.0699 12.6
    endloop
  endfacet
  facet normal -0.743142 -0.669134 0
    outer loop
      vertex 29.7763 33.0699 13.8
      vertex 36.0013 26.1564 12.6
      vertex 36.0013 26.1564 13.8
    endloop
  endfacet
  facet normal 0.951057 0.309017 0
    outer loop
      vertex -40.6528 -18.0998 13.8
      vertex -43.5276 -9.25207 12.6
      vertex -43.5276 -9.25207 13.8
    endloop
  endfacet
  facet normal 0.951057 0.309017 0
    outer loop
      vertex -43.5276 -9.25207 12.6
      vertex -40.6528 -18.0998 13.8
      vertex -40.6528 -18.0998 12.6
    endloop
  endfacet
  facet normal 0.743142 -0.669134 0
    outer loop
      vertex -36.0013 26.1564 13.8
      vertex -29.7763 33.0699 12.6
      vertex -29.7763 33.0699 13.8
    endloop
  endfacet
  facet normal 0.743142 -0.669134 0
    outer loop
      vertex -29.7763 33.0699 12.6
      vertex -36.0013 26.1564 13.8
      vertex -36.0013 26.1564 12.6
    endloop
  endfacet
  facet normal 0.951057 -0.309017 0
    outer loop
      vertex -43.5276 9.25207 13.8
      vertex -40.6528 18.0998 12.6
      vertex -40.6528 18.0998 13.8
    endloop
  endfacet
  facet normal 0.951057 -0.309017 0
    outer loop
      vertex -40.6528 18.0998 12.6
      vertex -43.5276 9.25207 13.8
      vertex -43.5276 9.25207 12.6
    endloop
  endfacet
  facet normal -0.587787 0.809016 0
    outer loop
      vertex 29.7763 -33.0699 12.6
      vertex 22.25 -38.5381 13.8
      vertex 29.7763 -33.0699 13.8
    endloop
  endfacet
  facet normal -0.587787 0.809016 0
    outer loop
      vertex 22.25 -38.5381 13.8
      vertex 29.7763 -33.0699 12.6
      vertex 22.25 -38.5381 12.6
    endloop
  endfacet
  facet normal 0.587787 -0.809016 0
    outer loop
      vertex -29.7763 33.0699 12.6
      vertex -22.25 38.5381 13.8
      vertex -29.7763 33.0699 13.8
    endloop
  endfacet
  facet normal 0.587787 -0.809016 0
    outer loop
      vertex -22.25 38.5381 13.8
      vertex -29.7763 33.0699 12.6
      vertex -22.25 38.5381 12.6
    endloop
  endfacet
  facet normal 0.866024 -0.500002 0
    outer loop
      vertex -40.6528 18.0998 13.8
      vertex -36.0013 26.1564 12.6
      vertex -36.0013 26.1564 13.8
    endloop
  endfacet
  facet normal 0.866024 -0.500002 0
    outer loop
      vertex -36.0013 26.1564 12.6
      vertex -40.6528 18.0998 13.8
      vertex -40.6528 18.0998 12.6
    endloop
  endfacet
  facet normal -0.866024 0.500002 0
    outer loop
      vertex 36.0013 -26.1564 12.6
      vertex 40.6528 -18.0998 13.8
      vertex 40.6528 -18.0998 12.6
    endloop
  endfacet
  facet normal -0.866024 0.500002 0
    outer loop
      vertex 40.6528 -18.0998 13.8
      vertex 36.0013 -26.1564 12.6
      vertex 36.0013 -26.1564 13.8
    endloop
  endfacet
  facet normal 0 -1 0
    outer loop
      vertex -4.65152 44.2562 12.6
      vertex 4.65152 44.2562 13.8
      vertex -4.65152 44.2562 13.8
    endloop
  endfacet
  facet normal 0 -1 -0
    outer loop
      vertex 4.65152 44.2562 13.8
      vertex -4.65152 44.2562 12.6
      vertex 4.65152 44.2562 12.6
    endloop
  endfacet
  facet normal 0.40674 -0.913544 0
    outer loop
      vertex -22.25 38.5381 12.6
      vertex -13.7513 42.322 13.8
      vertex -22.25 38.5381 13.8
    endloop
  endfacet
  facet normal 0.40674 -0.913544 0
    outer loop
      vertex -13.7513 42.322 13.8
      vertex -22.25 38.5381 12.6
      vertex -13.7513 42.322 12.6
    endloop
  endfacet
  facet normal 0.20791 0.978148 -0
    outer loop
      vertex -4.65152 -44.2562 12.6
      vertex -13.7513 -42.322 13.8
      vertex -4.65152 -44.2562 13.8
    endloop
  endfacet
  facet normal 0.20791 0.978148 0
    outer loop
      vertex -13.7513 -42.322 13.8
      vertex -4.65152 -44.2562 12.6
      vertex -13.7513 -42.322 12.6
    endloop
  endfacet
  facet normal 0.40674 0.913544 -0
    outer loop
      vertex -13.7513 -42.322 12.6
      vertex -22.25 -38.5381 13.8
      vertex -13.7513 -42.322 13.8
    endloop
  endfacet
  facet normal 0.40674 0.913544 0
    outer loop
      vertex -22.25 -38.5381 13.8
      vertex -13.7513 -42.322 12.6
      vertex -22.25 -38.5381 12.6
    endloop
  endfacet
  facet normal 0.20791 -0.978148 0
    outer loop
      vertex -13.7513 42.322 12.6
      vertex -4.65152 44.2562 13.8
      vertex -13.7513 42.322 13.8
    endloop
  endfacet
  facet normal 0.20791 -0.978148 0
    outer loop
      vertex -4.65152 44.2562 13.8
      vertex -13.7513 42.322 12.6
      vertex -4.65152 44.2562 12.6
    endloop
  endfacet
  facet normal -0.20791 0.978148 0
    outer loop
      vertex 13.7513 -42.322 12.6
      vertex 4.65152 -44.2562 13.8
      vertex 13.7513 -42.322 13.8
    endloop
  endfacet
  facet normal -0.20791 0.978148 0
    outer loop
      vertex 4.65152 -44.2562 13.8
      vertex 13.7513 -42.322 12.6
      vertex 4.65152 -44.2562 12.6
    endloop
  endfacet
  facet normal -0.743142 0.669134 0
    outer loop
      vertex 29.7763 -33.0699 12.6
      vertex 36.0013 -26.1564 13.8
      vertex 36.0013 -26.1564 12.6
    endloop
  endfacet
  facet normal -0.743142 0.669134 0
    outer loop
      vertex 36.0013 -26.1564 13.8
      vertex 29.7763 -33.0699 12.6
      vertex 29.7763 -33.0699 13.8
    endloop
  endfacet
  facet normal -0.40674 0.913544 0
    outer loop
      vertex 22.25 -38.5381 12.6
      vertex 13.7513 -42.322 13.8
      vertex 22.25 -38.5381 13.8
    endloop
  endfacet
  facet normal -0.40674 0.913544 0
    outer loop
      vertex 13.7513 -42.322 13.8
      vertex 22.25 -38.5381 12.6
      vertex 13.7513 -42.322 12.6
    endloop
  endfacet
  facet normal 0.587787 0.809016 -0
    outer loop
      vertex -22.25 -38.5381 12.6
      vertex -29.7763 -33.0699 13.8
      vertex -22.25 -38.5381 13.8
    endloop
  endfacet
  facet normal 0.587787 0.809016 0
    outer loop
      vertex -29.7763 -33.0699 13.8
      vertex -22.25 -38.5381 12.6
      vertex -29.7763 -33.0699 12.6
    endloop
  endfacet
  facet normal -0.587787 -0.809016 0
    outer loop
      vertex 22.25 38.5381 12.6
      vertex 29.7763 33.0699 13.8
      vertex 22.25 38.5381 13.8
    endloop
  endfacet
  facet normal -0.587787 -0.809016 -0
    outer loop
      vertex 29.7763 33.0699 13.8
      vertex 22.25 38.5381 12.6
      vertex 29.7763 33.0699 12.6
    endloop
  endfacet
  facet normal 0.994522 -0.104525 0
    outer loop
      vertex -44.5 0 13.8
      vertex -43.5276 9.25207 12.6
      vertex -43.5276 9.25207 13.8
    endloop
  endfacet
  facet normal 0.994522 -0.104525 0
    outer loop
      vertex -43.5276 9.25207 12.6
      vertex -44.5 0 13.8
      vertex -44.5 0 12.6
    endloop
  endfacet
  facet normal -0.20791 -0.978148 0
    outer loop
      vertex 4.65152 44.2562 12.6
      vertex 13.7513 42.322 13.8
      vertex 4.65152 44.2562 13.8
    endloop
  endfacet
  facet normal -0.20791 -0.978148 -0
    outer loop
      vertex 13.7513 42.322 13.8
      vertex 4.65152 44.2562 12.6
      vertex 13.7513 42.322 12.6
    endloop
  endfacet
  facet normal 0.866024 0.500002 0
    outer loop
      vertex -36.0013 -26.1564 13.8
      vertex -40.6528 -18.0998 12.6
      vertex -40.6528 -18.0998 13.8
    endloop
  endfacet
  facet normal 0.866024 0.500002 0
    outer loop
      vertex -40.6528 -18.0998 12.6
      vertex -36.0013 -26.1564 13.8
      vertex -36.0013 -26.1564 12.6
    endloop
  endfacet
  facet normal -0.40674 -0.913544 0
    outer loop
      vertex 13.7513 42.322 12.6
      vertex 22.25 38.5381 13.8
      vertex 13.7513 42.322 13.8
    endloop
  endfacet
  facet normal -0.40674 -0.913544 -0
    outer loop
      vertex 22.25 38.5381 13.8
      vertex 13.7513 42.322 12.6
      vertex 22.25 38.5381 12.6
    endloop
  endfacet
  facet normal 0 1 -0
    outer loop
      vertex 4.65152 -44.2562 12.6
      vertex -4.65152 -44.2562 13.8
      vertex 4.65152 -44.2562 13.8
    endloop
  endfacet
  facet normal 0 1 0
    outer loop
      vertex -4.65152 -44.2562 13.8
      vertex 4.65152 -44.2562 12.6
      vertex -4.65152 -44.2562 12.6
    endloop
  endfacet
  facet normal 0.994522 0.104525 0
    outer loop
      vertex -43.5276 -9.25207 13.8
      vertex -44.5 0 12.6
      vertex -44.5 0 13.8
    endloop
  endfacet
  facet normal 0.994522 0.104525 0
    outer loop
      vertex -44.5 0 12.6
      vertex -43.5276 -9.25207 13.8
      vertex -43.5276 -9.25207 12.6
    endloop
  endfacet
  facet normal 0.743142 0.669134 0
    outer loop
      vertex -29.7763 -33.0699 13.8
      vertex -36.0013 -26.1564 12.6
      vertex -36.0013 -26.1564 13.8
    endloop
  endfacet
  facet normal 0.743142 0.669134 0
    outer loop
      vertex -36.0013 -26.1564 12.6
      vertex -29.7763 -33.0699 13.8
      vertex -29.7763 -33.0699 12.6
    endloop
  endfacet
  facet normal 0 0 1
    outer loop
      vertex 42.5 0 12.6
      vertex 44.5 0 12.6
      vertex 43.5276 9.25207 12.6
    endloop
  endfacet
  facet normal 0 0 1
    outer loop
      vertex 44.5 0 12.6
      vertex 42.5 0 12.6
      vertex 43.5276 -9.25207 12.6
    endloop
  endfacet
  facet normal 0 0 1
    outer loop
      vertex 43.5276 9.25207 12.6
      vertex 41.5713 8.83625 12.6
      vertex 42.5 0 12.6
    endloop
  endfacet
  facet normal 0 0 1
    outer loop
      vertex 40.6528 18.0998 12.6
      vertex 41.5713 8.83625 12.6
      vertex 43.5276 9.25207 12.6
    endloop
  endfacet
  facet normal 0 0 1
    outer loop
      vertex 40.6528 18.0998 12.6
      vertex 38.8257 17.2863 12.6
      vertex 41.5713 8.83625 12.6
    endloop
  endfacet
  facet normal 0 0 1
    outer loop
      vertex 36.0013 26.1564 12.6
      vertex 38.8257 17.2863 12.6
      vertex 40.6528 18.0998 12.6
    endloop
  endfacet
  facet normal 0 0 1
    outer loop
      vertex 36.0013 26.1564 12.6
      vertex 34.3832 24.9809 12.6
      vertex 38.8257 17.2863 12.6
    endloop
  endfacet
  facet normal 0 0 1
    outer loop
      vertex 29.7763 33.0699 12.6
      vertex 34.3832 24.9809 12.6
      vertex 36.0013 26.1564 12.6
    endloop
  endfacet
  facet normal 0 0 1
    outer loop
      vertex 29.7763 33.0699 12.6
      vertex 28.438 31.5837 12.6
      vertex 34.3832 24.9809 12.6
    endloop
  endfacet
  facet normal 0 0 1
    outer loop
      vertex 22.25 38.5381 12.6
      vertex 28.438 31.5837 12.6
      vertex 29.7763 33.0699 12.6
    endloop
  endfacet
  facet normal 0 0 1
    outer loop
      vertex 22.25 38.5381 12.6
      vertex 21.25 36.8061 12.6
      vertex 28.438 31.5837 12.6
    endloop
  endfacet
  facet normal 0 0 1
    outer loop
      vertex 13.7513 42.322 12.6
      vertex 21.25 36.8061 12.6
      vertex 22.25 38.5381 12.6
    endloop
  endfacet
  facet normal 0 0 1
    outer loop
      vertex 13.7513 42.322 12.6
      vertex 13.1332 40.4199 12.6
      vertex 21.25 36.8061 12.6
    endloop
  endfacet
  facet normal 0 0 1
    outer loop
      vertex 4.65152 44.2562 12.6
      vertex 13.1332 40.4199 12.6
      vertex 13.7513 42.322 12.6
    endloop
  endfacet
  facet normal 0 0 1
    outer loop
      vertex 4.65152 44.2562 12.6
      vertex 4.44246 42.2672 12.6
      vertex 13.1332 40.4199 12.6
    endloop
  endfacet
  facet normal 0 0 1
    outer loop
      vertex 4.65152 44.2562 12.6
      vertex -4.44246 42.2672 12.6
      vertex 4.44246 42.2672 12.6
    endloop
  endfacet
  facet normal -0 0 1
    outer loop
      vertex -4.65152 44.2562 12.6
      vertex -4.44246 42.2672 12.6
      vertex 4.65152 44.2562 12.6
    endloop
  endfacet
  facet normal 0 0 1
    outer loop
      vertex -4.65152 44.2562 12.6
      vertex -13.1332 40.4199 12.6
      vertex -4.44246 42.2672 12.6
    endloop
  endfacet
  facet normal -0 0 1
    outer loop
      vertex -13.7513 42.322 12.6
      vertex -13.1332 40.4199 12.6
      vertex -4.65152 44.2562 12.6
    endloop
  endfacet
  facet normal 0 0 1
    outer loop
      vertex -13.7513 42.322 12.6
      vertex -21.25 36.8061 12.6
      vertex -13.1332 40.4199 12.6
    endloop
  endfacet
  facet normal -0 0 1
    outer loop
      vertex -22.25 38.5381 12.6
      vertex -21.25 36.8061 12.6
      vertex -13.7513 42.322 12.6
    endloop
  endfacet
  facet normal 0 0 1
    outer loop
      vertex -22.25 38.5381 12.6
      vertex -28.438 31.5837 12.6
      vertex -21.25 36.8061 12.6
    endloop
  endfacet
  facet normal -0 0 1
    outer loop
      vertex -29.7763 33.0699 12.6
      vertex -28.438 31.5837 12.6
      vertex -22.25 38.5381 12.6
    endloop
  endfacet
  facet normal 0 0 1
    outer loop
      vertex -29.7763 33.0699 12.6
      vertex -34.3832 24.9809 12.6
      vertex -28.438 31.5837 12.6
    endloop
  endfacet
  facet normal -0 0 1
    outer loop
      vertex -36.0013 26.1564 12.6
      vertex -34.3832 24.9809 12.6
      vertex -29.7763 33.0699 12.6
    endloop
  endfacet
  facet normal 0 0 1
    outer loop
      vertex -36.0013 26.1564 12.6
      vertex -38.8257 17.2863 12.6
      vertex -34.3832 24.9809 12.6
    endloop
  endfacet
  facet normal -0 0 1
    outer loop
      vertex -40.6528 18.0998 12.6
      vertex -38.8257 17.2863 12.6
      vertex -36.0013 26.1564 12.6
    endloop
  endfacet
  facet normal 0 0 1
    outer loop
      vertex -40.6528 18.0998 12.6
      vertex -41.5713 8.83625 12.6
      vertex -38.8257 17.2863 12.6
    endloop
  endfacet
  facet normal -0 0 1
    outer loop
      vertex -43.5276 9.25207 12.6
      vertex -41.5713 8.83625 12.6
      vertex -40.6528 18.0998 12.6
    endloop
  endfacet
  facet normal 0 0 1
    outer loop
      vertex -41.5713 8.83625 12.6
      vertex -43.5276 9.25207 12.6
      vertex -42.5 0 12.6
    endloop
  endfacet
  facet normal -0 0 1
    outer loop
      vertex 41.5713 -8.83625 12.6
      vertex 43.5276 -9.25207 12.6
      vertex 42.5 0 12.6
    endloop
  endfacet
  facet normal 0 0 1
    outer loop
      vertex 41.5713 -8.83625 12.6
      vertex 40.6528 -18.0998 12.6
      vertex 43.5276 -9.25207 12.6
    endloop
  endfacet
  facet normal -0 0 1
    outer loop
      vertex 38.8257 -17.2863 12.6
      vertex 40.6528 -18.0998 12.6
      vertex 41.5713 -8.83625 12.6
    endloop
  endfacet
  facet normal 0 0 1
    outer loop
      vertex 38.8257 -17.2863 12.6
      vertex 36.0013 -26.1564 12.6
      vertex 40.6528 -18.0998 12.6
    endloop
  endfacet
  facet normal -0 0 1
    outer loop
      vertex 34.3832 -24.9809 12.6
      vertex 36.0013 -26.1564 12.6
      vertex 38.8257 -17.2863 12.6
    endloop
  endfacet
  facet normal 0 0 1
    outer loop
      vertex 34.3832 -24.9809 12.6
      vertex 29.7763 -33.0699 12.6
      vertex 36.0013 -26.1564 12.6
    endloop
  endfacet
  facet normal -0 0 1
    outer loop
      vertex 28.438 -31.5837 12.6
      vertex 29.7763 -33.0699 12.6
      vertex 34.3832 -24.9809 12.6
    endloop
  endfacet
  facet normal 0 0 1
    outer loop
      vertex 28.438 -31.5837 12.6
      vertex 22.25 -38.5381 12.6
      vertex 29.7763 -33.0699 12.6
    endloop
  endfacet
  facet normal -0 0 1
    outer loop
      vertex 21.25 -36.8061 12.6
      vertex 22.25 -38.5381 12.6
      vertex 28.438 -31.5837 12.6
    endloop
  endfacet
  facet normal 0 0 1
    outer loop
      vertex 21.25 -36.8061 12.6
      vertex 13.7513 -42.322 12.6
      vertex 22.25 -38.5381 12.6
    endloop
  endfacet
  facet normal -0 0 1
    outer loop
      vertex 13.1332 -40.4199 12.6
      vertex 13.7513 -42.322 12.6
      vertex 21.25 -36.8061 12.6
    endloop
  endfacet
  facet normal 0 0 1
    outer loop
      vertex 13.1332 -40.4199 12.6
      vertex 4.65152 -44.2562 12.6
      vertex 13.7513 -42.322 12.6
    endloop
  endfacet
  facet normal -0 0 1
    outer loop
      vertex 4.44246 -42.2672 12.6
      vertex 4.65152 -44.2562 12.6
      vertex 13.1332 -40.4199 12.6
    endloop
  endfacet
  facet normal -0 0 1
    outer loop
      vertex -4.44246 -42.2672 12.6
      vertex 4.65152 -44.2562 12.6
      vertex 4.44246 -42.2672 12.6
    endloop
  endfacet
  facet normal 0 0 1
    outer loop
      vertex -4.44246 -42.2672 12.6
      vertex -4.65152 -44.2562 12.6
      vertex 4.65152 -44.2562 12.6
    endloop
  endfacet
  facet normal 0 0 1
    outer loop
      vertex -13.1332 -40.4199 12.6
      vertex -4.65152 -44.2562 12.6
      vertex -4.44246 -42.2672 12.6
    endloop
  endfacet
  facet normal 0 0 1
    outer loop
      vertex -13.1332 -40.4199 12.6
      vertex -13.7513 -42.322 12.6
      vertex -4.65152 -44.2562 12.6
    endloop
  endfacet
  facet normal 0 0 1
    outer loop
      vertex -21.25 -36.8061 12.6
      vertex -13.7513 -42.322 12.6
      vertex -13.1332 -40.4199 12.6
    endloop
  endfacet
  facet normal 0 0 1
    outer loop
      vertex -21.25 -36.8061 12.6
      vertex -22.25 -38.5381 12.6
      vertex -13.7513 -42.322 12.6
    endloop
  endfacet
  facet normal 0 0 1
    outer loop
      vertex -28.438 -31.5837 12.6
      vertex -22.25 -38.5381 12.6
      vertex -21.25 -36.8061 12.6
    endloop
  endfacet
  facet normal 0 0 1
    outer loop
      vertex -28.438 -31.5837 12.6
      vertex -29.7763 -33.0699 12.6
      vertex -22.25 -38.5381 12.6
    endloop
  endfacet
  facet normal 0 0 1
    outer loop
      vertex -34.3832 -24.9809 12.6
      vertex -29.7763 -33.0699 12.6
      vertex -28.438 -31.5837 12.6
    endloop
  endfacet
  facet normal 0 0 1
    outer loop
      vertex -34.3832 -24.9809 12.6
      vertex -36.0013 -26.1564 12.6
      vertex -29.7763 -33.0699 12.6
    endloop
  endfacet
  facet normal 0 0 1
    outer loop
      vertex -38.8257 -17.2863 12.6
      vertex -36.0013 -26.1564 12.6
      vertex -34.3832 -24.9809 12.6
    endloop
  endfacet
  facet normal 0 0 1
    outer loop
      vertex -38.8257 -17.2863 12.6
      vertex -40.6528 -18.0998 12.6
      vertex -36.0013 -26.1564 12.6
    endloop
  endfacet
  facet normal 0 0 1
    outer loop
      vertex -41.5713 -8.83625 12.6
      vertex -40.6528 -18.0998 12.6
      vertex -38.8257 -17.2863 12.6
    endloop
  endfacet
  facet normal 0 0 1
    outer loop
      vertex -43.5276 -9.25207 12.6
      vertex -41.5713 -8.83625 12.6
      vertex -42.5 0 12.6
    endloop
  endfacet
  facet normal 0 0 1
    outer loop
      vertex -44.5 0 12.6
      vertex -42.5 0 12.6
      vertex -43.5276 9.25207 12.6
    endloop
  endfacet
  facet normal 0 0 1
    outer loop
      vertex -41.5713 -8.83625 12.6
      vertex -43.5276 -9.25207 12.6
      vertex -40.6528 -18.0998 12.6
    endloop
  endfacet
  facet normal 0 0 1
    outer loop
      vertex -42.5 0 12.6
      vertex -44.5 0 12.6
      vertex -43.5276 -9.25207 12.6
    endloop
  endfacet
  facet normal 1.00787e-06 -0.587779 0.809021
    outer loop
      vertex -52.2 -38.5234 3.03647
      vertex -56.2135 -39.2367 2.51824
      vertex -52.2 -39.95 2
    endloop
  endfacet
  facet normal 0 -0.587776 0.809024
    outer loop
      vertex -56.2135 -39.2367 2.51824
      vertex -52.2 -38.5234 3.03647
      vertex -56.5 -38.5234 3.03647
    endloop
  endfacet
  facet normal 0 -0.587783 0.809018
    outer loop
      vertex -52.2 -39.95 2
      vertex -56.2135 -39.2367 2.51824
      vertex -56.5 -39.95 2
    endloop
  endfacet
  facet normal 0 -0.587776 0.809024
    outer loop
      vertex 56.5 -38.5234 3.03647
      vertex 52.2 -38.5234 3.03647
      vertex 56.2135 -39.2367 2.51824
    endloop
  endfacet
  facet normal -1.00787e-06 -0.587779 0.809021
    outer loop
      vertex 52.2 -39.95 2
      vertex 56.2135 -39.2367 2.51824
      vertex 52.2 -38.5234 3.03647
    endloop
  endfacet
  facet normal 0 -0.587783 0.809018
    outer loop
      vertex 56.2135 -39.2367 2.51824
      vertex 52.2 -39.95 2
      vertex 56.5 -39.95 2
    endloop
  endfacet
  facet normal 0 -0.951074 -0.308964
    outer loop
      vertex -56.2135 -38.7959 3.875
      vertex -52.2 -39.0683 4.71352
      vertex -56.5 -39.0683 4.71352
    endloop
  endfacet
  facet normal -0 -0.951041 -0.309063
    outer loop
      vertex -52.2 -38.5234 3.03647
      vertex -56.2135 -38.7959 3.875
      vertex -56.5 -38.5234 3.03647
    endloop
  endfacet
  facet normal 1.14633e-05 -0.951058 -0.309014
    outer loop
      vertex -56.2135 -38.7959 3.875
      vertex -52.2 -38.5234 3.03647
      vertex -52.2 -39.0683 4.71352
    endloop
  endfacet
  facet normal 0 -0.951074 -0.308964
    outer loop
      vertex 52.2 -39.0683 4.71352
      vertex 56.2135 -38.7959 3.875
      vertex 56.5 -39.0683 4.71352
    endloop
  endfacet
  facet normal -1.14633e-05 -0.951058 -0.309014
    outer loop
      vertex 52.2 -38.5234 3.03647
      vertex 56.2135 -38.7959 3.875
      vertex 52.2 -39.0683 4.71352
    endloop
  endfacet
  facet normal 0 -0.951041 -0.309063
    outer loop
      vertex 56.2135 -38.7959 3.875
      vertex 52.2 -38.5234 3.03647
      vertex 56.5 -38.5234 3.03647
    endloop
  endfacet
  facet normal 0 0 -1
    outer loop
      vertex -52.2 -40.8317 4.71352
      vertex -56.2135 -39.95 4.71352
      vertex -52.2 -39.0683 4.71352
    endloop
  endfacet
  facet normal 0 -0 -1
    outer loop
      vertex -56.2135 -39.95 4.71352
      vertex -52.2 -40.8317 4.71352
      vertex -56.5 -40.8317 4.71352
    endloop
  endfacet
  facet normal -0 0 -1
    outer loop
      vertex -52.2 -39.0683 4.71352
      vertex -56.2135 -39.95 4.71352
      vertex -56.5 -39.0683 4.71352
    endloop
  endfacet
  facet normal 0 0 -1
    outer loop
      vertex 56.5 -40.8317 4.71352
      vertex 52.2 -40.8317 4.71352
      vertex 56.2135 -39.95 4.71352
    endloop
  endfacet
  facet normal 0 0 -1
    outer loop
      vertex 52.2 -39.0683 4.71352
      vertex 56.2135 -39.95 4.71352
      vertex 52.2 -40.8317 4.71352
    endloop
  endfacet
  facet normal 0 0 -1
    outer loop
      vertex 56.2135 -39.95 4.71352
      vertex 52.2 -39.0683 4.71352
      vertex 56.5 -39.0683 4.71352
    endloop
  endfacet
  facet normal 0 0.951074 -0.308964
    outer loop
      vertex -52.2 -40.8317 4.71352
      vertex -56.2135 -41.1041 3.875
      vertex -56.5 -40.8317 4.71352
    endloop
  endfacet
  facet normal 1.14633e-05 0.951058 -0.309014
    outer loop
      vertex -52.2 -41.3766 3.03647
      vertex -56.2135 -41.1041 3.875
      vertex -52.2 -40.8317 4.71352
    endloop
  endfacet
  facet normal 0 0.951041 -0.309063
    outer loop
      vertex -56.5 -41.3766 3.03647
      vertex -56.2135 -41.1041 3.875
      vertex -52.2 -41.3766 3.03647
    endloop
  endfacet
  facet normal 0 0.951074 -0.308964
    outer loop
      vertex 56.2135 -41.1041 3.875
      vertex 52.2 -40.8317 4.71352
      vertex 56.5 -40.8317 4.71352
    endloop
  endfacet
  facet normal 0 0.951041 -0.309063
    outer loop
      vertex 56.2135 -41.1041 3.875
      vertex 56.5 -41.3766 3.03647
      vertex 52.2 -41.3766 3.03647
    endloop
  endfacet
  facet normal -1.14633e-05 0.951058 -0.309014
    outer loop
      vertex 56.2135 -41.1041 3.875
      vertex 52.2 -41.3766 3.03647
      vertex 52.2 -40.8317 4.71352
    endloop
  endfacet
  facet normal 1.00787e-06 0.587779 0.809021
    outer loop
      vertex -52.2 -39.95 2
      vertex -56.2135 -40.6633 2.51824
      vertex -52.2 -41.3766 3.03647
    endloop
  endfacet
  facet normal 0 0.587783 0.809018
    outer loop
      vertex -56.2135 -40.6633 2.51824
      vertex -52.2 -39.95 2
      vertex -56.5 -39.95 2
    endloop
  endfacet
  facet normal 0 0.587776 0.809024
    outer loop
      vertex -52.2 -41.3766 3.03647
      vertex -56.2135 -40.6633 2.51824
      vertex -56.5 -41.3766 3.03647
    endloop
  endfacet
  facet normal 0 0.587783 0.809018
    outer loop
      vertex 56.5 -39.95 2
      vertex 52.2 -39.95 2
      vertex 56.2135 -40.6633 2.51824
    endloop
  endfacet
  facet normal -1.00787e-06 0.587779 0.809021
    outer loop
      vertex 52.2 -41.3766 3.03647
      vertex 56.2135 -40.6633 2.51824
      vertex 52.2 -39.95 2
    endloop
  endfacet
  facet normal 0 0.587776 0.809024
    outer loop
      vertex 56.2135 -40.6633 2.51824
      vertex 52.2 -41.3766 3.03647
      vertex 56.5 -41.3766 3.03647
    endloop
  endfacet
  facet normal 0 -0.951074 -0.308964
    outer loop
      vertex -56.2135 41.1041 3.875
      vertex -52.2 40.8317 4.71352
      vertex -56.5 40.8317 4.71352
    endloop
  endfacet
  facet normal 0 -0.951041 -0.309063
    outer loop
      vertex -56.2135 41.1041 3.875
      vertex -56.5 41.3766 3.03647
      vertex -52.2 41.3766 3.03647
    endloop
  endfacet
  facet normal 1.14633e-05 -0.951058 -0.309014
    outer loop
      vertex -56.2135 41.1041 3.875
      vertex -52.2 41.3766 3.03647
      vertex -52.2 40.8317 4.71352
    endloop
  endfacet
  facet normal 0 -0.951074 -0.308964
    outer loop
      vertex 52.2 40.8317 4.71352
      vertex 56.2135 41.1041 3.875
      vertex 56.5 40.8317 4.71352
    endloop
  endfacet
  facet normal -1.14633e-05 -0.951058 -0.309014
    outer loop
      vertex 52.2 41.3766 3.03647
      vertex 56.2135 41.1041 3.875
      vertex 52.2 40.8317 4.71352
    endloop
  endfacet
  facet normal -0 -0.951041 -0.309063
    outer loop
      vertex 56.5 41.3766 3.03647
      vertex 56.2135 41.1041 3.875
      vertex 52.2 41.3766 3.03647
    endloop
  endfacet
  facet normal 0 0 -1
    outer loop
      vertex -52.2 39.0683 4.71352
      vertex -56.2135 39.95 4.71352
      vertex -52.2 40.8317 4.71352
    endloop
  endfacet
  facet normal 0 -0 -1
    outer loop
      vertex -56.2135 39.95 4.71352
      vertex -52.2 39.0683 4.71352
      vertex -56.5 39.0683 4.71352
    endloop
  endfacet
  facet normal -0 0 -1
    outer loop
      vertex -52.2 40.8317 4.71352
      vertex -56.2135 39.95 4.71352
      vertex -56.5 40.8317 4.71352
    endloop
  endfacet
  facet normal 0 0 -1
    outer loop
      vertex 56.5 39.0683 4.71352
      vertex 52.2 39.0683 4.71352
      vertex 56.2135 39.95 4.71352
    endloop
  endfacet
  facet normal 0 0 -1
    outer loop
      vertex 52.2 40.8317 4.71352
      vertex 56.2135 39.95 4.71352
      vertex 52.2 39.0683 4.71352
    endloop
  endfacet
  facet normal 0 0 -1
    outer loop
      vertex 56.2135 39.95 4.71352
      vertex 52.2 40.8317 4.71352
      vertex 56.5 40.8317 4.71352
    endloop
  endfacet
  facet normal 0 0.951074 -0.308964
    outer loop
      vertex -52.2 39.0683 4.71352
      vertex -56.2135 38.7959 3.875
      vertex -56.5 39.0683 4.71352
    endloop
  endfacet
  facet normal 1.14633e-05 0.951058 -0.309014
    outer loop
      vertex -52.2 38.5234 3.03647
      vertex -56.2135 38.7959 3.875
      vertex -52.2 39.0683 4.71352
    endloop
  endfacet
  facet normal 0 0.951041 -0.309063
    outer loop
      vertex -56.2135 38.7959 3.875
      vertex -52.2 38.5234 3.03647
      vertex -56.5 38.5234 3.03647
    endloop
  endfacet
  facet normal 0 0.951074 -0.308964
    outer loop
      vertex 56.2135 38.7959 3.875
      vertex 52.2 39.0683 4.71352
      vertex 56.5 39.0683 4.71352
    endloop
  endfacet
  facet normal 0 0.951041 -0.309063
    outer loop
      vertex 52.2 38.5234 3.03647
      vertex 56.2135 38.7959 3.875
      vertex 56.5 38.5234 3.03647
    endloop
  endfacet
  facet normal -1.14633e-05 0.951058 -0.309014
    outer loop
      vertex 56.2135 38.7959 3.875
      vertex 52.2 38.5234 3.03647
      vertex 52.2 39.0683 4.71352
    endloop
  endfacet
  facet normal 1.00787e-06 -0.587779 0.809021
    outer loop
      vertex -52.2 41.3766 3.03647
      vertex -56.2135 40.6633 2.51824
      vertex -52.2 39.95 2
    endloop
  endfacet
  facet normal 0 -0.587776 0.809024
    outer loop
      vertex -56.2135 40.6633 2.51824
      vertex -52.2 41.3766 3.03647
      vertex -56.5 41.3766 3.03647
    endloop
  endfacet
  facet normal 0 -0.587783 0.809018
    outer loop
      vertex -52.2 39.95 2
      vertex -56.2135 40.6633 2.51824
      vertex -56.5 39.95 2
    endloop
  endfacet
  facet normal 0 -0.587776 0.809024
    outer loop
      vertex 56.5 41.3766 3.03647
      vertex 52.2 41.3766 3.03647
      vertex 56.2135 40.6633 2.51824
    endloop
  endfacet
  facet normal -1.00787e-06 -0.587779 0.809021
    outer loop
      vertex 52.2 39.95 2
      vertex 56.2135 40.6633 2.51824
      vertex 52.2 41.3766 3.03647
    endloop
  endfacet
  facet normal 0 -0.587783 0.809018
    outer loop
      vertex 56.2135 40.6633 2.51824
      vertex 52.2 39.95 2
      vertex 56.5 39.95 2
    endloop
  endfacet
  facet normal 1.00787e-06 0.587779 0.809021
    outer loop
      vertex -52.2 39.95 2
      vertex -56.2135 39.2367 2.51824
      vertex -52.2 38.5234 3.03647
    endloop
  endfacet
  facet normal 0 0.587783 0.809018
    outer loop
      vertex -56.2135 39.2367 2.51824
      vertex -52.2 39.95 2
      vertex -56.5 39.95 2
    endloop
  endfacet
  facet normal 0 0.587776 0.809024
    outer loop
      vertex -52.2 38.5234 3.03647
      vertex -56.2135 39.2367 2.51824
      vertex -56.5 38.5234 3.03647
    endloop
  endfacet
  facet normal 0 0.587783 0.809018
    outer loop
      vertex 56.5 39.95 2
      vertex 52.2 39.95 2
      vertex 56.2135 39.2367 2.51824
    endloop
  endfacet
  facet normal -1.00787e-06 0.587779 0.809021
    outer loop
      vertex 52.2 38.5234 3.03647
      vertex 56.2135 39.2367 2.51824
      vertex 52.2 39.95 2
    endloop
  endfacet
  facet normal 0 0.587776 0.809024
    outer loop
      vertex 56.2135 39.2367 2.51824
      vertex 52.2 38.5234 3.03647
      vertex 56.5 38.5234 3.03647
    endloop
  endfacet
  facet normal 0.309032 0 0.951052
    outer loop
      vertex 39.575 53.2135 2.34587
      vertex 40.4135 52.2 2.07341
      vertex 40.4135 53.5 2.07341
    endloop
  endfacet
  facet normal 0.309022 -0 0.951055
    outer loop
      vertex 38.7365 52.2 2.61832
      vertex 39.575 53.2135 2.34587
      vertex 38.7365 53.5 2.61832
    endloop
  endfacet
  facet normal 0.309027 -4.69193e-06 0.951053
    outer loop
      vertex 39.575 53.2135 2.34587
      vertex 38.7365 52.2 2.61832
      vertex 40.4135 52.2 2.07341
    endloop
  endfacet
  facet normal 0.309032 0 0.951052
    outer loop
      vertex 40.4135 -52.2 2.07341
      vertex 39.575 -53.2135 2.34587
      vertex 40.4135 -53.5 2.07341
    endloop
  endfacet
  facet normal 0.309027 4.69193e-06 0.951053
    outer loop
      vertex 38.7365 -52.2 2.61832
      vertex 39.575 -53.2135 2.34587
      vertex 40.4135 -52.2 2.07341
    endloop
  endfacet
  facet normal 0.309022 0 0.951055
    outer loop
      vertex 39.575 -53.2135 2.34587
      vertex 38.7365 -52.2 2.61832
      vertex 38.7365 -53.5 2.61832
    endloop
  endfacet
  facet normal 0.309022 0 -0.951055
    outer loop
      vertex 40.4135 52.2 4.92658
      vertex 39.575 53.2135 4.65413
      vertex 40.4135 53.5 4.92658
    endloop
  endfacet
  facet normal 0.309022 -1.08717e-15 -0.951055
    outer loop
      vertex 38.7365 52.2 4.38168
      vertex 39.575 53.2135 4.65413
      vertex 40.4135 52.2 4.92658
    endloop
  endfacet
  facet normal 0.309022 0 -0.951055
    outer loop
      vertex 39.575 53.2135 4.65413
      vertex 38.7365 52.2 4.38168
      vertex 38.7365 53.5 4.38168
    endloop
  endfacet
  facet normal 0.309022 0 -0.951055
    outer loop
      vertex 39.575 -53.2135 4.65413
      vertex 40.4135 -52.2 4.92658
      vertex 40.4135 -53.5 4.92658
    endloop
  endfacet
  facet normal 0.309022 0 -0.951055
    outer loop
      vertex 38.7365 -52.2 4.38168
      vertex 39.575 -53.2135 4.65413
      vertex 38.7365 -53.5 4.38168
    endloop
  endfacet
  facet normal 0.309022 1.08717e-15 -0.951055
    outer loop
      vertex 39.575 -53.2135 4.65413
      vertex 38.7365 -52.2 4.38168
      vertex 40.4135 -52.2 4.92658
    endloop
  endfacet
  facet normal -0.809036 -0 -0.587759
    outer loop
      vertex 41.45 53.5 3.5
      vertex 41.45 52.2 3.5
      vertex 40.9318 53.2135 4.21329
    endloop
  endfacet
  facet normal -0.808982 0 -0.587833
    outer loop
      vertex 40.4135 52.2 4.92658
      vertex 40.4135 53.5 4.92658
      vertex 40.9318 53.2135 4.21329
    endloop
  endfacet
  facet normal -0.809009 3.99117e-05 -0.587796
    outer loop
      vertex 40.4135 52.2 4.92658
      vertex 40.9318 53.2135 4.21329
      vertex 41.45 52.2 3.5
    endloop
  endfacet
  facet normal -0.809009 -3.99117e-05 -0.587796
    outer loop
      vertex 41.45 -52.2 3.5
      vertex 40.9318 -53.2135 4.21329
      vertex 40.4135 -52.2 4.92658
    endloop
  endfacet
  facet normal -0.809036 0 -0.587759
    outer loop
      vertex 40.9318 -53.2135 4.21329
      vertex 41.45 -52.2 3.5
      vertex 41.45 -53.5 3.5
    endloop
  endfacet
  facet normal -0.808982 0 -0.587833
    outer loop
      vertex 40.4135 -53.5 4.92658
      vertex 40.4135 -52.2 4.92658
      vertex 40.9318 -53.2135 4.21329
    endloop
  endfacet
  facet normal 1 0 0
    outer loop
      vertex 38.7365 53.5 4.38168
      vertex 38.7365 52.2 4.38168
      vertex 38.7365 53.2135 3.5
    endloop
  endfacet
  facet normal 1 0 0
    outer loop
      vertex 38.7365 52.2 2.61832
      vertex 38.7365 53.5 2.61832
      vertex 38.7365 53.2135 3.5
    endloop
  endfacet
  facet normal 1 0 0
    outer loop
      vertex 38.7365 52.2 2.61832
      vertex 38.7365 53.2135 3.5
      vertex 38.7365 52.2 4.38168
    endloop
  endfacet
  facet normal 1 0 0
    outer loop
      vertex 38.7365 -52.2 4.38168
      vertex 38.7365 -53.2135 3.5
      vertex 38.7365 -52.2 2.61832
    endloop
  endfacet
  facet normal 1 0 -0
    outer loop
      vertex 38.7365 -53.2135 3.5
      vertex 38.7365 -52.2 4.38168
      vertex 38.7365 -53.5 4.38168
    endloop
  endfacet
  facet normal 1 0 0
    outer loop
      vertex 38.7365 -53.5 2.61832
      vertex 38.7365 -52.2 2.61832
      vertex 38.7365 -53.2135 3.5
    endloop
  endfacet
  facet normal -1 0 0
    outer loop
      vertex 40.4135 52.2 2.07341
      vertex 40.4135 53.5 2.07342
      vertex 40.4135 53.5 2.07341
    endloop
  endfacet
  facet normal -0.808983 -4.52178e-06 0.587832
    outer loop
      vertex 40.4135 53.5 2.07342
      vertex 40.4135 52.2 2.07341
      vertex 40.9318 53.2135 2.78671
    endloop
  endfacet
  facet normal -0.809011 3.70119e-05 0.587793
    outer loop
      vertex 41.45 52.2 3.5
      vertex 40.9318 53.2135 2.78671
      vertex 40.4135 52.2 2.07341
    endloop
  endfacet
  facet normal -0.809036 0 0.587759
    outer loop
      vertex 40.9318 53.2135 2.78671
      vertex 41.45 52.2 3.5
      vertex 41.45 53.5 3.5
    endloop
  endfacet
  facet normal -0.809011 -3.70119e-05 0.587793
    outer loop
      vertex 40.4135 -52.2 2.07341
      vertex 40.9318 -53.2135 2.78671
      vertex 41.45 -52.2 3.5
    endloop
  endfacet
  facet normal -1 0 0
    outer loop
      vertex 40.4135 -53.5 2.07342
      vertex 40.4135 -52.2 2.07341
      vertex 40.4135 -53.5 2.07341
    endloop
  endfacet
  facet normal -0.808983 4.52178e-06 0.587832
    outer loop
      vertex 40.4135 -52.2 2.07341
      vertex 40.4135 -53.5 2.07342
      vertex 40.9318 -53.2135 2.78671
    endloop
  endfacet
  facet normal -0.809036 0 0.587759
    outer loop
      vertex 41.45 -52.2 3.5
      vertex 40.9318 -53.2135 2.78671
      vertex 41.45 -53.5 3.5
    endloop
  endfacet
  facet normal 0.309032 0 0.951052
    outer loop
      vertex -40.325 53.2135 2.34587
      vertex -39.4865 52.2 2.07341
      vertex -39.4865 53.5 2.07341
    endloop
  endfacet
  facet normal 0.309022 -0 0.951055
    outer loop
      vertex -41.1635 52.2 2.61832
      vertex -40.325 53.2135 2.34587
      vertex -41.1635 53.5 2.61832
    endloop
  endfacet
  facet normal 0.309027 -4.69193e-06 0.951053
    outer loop
      vertex -40.325 53.2135 2.34587
      vertex -41.1635 52.2 2.61832
      vertex -39.4865 52.2 2.07341
    endloop
  endfacet
  facet normal 0.309032 0 0.951052
    outer loop
      vertex -39.4865 -52.2 2.07341
      vertex -40.325 -53.2135 2.34587
      vertex -39.4865 -53.5 2.07341
    endloop
  endfacet
  facet normal 0.309027 4.69193e-06 0.951053
    outer loop
      vertex -41.1635 -52.2 2.61832
      vertex -40.325 -53.2135 2.34587
      vertex -39.4865 -52.2 2.07341
    endloop
  endfacet
  facet normal 0.309022 0 0.951055
    outer loop
      vertex -40.325 -53.2135 2.34587
      vertex -41.1635 -52.2 2.61832
      vertex -41.1635 -53.5 2.61832
    endloop
  endfacet
  facet normal -0.809036 -0 -0.587759
    outer loop
      vertex -38.45 53.5 3.5
      vertex -38.45 52.2 3.5
      vertex -38.9682 53.2135 4.21329
    endloop
  endfacet
  facet normal -0.809009 3.99117e-05 -0.587796
    outer loop
      vertex -39.4865 52.2 4.92658
      vertex -38.9682 53.2135 4.21329
      vertex -38.45 52.2 3.5
    endloop
  endfacet
  facet normal -0.808982 0 -0.587833
    outer loop
      vertex -38.9682 53.2135 4.21329
      vertex -39.4865 52.2 4.92658
      vertex -39.4865 53.5 4.92658
    endloop
  endfacet
  facet normal -0.809009 -3.99117e-05 -0.587796
    outer loop
      vertex -38.45 -52.2 3.5
      vertex -38.9682 -53.2135 4.21329
      vertex -39.4865 -52.2 4.92658
    endloop
  endfacet
  facet normal -0.809036 0 -0.587759
    outer loop
      vertex -38.9682 -53.2135 4.21329
      vertex -38.45 -52.2 3.5
      vertex -38.45 -53.5 3.5
    endloop
  endfacet
  facet normal -0.808982 -0 -0.587833
    outer loop
      vertex -39.4865 -52.2 4.92658
      vertex -38.9682 -53.2135 4.21329
      vertex -39.4865 -53.5 4.92658
    endloop
  endfacet
  facet normal 1 0 0
    outer loop
      vertex -41.1635 53.5 4.38168
      vertex -41.1635 52.2 4.38168
      vertex -41.1635 53.2135 3.5
    endloop
  endfacet
  facet normal 1 0 0
    outer loop
      vertex -41.1635 52.2 2.61832
      vertex -41.1635 53.5 2.61832
      vertex -41.1635 53.2135 3.5
    endloop
  endfacet
  facet normal 1 0 0
    outer loop
      vertex -41.1635 52.2 2.61832
      vertex -41.1635 53.2135 3.5
      vertex -41.1635 52.2 4.38168
    endloop
  endfacet
  facet normal 1 0 0
    outer loop
      vertex -41.1635 -52.2 4.38168
      vertex -41.1635 -53.2135 3.5
      vertex -41.1635 -52.2 2.61832
    endloop
  endfacet
  facet normal 1 0 0
    outer loop
      vertex -41.1635 -52.2 4.38168
      vertex -41.1635 -53.5 4.38168
      vertex -41.1635 -53.2135 3.5
    endloop
  endfacet
  facet normal 1 0 0
    outer loop
      vertex -41.1635 -53.5 2.61832
      vertex -41.1635 -52.2 2.61832
      vertex -41.1635 -53.2135 3.5
    endloop
  endfacet
  facet normal 0.309022 0 -0.951055
    outer loop
      vertex -39.4865 52.2 4.92658
      vertex -40.325 53.2135 4.65413
      vertex -39.4865 53.5 4.92658
    endloop
  endfacet
  facet normal 0.309022 1.08717e-15 -0.951055
    outer loop
      vertex -41.1635 52.2 4.38168
      vertex -40.325 53.2135 4.65413
      vertex -39.4865 52.2 4.92658
    endloop
  endfacet
  facet normal 0.309022 0 -0.951055
    outer loop
      vertex -40.325 53.2135 4.65413
      vertex -41.1635 52.2 4.38168
      vertex -41.1635 53.5 4.38168
    endloop
  endfacet
  facet normal 0.309022 0 -0.951055
    outer loop
      vertex -40.325 -53.2135 4.65413
      vertex -39.4865 -52.2 4.92658
      vertex -39.4865 -53.5 4.92658
    endloop
  endfacet
  facet normal 0.309022 0 -0.951055
    outer loop
      vertex -41.1635 -52.2 4.38168
      vertex -40.325 -53.2135 4.65413
      vertex -41.1635 -53.5 4.38168
    endloop
  endfacet
  facet normal 0.309022 -1.08717e-15 -0.951055
    outer loop
      vertex -40.325 -53.2135 4.65413
      vertex -41.1635 -52.2 4.38168
      vertex -39.4865 -52.2 4.92658
    endloop
  endfacet
  facet normal -0.808986 0 0.587828
    outer loop
      vertex -39.4865 53.5 2.07341
      vertex -39.4865 52.2 2.07341
      vertex -38.9682 53.2135 2.78671
    endloop
  endfacet
  facet normal -0.809011 3.70119e-05 0.587793
    outer loop
      vertex -38.45 52.2 3.5
      vertex -38.9682 53.2135 2.78671
      vertex -39.4865 52.2 2.07341
    endloop
  endfacet
  facet normal -0.809036 0 0.587759
    outer loop
      vertex -38.9682 53.2135 2.78671
      vertex -38.45 52.2 3.5
      vertex -38.45 53.5 3.5
    endloop
  endfacet
  facet normal -0.809011 -3.70119e-05 0.587793
    outer loop
      vertex -39.4865 -52.2 2.07341
      vertex -38.9682 -53.2135 2.78671
      vertex -38.45 -52.2 3.5
    endloop
  endfacet
  facet normal -0.808986 0 0.587828
    outer loop
      vertex -38.9682 -53.2135 2.78671
      vertex -39.4865 -52.2 2.07341
      vertex -39.4865 -53.5 2.07341
    endloop
  endfacet
  facet normal -0.809036 0 0.587759
    outer loop
      vertex -38.45 -52.2 3.5
      vertex -38.9682 -53.2135 2.78671
      vertex -38.45 -53.5 3.5
    endloop
  endfacet
  facet normal -0.689149 -0.223915 0.689156
    outer loop
      vertex -58 39.95 0.5
      vertex -56.2135 40.6633 2.51824
      vertex -58 41.7134 1.07295
    endloop
  endfacet
  facet normal -0.689156 -0.223896 0.689156
    outer loop
      vertex -56.2135 40.6633 2.51824
      vertex -58 39.95 0.5
      vertex -56.5 39.95 2
    endloop
  endfacet
  facet normal -0.689162 0.724607 -1.27316e-05
    outer loop
      vertex -56.5 38.5234 3.03647
      vertex -58 37.0968 4.42705
      vertex -56.2135 38.7959 3.875
    endloop
  endfacet
  facet normal -0.689156 0.724613 0
    outer loop
      vertex -58 37.0968 4.42705
      vertex -56.5 38.5234 3.03647
      vertex -58 37.0968 2.57295
    endloop
  endfacet
  facet normal -0.689146 -0.223931 -0.689154
    outer loop
      vertex -58 39.95 6.5
      vertex -56.5 40.8317 4.71352
      vertex -56.2135 39.95 4.71352
    endloop
  endfacet
  facet normal -0.689154 -0.223914 -0.689151
    outer loop
      vertex -56.5 40.8317 4.71352
      vertex -58 39.95 6.5
      vertex -58 41.7134 5.92705
    endloop
  endfacet
  facet normal -0.689151 0.586235 0.42591
    outer loop
      vertex -58 38.1866 1.07295
      vertex -56.5 38.5234 3.03647
      vertex -56.2135 39.2367 2.51824
    endloop
  endfacet
  facet normal -0.689155 0.586228 0.425914
    outer loop
      vertex -56.5 38.5234 3.03647
      vertex -58 38.1866 1.07295
      vertex -58 37.0968 2.57295
    endloop
  endfacet
  facet normal -0.689159 0.586228 -0.425908
    outer loop
      vertex -58 37.0968 4.42705
      vertex -56.5 39.0683 4.71352
      vertex -56.2135 38.7959 3.875
    endloop
  endfacet
  facet normal -0.689156 0.586227 -0.425913
    outer loop
      vertex -56.5 39.0683 4.71352
      vertex -58 37.0968 4.42705
      vertex -58 38.1866 5.92705
    endloop
  endfacet
  facet normal -0.689159 -0.586228 -0.425908
    outer loop
      vertex -56.5 40.8317 4.71352
      vertex -58 42.8032 4.42705
      vertex -56.2135 41.1041 3.875
    endloop
  endfacet
  facet normal -0.689156 -0.586227 -0.425913
    outer loop
      vertex -58 42.8032 4.42705
      vertex -56.5 40.8317 4.71352
      vertex -58 41.7134 5.92705
    endloop
  endfacet
  facet normal -0.689156 0.223896 0.689156
    outer loop
      vertex -58 39.95 0.5
      vertex -56.2135 39.2367 2.51824
      vertex -56.5 39.95 2
    endloop
  endfacet
  facet normal -0.689149 0.223915 0.689156
    outer loop
      vertex -56.2135 39.2367 2.51824
      vertex -58 39.95 0.5
      vertex -58 38.1866 1.07295
    endloop
  endfacet
  facet normal -0.689162 -0.724607 -1.27316e-05
    outer loop
      vertex -58 42.8032 4.42705
      vertex -56.5 41.3766 3.03647
      vertex -56.2135 41.1041 3.875
    endloop
  endfacet
  facet normal -0.689156 -0.724613 0
    outer loop
      vertex -56.5 41.3766 3.03647
      vertex -58 42.8032 4.42705
      vertex -58 42.8032 2.57295
    endloop
  endfacet
  facet normal -0.689151 -0.586235 0.42591
    outer loop
      vertex -58 41.7134 1.07295
      vertex -56.2135 40.6633 2.51824
      vertex -56.5 41.3766 3.03647
    endloop
  endfacet
  facet normal -0.689155 -0.586228 0.425914
    outer loop
      vertex -56.5 41.3766 3.03647
      vertex -58 42.8032 2.57295
      vertex -58 41.7134 1.07295
    endloop
  endfacet
  facet normal -0.689154 0.223914 -0.689151
    outer loop
      vertex -58 39.95 6.5
      vertex -56.5 39.0683 4.71352
      vertex -58 38.1866 5.92705
    endloop
  endfacet
  facet normal -0.689146 0.223931 -0.689154
    outer loop
      vertex -56.5 39.0683 4.71352
      vertex -58 39.95 6.5
      vertex -56.2135 39.95 4.71352
    endloop
  endfacet
  facet normal -0.689149 -0.223915 0.689156
    outer loop
      vertex -58 -39.95 0.5
      vertex -56.2135 -39.2367 2.51824
      vertex -58 -38.1866 1.07295
    endloop
  endfacet
  facet normal -0.689156 -0.223896 0.689156
    outer loop
      vertex -56.2135 -39.2367 2.51824
      vertex -58 -39.95 0.5
      vertex -56.5 -39.95 2
    endloop
  endfacet
  facet normal -0.689146 -0.223931 -0.689154
    outer loop
      vertex -58 -39.95 6.5
      vertex -56.5 -39.0683 4.71352
      vertex -56.2135 -39.95 4.71352
    endloop
  endfacet
  facet normal -0.689154 -0.223914 -0.689151
    outer loop
      vertex -56.5 -39.0683 4.71352
      vertex -58 -39.95 6.5
      vertex -58 -38.1866 5.92705
    endloop
  endfacet
  facet normal -0.689162 0.724607 -1.27316e-05
    outer loop
      vertex -56.5 -41.3766 3.03647
      vertex -58 -42.8032 4.42705
      vertex -56.2135 -41.1041 3.875
    endloop
  endfacet
  facet normal -0.689156 0.724613 0
    outer loop
      vertex -58 -42.8032 4.42705
      vertex -56.5 -41.3766 3.03647
      vertex -58 -42.8032 2.57295
    endloop
  endfacet
  facet normal -0.689156 0.223896 0.689156
    outer loop
      vertex -58 -39.95 0.5
      vertex -56.2135 -40.6633 2.51824
      vertex -56.5 -39.95 2
    endloop
  endfacet
  facet normal -0.689149 0.223915 0.689156
    outer loop
      vertex -56.2135 -40.6633 2.51824
      vertex -58 -39.95 0.5
      vertex -58 -41.7134 1.07295
    endloop
  endfacet
  facet normal -0.689151 0.586235 0.42591
    outer loop
      vertex -58 -41.7134 1.07295
      vertex -56.5 -41.3766 3.03647
      vertex -56.2135 -40.6633 2.51824
    endloop
  endfacet
  facet normal -0.689155 0.586228 0.425914
    outer loop
      vertex -58 -42.8032 2.57295
      vertex -56.5 -41.3766 3.03647
      vertex -58 -41.7134 1.07295
    endloop
  endfacet
  facet normal -0.689159 0.586228 -0.425908
    outer loop
      vertex -58 -42.8032 4.42705
      vertex -56.5 -40.8317 4.71352
      vertex -56.2135 -41.1041 3.875
    endloop
  endfacet
  facet normal -0.689156 0.586227 -0.425913
    outer loop
      vertex -56.5 -40.8317 4.71352
      vertex -58 -42.8032 4.42705
      vertex -58 -41.7134 5.92705
    endloop
  endfacet
  facet normal -0.689159 -0.586228 -0.425908
    outer loop
      vertex -56.5 -39.0683 4.71352
      vertex -58 -37.0968 4.42705
      vertex -56.2135 -38.7959 3.875
    endloop
  endfacet
  facet normal -0.689156 -0.586227 -0.425913
    outer loop
      vertex -58 -37.0968 4.42705
      vertex -56.5 -39.0683 4.71352
      vertex -58 -38.1866 5.92705
    endloop
  endfacet
  facet normal -0.689162 -0.724607 -1.27316e-05
    outer loop
      vertex -58 -37.0968 4.42705
      vertex -56.5 -38.5234 3.03647
      vertex -56.2135 -38.7959 3.875
    endloop
  endfacet
  facet normal -0.689156 -0.724613 0
    outer loop
      vertex -56.5 -38.5234 3.03647
      vertex -58 -37.0968 4.42705
      vertex -58 -37.0968 2.57295
    endloop
  endfacet
  facet normal -0.689155 -0.586228 0.425914
    outer loop
      vertex -58 -38.1866 1.07295
      vertex -56.5 -38.5234 3.03647
      vertex -58 -37.0968 2.57295
    endloop
  endfacet
  facet normal -0.689151 -0.586235 0.42591
    outer loop
      vertex -56.5 -38.5234 3.03647
      vertex -58 -38.1866 1.07295
      vertex -56.2135 -39.2367 2.51824
    endloop
  endfacet
  facet normal -0.689154 0.223914 -0.689151
    outer loop
      vertex -58 -39.95 6.5
      vertex -56.5 -40.8317 4.71352
      vertex -58 -41.7134 5.92705
    endloop
  endfacet
  facet normal -0.689146 0.223931 -0.689154
    outer loop
      vertex -56.5 -40.8317 4.71352
      vertex -58 -39.95 6.5
      vertex -56.2135 -39.95 4.71352
    endloop
  endfacet
  facet normal 0.689154 -0.223914 -0.689151
    outer loop
      vertex 58 39.95 6.5
      vertex 56.5 40.8317 4.71352
      vertex 58 41.7134 5.92705
    endloop
  endfacet
  facet normal 0.689146 -0.223931 -0.689154
    outer loop
      vertex 56.5 40.8317 4.71352
      vertex 58 39.95 6.5
      vertex 56.2135 39.95 4.71352
    endloop
  endfacet
  facet normal 0.689156 0.223896 0.689156
    outer loop
      vertex 56.2135 39.2367 2.51824
      vertex 58 39.95 0.5
      vertex 56.5 39.95 2
    endloop
  endfacet
  facet normal 0.689149 0.223915 0.689156
    outer loop
      vertex 58 39.95 0.5
      vertex 56.2135 39.2367 2.51824
      vertex 58 38.1866 1.07295
    endloop
  endfacet
  facet normal 0.689156 0.586227 -0.425913
    outer loop
      vertex 58 37.0968 4.42705
      vertex 56.5 39.0683 4.71352
      vertex 58 38.1866 5.92705
    endloop
  endfacet
  facet normal 0.689159 0.586228 -0.425908
    outer loop
      vertex 56.5 39.0683 4.71352
      vertex 58 37.0968 4.42705
      vertex 56.2135 38.7959 3.875
    endloop
  endfacet
  facet normal 0.689149 -0.223915 0.689156
    outer loop
      vertex 56.2135 40.6633 2.51824
      vertex 58 39.95 0.5
      vertex 58 41.7134 1.07295
    endloop
  endfacet
  facet normal 0.689156 -0.223896 0.689156
    outer loop
      vertex 58 39.95 0.5
      vertex 56.2135 40.6633 2.51824
      vertex 56.5 39.95 2
    endloop
  endfacet
  facet normal 0.689162 0.724607 -1.27316e-05
    outer loop
      vertex 58 37.0968 4.42705
      vertex 56.5 38.5234 3.03647
      vertex 56.2135 38.7959 3.875
    endloop
  endfacet
  facet normal 0.689156 0.724613 0
    outer loop
      vertex 56.5 38.5234 3.03647
      vertex 58 37.0968 4.42705
      vertex 58 37.0968 2.57295
    endloop
  endfacet
  facet normal 0.689155 -0.586228 0.425914
    outer loop
      vertex 58 42.8032 2.57295
      vertex 56.5 41.3766 3.03647
      vertex 58 41.7134 1.07295
    endloop
  endfacet
  facet normal 0.689151 -0.586235 0.42591
    outer loop
      vertex 58 41.7134 1.07295
      vertex 56.5 41.3766 3.03647
      vertex 56.2135 40.6633 2.51824
    endloop
  endfacet
  facet normal 0.689154 0.223914 -0.689151
    outer loop
      vertex 56.5 39.0683 4.71352
      vertex 58 39.95 6.5
      vertex 58 38.1866 5.92705
    endloop
  endfacet
  facet normal 0.689146 0.223931 -0.689154
    outer loop
      vertex 58 39.95 6.5
      vertex 56.5 39.0683 4.71352
      vertex 56.2135 39.95 4.71352
    endloop
  endfacet
  facet normal 0.689162 -0.724607 -1.27316e-05
    outer loop
      vertex 56.5 41.3766 3.03647
      vertex 58 42.8032 4.42705
      vertex 56.2135 41.1041 3.875
    endloop
  endfacet
  facet normal 0.689156 -0.724613 0
    outer loop
      vertex 58 42.8032 4.42705
      vertex 56.5 41.3766 3.03647
      vertex 58 42.8032 2.57295
    endloop
  endfacet
  facet normal 0.689156 -0.586227 -0.425913
    outer loop
      vertex 56.5 40.8317 4.71352
      vertex 58 42.8032 4.42705
      vertex 58 41.7134 5.92705
    endloop
  endfacet
  facet normal 0.689159 -0.586228 -0.425908
    outer loop
      vertex 58 42.8032 4.42705
      vertex 56.5 40.8317 4.71352
      vertex 56.2135 41.1041 3.875
    endloop
  endfacet
  facet normal 0.689151 0.586235 0.42591
    outer loop
      vertex 56.5 38.5234 3.03647
      vertex 58 38.1866 1.07295
      vertex 56.2135 39.2367 2.51824
    endloop
  endfacet
  facet normal 0.689155 0.586228 0.425914
    outer loop
      vertex 58 38.1866 1.07295
      vertex 56.5 38.5234 3.03647
      vertex 58 37.0968 2.57295
    endloop
  endfacet
  facet normal 0.689154 -0.223914 -0.689151
    outer loop
      vertex 58 -39.95 6.5
      vertex 56.5 -39.0683 4.71352
      vertex 58 -38.1866 5.92705
    endloop
  endfacet
  facet normal 0.689146 -0.223931 -0.689154
    outer loop
      vertex 56.5 -39.0683 4.71352
      vertex 58 -39.95 6.5
      vertex 56.2135 -39.95 4.71352
    endloop
  endfacet
  facet normal 0.689156 0.223896 0.689156
    outer loop
      vertex 56.2135 -40.6633 2.51824
      vertex 58 -39.95 0.5
      vertex 56.5 -39.95 2
    endloop
  endfacet
  facet normal 0.689149 0.223915 0.689156
    outer loop
      vertex 58 -39.95 0.5
      vertex 56.2135 -40.6633 2.51824
      vertex 58 -41.7134 1.07295
    endloop
  endfacet
  facet normal 0.689156 0.586227 -0.425913
    outer loop
      vertex 58 -42.8032 4.42705
      vertex 56.5 -40.8317 4.71352
      vertex 58 -41.7134 5.92705
    endloop
  endfacet
  facet normal 0.689159 0.586228 -0.425908
    outer loop
      vertex 56.5 -40.8317 4.71352
      vertex 58 -42.8032 4.42705
      vertex 56.2135 -41.1041 3.875
    endloop
  endfacet
  facet normal 0.689155 -0.586228 0.425914
    outer loop
      vertex 56.5 -38.5234 3.03647
      vertex 58 -38.1866 1.07295
      vertex 58 -37.0968 2.57295
    endloop
  endfacet
  facet normal 0.689151 -0.586235 0.42591
    outer loop
      vertex 58 -38.1866 1.07295
      vertex 56.5 -38.5234 3.03647
      vertex 56.2135 -39.2367 2.51824
    endloop
  endfacet
  facet normal 0.689162 0.724607 -1.27316e-05
    outer loop
      vertex 58 -42.8032 4.42705
      vertex 56.5 -41.3766 3.03647
      vertex 56.2135 -41.1041 3.875
    endloop
  endfacet
  facet normal 0.689156 0.724613 0
    outer loop
      vertex 56.5 -41.3766 3.03647
      vertex 58 -42.8032 4.42705
      vertex 58 -42.8032 2.57295
    endloop
  endfacet
  facet normal 0.689149 -0.223915 0.689156
    outer loop
      vertex 56.2135 -39.2367 2.51824
      vertex 58 -39.95 0.5
      vertex 58 -38.1866 1.07295
    endloop
  endfacet
  facet normal 0.689156 -0.223896 0.689156
    outer loop
      vertex 58 -39.95 0.5
      vertex 56.2135 -39.2367 2.51824
      vertex 56.5 -39.95 2
    endloop
  endfacet
  facet normal 0.689154 0.223914 -0.689151
    outer loop
      vertex 56.5 -40.8317 4.71352
      vertex 58 -39.95 6.5
      vertex 58 -41.7134 5.92705
    endloop
  endfacet
  facet normal 0.689146 0.223931 -0.689154
    outer loop
      vertex 58 -39.95 6.5
      vertex 56.5 -40.8317 4.71352
      vertex 56.2135 -39.95 4.71352
    endloop
  endfacet
  facet normal 0.689156 -0.586227 -0.425913
    outer loop
      vertex 56.5 -39.0683 4.71352
      vertex 58 -37.0968 4.42705
      vertex 58 -38.1866 5.92705
    endloop
  endfacet
  facet normal 0.689159 -0.586228 -0.425908
    outer loop
      vertex 58 -37.0968 4.42705
      vertex 56.5 -39.0683 4.71352
      vertex 56.2135 -38.7959 3.875
    endloop
  endfacet
  facet normal 0.689155 0.586228 0.425914
    outer loop
      vertex 56.5 -41.3766 3.03647
      vertex 58 -42.8032 2.57295
      vertex 58 -41.7134 1.07295
    endloop
  endfacet
  facet normal 0.689151 0.586235 0.42591
    outer loop
      vertex 56.2135 -40.6633 2.51824
      vertex 56.5 -41.3766 3.03647
      vertex 58 -41.7134 1.07295
    endloop
  endfacet
  facet normal 0.689162 -0.724607 -1.27316e-05
    outer loop
      vertex 56.5 -38.5234 3.03647
      vertex 58 -37.0968 4.42705
      vertex 56.2135 -38.7959 3.875
    endloop
  endfacet
  facet normal 0.689156 -0.724613 0
    outer loop
      vertex 58 -37.0968 4.42705
      vertex 56.5 -38.5234 3.03647
      vertex 58 -37.0968 2.57295
    endloop
  endfacet
  facet normal -0.689161 0.689161 -0.223862
    outer loop
      vertex 40.9318 53.2135 4.21329
      vertex 42.95 55 3.5
      vertex 41.45 53.5 3.5
    endloop
  endfacet
  facet normal -0.689162 0.689146 -0.223903
    outer loop
      vertex 42.95 55 3.5
      vertex 40.9318 53.2135 4.21329
      vertex 42.3771 55 5.26336
    endloop
  endfacet
  facet normal 0.689144 0.689167 0.223897
    outer loop
      vertex 36.95 55 3.5
      vertex 38.7365 53.5 2.61832
      vertex 37.5229 55 1.73664
    endloop
  endfacet
  facet normal 0.689149 0.689149 0.223937
    outer loop
      vertex 38.7365 53.5 2.61832
      vertex 36.95 55 3.5
      vertex 38.7365 53.2135 3.5
    endloop
  endfacet
  facet normal -0.425886 0.689141 0.586264
    outer loop
      vertex 42.3771 55 1.73664
      vertex 40.4135 53.5 2.07342
      vertex 40.9318 53.2135 2.78671
    endloop
  endfacet
  facet normal -0.425911 0.689164 0.586219
    outer loop
      vertex 40.4135 53.5 2.07342
      vertex 42.3771 55 1.73664
      vertex 40.8771 55 0.64683
    endloop
  endfacet
  facet normal 0.689144 0.689167 -0.223897
    outer loop
      vertex 38.7365 53.5 4.38168
      vertex 36.95 55 3.5
      vertex 37.5229 55 5.26336
    endloop
  endfacet
  facet normal 0.689149 0.689149 -0.223937
    outer loop
      vertex 36.95 55 3.5
      vertex 38.7365 53.5 4.38168
      vertex 38.7365 53.2135 3.5
    endloop
  endfacet
  facet normal -0 0.689151 0.724618
    outer loop
      vertex 39.0229 55 0.64683
      vertex 40.4135 53.5 2.07341
      vertex 40.8771 55 0.64683
    endloop
  endfacet
  facet normal -1.10127e-05 0.689145 0.724623
    outer loop
      vertex 40.4135 53.5 2.07341
      vertex 39.0229 55 0.64683
      vertex 39.575 53.2135 2.34587
    endloop
  endfacet
  facet normal -0.955409 0.295285 0
    outer loop
      vertex 40.8771 55 0.64683
      vertex 40.4135 53.5 2.07341
      vertex 40.4135 53.5 2.07342
    endloop
  endfacet
  facet normal 0.425945 0.689148 -0.586213
    outer loop
      vertex 38.7365 53.5 4.38168
      vertex 39.0229 55 6.35317
      vertex 39.575 53.2135 4.65413
    endloop
  endfacet
  facet normal 0.425912 0.689163 -0.586219
    outer loop
      vertex 39.0229 55 6.35317
      vertex 38.7365 53.5 4.38168
      vertex 37.5229 55 5.26336
    endloop
  endfacet
  facet normal -0.689162 0.689146 0.223903
    outer loop
      vertex 40.9318 53.2135 2.78671
      vertex 42.95 55 3.5
      vertex 42.3771 55 1.73664
    endloop
  endfacet
  facet normal -0.689161 0.689161 0.223862
    outer loop
      vertex 42.95 55 3.5
      vertex 40.9318 53.2135 2.78671
      vertex 41.45 53.5 3.5
    endloop
  endfacet
  facet normal -1.88293e-05 0.689144 -0.724624
    outer loop
      vertex 39.0229 55 6.35317
      vertex 40.4135 53.5 4.92658
      vertex 39.575 53.2135 4.65413
    endloop
  endfacet
  facet normal 0 0.689153 -0.724616
    outer loop
      vertex 40.4135 53.5 4.92658
      vertex 39.0229 55 6.35317
      vertex 40.8771 55 6.35317
    endloop
  endfacet
  facet normal -0.425911 0.689164 -0.586219
    outer loop
      vertex 42.3771 55 5.26336
      vertex 40.4135 53.5 4.92658
      vertex 40.8771 55 6.35317
    endloop
  endfacet
  facet normal -0.425886 0.689141 -0.586264
    outer loop
      vertex 40.4135 53.5 4.92658
      vertex 42.3771 55 5.26336
      vertex 40.9318 53.2135 4.21329
    endloop
  endfacet
  facet normal 0.425945 0.689148 0.586213
    outer loop
      vertex 39.0229 55 0.64683
      vertex 38.7365 53.5 2.61832
      vertex 39.575 53.2135 2.34587
    endloop
  endfacet
  facet normal 0.425912 0.689163 0.586219
    outer loop
      vertex 38.7365 53.5 2.61832
      vertex 39.0229 55 0.64683
      vertex 37.5229 55 1.73664
    endloop
  endfacet
  facet normal -0.689161 0.689161 -0.223862
    outer loop
      vertex -38.9682 53.2135 4.21329
      vertex -36.95 55 3.5
      vertex -38.45 53.5 3.5
    endloop
  endfacet
  facet normal -0.689162 0.689146 -0.223903
    outer loop
      vertex -36.95 55 3.5
      vertex -38.9682 53.2135 4.21329
      vertex -37.5229 55 5.26336
    endloop
  endfacet
  facet normal -0 0.689151 0.724618
    outer loop
      vertex -40.8771 55 0.64683
      vertex -39.4865 53.5 2.07341
      vertex -39.0229 55 0.64683
    endloop
  endfacet
  facet normal -1.10127e-05 0.689145 0.724623
    outer loop
      vertex -39.4865 53.5 2.07341
      vertex -40.8771 55 0.64683
      vertex -40.325 53.2135 2.34587
    endloop
  endfacet
  facet normal 0.689149 0.689149 -0.223937
    outer loop
      vertex -42.95 55 3.5
      vertex -41.1635 53.5 4.38168
      vertex -41.1635 53.2135 3.5
    endloop
  endfacet
  facet normal 0.689144 0.689167 -0.223897
    outer loop
      vertex -41.1635 53.5 4.38168
      vertex -42.95 55 3.5
      vertex -42.3771 55 5.26336
    endloop
  endfacet
  facet normal -0.425891 0.689142 0.586259
    outer loop
      vertex -37.5229 55 1.73664
      vertex -39.4865 53.5 2.07341
      vertex -38.9682 53.2135 2.78671
    endloop
  endfacet
  facet normal -0.425912 0.689162 0.58622
    outer loop
      vertex -39.4865 53.5 2.07341
      vertex -37.5229 55 1.73664
      vertex -39.0229 55 0.64683
    endloop
  endfacet
  facet normal 0.425945 0.689148 0.586213
    outer loop
      vertex -40.8771 55 0.64683
      vertex -41.1635 53.5 2.61832
      vertex -40.325 53.2135 2.34587
    endloop
  endfacet
  facet normal 0.425912 0.689163 0.586219
    outer loop
      vertex -41.1635 53.5 2.61832
      vertex -40.8771 55 0.64683
      vertex -42.3771 55 1.73664
    endloop
  endfacet
  facet normal 0.425945 0.689148 -0.586213
    outer loop
      vertex -41.1635 53.5 4.38168
      vertex -40.8771 55 6.35317
      vertex -40.325 53.2135 4.65413
    endloop
  endfacet
  facet normal 0.425912 0.689163 -0.586219
    outer loop
      vertex -40.8771 55 6.35317
      vertex -41.1635 53.5 4.38168
      vertex -42.3771 55 5.26336
    endloop
  endfacet
  facet normal -0.689162 0.689146 0.223903
    outer loop
      vertex -38.9682 53.2135 2.78671
      vertex -36.95 55 3.5
      vertex -37.5229 55 1.73664
    endloop
  endfacet
  facet normal -0.689161 0.689161 0.223862
    outer loop
      vertex -36.95 55 3.5
      vertex -38.9682 53.2135 2.78671
      vertex -38.45 53.5 3.5
    endloop
  endfacet
  facet normal -1.88293e-05 0.689144 -0.724624
    outer loop
      vertex -40.8771 55 6.35317
      vertex -39.4865 53.5 4.92658
      vertex -40.325 53.2135 4.65413
    endloop
  endfacet
  facet normal 0 0.689153 -0.724616
    outer loop
      vertex -39.4865 53.5 4.92658
      vertex -40.8771 55 6.35317
      vertex -39.0229 55 6.35317
    endloop
  endfacet
  facet normal -0.425911 0.689164 -0.586219
    outer loop
      vertex -37.5229 55 5.26336
      vertex -39.4865 53.5 4.92658
      vertex -39.0229 55 6.35317
    endloop
  endfacet
  facet normal -0.425886 0.689141 -0.586264
    outer loop
      vertex -39.4865 53.5 4.92658
      vertex -37.5229 55 5.26336
      vertex -38.9682 53.2135 4.21329
    endloop
  endfacet
  facet normal 0.689149 0.689149 0.223937
    outer loop
      vertex -41.1635 53.5 2.61832
      vertex -42.95 55 3.5
      vertex -41.1635 53.2135 3.5
    endloop
  endfacet
  facet normal 0.689144 0.689167 0.223897
    outer loop
      vertex -42.95 55 3.5
      vertex -41.1635 53.5 2.61832
      vertex -42.3771 55 1.73664
    endloop
  endfacet
  facet normal -0.689162 -0.689146 0.223903
    outer loop
      vertex 42.95 -55 3.5
      vertex 40.9318 -53.2135 2.78671
      vertex 42.3771 -55 1.73664
    endloop
  endfacet
  facet normal -0.689161 -0.689161 0.223862
    outer loop
      vertex 40.9318 -53.2135 2.78671
      vertex 42.95 -55 3.5
      vertex 41.45 -53.5 3.5
    endloop
  endfacet
  facet normal 0.689144 -0.689167 -0.223897
    outer loop
      vertex 36.95 -55 3.5
      vertex 38.7365 -53.5 4.38168
      vertex 37.5229 -55 5.26336
    endloop
  endfacet
  facet normal 0.689149 -0.689149 -0.223937
    outer loop
      vertex 38.7365 -53.5 4.38168
      vertex 36.95 -55 3.5
      vertex 38.7365 -53.2135 3.5
    endloop
  endfacet
  facet normal -0.425911 -0.689164 -0.586219
    outer loop
      vertex 40.4135 -53.5 4.92658
      vertex 42.3771 -55 5.26336
      vertex 40.8771 -55 6.35317
    endloop
  endfacet
  facet normal -0.425886 -0.689141 -0.586264
    outer loop
      vertex 42.3771 -55 5.26336
      vertex 40.4135 -53.5 4.92658
      vertex 40.9318 -53.2135 4.21329
    endloop
  endfacet
  facet normal 0.689149 -0.689149 0.223937
    outer loop
      vertex 36.95 -55 3.5
      vertex 38.7365 -53.5 2.61832
      vertex 38.7365 -53.2135 3.5
    endloop
  endfacet
  facet normal 0.689144 -0.689167 0.223897
    outer loop
      vertex 38.7365 -53.5 2.61832
      vertex 36.95 -55 3.5
      vertex 37.5229 -55 1.73664
    endloop
  endfacet
  facet normal 0 -0.689153 -0.724616
    outer loop
      vertex 39.0229 -55 6.35317
      vertex 40.4135 -53.5 4.92658
      vertex 40.8771 -55 6.35317
    endloop
  endfacet
  facet normal -1.88293e-05 -0.689144 -0.724624
    outer loop
      vertex 40.4135 -53.5 4.92658
      vertex 39.0229 -55 6.35317
      vertex 39.575 -53.2135 4.65413
    endloop
  endfacet
  facet normal 0.425912 -0.689163 0.586219
    outer loop
      vertex 39.0229 -55 0.64683
      vertex 38.7365 -53.5 2.61832
      vertex 37.5229 -55 1.73664
    endloop
  endfacet
  facet normal 0.425945 -0.689148 0.586213
    outer loop
      vertex 38.7365 -53.5 2.61832
      vertex 39.0229 -55 0.64683
      vertex 39.575 -53.2135 2.34587
    endloop
  endfacet
  facet normal -0.689161 -0.689161 -0.223862
    outer loop
      vertex 42.95 -55 3.5
      vertex 40.9318 -53.2135 4.21329
      vertex 41.45 -53.5 3.5
    endloop
  endfacet
  facet normal -0.689162 -0.689146 -0.223903
    outer loop
      vertex 40.9318 -53.2135 4.21329
      vertex 42.95 -55 3.5
      vertex 42.3771 -55 5.26336
    endloop
  endfacet
  facet normal -1.88293e-05 -0.689144 0.724624
    outer loop
      vertex 39.0229 -55 0.64683
      vertex 40.4135 -53.5 2.07342
      vertex 39.575 -53.2135 2.34587
    endloop
  endfacet
  facet normal 0 -0.689153 0.724616
    outer loop
      vertex 40.4135 -53.5 2.07342
      vertex 39.0229 -55 0.64683
      vertex 40.8771 -55 0.64683
    endloop
  endfacet
  facet normal 0.323329 0.946287 0
    outer loop
      vertex 39.575 -53.2135 2.34587
      vertex 40.4135 -53.5 2.07342
      vertex 40.4135 -53.5 2.07341
    endloop
  endfacet
  facet normal -0.425886 -0.689141 0.586264
    outer loop
      vertex 40.4135 -53.5 2.07342
      vertex 42.3771 -55 1.73664
      vertex 40.9318 -53.2135 2.78671
    endloop
  endfacet
  facet normal -0.425911 -0.689164 0.586219
    outer loop
      vertex 42.3771 -55 1.73664
      vertex 40.4135 -53.5 2.07342
      vertex 40.8771 -55 0.64683
    endloop
  endfacet
  facet normal 0.425912 -0.689163 -0.586219
    outer loop
      vertex 38.7365 -53.5 4.38168
      vertex 39.0229 -55 6.35317
      vertex 37.5229 -55 5.26336
    endloop
  endfacet
  facet normal 0.425945 -0.689148 -0.586213
    outer loop
      vertex 39.0229 -55 6.35317
      vertex 38.7365 -53.5 4.38168
      vertex 39.575 -53.2135 4.65413
    endloop
  endfacet
  facet normal -0.689162 -0.689146 0.223903
    outer loop
      vertex -36.95 -55 3.5
      vertex -38.9682 -53.2135 2.78671
      vertex -37.5229 -55 1.73664
    endloop
  endfacet
  facet normal -0.689161 -0.689161 0.223862
    outer loop
      vertex -38.9682 -53.2135 2.78671
      vertex -36.95 -55 3.5
      vertex -38.45 -53.5 3.5
    endloop
  endfacet
  facet normal 0.689149 -0.689149 0.223937
    outer loop
      vertex -42.95 -55 3.5
      vertex -41.1635 -53.5 2.61832
      vertex -41.1635 -53.2135 3.5
    endloop
  endfacet
  facet normal 0.689144 -0.689167 0.223897
    outer loop
      vertex -41.1635 -53.5 2.61832
      vertex -42.95 -55 3.5
      vertex -42.3771 -55 1.73664
    endloop
  endfacet
  facet normal 0 -0.689153 -0.724616
    outer loop
      vertex -40.8771 -55 6.35317
      vertex -39.4865 -53.5 4.92658
      vertex -39.0229 -55 6.35317
    endloop
  endfacet
  facet normal -1.88293e-05 -0.689144 -0.724624
    outer loop
      vertex -39.4865 -53.5 4.92658
      vertex -40.8771 -55 6.35317
      vertex -40.325 -53.2135 4.65413
    endloop
  endfacet
  facet normal -0.689161 -0.689161 -0.223862
    outer loop
      vertex -36.95 -55 3.5
      vertex -38.9682 -53.2135 4.21329
      vertex -38.45 -53.5 3.5
    endloop
  endfacet
  facet normal -0.689162 -0.689146 -0.223903
    outer loop
      vertex -38.9682 -53.2135 4.21329
      vertex -36.95 -55 3.5
      vertex -37.5229 -55 5.26336
    endloop
  endfacet
  facet normal -0.425911 -0.689164 -0.586219
    outer loop
      vertex -39.4865 -53.5 4.92658
      vertex -37.5229 -55 5.26336
      vertex -39.0229 -55 6.35317
    endloop
  endfacet
  facet normal -0.425886 -0.689141 -0.586264
    outer loop
      vertex -37.5229 -55 5.26336
      vertex -39.4865 -53.5 4.92658
      vertex -38.9682 -53.2135 4.21329
    endloop
  endfacet
  facet normal 0.425912 -0.689163 -0.586219
    outer loop
      vertex -41.1635 -53.5 4.38168
      vertex -40.8771 -55 6.35317
      vertex -42.3771 -55 5.26336
    endloop
  endfacet
  facet normal 0.425945 -0.689148 -0.586213
    outer loop
      vertex -40.8771 -55 6.35317
      vertex -41.1635 -53.5 4.38168
      vertex -40.325 -53.2135 4.65413
    endloop
  endfacet
  facet normal 0.425912 -0.689163 0.586219
    outer loop
      vertex -40.8771 -55 0.64683
      vertex -41.1635 -53.5 2.61832
      vertex -42.3771 -55 1.73664
    endloop
  endfacet
  facet normal 0.425945 -0.689148 0.586213
    outer loop
      vertex -41.1635 -53.5 2.61832
      vertex -40.8771 -55 0.64683
      vertex -40.325 -53.2135 2.34587
    endloop
  endfacet
  facet normal -1.10127e-05 -0.689145 0.724623
    outer loop
      vertex -40.8771 -55 0.64683
      vertex -39.4865 -53.5 2.07341
      vertex -40.325 -53.2135 2.34587
    endloop
  endfacet
  facet normal 0 -0.689151 0.724618
    outer loop
      vertex -39.4865 -53.5 2.07341
      vertex -40.8771 -55 0.64683
      vertex -39.0229 -55 0.64683
    endloop
  endfacet
  facet normal -0.425891 -0.689142 0.586259
    outer loop
      vertex -39.4865 -53.5 2.07341
      vertex -37.5229 -55 1.73664
      vertex -38.9682 -53.2135 2.78671
    endloop
  endfacet
  facet normal -0.425912 -0.689162 0.58622
    outer loop
      vertex -37.5229 -55 1.73664
      vertex -39.4865 -53.5 2.07341
      vertex -39.0229 -55 0.64683
    endloop
  endfacet
  facet normal 0.689144 -0.689167 -0.223897
    outer loop
      vertex -42.95 -55 3.5
      vertex -41.1635 -53.5 4.38168
      vertex -42.3771 -55 5.26336
    endloop
  endfacet
  facet normal 0.689149 -0.689149 -0.223937
    outer loop
      vertex -41.1635 -53.5 4.38168
      vertex -42.95 -55 3.5
      vertex -41.1635 -53.2135 3.5
    endloop
  endfacet
  facet normal -0.850216 0 0.526434
    outer loop
      vertex 3.76894 55 4.56415
      vertex 4.75561 60 6.15767
      vertex 3.76894 60 4.56415
    endloop
  endfacet
  facet normal -0.850216 0 0.526434
    outer loop
      vertex 4.75561 60 6.15767
      vertex 3.76894 55 4.56415
      vertex 4.75561 55 6.15767
    endloop
  endfacet
  facet normal -0.982973 0 0.183749
    outer loop
      vertex 4.75561 55 6.15767
      vertex 5.1 60 8
      vertex 4.75561 60 6.15767
    endloop
  endfacet
  facet normal -0.982973 0 0.183749
    outer loop
      vertex 5.1 60 8
      vertex 4.75561 55 6.15767
      vertex 5.1 55 8
    endloop
  endfacet
  facet normal -0.602633 0 0.798019
    outer loop
      vertex 2.27326 60 3.43467
      vertex 3.76894 55 4.56415
      vertex 3.76894 60 4.56415
    endloop
  endfacet
  facet normal -0.602633 0 0.798019
    outer loop
      vertex 3.76894 55 4.56415
      vertex 2.27326 60 3.43467
      vertex 2.27326 55 3.43467
    endloop
  endfacet
  facet normal 1 -0 0
    outer loop
      vertex -5.01316 55 8.93712
      vertex -5.01316 60 7.06288
      vertex -5.01316 60 8.93712
    endloop
  endfacet
  facet normal 1 0 0
    outer loop
      vertex -5.01316 60 7.06288
      vertex -5.01316 55 8.93712
      vertex -5.01316 55 7.06288
    endloop
  endfacet
  facet normal -0.273658 0 -0.961827
    outer loop
      vertex 0.470568 55 13.0782
      vertex 2.27326 60 12.5653
      vertex 2.27326 55 12.5653
    endloop
  endfacet
  facet normal -0.273658 0 -0.961827
    outer loop
      vertex 2.27326 60 12.5653
      vertex 0.470568 55 13.0782
      vertex 0.470568 60 13.0782
    endloop
  endfacet
  facet normal -0.273668 0 0.961824
    outer loop
      vertex 0.470568 60 2.92175
      vertex 2.27326 55 3.43467
      vertex 2.27326 60 3.43467
    endloop
  endfacet
  facet normal -0.273668 0 0.961824
    outer loop
      vertex 2.27326 55 3.43467
      vertex 0.470568 60 2.92175
      vertex 0.470568 55 2.92175
    endloop
  endfacet
  facet normal 0.739011 -0 0.673694
    outer loop
      vertex -4.33611 55 5.3152
      vertex -3.07344 60 3.93011
      vertex -4.33611 60 5.3152
    endloop
  endfacet
  facet normal 0.739011 0 0.673694
    outer loop
      vertex -3.07344 60 3.93011
      vertex -4.33611 55 5.3152
      vertex -3.07344 55 3.93011
    endloop
  endfacet
  facet normal 0.932473 -0 0.361239
    outer loop
      vertex -5.01316 55 7.06288
      vertex -4.33611 60 5.3152
      vertex -5.01316 60 7.06288
    endloop
  endfacet
  facet normal 0.932473 0 0.361239
    outer loop
      vertex -4.33611 60 5.3152
      vertex -5.01316 55 7.06288
      vertex -4.33611 55 5.3152
    endloop
  endfacet
  facet normal 0.0922507 0 -0.995736
    outer loop
      vertex -1.39568 55 12.9053
      vertex 0.470568 60 13.0782
      vertex 0.470568 55 13.0782
    endloop
  endfacet
  facet normal 0.0922507 0 -0.995736
    outer loop
      vertex 0.470568 60 13.0782
      vertex -1.39568 55 12.9053
      vertex -1.39568 60 12.9053
    endloop
  endfacet
  facet normal -0.982973 0 -0.183749
    outer loop
      vertex 5.1 55 8
      vertex 4.75561 60 9.84233
      vertex 5.1 60 8
    endloop
  endfacet
  facet normal -0.982973 -0 -0.183749
    outer loop
      vertex 4.75561 60 9.84233
      vertex 5.1 55 8
      vertex 4.75561 55 9.84233
    endloop
  endfacet
  facet normal -0.850209 0 -0.526446
    outer loop
      vertex 4.75561 55 9.84233
      vertex 3.76894 60 11.4358
      vertex 4.75561 60 9.84233
    endloop
  endfacet
  facet normal -0.850209 -0 -0.526446
    outer loop
      vertex 3.76894 60 11.4358
      vertex 4.75561 55 9.84233
      vertex 3.76894 55 11.4358
    endloop
  endfacet
  facet normal -0.60264 0 -0.798013
    outer loop
      vertex 2.27326 55 12.5653
      vertex 3.76894 60 11.4358
      vertex 3.76894 55 11.4358
    endloop
  endfacet
  facet normal -0.60264 0 -0.798013
    outer loop
      vertex 3.76894 60 11.4358
      vertex 2.27326 55 12.5653
      vertex 2.27326 60 12.5653
    endloop
  endfacet
  facet normal 0.0922719 0 0.995734
    outer loop
      vertex -1.39568 60 3.09469
      vertex 0.470568 55 2.92175
      vertex 0.470568 60 2.92175
    endloop
  endfacet
  facet normal 0.0922719 0 0.995734
    outer loop
      vertex 0.470568 55 2.92175
      vertex -1.39568 60 3.09469
      vertex -1.39568 55 3.09469
    endloop
  endfacet
  facet normal 0.739013 0 -0.673691
    outer loop
      vertex -3.07344 55 12.0699
      vertex -4.33611 60 10.6848
      vertex -3.07344 60 12.0699
    endloop
  endfacet
  facet normal 0.739013 0 -0.673691
    outer loop
      vertex -4.33611 60 10.6848
      vertex -3.07344 55 12.0699
      vertex -4.33611 55 10.6848
    endloop
  endfacet
  facet normal 0.445736 0 0.895164
    outer loop
      vertex -3.07344 60 3.93011
      vertex -1.39568 55 3.09469
      vertex -1.39568 60 3.09469
    endloop
  endfacet
  facet normal 0.445736 0 0.895164
    outer loop
      vertex -1.39568 55 3.09469
      vertex -3.07344 60 3.93011
      vertex -3.07344 55 3.93011
    endloop
  endfacet
  facet normal 0.932473 0 -0.361239
    outer loop
      vertex -4.33611 55 10.6848
      vertex -5.01316 60 8.93712
      vertex -4.33611 60 10.6848
    endloop
  endfacet
  facet normal 0.932473 0 -0.361239
    outer loop
      vertex -5.01316 60 8.93712
      vertex -4.33611 55 10.6848
      vertex -5.01316 55 8.93712
    endloop
  endfacet
  facet normal 0 1 0
    outer loop
      vertex 2.27326 55 12.5653
      vertex -1.39568 55 12.9053
      vertex 0.470568 55 13.0782
    endloop
  endfacet
  facet normal 0 1 0
    outer loop
      vertex 2.27326 55 12.5653
      vertex -3.07344 55 12.0699
      vertex -1.39568 55 12.9053
    endloop
  endfacet
  facet normal 0 1 0
    outer loop
      vertex 3.76894 55 11.4358
      vertex -3.07344 55 12.0699
      vertex 2.27326 55 12.5653
    endloop
  endfacet
  facet normal 0 1 0
    outer loop
      vertex 3.76894 55 11.4358
      vertex -4.33611 55 10.6848
      vertex -3.07344 55 12.0699
    endloop
  endfacet
  facet normal 0 1 0
    outer loop
      vertex 4.75561 55 9.84233
      vertex -4.33611 55 10.6848
      vertex 3.76894 55 11.4358
    endloop
  endfacet
  facet normal 0 1 0
    outer loop
      vertex 4.75561 55 9.84233
      vertex -5.01316 55 8.93712
      vertex -4.33611 55 10.6848
    endloop
  endfacet
  facet normal 0 1 0
    outer loop
      vertex 5.1 55 8
      vertex -5.01316 55 8.93712
      vertex 4.75561 55 9.84233
    endloop
  endfacet
  facet normal 0 1 0
    outer loop
      vertex 5.1 55 8
      vertex -5.01316 55 7.06288
      vertex -5.01316 55 8.93712
    endloop
  endfacet
  facet normal 0 1 -0
    outer loop
      vertex 4.75561 55 6.15767
      vertex -5.01316 55 7.06288
      vertex 5.1 55 8
    endloop
  endfacet
  facet normal 0 1 0
    outer loop
      vertex 4.75561 55 6.15767
      vertex -4.33611 55 5.3152
      vertex -5.01316 55 7.06288
    endloop
  endfacet
  facet normal 0 1 -0
    outer loop
      vertex 3.76894 55 4.56415
      vertex -4.33611 55 5.3152
      vertex 4.75561 55 6.15767
    endloop
  endfacet
  facet normal 0 1 0
    outer loop
      vertex 3.76894 55 4.56415
      vertex -3.07344 55 3.93011
      vertex -4.33611 55 5.3152
    endloop
  endfacet
  facet normal 0 1 -0
    outer loop
      vertex 2.27326 55 3.43467
      vertex -3.07344 55 3.93011
      vertex 3.76894 55 4.56415
    endloop
  endfacet
  facet normal 0 1 0
    outer loop
      vertex 2.27326 55 3.43467
      vertex -1.39568 55 3.09469
      vertex -3.07344 55 3.93011
    endloop
  endfacet
  facet normal -0 1 0
    outer loop
      vertex -1.39568 55 3.09469
      vertex 2.27326 55 3.43467
      vertex 0.470568 55 2.92175
    endloop
  endfacet
  facet normal 0.445728 0 -0.895169
    outer loop
      vertex -3.07344 55 12.0699
      vertex -1.39568 60 12.9053
      vertex -1.39568 55 12.9053
    endloop
  endfacet
  facet normal 0.445728 0 -0.895169
    outer loop
      vertex -1.39568 60 12.9053
      vertex -3.07344 55 12.0699
      vertex -3.07344 60 12.0699
    endloop
  endfacet
  facet normal -0.850209 0 -0.526446
    outer loop
      vertex 4.75561 -60 9.84233
      vertex 3.76894 -55 11.4358
      vertex 4.75561 -55 9.84233
    endloop
  endfacet
  facet normal -0.850209 -0 -0.526446
    outer loop
      vertex 3.76894 -55 11.4358
      vertex 4.75561 -60 9.84233
      vertex 3.76894 -60 11.4358
    endloop
  endfacet
  facet normal -0.982973 0 -0.183749
    outer loop
      vertex 5.1 -60 8
      vertex 4.75561 -55 9.84233
      vertex 5.1 -55 8
    endloop
  endfacet
  facet normal -0.982973 -0 -0.183749
    outer loop
      vertex 4.75561 -55 9.84233
      vertex 5.1 -60 8
      vertex 4.75561 -60 9.84233
    endloop
  endfacet
  facet normal 0.0922507 0 -0.995736
    outer loop
      vertex -1.39568 -60 12.9053
      vertex 0.470568 -55 13.0782
      vertex 0.470568 -60 13.0782
    endloop
  endfacet
  facet normal 0.0922507 0 -0.995736
    outer loop
      vertex 0.470568 -55 13.0782
      vertex -1.39568 -60 12.9053
      vertex -1.39568 -55 12.9053
    endloop
  endfacet
  facet normal 0.739013 0 -0.673691
    outer loop
      vertex -3.07344 -60 12.0699
      vertex -4.33611 -55 10.6848
      vertex -3.07344 -55 12.0699
    endloop
  endfacet
  facet normal 0.739013 0 -0.673691
    outer loop
      vertex -4.33611 -55 10.6848
      vertex -3.07344 -60 12.0699
      vertex -4.33611 -60 10.6848
    endloop
  endfacet
  facet normal 0.932473 0 -0.361239
    outer loop
      vertex -4.33611 -60 10.6848
      vertex -5.01316 -55 8.93712
      vertex -4.33611 -55 10.6848
    endloop
  endfacet
  facet normal 0.932473 0 -0.361239
    outer loop
      vertex -5.01316 -55 8.93712
      vertex -4.33611 -60 10.6848
      vertex -5.01316 -60 8.93712
    endloop
  endfacet
  facet normal 0 -1 0
    outer loop
      vertex -1.39568 -55 12.9053
      vertex 2.27326 -55 12.5653
      vertex 0.470568 -55 13.0782
    endloop
  endfacet
  facet normal 0 -1 0
    outer loop
      vertex -3.07344 -55 12.0699
      vertex 2.27326 -55 12.5653
      vertex -1.39568 -55 12.9053
    endloop
  endfacet
  facet normal 0 -1 0
    outer loop
      vertex -3.07344 -55 12.0699
      vertex 3.76894 -55 11.4358
      vertex 2.27326 -55 12.5653
    endloop
  endfacet
  facet normal 0 -1 0
    outer loop
      vertex -4.33611 -55 10.6848
      vertex 3.76894 -55 11.4358
      vertex -3.07344 -55 12.0699
    endloop
  endfacet
  facet normal 0 -1 0
    outer loop
      vertex -4.33611 -55 10.6848
      vertex 4.75561 -55 9.84233
      vertex 3.76894 -55 11.4358
    endloop
  endfacet
  facet normal 0 -1 0
    outer loop
      vertex -5.01316 -55 8.93712
      vertex 4.75561 -55 9.84233
      vertex -4.33611 -55 10.6848
    endloop
  endfacet
  facet normal 0 -1 0
    outer loop
      vertex -5.01316 -55 8.93712
      vertex 5.1 -55 8
      vertex 4.75561 -55 9.84233
    endloop
  endfacet
  facet normal 0 -1 0
    outer loop
      vertex -5.01316 -55 7.06288
      vertex 5.1 -55 8
      vertex -5.01316 -55 8.93712
    endloop
  endfacet
  facet normal 0 -1 0
    outer loop
      vertex -5.01316 -55 7.06288
      vertex 4.75561 -55 6.15767
      vertex 5.1 -55 8
    endloop
  endfacet
  facet normal 0 -1 0
    outer loop
      vertex -4.33611 -55 5.3152
      vertex 4.75561 -55 6.15767
      vertex -5.01316 -55 7.06288
    endloop
  endfacet
  facet normal 0 -1 0
    outer loop
      vertex -4.33611 -55 5.3152
      vertex 3.76894 -55 4.56415
      vertex 4.75561 -55 6.15767
    endloop
  endfacet
  facet normal 0 -1 0
    outer loop
      vertex -3.07344 -55 3.93011
      vertex 3.76894 -55 4.56415
      vertex -4.33611 -55 5.3152
    endloop
  endfacet
  facet normal 0 -1 0
    outer loop
      vertex -3.07344 -55 3.93011
      vertex 2.27326 -55 3.43467
      vertex 3.76894 -55 4.56415
    endloop
  endfacet
  facet normal 0 -1 0
    outer loop
      vertex -1.39568 -55 3.09469
      vertex 2.27326 -55 3.43467
      vertex -3.07344 -55 3.93011
    endloop
  endfacet
  facet normal 0 -1 0
    outer loop
      vertex 2.27326 -55 3.43467
      vertex -1.39568 -55 3.09469
      vertex 0.470568 -55 2.92175
    endloop
  endfacet
  facet normal -0.273658 0 -0.961827
    outer loop
      vertex 0.470568 -60 13.0782
      vertex 2.27326 -55 12.5653
      vertex 2.27326 -60 12.5653
    endloop
  endfacet
  facet normal -0.273658 0 -0.961827
    outer loop
      vertex 2.27326 -55 12.5653
      vertex 0.470568 -60 13.0782
      vertex 0.470568 -55 13.0782
    endloop
  endfacet
  facet normal 0.0922719 0 0.995734
    outer loop
      vertex -1.39568 -55 3.09469
      vertex 0.470568 -60 2.92175
      vertex 0.470568 -55 2.92175
    endloop
  endfacet
  facet normal 0.0922719 0 0.995734
    outer loop
      vertex 0.470568 -60 2.92175
      vertex -1.39568 -55 3.09469
      vertex -1.39568 -60 3.09469
    endloop
  endfacet
  facet normal -0.60264 0 -0.798013
    outer loop
      vertex 2.27326 -60 12.5653
      vertex 3.76894 -55 11.4358
      vertex 3.76894 -60 11.4358
    endloop
  endfacet
  facet normal -0.60264 0 -0.798013
    outer loop
      vertex 3.76894 -55 11.4358
      vertex 2.27326 -60 12.5653
      vertex 2.27326 -55 12.5653
    endloop
  endfacet
  facet normal -0.273668 0 0.961824
    outer loop
      vertex 0.470568 -55 2.92175
      vertex 2.27326 -60 3.43467
      vertex 2.27326 -55 3.43467
    endloop
  endfacet
  facet normal -0.273668 0 0.961824
    outer loop
      vertex 2.27326 -60 3.43467
      vertex 0.470568 -55 2.92175
      vertex 0.470568 -60 2.92175
    endloop
  endfacet
  facet normal -0.982973 0 0.183749
    outer loop
      vertex 4.75561 -60 6.15767
      vertex 5.1 -55 8
      vertex 4.75561 -55 6.15767
    endloop
  endfacet
  facet normal -0.982973 0 0.183749
    outer loop
      vertex 5.1 -55 8
      vertex 4.75561 -60 6.15767
      vertex 5.1 -60 8
    endloop
  endfacet
  facet normal -0.602633 0 0.798019
    outer loop
      vertex 2.27326 -55 3.43467
      vertex 3.76894 -60 4.56415
      vertex 3.76894 -55 4.56415
    endloop
  endfacet
  facet normal -0.602633 0 0.798019
    outer loop
      vertex 3.76894 -60 4.56415
      vertex 2.27326 -55 3.43467
      vertex 2.27326 -60 3.43467
    endloop
  endfacet
  facet normal 0.932473 -0 0.361239
    outer loop
      vertex -5.01316 -60 7.06288
      vertex -4.33611 -55 5.3152
      vertex -5.01316 -55 7.06288
    endloop
  endfacet
  facet normal 0.932473 0 0.361239
    outer loop
      vertex -4.33611 -55 5.3152
      vertex -5.01316 -60 7.06288
      vertex -4.33611 -60 5.3152
    endloop
  endfacet
  facet normal 0.445728 0 -0.895169
    outer loop
      vertex -3.07344 -60 12.0699
      vertex -1.39568 -55 12.9053
      vertex -1.39568 -60 12.9053
    endloop
  endfacet
  facet normal 0.445728 0 -0.895169
    outer loop
      vertex -1.39568 -55 12.9053
      vertex -3.07344 -60 12.0699
      vertex -3.07344 -55 12.0699
    endloop
  endfacet
  facet normal 1 -0 0
    outer loop
      vertex -5.01316 -60 8.93712
      vertex -5.01316 -55 7.06288
      vertex -5.01316 -55 8.93712
    endloop
  endfacet
  facet normal 1 0 0
    outer loop
      vertex -5.01316 -55 7.06288
      vertex -5.01316 -60 8.93712
      vertex -5.01316 -60 7.06288
    endloop
  endfacet
  facet normal -0.850216 0 0.526434
    outer loop
      vertex 3.76894 -60 4.56415
      vertex 4.75561 -55 6.15767
      vertex 3.76894 -55 4.56415
    endloop
  endfacet
  facet normal -0.850216 0 0.526434
    outer loop
      vertex 4.75561 -55 6.15767
      vertex 3.76894 -60 4.56415
      vertex 4.75561 -60 6.15767
    endloop
  endfacet
  facet normal 0.739011 -0 0.673694
    outer loop
      vertex -4.33611 -60 5.3152
      vertex -3.07344 -55 3.93011
      vertex -4.33611 -55 5.3152
    endloop
  endfacet
  facet normal 0.739011 0 0.673694
    outer loop
      vertex -3.07344 -55 3.93011
      vertex -4.33611 -60 5.3152
      vertex -3.07344 -60 3.93011
    endloop
  endfacet
  facet normal 0.445736 0 0.895164
    outer loop
      vertex -3.07344 -55 3.93011
      vertex -1.39568 -60 3.09469
      vertex -1.39568 -55 3.09469
    endloop
  endfacet
  facet normal 0.445736 0 0.895164
    outer loop
      vertex -1.39568 -60 3.09469
      vertex -3.07344 -55 3.93011
      vertex -3.07344 -60 3.93011
    endloop
  endfacet
  facet normal 0.841265 0 -0.540624
    outer loop
      vertex -60.1938 -60 10.5318
      vertex -61.2143 -46 8.9438
      vertex -60.1938 -46 10.5318
    endloop
  endfacet
  facet normal 0.841265 0 -0.540624
    outer loop
      vertex -61.2143 -46 8.9438
      vertex -60.1938 -60 10.5318
      vertex -61.2143 -60 8.9438
    endloop
  endfacet
  facet normal -0.65485 0 0.755759
    outer loop
      vertex -56.6084 -46 4.95273
      vertex -55.1818 -60 6.18885
      vertex -55.1818 -46 6.18885
    endloop
  endfacet
  facet normal -0.65485 0 0.755759
    outer loop
      vertex -55.1818 -60 6.18885
      vertex -56.6084 -46 4.95273
      vertex -56.6084 -60 4.95273
    endloop
  endfacet
  facet normal -0.959493 0 0.281732
    outer loop
      vertex -55.1818 -60 6.18885
      vertex -54.65 -46 8
      vertex -55.1818 -46 6.18885
    endloop
  endfacet
  facet normal -0.959493 0 0.281732
    outer loop
      vertex -54.65 -46 8
      vertex -55.1818 -60 6.18885
      vertex -54.65 -60 8
    endloop
  endfacet
  facet normal -0.142321 0 0.989821
    outer loop
      vertex -58 -46 4.75264
      vertex -56.6084 -60 4.95273
      vertex -56.6084 -46 4.95273
    endloop
  endfacet
  facet normal -0.142287 0 0.989825
    outer loop
      vertex -58.4768 -60 4.6841
      vertex -58 -46 4.75264
      vertex -58.4768 -46 4.6841
    endloop
  endfacet
  facet normal -0.142312 8.57016e-07 0.989822
    outer loop
      vertex -58 -46 4.75264
      vertex -58.4768 -60 4.6841
      vertex -56.6084 -60 4.95273
    endloop
  endfacet
  facet normal 0.41542 0 0.90963
    outer loop
      vertex -60.1938 -46 5.46824
      vertex -58.4768 -60 4.6841
      vertex -58.4768 -46 4.6841
    endloop
  endfacet
  facet normal 0.41542 0 0.90963
    outer loop
      vertex -58.4768 -60 4.6841
      vertex -60.1938 -46 5.46824
      vertex -60.1938 -60 5.46824
    endloop
  endfacet
  facet normal -0.654859 0 -0.755751
    outer loop
      vertex -56.6084 -60 11.0473
      vertex -55.1818 -46 9.81115
      vertex -55.1818 -60 9.81115
    endloop
  endfacet
  facet normal -0.654859 0 -0.755751
    outer loop
      vertex -55.1818 -46 9.81115
      vertex -56.6084 -60 11.0473
      vertex -56.6084 -46 11.0473
    endloop
  endfacet
  facet normal 1 -0 0
    outer loop
      vertex -61.2143 -60 8.9438
      vertex -61.2143 -46 7.0562
      vertex -61.2143 -46 8.9438
    endloop
  endfacet
  facet normal 1 0 0
    outer loop
      vertex -61.2143 -46 7.0562
      vertex -61.2143 -60 8.9438
      vertex -61.2143 -60 7.0562
    endloop
  endfacet
  facet normal 0.415403 0 -0.909638
    outer loop
      vertex -60.1938 -60 10.5318
      vertex -58.4768 -46 11.3159
      vertex -58.4768 -60 11.3159
    endloop
  endfacet
  facet normal 0.415403 0 -0.909638
    outer loop
      vertex -58.4768 -46 11.3159
      vertex -60.1938 -60 10.5318
      vertex -60.1938 -46 10.5318
    endloop
  endfacet
  facet normal -0.142327 0 -0.98982
    outer loop
      vertex -56.6084 -60 11.0473
      vertex -58 -46 11.2474
      vertex -56.6084 -46 11.0473
    endloop
  endfacet
  facet normal -0.142296 3.14381e-06 -0.989824
    outer loop
      vertex -58.4768 -60 11.3159
      vertex -58 -46 11.2474
      vertex -56.6084 -60 11.0473
    endloop
  endfacet
  facet normal -0.142206 0 -0.989837
    outer loop
      vertex -58 -46 11.2474
      vertex -58.4768 -60 11.3159
      vertex -58.4768 -46 11.3159
    endloop
  endfacet
  facet normal 0.841258 -0 0.540633
    outer loop
      vertex -61.2143 -60 7.0562
      vertex -60.1938 -46 5.46824
      vertex -61.2143 -46 7.0562
    endloop
  endfacet
  facet normal 0.841258 0 0.540633
    outer loop
      vertex -60.1938 -46 5.46824
      vertex -61.2143 -60 7.0562
      vertex -60.1938 -60 5.46824
    endloop
  endfacet
  facet normal -0.959493 0 -0.281732
    outer loop
      vertex -54.65 -60 8
      vertex -55.1818 -46 9.81115
      vertex -54.65 -46 8
    endloop
  endfacet
  facet normal -0.959493 -0 -0.281732
    outer loop
      vertex -55.1818 -46 9.81115
      vertex -54.65 -60 8
      vertex -55.1818 -60 9.81115
    endloop
  endfacet
  facet normal 0.41542 0 0.90963
    outer loop
      vertex -60.1938 60 5.46824
      vertex -58.4768 46 4.6841
      vertex -58.4768 60 4.6841
    endloop
  endfacet
  facet normal 0.41542 0 0.90963
    outer loop
      vertex -58.4768 46 4.6841
      vertex -60.1938 60 5.46824
      vertex -60.1938 46 5.46824
    endloop
  endfacet
  facet normal -0.654859 0 -0.755751
    outer loop
      vertex -56.6084 46 11.0473
      vertex -55.1818 60 9.81115
      vertex -55.1818 46 9.81115
    endloop
  endfacet
  facet normal -0.654859 0 -0.755751
    outer loop
      vertex -55.1818 60 9.81115
      vertex -56.6084 46 11.0473
      vertex -56.6084 60 11.0473
    endloop
  endfacet
  facet normal -0.959493 0 -0.281732
    outer loop
      vertex -54.65 46 8
      vertex -55.1818 60 9.81115
      vertex -54.65 60 8
    endloop
  endfacet
  facet normal -0.959493 -0 -0.281732
    outer loop
      vertex -55.1818 60 9.81115
      vertex -54.65 46 8
      vertex -55.1818 46 9.81115
    endloop
  endfacet
  facet normal -0.142327 0 -0.98982
    outer loop
      vertex -58 46 11.2474
      vertex -56.6084 60 11.0473
      vertex -56.6084 46 11.0473
    endloop
  endfacet
  facet normal -0.142206 -0 -0.989837
    outer loop
      vertex -58.4768 60 11.3159
      vertex -58 46 11.2474
      vertex -58.4768 46 11.3159
    endloop
  endfacet
  facet normal -0.142296 -3.14381e-06 -0.989824
    outer loop
      vertex -58 46 11.2474
      vertex -58.4768 60 11.3159
      vertex -56.6084 60 11.0473
    endloop
  endfacet
  facet normal 0.415403 0 -0.909638
    outer loop
      vertex -60.1938 46 10.5318
      vertex -58.4768 60 11.3159
      vertex -58.4768 46 11.3159
    endloop
  endfacet
  facet normal 0.415403 0 -0.909638
    outer loop
      vertex -58.4768 60 11.3159
      vertex -60.1938 46 10.5318
      vertex -60.1938 60 10.5318
    endloop
  endfacet
  facet normal -0.65485 0 0.755759
    outer loop
      vertex -56.6084 60 4.95273
      vertex -55.1818 46 6.18885
      vertex -55.1818 60 6.18885
    endloop
  endfacet
  facet normal -0.65485 0 0.755759
    outer loop
      vertex -55.1818 46 6.18885
      vertex -56.6084 60 4.95273
      vertex -56.6084 46 4.95273
    endloop
  endfacet
  facet normal 1 -0 0
    outer loop
      vertex -61.2143 46 8.9438
      vertex -61.2143 60 7.0562
      vertex -61.2143 60 8.9438
    endloop
  endfacet
  facet normal 1 0 0
    outer loop
      vertex -61.2143 60 7.0562
      vertex -61.2143 46 8.9438
      vertex -61.2143 46 7.0562
    endloop
  endfacet
  facet normal 0.841258 -0 0.540633
    outer loop
      vertex -61.2143 46 7.0562
      vertex -60.1938 60 5.46824
      vertex -61.2143 60 7.0562
    endloop
  endfacet
  facet normal 0.841258 0 0.540633
    outer loop
      vertex -60.1938 60 5.46824
      vertex -61.2143 46 7.0562
      vertex -60.1938 46 5.46824
    endloop
  endfacet
  facet normal -0.142321 0 0.989821
    outer loop
      vertex -56.6084 60 4.95273
      vertex -58 46 4.75264
      vertex -56.6084 46 4.95273
    endloop
  endfacet
  facet normal -0.142312 -8.57016e-07 0.989822
    outer loop
      vertex -58.4768 60 4.6841
      vertex -58 46 4.75264
      vertex -56.6084 60 4.95273
    endloop
  endfacet
  facet normal -0.142287 0 0.989825
    outer loop
      vertex -58 46 4.75264
      vertex -58.4768 60 4.6841
      vertex -58.4768 46 4.6841
    endloop
  endfacet
  facet normal -0.959493 0 0.281732
    outer loop
      vertex -55.1818 46 6.18885
      vertex -54.65 60 8
      vertex -55.1818 60 6.18885
    endloop
  endfacet
  facet normal -0.959493 0 0.281732
    outer loop
      vertex -54.65 60 8
      vertex -55.1818 46 6.18885
      vertex -54.65 46 8
    endloop
  endfacet
  facet normal 0.841265 0 -0.540624
    outer loop
      vertex -60.1938 46 10.5318
      vertex -61.2143 60 8.9438
      vertex -60.1938 60 10.5318
    endloop
  endfacet
  facet normal 0.841265 0 -0.540624
    outer loop
      vertex -61.2143 60 8.9438
      vertex -60.1938 46 10.5318
      vertex -61.2143 46 8.9438
    endloop
  endfacet
  facet normal -0.382684 -0.923879 0
    outer loop
      vertex 52.5 -22.65 10
      vertex 54.1617 -23.3383 16
      vertex 52.5 -22.65 16
    endloop
  endfacet
  facet normal -0.382684 -0.923879 -0
    outer loop
      vertex 54.1617 -23.3383 16
      vertex 52.5 -22.65 10
      vertex 54.1617 -23.3383 10
    endloop
  endfacet
  facet normal -0.923879 -0.382684 0
    outer loop
      vertex 54.85 -25 10
      vertex 54.1617 -23.3383 16
      vertex 54.1617 -23.3383 10
    endloop
  endfacet
  facet normal -0.923879 -0.382684 0
    outer loop
      vertex 54.1617 -23.3383 16
      vertex 54.85 -25 10
      vertex 54.85 -25 16
    endloop
  endfacet
  facet normal 0.382684 -0.923879 0
    outer loop
      vertex 50.8383 -23.3383 10
      vertex 52.5 -22.65 16
      vertex 50.8383 -23.3383 16
    endloop
  endfacet
  facet normal 0.382684 -0.923879 0
    outer loop
      vertex 52.5 -22.65 16
      vertex 50.8383 -23.3383 10
      vertex 52.5 -22.65 10
    endloop
  endfacet
  facet normal 0.923879 -0.382684 0
    outer loop
      vertex 50.15 -25 16
      vertex 50.8383 -23.3383 10
      vertex 50.8383 -23.3383 16
    endloop
  endfacet
  facet normal 0.923879 -0.382684 0
    outer loop
      vertex 50.8383 -23.3383 10
      vertex 50.15 -25 16
      vertex 50.15 -25 10
    endloop
  endfacet
  facet normal 0.382684 0.923879 -0
    outer loop
      vertex 52.5 -27.35 10
      vertex 50.8383 -26.6617 16
      vertex 52.5 -27.35 16
    endloop
  endfacet
  facet normal 0.382684 0.923879 0
    outer loop
      vertex 50.8383 -26.6617 16
      vertex 52.5 -27.35 10
      vertex 50.8383 -26.6617 10
    endloop
  endfacet
  facet normal -0.382684 0.923879 0
    outer loop
      vertex 54.1617 -26.6617 10
      vertex 52.5 -27.35 16
      vertex 54.1617 -26.6617 16
    endloop
  endfacet
  facet normal -0.382684 0.923879 0
    outer loop
      vertex 52.5 -27.35 16
      vertex 54.1617 -26.6617 10
      vertex 52.5 -27.35 10
    endloop
  endfacet
  facet normal -0.923879 0.382684 0
    outer loop
      vertex 54.1617 -26.6617 10
      vertex 54.85 -25 16
      vertex 54.85 -25 10
    endloop
  endfacet
  facet normal -0.923879 0.382684 0
    outer loop
      vertex 54.85 -25 16
      vertex 54.1617 -26.6617 10
      vertex 54.1617 -26.6617 16
    endloop
  endfacet
  facet normal 0.923879 0.382684 0
    outer loop
      vertex 50.8383 -26.6617 16
      vertex 50.15 -25 10
      vertex 50.15 -25 16
    endloop
  endfacet
  facet normal 0.923879 0.382684 0
    outer loop
      vertex 50.15 -25 10
      vertex 50.8383 -26.6617 16
      vertex 50.8383 -26.6617 10
    endloop
  endfacet
  facet normal 0 0 1
    outer loop
      vertex 54.1617 -23.3383 10
      vertex 54.1617 -26.6617 10
      vertex 54.85 -25 10
    endloop
  endfacet
  facet normal 0 0 1
    outer loop
      vertex 52.5 -22.65 10
      vertex 54.1617 -26.6617 10
      vertex 54.1617 -23.3383 10
    endloop
  endfacet
  facet normal 0 0 1
    outer loop
      vertex 52.5 -22.65 10
      vertex 52.5 -27.35 10
      vertex 54.1617 -26.6617 10
    endloop
  endfacet
  facet normal -0 0 1
    outer loop
      vertex 50.8383 -23.3383 10
      vertex 52.5 -27.35 10
      vertex 52.5 -22.65 10
    endloop
  endfacet
  facet normal 0 0 1
    outer loop
      vertex 50.8383 -23.3383 10
      vertex 50.8383 -26.6617 10
      vertex 52.5 -27.35 10
    endloop
  endfacet
  facet normal 0 -0 1
    outer loop
      vertex 50.8383 -26.6617 10
      vertex 50.8383 -23.3383 10
      vertex 50.15 -25 10
    endloop
  endfacet
  facet normal -0.382684 -0.923879 0
    outer loop
      vertex 52.5 27.35 10
      vertex 54.1617 26.6617 16
      vertex 52.5 27.35 16
    endloop
  endfacet
  facet normal -0.382684 -0.923879 -0
    outer loop
      vertex 54.1617 26.6617 16
      vertex 52.5 27.35 10
      vertex 54.1617 26.6617 10
    endloop
  endfacet
  facet normal -0.923879 -0.382684 0
    outer loop
      vertex 54.85 25 10
      vertex 54.1617 26.6617 16
      vertex 54.1617 26.6617 10
    endloop
  endfacet
  facet normal -0.923879 -0.382684 0
    outer loop
      vertex 54.1617 26.6617 16
      vertex 54.85 25 10
      vertex 54.85 25 16
    endloop
  endfacet
  facet normal 0.382684 -0.923879 0
    outer loop
      vertex 50.8383 26.6617 10
      vertex 52.5 27.35 16
      vertex 50.8383 26.6617 16
    endloop
  endfacet
  facet normal 0.382684 -0.923879 0
    outer loop
      vertex 52.5 27.35 16
      vertex 50.8383 26.6617 10
      vertex 52.5 27.35 10
    endloop
  endfacet
  facet normal -0.923879 0.382684 0
    outer loop
      vertex 54.1617 23.3383 10
      vertex 54.85 25 16
      vertex 54.85 25 10
    endloop
  endfacet
  facet normal -0.923879 0.382684 0
    outer loop
      vertex 54.85 25 16
      vertex 54.1617 23.3383 10
      vertex 54.1617 23.3383 16
    endloop
  endfacet
  facet normal 0.923879 -0.382684 0
    outer loop
      vertex 50.15 25 16
      vertex 50.8383 26.6617 10
      vertex 50.8383 26.6617 16
    endloop
  endfacet
  facet normal 0.923879 -0.382684 0
    outer loop
      vertex 50.8383 26.6617 10
      vertex 50.15 25 16
      vertex 50.15 25 10
    endloop
  endfacet
  facet normal 0.382684 0.923879 -0
    outer loop
      vertex 52.5 22.65 10
      vertex 50.8383 23.3383 16
      vertex 52.5 22.65 16
    endloop
  endfacet
  facet normal 0.382684 0.923879 0
    outer loop
      vertex 50.8383 23.3383 16
      vertex 52.5 22.65 10
      vertex 50.8383 23.3383 10
    endloop
  endfacet
  facet normal 0 0 1
    outer loop
      vertex 54.1617 26.6617 10
      vertex 54.1617 23.3383 10
      vertex 54.85 25 10
    endloop
  endfacet
  facet normal 0 0 1
    outer loop
      vertex 52.5 27.35 10
      vertex 54.1617 23.3383 10
      vertex 54.1617 26.6617 10
    endloop
  endfacet
  facet normal 0 0 1
    outer loop
      vertex 52.5 27.35 10
      vertex 52.5 22.65 10
      vertex 54.1617 23.3383 10
    endloop
  endfacet
  facet normal -0 0 1
    outer loop
      vertex 50.8383 26.6617 10
      vertex 52.5 22.65 10
      vertex 52.5 27.35 10
    endloop
  endfacet
  facet normal 0 0 1
    outer loop
      vertex 50.8383 26.6617 10
      vertex 50.8383 23.3383 10
      vertex 52.5 22.65 10
    endloop
  endfacet
  facet normal 0 -0 1
    outer loop
      vertex 50.8383 23.3383 10
      vertex 50.8383 26.6617 10
      vertex 50.15 25 10
    endloop
  endfacet
  facet normal -0.382684 0.923879 0
    outer loop
      vertex 54.1617 23.3383 10
      vertex 52.5 22.65 16
      vertex 54.1617 23.3383 16
    endloop
  endfacet
  facet normal -0.382684 0.923879 0
    outer loop
      vertex 52.5 22.65 16
      vertex 54.1617 23.3383 10
      vertex 52.5 22.65 10
    endloop
  endfacet
  facet normal 0.923879 0.382684 0
    outer loop
      vertex 50.8383 23.3383 16
      vertex 50.15 25 10
      vertex 50.15 25 16
    endloop
  endfacet
  facet normal 0.923879 0.382684 0
    outer loop
      vertex 50.15 25 10
      vertex 50.8383 23.3383 16
      vertex 50.8383 23.3383 10
    endloop
  endfacet
  facet normal 0.923879 0.382684 0
    outer loop
      vertex -57.1617 -26.6617 16
      vertex -57.85 -25 10
      vertex -57.85 -25 16
    endloop
  endfacet
  facet normal 0.923879 0.382684 0
    outer loop
      vertex -57.85 -25 10
      vertex -57.1617 -26.6617 16
      vertex -57.1617 -26.6617 10
    endloop
  endfacet
  facet normal -0.382684 -0.923879 0
    outer loop
      vertex -55.5 -22.65 10
      vertex -53.8383 -23.3383 16
      vertex -55.5 -22.65 16
    endloop
  endfacet
  facet normal -0.382684 -0.923879 -0
    outer loop
      vertex -53.8383 -23.3383 16
      vertex -55.5 -22.65 10
      vertex -53.8383 -23.3383 10
    endloop
  endfacet
  facet normal -0.923879 -0.382684 0
    outer loop
      vertex -53.15 -25 10
      vertex -53.8383 -23.3383 16
      vertex -53.8383 -23.3383 10
    endloop
  endfacet
  facet normal -0.923879 -0.382684 0
    outer loop
      vertex -53.8383 -23.3383 16
      vertex -53.15 -25 10
      vertex -53.15 -25 16
    endloop
  endfacet
  facet normal -0.382684 0.923879 0
    outer loop
      vertex -53.8383 -26.6617 10
      vertex -55.5 -27.35 16
      vertex -53.8383 -26.6617 16
    endloop
  endfacet
  facet normal -0.382684 0.923879 0
    outer loop
      vertex -55.5 -27.35 16
      vertex -53.8383 -26.6617 10
      vertex -55.5 -27.35 10
    endloop
  endfacet
  facet normal 0.382684 0.923879 -0
    outer loop
      vertex -55.5 -27.35 10
      vertex -57.1617 -26.6617 16
      vertex -55.5 -27.35 16
    endloop
  endfacet
  facet normal 0.382684 0.923879 0
    outer loop
      vertex -57.1617 -26.6617 16
      vertex -55.5 -27.35 10
      vertex -57.1617 -26.6617 10
    endloop
  endfacet
  facet normal -0.923879 0.382684 0
    outer loop
      vertex -53.8383 -26.6617 10
      vertex -53.15 -25 16
      vertex -53.15 -25 10
    endloop
  endfacet
  facet normal -0.923879 0.382684 0
    outer loop
      vertex -53.15 -25 16
      vertex -53.8383 -26.6617 10
      vertex -53.8383 -26.6617 16
    endloop
  endfacet
  facet normal 0.923879 -0.382684 0
    outer loop
      vertex -57.85 -25 16
      vertex -57.1617 -23.3383 10
      vertex -57.1617 -23.3383 16
    endloop
  endfacet
  facet normal 0.923879 -0.382684 0
    outer loop
      vertex -57.1617 -23.3383 10
      vertex -57.85 -25 16
      vertex -57.85 -25 10
    endloop
  endfacet
  facet normal 0.382684 -0.923879 0
    outer loop
      vertex -57.1617 -23.3383 10
      vertex -55.5 -22.65 16
      vertex -57.1617 -23.3383 16
    endloop
  endfacet
  facet normal 0.382684 -0.923879 0
    outer loop
      vertex -55.5 -22.65 16
      vertex -57.1617 -23.3383 10
      vertex -55.5 -22.65 10
    endloop
  endfacet
  facet normal 0 0 1
    outer loop
      vertex -53.8383 -23.3383 10
      vertex -53.8383 -26.6617 10
      vertex -53.15 -25 10
    endloop
  endfacet
  facet normal 0 0 1
    outer loop
      vertex -55.5 -22.65 10
      vertex -53.8383 -26.6617 10
      vertex -53.8383 -23.3383 10
    endloop
  endfacet
  facet normal 0 0 1
    outer loop
      vertex -55.5 -22.65 10
      vertex -55.5 -27.35 10
      vertex -53.8383 -26.6617 10
    endloop
  endfacet
  facet normal -0 0 1
    outer loop
      vertex -57.1617 -23.3383 10
      vertex -55.5 -27.35 10
      vertex -55.5 -22.65 10
    endloop
  endfacet
  facet normal 0 0 1
    outer loop
      vertex -57.1617 -23.3383 10
      vertex -57.1617 -26.6617 10
      vertex -55.5 -27.35 10
    endloop
  endfacet
  facet normal 0 -0 1
    outer loop
      vertex -57.1617 -26.6617 10
      vertex -57.1617 -23.3383 10
      vertex -57.85 -25 10
    endloop
  endfacet
  facet normal 0.382684 0.923879 -0
    outer loop
      vertex -55.5 22.65 10
      vertex -57.1617 23.3383 16
      vertex -55.5 22.65 16
    endloop
  endfacet
  facet normal 0.382684 0.923879 0
    outer loop
      vertex -57.1617 23.3383 16
      vertex -55.5 22.65 10
      vertex -57.1617 23.3383 10
    endloop
  endfacet
  facet normal -0.382684 -0.923879 0
    outer loop
      vertex -55.5 27.35 10
      vertex -53.8383 26.6617 16
      vertex -55.5 27.35 16
    endloop
  endfacet
  facet normal -0.382684 -0.923879 -0
    outer loop
      vertex -53.8383 26.6617 16
      vertex -55.5 27.35 10
      vertex -53.8383 26.6617 10
    endloop
  endfacet
  facet normal -0.923879 -0.382684 0
    outer loop
      vertex -53.15 25 10
      vertex -53.8383 26.6617 16
      vertex -53.8383 26.6617 10
    endloop
  endfacet
  facet normal -0.923879 -0.382684 0
    outer loop
      vertex -53.8383 26.6617 16
      vertex -53.15 25 10
      vertex -53.15 25 16
    endloop
  endfacet
  facet normal 0.382684 -0.923879 0
    outer loop
      vertex -57.1617 26.6617 10
      vertex -55.5 27.35 16
      vertex -57.1617 26.6617 16
    endloop
  endfacet
  facet normal 0.382684 -0.923879 0
    outer loop
      vertex -55.5 27.35 16
      vertex -57.1617 26.6617 10
      vertex -55.5 27.35 10
    endloop
  endfacet
  facet normal -0.382684 0.923879 0
    outer loop
      vertex -53.8383 23.3383 10
      vertex -55.5 22.65 16
      vertex -53.8383 23.3383 16
    endloop
  endfacet
  facet normal -0.382684 0.923879 0
    outer loop
      vertex -55.5 22.65 16
      vertex -53.8383 23.3383 10
      vertex -55.5 22.65 10
    endloop
  endfacet
  facet normal -0.923879 0.382684 0
    outer loop
      vertex -53.8383 23.3383 10
      vertex -53.15 25 16
      vertex -53.15 25 10
    endloop
  endfacet
  facet normal -0.923879 0.382684 0
    outer loop
      vertex -53.15 25 16
      vertex -53.8383 23.3383 10
      vertex -53.8383 23.3383 16
    endloop
  endfacet
  facet normal 0.923879 0.382684 0
    outer loop
      vertex -57.1617 23.3383 16
      vertex -57.85 25 10
      vertex -57.85 25 16
    endloop
  endfacet
  facet normal 0.923879 0.382684 0
    outer loop
      vertex -57.85 25 10
      vertex -57.1617 23.3383 16
      vertex -57.1617 23.3383 10
    endloop
  endfacet
  facet normal 0.923879 -0.382684 0
    outer loop
      vertex -57.85 25 16
      vertex -57.1617 26.6617 10
      vertex -57.1617 26.6617 16
    endloop
  endfacet
  facet normal 0.923879 -0.382684 0
    outer loop
      vertex -57.1617 26.6617 10
      vertex -57.85 25 16
      vertex -57.85 25 10
    endloop
  endfacet
  facet normal 0 0 1
    outer loop
      vertex -53.8383 26.6617 10
      vertex -53.8383 23.3383 10
      vertex -53.15 25 10
    endloop
  endfacet
  facet normal 0 0 1
    outer loop
      vertex -55.5 27.35 10
      vertex -53.8383 23.3383 10
      vertex -53.8383 26.6617 10
    endloop
  endfacet
  facet normal 0 0 1
    outer loop
      vertex -55.5 27.35 10
      vertex -55.5 22.65 10
      vertex -53.8383 23.3383 10
    endloop
  endfacet
  facet normal -0 0 1
    outer loop
      vertex -57.1617 26.6617 10
      vertex -55.5 22.65 10
      vertex -55.5 27.35 10
    endloop
  endfacet
  facet normal 0 0 1
    outer loop
      vertex -57.1617 26.6617 10
      vertex -57.1617 23.3383 10
      vertex -55.5 22.65 10
    endloop
  endfacet
  facet normal 0 -0 1
    outer loop
      vertex -57.1617 23.3383 10
      vertex -57.1617 26.6617 10
      vertex -57.85 25 10
    endloop
  endfacet
endsolid OpenSCAD_Model
