solid OpenSCAD_Model
  facet normal 0.248689 -0.968583 0
    outer loop
      vertex -3.65678 0.0797071 -4
      vertex -3.10942 0.220245 0
      vertex -3.65678 0.0797071 0
    endloop
  endfacet
  facet normal 0.248689 -0.968583 0
    outer loop
      vertex -3.10942 0.220245 0
      vertex -3.65678 0.0797071 -4
      vertex -3.10942 0.220245 -4
    endloop
  endfacet
  facet normal 0 -1 0
    outer loop
      vertex -4.5 0.00887966 -4
      vertex -4.21744 0.00887966 0
      vertex -4.5 0.00887966 0
    endloop
  endfacet
  facet normal 0 -1 -0
    outer loop
      vertex -4.21744 0.00887966 0
      vertex -4.5 0.00887966 -4
      vertex -4.21744 0.00887966 -4
    endloop
  endfacet
  facet normal 0.998027 -0.0627897 0
    outer loop
      vertex -0.0354834 3.936 0
      vertex 0 4.5 -4
      vertex 0 4.5 0
    endloop
  endfacet
  facet normal 0.998027 -0.0627897 0
    outer loop
      vertex 0 4.5 -4
      vertex -0.0354834 3.936 0
      vertex -0.0354834 3.936 -4
    endloop
  endfacet
  facet normal 0.68455 -0.728966 0
    outer loop
      vertex -1.63159 1.03269 -4
      vertex -1.21964 1.41954 0
      vertex -1.63159 1.03269 0
    endloop
  endfacet
  facet normal 0.68455 -0.728966 0
    outer loop
      vertex -1.21964 1.41954 0
      vertex -1.63159 1.03269 -4
      vertex -1.21964 1.41954 -4
    endloop
  endfacet
  facet normal 0.982287 -0.187381 0
    outer loop
      vertex -0.141376 3.38089 0
      vertex -0.0354834 3.936 -4
      vertex -0.0354834 3.936 0
    endloop
  endfacet
  facet normal 0.982287 -0.187381 0
    outer loop
      vertex -0.0354834 3.936 -4
      vertex -0.141376 3.38089 0
      vertex -0.141376 3.38089 -4
    endloop
  endfacet
  facet normal 0.904827 -0.42578 0
    outer loop
      vertex -0.55662 2.33211 0
      vertex -0.316006 2.84344 -4
      vertex -0.316006 2.84344 0
    endloop
  endfacet
  facet normal 0.904827 -0.42578 0
    outer loop
      vertex -0.316006 2.84344 -4
      vertex -0.55662 2.33211 0
      vertex -0.55662 2.33211 -4
    endloop
  endfacet
  facet normal 0.587783 -0.809019 0
    outer loop
      vertex -2.08878 0.700524 -4
      vertex -1.63159 1.03269 0
      vertex -2.08878 0.700524 0
    endloop
  endfacet
  facet normal 0.587783 -0.809019 0
    outer loop
      vertex -1.63159 1.03269 0
      vertex -2.08878 0.700524 -4
      vertex -1.63159 1.03269 -4
    endloop
  endfacet
  facet normal 0.125333 -0.992115 0
    outer loop
      vertex -4.21744 0.00887966 -4
      vertex -3.65678 0.0797071 0
      vertex -4.21744 0.00887966 0
    endloop
  endfacet
  facet normal 0.125333 -0.992115 0
    outer loop
      vertex -3.65678 0.0797071 0
      vertex -4.21744 0.00887966 -4
      vertex -3.65678 0.0797071 -4
    endloop
  endfacet
  facet normal -0 0 1
    outer loop
      vertex -13.6427 3.14907 0
      vertex -13.5 0.119962 0
      vertex -13.4801 3.26718 0
    endloop
  endfacet
  facet normal -0 0 1
    outer loop
      vertex -13.8188 3.05228 0
      vertex -13.5 0.119962 0
      vertex -13.6427 3.14907 0
    endloop
  endfacet
  facet normal -0 0 1
    outer loop
      vertex -14.0056 2.97831 0
      vertex -13.5 0.119962 0
      vertex -13.8188 3.05228 0
    endloop
  endfacet
  facet normal -0 0 1
    outer loop
      vertex -14.2002 2.92834 0
      vertex -13.5 0.119962 0
      vertex -14.0056 2.97831 0
    endloop
  endfacet
  facet normal 0 0 1
    outer loop
      vertex -13.5 0.119962 0
      vertex -14.2002 2.92834 0
      vertex -13.6568 0.0797071 0
    endloop
  endfacet
  facet normal 0 0 1
    outer loop
      vertex -14.2002 2.92834 0
      vertex -14.2174 0.00887966 0
      vertex -13.6568 0.0797071 0
    endloop
  endfacet
  facet normal -0 0 1
    outer loop
      vertex -14.3995 2.90316 0
      vertex -14.2174 0.00887966 0
      vertex -14.2002 2.92834 0
    endloop
  endfacet
  facet normal -0 0 1
    outer loop
      vertex -14.6005 2.90316 0
      vertex -14.2174 0.00887966 0
      vertex -14.3995 2.90316 0
    endloop
  endfacet
  facet normal 0 0 1
    outer loop
      vertex -14.6005 2.90316 0
      vertex -14.7826 0.00887966 0
      vertex -14.2174 0.00887966 0
    endloop
  endfacet
  facet normal 0 0 1
    outer loop
      vertex -14.7998 2.92834 0
      vertex -14.7826 0.00887966 0
      vertex -14.6005 2.90316 0
    endloop
  endfacet
  facet normal 0 0 1
    outer loop
      vertex -15.3432 0.0797071 0
      vertex -14.7998 2.92834 0
      vertex -14.9944 2.97831 0
    endloop
  endfacet
  facet normal 0 0 1
    outer loop
      vertex -15.8906 0.220245 0
      vertex -14.9944 2.97831 0
      vertex -15.1812 3.05228 0
    endloop
  endfacet
  facet normal 0 0 1
    outer loop
      vertex -14.7998 2.92834 0
      vertex -15.3432 0.0797071 0
      vertex -14.7826 0.00887966 0
    endloop
  endfacet
  facet normal 0 0 1
    outer loop
      vertex -16.416 0.428278 0
      vertex -15.1812 3.05228 0
      vertex -15.3573 3.14907 0
    endloop
  endfacet
  facet normal 0 0 1
    outer loop
      vertex -16.9112 0.700524 0
      vertex -15.3573 3.14907 0
      vertex -15.5199 3.26718 0
    endloop
  endfacet
  facet normal 0 0 1
    outer loop
      vertex -17.3684 1.03269 0
      vertex -15.5199 3.26718 0
      vertex -15.6663 3.40472 0
    endloop
  endfacet
  facet normal 0 0 1
    outer loop
      vertex -17.7804 1.41954 0
      vertex -15.6663 3.40472 0
      vertex -15.7944 3.55954 0
    endloop
  endfacet
  facet normal 0 0 1
    outer loop
      vertex -14.9944 2.97831 0
      vertex -15.8906 0.220245 0
      vertex -15.3432 0.0797071 0
    endloop
  endfacet
  facet normal 0 0 1
    outer loop
      vertex -18.1406 1.85497 0
      vertex -15.7944 3.55954 0
      vertex -15.9021 3.72919 0
    endloop
  endfacet
  facet normal 0 0 1
    outer loop
      vertex -18.4434 2.33211 0
      vertex -15.9021 3.72919 0
      vertex -15.9876 3.911 0
    endloop
  endfacet
  facet normal 0 0 1
    outer loop
      vertex -18.684 2.84344 0
      vertex -15.9876 3.911 0
      vertex -16.0497 4.1021 0
    endloop
  endfacet
  facet normal 0 0 1
    outer loop
      vertex -18.8586 3.38089 0
      vertex -16.0497 4.1021 0
      vertex -16.0874 4.29947 0
    endloop
  endfacet
  facet normal 0 0 1
    outer loop
      vertex -18.9645 3.936 0
      vertex -16.0874 4.29947 0
      vertex -16.1 4.5 0
    endloop
  endfacet
  facet normal 0 0 1
    outer loop
      vertex -15.1812 3.05228 0
      vertex -16.416 0.428278 0
      vertex -15.8906 0.220245 0
    endloop
  endfacet
  facet normal 0 0 1
    outer loop
      vertex -12 7 0
      vertex -12.9126 4.70053 0
      vertex -12.9 4.5 0
    endloop
  endfacet
  facet normal 0 0 1
    outer loop
      vertex -12 7 0
      vertex -12.9503 4.8979 0
      vertex -12.9126 4.70053 0
    endloop
  endfacet
  facet normal 0 0 1
    outer loop
      vertex -12 7 0
      vertex -13.0124 5.089 0
      vertex -12.9503 4.8979 0
    endloop
  endfacet
  facet normal 0 0 1
    outer loop
      vertex -12 7 0
      vertex -13.0979 5.27081 0
      vertex -13.0124 5.089 0
    endloop
  endfacet
  facet normal 0 0 1
    outer loop
      vertex -12 7 0
      vertex -13.2056 5.44046 0
      vertex -13.0979 5.27081 0
    endloop
  endfacet
  facet normal 0 0 1
    outer loop
      vertex -12 7 0
      vertex -13.3336 5.59527 0
      vertex -13.2056 5.44046 0
    endloop
  endfacet
  facet normal 0 0 1
    outer loop
      vertex -12 7 0
      vertex -13.4801 5.73282 0
      vertex -13.3336 5.59527 0
    endloop
  endfacet
  facet normal 0 0 1
    outer loop
      vertex -12 7 0
      vertex -13.6427 5.85092 0
      vertex -13.4801 5.73282 0
    endloop
  endfacet
  facet normal 0 0 1
    outer loop
      vertex -12 7 0
      vertex -13.8188 5.94772 0
      vertex -13.6427 5.85092 0
    endloop
  endfacet
  facet normal 0 0 1
    outer loop
      vertex -12 7 0
      vertex -14.0056 6.02169 0
      vertex -13.8188 5.94772 0
    endloop
  endfacet
  facet normal 0 0 1
    outer loop
      vertex -12 7 0
      vertex -14.2002 6.07166 0
      vertex -14.0056 6.02169 0
    endloop
  endfacet
  facet normal 0 0 1
    outer loop
      vertex -12 7 0
      vertex -14.3995 6.09684 0
      vertex -14.2002 6.07166 0
    endloop
  endfacet
  facet normal 0 0 1
    outer loop
      vertex -12 7 0
      vertex -14.6005 6.09684 0
      vertex -14.3995 6.09684 0
    endloop
  endfacet
  facet normal -0 0 1
    outer loop
      vertex -18.2326 7 0
      vertex -14.6005 6.09684 0
      vertex -12 7 0
    endloop
  endfacet
  facet normal 0 0 1
    outer loop
      vertex -14.6005 6.09684 0
      vertex -18.2326 7 0
      vertex -14.7998 6.07166 0
    endloop
  endfacet
  facet normal 0 0 1
    outer loop
      vertex -19 4.5 0
      vertex -16.1 4.5 0
      vertex -16.0874 4.70053 0
    endloop
  endfacet
  facet normal 0 0 1
    outer loop
      vertex -15.3573 3.14907 0
      vertex -16.9112 0.700524 0
      vertex -16.416 0.428278 0
    endloop
  endfacet
  facet normal 0 0 1
    outer loop
      vertex -18.9645 5.064 0
      vertex -16.0874 4.70053 0
      vertex -16.0497 4.8979 0
    endloop
  endfacet
  facet normal 0 0 1
    outer loop
      vertex -15.5199 3.26718 0
      vertex -17.3684 1.03269 0
      vertex -16.9112 0.700524 0
    endloop
  endfacet
  facet normal 0 0 1
    outer loop
      vertex -18.8586 5.6191 0
      vertex -16.0497 4.8979 0
      vertex -15.9876 5.089 0
    endloop
  endfacet
  facet normal 0 0 1
    outer loop
      vertex -15.6663 3.40472 0
      vertex -17.7804 1.41954 0
      vertex -17.3684 1.03269 0
    endloop
  endfacet
  facet normal 0 0 1
    outer loop
      vertex -18.684 6.15656 0
      vertex -15.9876 5.089 0
      vertex -15.9021 5.27081 0
    endloop
  endfacet
  facet normal 0 0 1
    outer loop
      vertex -15.7944 3.55954 0
      vertex -18.1406 1.85497 0
      vertex -17.7804 1.41954 0
    endloop
  endfacet
  facet normal 0 0 1
    outer loop
      vertex -18.2326 7 0
      vertex -15.9021 5.27081 0
      vertex -15.7944 5.44046 0
    endloop
  endfacet
  facet normal 0 0 1
    outer loop
      vertex -14.7998 6.07166 0
      vertex -18.2326 7 0
      vertex -14.9944 6.02169 0
    endloop
  endfacet
  facet normal 0 0 1
    outer loop
      vertex -18.2326 7 0
      vertex -15.1812 5.94772 0
      vertex -14.9944 6.02169 0
    endloop
  endfacet
  facet normal 0 0 1
    outer loop
      vertex -18.2326 7 0
      vertex -15.3573 5.85092 0
      vertex -15.1812 5.94772 0
    endloop
  endfacet
  facet normal 0 0 1
    outer loop
      vertex -18.2326 7 0
      vertex -15.5199 5.73282 0
      vertex -15.3573 5.85092 0
    endloop
  endfacet
  facet normal 0 0 1
    outer loop
      vertex -18.2326 7 0
      vertex -15.6663 5.59527 0
      vertex -15.5199 5.73282 0
    endloop
  endfacet
  facet normal 0 0 1
    outer loop
      vertex -18.2326 7 0
      vertex -15.7944 5.44046 0
      vertex -15.6663 5.59527 0
    endloop
  endfacet
  facet normal 0 0 1
    outer loop
      vertex -15.9021 5.27081 0
      vertex -18.2326 7 0
      vertex -18.4434 6.66789 0
    endloop
  endfacet
  facet normal 0 0 1
    outer loop
      vertex -15.9021 5.27081 0
      vertex -18.4434 6.66789 0
      vertex -18.684 6.15656 0
    endloop
  endfacet
  facet normal 0 0 1
    outer loop
      vertex -15.9021 3.72919 0
      vertex -18.4434 2.33211 0
      vertex -18.1406 1.85497 0
    endloop
  endfacet
  facet normal 0 0 1
    outer loop
      vertex -15.9876 5.089 0
      vertex -18.684 6.15656 0
      vertex -18.8586 5.6191 0
    endloop
  endfacet
  facet normal 0 0 1
    outer loop
      vertex -15.9876 3.911 0
      vertex -18.684 2.84344 0
      vertex -18.4434 2.33211 0
    endloop
  endfacet
  facet normal 0 0 1
    outer loop
      vertex -16.0497 4.8979 0
      vertex -18.8586 5.6191 0
      vertex -18.9645 5.064 0
    endloop
  endfacet
  facet normal 0 0 1
    outer loop
      vertex -16.0497 4.1021 0
      vertex -18.8586 3.38089 0
      vertex -18.684 2.84344 0
    endloop
  endfacet
  facet normal 0 0 1
    outer loop
      vertex -16.0874 4.70053 0
      vertex -18.9645 5.064 0
      vertex -19 4.5 0
    endloop
  endfacet
  facet normal 0 0 1
    outer loop
      vertex -16.0874 4.29947 0
      vertex -18.9645 3.936 0
      vertex -18.8586 3.38089 0
    endloop
  endfacet
  facet normal 0 0 1
    outer loop
      vertex -16.1 4.5 0
      vertex -19 4.5 0
      vertex -18.9645 3.936 0
    endloop
  endfacet
  facet normal -0 0 1
    outer loop
      vertex -3.33365 5.59527 0
      vertex 0 4.5 0
      vertex 0 12 0
    endloop
  endfacet
  facet normal -0 -0 1
    outer loop
      vertex -3.09791 5.27081 0
      vertex 0 4.5 0
      vertex -3.20557 5.44046 0
    endloop
  endfacet
  facet normal -0 -0 1
    outer loop
      vertex -2.95027 4.8979 0
      vertex 0 4.5 0
      vertex -3.01236 5.089 0
    endloop
  endfacet
  facet normal -0 -0 1
    outer loop
      vertex -2.91262 4.70053 0
      vertex 0 4.5 0
      vertex -2.95027 4.8979 0
    endloop
  endfacet
  facet normal 0 0 1
    outer loop
      vertex 0 4.5 0
      vertex -2.9 4.5 0
      vertex -0.0354834 3.936 0
    endloop
  endfacet
  facet normal 0 0 1
    outer loop
      vertex -0.0354834 3.936 0
      vertex -2.91262 4.29947 0
      vertex -0.141376 3.38089 0
    endloop
  endfacet
  facet normal 0 0 1
    outer loop
      vertex -0.141376 3.38089 0
      vertex -2.95027 4.1021 0
      vertex -0.316006 2.84344 0
    endloop
  endfacet
  facet normal -0 0 1
    outer loop
      vertex -3.01236 3.911 0
      vertex -0.316006 2.84344 0
      vertex -2.95027 4.1021 0
    endloop
  endfacet
  facet normal -0 0 1
    outer loop
      vertex -3.09791 3.72919 0
      vertex -0.55662 2.33211 0
      vertex -3.01236 3.911 0
    endloop
  endfacet
  facet normal 0 0 1
    outer loop
      vertex -0.55662 2.33211 0
      vertex -3.09791 3.72919 0
      vertex -0.859423 1.85497 0
    endloop
  endfacet
  facet normal 0 0 1
    outer loop
      vertex -0.316006 2.84344 0
      vertex -3.01236 3.911 0
      vertex -0.55662 2.33211 0
    endloop
  endfacet
  facet normal -0 0 1
    outer loop
      vertex -2.95027 4.1021 0
      vertex -0.141376 3.38089 0
      vertex -2.91262 4.29947 0
    endloop
  endfacet
  facet normal -0 0 1
    outer loop
      vertex -2.91262 4.29947 0
      vertex -0.0354834 3.936 0
      vertex -2.9 4.5 0
    endloop
  endfacet
  facet normal 0 -0 1
    outer loop
      vertex -2.9 4.5 0
      vertex 0 4.5 0
      vertex -2.91262 4.70053 0
    endloop
  endfacet
  facet normal -0 -0 1
    outer loop
      vertex -3.01236 5.089 0
      vertex 0 4.5 0
      vertex -3.09791 5.27081 0
    endloop
  endfacet
  facet normal 0 0 1
    outer loop
      vertex 0 4.5 0
      vertex -3.33365 5.59527 0
      vertex -3.20557 5.44046 0
    endloop
  endfacet
  facet normal 0 0 1
    outer loop
      vertex 0 12 0
      vertex -3.48012 5.73282 0
      vertex -3.33365 5.59527 0
    endloop
  endfacet
  facet normal 0 0 1
    outer loop
      vertex 0 12 0
      vertex -3.64268 5.85092 0
      vertex -3.48012 5.73282 0
    endloop
  endfacet
  facet normal 0 0 1
    outer loop
      vertex 0 12 0
      vertex -3.81875 5.94772 0
      vertex -3.64268 5.85092 0
    endloop
  endfacet
  facet normal 0 0 1
    outer loop
      vertex 0 12 0
      vertex -4.00557 6.02169 0
      vertex -3.81875 5.94772 0
    endloop
  endfacet
  facet normal 0 0 1
    outer loop
      vertex 0 12 0
      vertex -4.20019 6.07166 0
      vertex -4.00557 6.02169 0
    endloop
  endfacet
  facet normal 0 0 1
    outer loop
      vertex 0 12 0
      vertex -4.39953 6.09684 0
      vertex -4.20019 6.07166 0
    endloop
  endfacet
  facet normal 0 0 1
    outer loop
      vertex 0 12 0
      vertex -4.60046 6.09684 0
      vertex -4.39953 6.09684 0
    endloop
  endfacet
  facet normal 0 0 1
    outer loop
      vertex 0 12 0
      vertex -4.79981 6.07166 0
      vertex -4.60046 6.09684 0
    endloop
  endfacet
  facet normal -0 0 1
    outer loop
      vertex -12 12 0
      vertex -4.79981 6.07166 0
      vertex 0 12 0
    endloop
  endfacet
  facet normal 0 0 1
    outer loop
      vertex -4.79981 6.07166 0
      vertex -12 12 0
      vertex -4.99443 6.02169 0
    endloop
  endfacet
  facet normal 0 0 1
    outer loop
      vertex -4.99443 6.02169 0
      vertex -12 12 0
      vertex -5.18125 5.94772 0
    endloop
  endfacet
  facet normal -0 0 1
    outer loop
      vertex -12 9 0
      vertex -5.18125 5.94772 0
      vertex -12 12 0
    endloop
  endfacet
  facet normal 0 0 1
    outer loop
      vertex -5.18125 5.94772 0
      vertex -12 9 0
      vertex -5.35732 5.85092 0
    endloop
  endfacet
  facet normal 0 0 1
    outer loop
      vertex -5.98764 5.089 0
      vertex -12 7 0
      vertex -6.04973 4.8979 0
    endloop
  endfacet
  facet normal 0 0 1
    outer loop
      vertex -5.90209 5.27081 0
      vertex -12 7 0
      vertex -5.98764 5.089 0
    endloop
  endfacet
  facet normal 0 0 1
    outer loop
      vertex -5.79443 5.44046 0
      vertex -12 7 0
      vertex -5.90209 5.27081 0
    endloop
  endfacet
  facet normal 0 0 1
    outer loop
      vertex -5.66635 5.59527 0
      vertex -12 7 0
      vertex -5.79443 5.44046 0
    endloop
  endfacet
  facet normal -0 0 1
    outer loop
      vertex -12 7 0
      vertex -5.66635 5.59527 0
      vertex -12 9 0
    endloop
  endfacet
  facet normal 0 0 1
    outer loop
      vertex -5.51988 5.73282 0
      vertex -12 9 0
      vertex -5.66635 5.59527 0
    endloop
  endfacet
  facet normal 0 0 1
    outer loop
      vertex -5.35732 5.85092 0
      vertex -12 9 0
      vertex -5.51988 5.73282 0
    endloop
  endfacet
  facet normal -0 0 1
    outer loop
      vertex -3.20557 3.55954 0
      vertex -0.859423 1.85497 0
      vertex -3.09791 3.72919 0
    endloop
  endfacet
  facet normal 0 0 1
    outer loop
      vertex -0.859423 1.85497 0
      vertex -3.20557 3.55954 0
      vertex -1.21964 1.41954 0
    endloop
  endfacet
  facet normal -0 0 1
    outer loop
      vertex -3.33365 3.40472 0
      vertex -1.21964 1.41954 0
      vertex -3.20557 3.55954 0
    endloop
  endfacet
  facet normal 0 0 1
    outer loop
      vertex -1.21964 1.41954 0
      vertex -3.33365 3.40472 0
      vertex -1.63159 1.03269 0
    endloop
  endfacet
  facet normal -0 0 1
    outer loop
      vertex -3.48012 3.26718 0
      vertex -1.63159 1.03269 0
      vertex -3.33365 3.40472 0
    endloop
  endfacet
  facet normal 0 0 1
    outer loop
      vertex -1.63159 1.03269 0
      vertex -3.48012 3.26718 0
      vertex -2.08878 0.700524 0
    endloop
  endfacet
  facet normal -0 0 1
    outer loop
      vertex -3.64268 3.14907 0
      vertex -2.08878 0.700524 0
      vertex -3.48012 3.26718 0
    endloop
  endfacet
  facet normal 0 0 1
    outer loop
      vertex -2.08878 0.700524 0
      vertex -3.64268 3.14907 0
      vertex -2.58399 0.428278 0
    endloop
  endfacet
  facet normal -0 0 1
    outer loop
      vertex -3.81875 3.05228 0
      vertex -2.58399 0.428278 0
      vertex -3.64268 3.14907 0
    endloop
  endfacet
  facet normal 0 0 1
    outer loop
      vertex -2.58399 0.428278 0
      vertex -3.81875 3.05228 0
      vertex -3.10942 0.220245 0
    endloop
  endfacet
  facet normal -0 0 1
    outer loop
      vertex -4.00557 2.97831 0
      vertex -3.10942 0.220245 0
      vertex -3.81875 3.05228 0
    endloop
  endfacet
  facet normal 0 0 1
    outer loop
      vertex -3.10942 0.220245 0
      vertex -4.00557 2.97831 0
      vertex -3.65678 0.0797071 0
    endloop
  endfacet
  facet normal -0 0 1
    outer loop
      vertex -4.20019 2.92834 0
      vertex -3.65678 0.0797071 0
      vertex -4.00557 2.97831 0
    endloop
  endfacet
  facet normal 0 0 1
    outer loop
      vertex -4.20019 2.92834 0
      vertex -4.21744 0.00887966 0
      vertex -3.65678 0.0797071 0
    endloop
  endfacet
  facet normal -0 0 1
    outer loop
      vertex -4.39953 2.90316 0
      vertex -4.21744 0.00887966 0
      vertex -4.20019 2.92834 0
    endloop
  endfacet
  facet normal 0 0 1
    outer loop
      vertex -4.39953 2.90316 0
      vertex -4.5 0.00887966 0
      vertex -4.21744 0.00887966 0
    endloop
  endfacet
  facet normal -0 0 1
    outer loop
      vertex -4.60046 2.90316 0
      vertex -4.5 0.00887966 0
      vertex -4.39953 2.90316 0
    endloop
  endfacet
  facet normal 0 0 1
    outer loop
      vertex -4.79981 2.92834 0
      vertex -4.5 0.00887966 0
      vertex -4.60046 2.90316 0
    endloop
  endfacet
  facet normal 0 0 1
    outer loop
      vertex -4.99443 2.97831 0
      vertex -4.5 0.00887966 0
      vertex -4.79981 2.92834 0
    endloop
  endfacet
  facet normal 0 0 1
    outer loop
      vertex -5.18125 3.05228 0
      vertex -4.5 0.00887966 0
      vertex -4.99443 2.97831 0
    endloop
  endfacet
  facet normal 0 0 1
    outer loop
      vertex -5.35732 3.14907 0
      vertex -4.5 0.00887966 0
      vertex -5.18125 3.05228 0
    endloop
  endfacet
  facet normal 0 0 1
    outer loop
      vertex -5.51988 3.26718 0
      vertex -4.5 0.00887966 0
      vertex -5.35732 3.14907 0
    endloop
  endfacet
  facet normal 0 0 1
    outer loop
      vertex -5.66635 3.40472 0
      vertex -4.5 0.00887966 0
      vertex -5.51988 3.26718 0
    endloop
  endfacet
  facet normal -0 0 1
    outer loop
      vertex -13.5 0.119962 0
      vertex -4.5 0.00887966 0
      vertex -5.66635 3.40472 0
    endloop
  endfacet
  facet normal 0 0 1
    outer loop
      vertex -13.5 0.119962 0
      vertex -5.66635 3.40472 0
      vertex -5.79443 3.55954 0
    endloop
  endfacet
  facet normal 0 0 1
    outer loop
      vertex -13.5 0.119962 0
      vertex -5.79443 3.55954 0
      vertex -5.90209 3.72919 0
    endloop
  endfacet
  facet normal 0 0 1
    outer loop
      vertex -13.0979 3.72919 0
      vertex -5.90209 3.72919 0
      vertex -5.98764 3.911 0
    endloop
  endfacet
  facet normal 0 0 1
    outer loop
      vertex -6.04973 4.8979 0
      vertex -12 7 0
      vertex -6.08738 4.70053 0
    endloop
  endfacet
  facet normal 0 0 1
    outer loop
      vertex -6.08738 4.70053 0
      vertex -12 7 0
      vertex -6.1 4.5 0
    endloop
  endfacet
  facet normal 0 0 1
    outer loop
      vertex -12.9 4.5 0
      vertex -6.1 4.5 0
      vertex -12 7 0
    endloop
  endfacet
  facet normal 0 0 1
    outer loop
      vertex -6.1 4.5 0
      vertex -12.9 4.5 0
      vertex -6.08738 4.29947 0
    endloop
  endfacet
  facet normal 0 0 1
    outer loop
      vertex -12.9126 4.29947 0
      vertex -6.08738 4.29947 0
      vertex -12.9 4.5 0
    endloop
  endfacet
  facet normal 0 0 1
    outer loop
      vertex -6.08738 4.29947 0
      vertex -12.9126 4.29947 0
      vertex -6.04973 4.1021 0
    endloop
  endfacet
  facet normal 0 0 1
    outer loop
      vertex -12.9503 4.1021 0
      vertex -6.04973 4.1021 0
      vertex -12.9126 4.29947 0
    endloop
  endfacet
  facet normal 0 0 1
    outer loop
      vertex -6.04973 4.1021 0
      vertex -12.9503 4.1021 0
      vertex -5.98764 3.911 0
    endloop
  endfacet
  facet normal 0 0 1
    outer loop
      vertex -13.0124 3.911 0
      vertex -5.98764 3.911 0
      vertex -12.9503 4.1021 0
    endloop
  endfacet
  facet normal 0 0 1
    outer loop
      vertex -13.0979 3.72919 0
      vertex -5.98764 3.911 0
      vertex -13.0124 3.911 0
    endloop
  endfacet
  facet normal 0 0 1
    outer loop
      vertex -5.90209 3.72919 0
      vertex -13.0979 3.72919 0
      vertex -13.5 0.119962 0
    endloop
  endfacet
  facet normal 0 0 1
    outer loop
      vertex -13.5 0.119962 0
      vertex -13.0979 3.72919 0
      vertex -13.2056 3.55954 0
    endloop
  endfacet
  facet normal 0 0 1
    outer loop
      vertex -13.5 0.119962 0
      vertex -13.2056 3.55954 0
      vertex -13.3336 3.40472 0
    endloop
  endfacet
  facet normal 0 0 1
    outer loop
      vertex -13.5 0.119962 0
      vertex -13.3336 3.40472 0
      vertex -13.4801 3.26718 0
    endloop
  endfacet
  facet normal 0 0 1
    outer loop
      vertex -13.5 0 0
      vertex -4.5 0.00887966 0
      vertex -13.5 0.119962 0
    endloop
  endfacet
  facet normal 0 0 1
    outer loop
      vertex -4.5 0.00887966 0
      vertex -13.5 0 0
      vertex -4.5 0 0
    endloop
  endfacet
  facet normal 0.844327 -0.535828 0
    outer loop
      vertex -0.859423 1.85497 0
      vertex -0.55662 2.33211 -4
      vertex -0.55662 2.33211 0
    endloop
  endfacet
  facet normal 0.844327 -0.535828 0
    outer loop
      vertex -0.55662 2.33211 -4
      vertex -0.859423 1.85497 0
      vertex -0.859423 1.85497 -4
    endloop
  endfacet
  facet normal 0.951056 -0.30902 0
    outer loop
      vertex -0.316006 2.84344 0
      vertex -0.141376 3.38089 -4
      vertex -0.141376 3.38089 0
    endloop
  endfacet
  facet normal 0.951056 -0.30902 0
    outer loop
      vertex -0.141376 3.38089 -4
      vertex -0.316006 2.84344 0
      vertex -0.316006 2.84344 -4
    endloop
  endfacet
  facet normal 0.770515 -0.637422 0
    outer loop
      vertex -1.21964 1.41954 0
      vertex -0.859423 1.85497 -4
      vertex -0.859423 1.85497 0
    endloop
  endfacet
  facet normal 0.770515 -0.637422 0
    outer loop
      vertex -0.859423 1.85497 -4
      vertex -1.21964 1.41954 0
      vertex -1.21964 1.41954 -4
    endloop
  endfacet
  facet normal 0.481756 -0.876305 0
    outer loop
      vertex -2.58399 0.428278 -4
      vertex -2.08878 0.700524 0
      vertex -2.58399 0.428278 0
    endloop
  endfacet
  facet normal 0.481756 -0.876305 0
    outer loop
      vertex -2.08878 0.700524 0
      vertex -2.58399 0.428278 -4
      vertex -2.08878 0.700524 -4
    endloop
  endfacet
  facet normal 0.368125 -0.929776 0
    outer loop
      vertex -3.10942 0.220245 -4
      vertex -2.58399 0.428278 0
      vertex -3.10942 0.220245 0
    endloop
  endfacet
  facet normal 0.368125 -0.929776 0
    outer loop
      vertex -2.58399 0.428278 0
      vertex -3.10942 0.220245 -4
      vertex -2.58399 0.428278 -4
    endloop
  endfacet
  facet normal 0 0 -1
    outer loop
      vertex -13.5 0 -4
      vertex -4.5 0.00887966 -4
      vertex -4.5 0 -4
    endloop
  endfacet
  facet normal 0 0 -1
    outer loop
      vertex -4.5 0.00887966 -4
      vertex -4.79981 2.92834 -4
      vertex -4.60046 2.90316 -4
    endloop
  endfacet
  facet normal 0 0 -1
    outer loop
      vertex -4.5 0.00887966 -4
      vertex -4.99443 2.97831 -4
      vertex -4.79981 2.92834 -4
    endloop
  endfacet
  facet normal 0 0 -1
    outer loop
      vertex -4.5 0.00887966 -4
      vertex -5.18125 3.05228 -4
      vertex -4.99443 2.97831 -4
    endloop
  endfacet
  facet normal 0 0 -1
    outer loop
      vertex -4.5 0.00887966 -4
      vertex -5.35732 3.14907 -4
      vertex -5.18125 3.05228 -4
    endloop
  endfacet
  facet normal 0 0 -1
    outer loop
      vertex -4.5 0.00887966 -4
      vertex -5.51988 3.26718 -4
      vertex -5.35732 3.14907 -4
    endloop
  endfacet
  facet normal 0 0 -1
    outer loop
      vertex -4.5 0.00887966 -4
      vertex -5.66635 3.40472 -4
      vertex -5.51988 3.26718 -4
    endloop
  endfacet
  facet normal 0 0 -1
    outer loop
      vertex -4.5 0.00887966 -4
      vertex -13.5 0.119962 -4
      vertex -5.66635 3.40472 -4
    endloop
  endfacet
  facet normal -0 0 -1
    outer loop
      vertex -5.66635 3.40472 -4
      vertex -13.5 0.119962 -4
      vertex -5.79443 3.55954 -4
    endloop
  endfacet
  facet normal -0 0 -1
    outer loop
      vertex -5.79443 3.55954 -4
      vertex -13.5 0.119962 -4
      vertex -5.90209 3.72919 -4
    endloop
  endfacet
  facet normal 0 0 -1
    outer loop
      vertex -12.9 4.5 -4
      vertex -6.1 4.5 -4
      vertex -6.08738 4.29947 -4
    endloop
  endfacet
  facet normal 0 0 -1
    outer loop
      vertex -12.9126 4.29947 -4
      vertex -6.08738 4.29947 -4
      vertex -6.04973 4.1021 -4
    endloop
  endfacet
  facet normal 0 0 -1
    outer loop
      vertex -12.9503 4.1021 -4
      vertex -6.04973 4.1021 -4
      vertex -5.98764 3.911 -4
    endloop
  endfacet
  facet normal 0 -0 -1
    outer loop
      vertex -13.0979 3.72919 -4
      vertex -5.90209 3.72919 -4
      vertex -13.5 0.119962 -4
    endloop
  endfacet
  facet normal 0 0 -1
    outer loop
      vertex -6.1 4.5 -4
      vertex -12.9 4.5 -4
      vertex -12 7 -4
    endloop
  endfacet
  facet normal 0 0 -1
    outer loop
      vertex -6.08738 4.29947 -4
      vertex -12.9126 4.29947 -4
      vertex -12.9 4.5 -4
    endloop
  endfacet
  facet normal 0 0 -1
    outer loop
      vertex -6.04973 4.1021 -4
      vertex -12.9503 4.1021 -4
      vertex -12.9126 4.29947 -4
    endloop
  endfacet
  facet normal 0 0 -1
    outer loop
      vertex -5.98764 3.911 -4
      vertex -13.0124 3.911 -4
      vertex -12.9503 4.1021 -4
    endloop
  endfacet
  facet normal -0 0 -1
    outer loop
      vertex -5.98764 3.911 -4
      vertex -13.0979 3.72919 -4
      vertex -13.0124 3.911 -4
    endloop
  endfacet
  facet normal 0 0 -1
    outer loop
      vertex -5.90209 3.72919 -4
      vertex -13.0979 3.72919 -4
      vertex -5.98764 3.911 -4
    endloop
  endfacet
  facet normal 0 0 -1
    outer loop
      vertex -13.0979 3.72919 -4
      vertex -13.5 0.119962 -4
      vertex -13.2056 3.55954 -4
    endloop
  endfacet
  facet normal 0 0 -1
    outer loop
      vertex -13.2056 3.55954 -4
      vertex -13.5 0.119962 -4
      vertex -13.3336 3.40472 -4
    endloop
  endfacet
  facet normal -0 0 -1
    outer loop
      vertex -4.5 0.00887966 -4
      vertex -13.5 0 -4
      vertex -13.5 0.119962 -4
    endloop
  endfacet
  facet normal 0 0 -1
    outer loop
      vertex -13.3336 3.40472 -4
      vertex -13.5 0.119962 -4
      vertex -13.4801 3.26718 -4
    endloop
  endfacet
  facet normal 0 0 -1
    outer loop
      vertex -13.5 0.119962 -4
      vertex -13.6427 3.14907 -4
      vertex -13.4801 3.26718 -4
    endloop
  endfacet
  facet normal 0 0 -1
    outer loop
      vertex -14.2002 2.92834 -4
      vertex -13.5 0.119962 -4
      vertex -13.6568 0.0797071 -4
    endloop
  endfacet
  facet normal 0 0 -1
    outer loop
      vertex -13.5 0.119962 -4
      vertex -13.8188 3.05228 -4
      vertex -13.6427 3.14907 -4
    endloop
  endfacet
  facet normal 0 0 -1
    outer loop
      vertex -13.5 0.119962 -4
      vertex -14.0056 2.97831 -4
      vertex -13.8188 3.05228 -4
    endloop
  endfacet
  facet normal 0 0 -1
    outer loop
      vertex -13.5 0.119962 -4
      vertex -14.2002 2.92834 -4
      vertex -14.0056 2.97831 -4
    endloop
  endfacet
  facet normal 0 0 -1
    outer loop
      vertex -14.2174 0.00887966 -4
      vertex -14.2002 2.92834 -4
      vertex -13.6568 0.0797071 -4
    endloop
  endfacet
  facet normal 0 0 -1
    outer loop
      vertex -14.2174 0.00887966 -4
      vertex -14.3995 2.90316 -4
      vertex -14.2002 2.92834 -4
    endloop
  endfacet
  facet normal 0 0 -1
    outer loop
      vertex -14.2174 0.00887966 -4
      vertex -14.6005 2.90316 -4
      vertex -14.3995 2.90316 -4
    endloop
  endfacet
  facet normal 0 0 -1
    outer loop
      vertex -14.7826 0.00887966 -4
      vertex -14.6005 2.90316 -4
      vertex -14.2174 0.00887966 -4
    endloop
  endfacet
  facet normal 0 0 -1
    outer loop
      vertex -14.7826 0.00887966 -4
      vertex -14.7998 2.92834 -4
      vertex -14.6005 2.90316 -4
    endloop
  endfacet
  facet normal 0 0 -1
    outer loop
      vertex -15.3432 0.0797071 -4
      vertex -14.7998 2.92834 -4
      vertex -14.7826 0.00887966 -4
    endloop
  endfacet
  facet normal -0 0 -1
    outer loop
      vertex -14.7998 2.92834 -4
      vertex -15.3432 0.0797071 -4
      vertex -14.9944 2.97831 -4
    endloop
  endfacet
  facet normal 0 0 -1
    outer loop
      vertex -15.8906 0.220245 -4
      vertex -14.9944 2.97831 -4
      vertex -15.3432 0.0797071 -4
    endloop
  endfacet
  facet normal -0 0 -1
    outer loop
      vertex -14.9944 2.97831 -4
      vertex -15.8906 0.220245 -4
      vertex -15.1812 3.05228 -4
    endloop
  endfacet
  facet normal 0 0 -1
    outer loop
      vertex -16.416 0.428278 -4
      vertex -15.1812 3.05228 -4
      vertex -15.8906 0.220245 -4
    endloop
  endfacet
  facet normal -0 0 -1
    outer loop
      vertex -15.1812 3.05228 -4
      vertex -16.416 0.428278 -4
      vertex -15.3573 3.14907 -4
    endloop
  endfacet
  facet normal 0 0 -1
    outer loop
      vertex -16.9112 0.700524 -4
      vertex -15.3573 3.14907 -4
      vertex -16.416 0.428278 -4
    endloop
  endfacet
  facet normal -0 0 -1
    outer loop
      vertex -15.3573 3.14907 -4
      vertex -16.9112 0.700524 -4
      vertex -15.5199 3.26718 -4
    endloop
  endfacet
  facet normal 0 0 -1
    outer loop
      vertex -17.3684 1.03269 -4
      vertex -15.5199 3.26718 -4
      vertex -16.9112 0.700524 -4
    endloop
  endfacet
  facet normal -0 0 -1
    outer loop
      vertex -15.5199 3.26718 -4
      vertex -17.3684 1.03269 -4
      vertex -15.6663 3.40472 -4
    endloop
  endfacet
  facet normal 0 0 -1
    outer loop
      vertex -17.7804 1.41954 -4
      vertex -15.6663 3.40472 -4
      vertex -17.3684 1.03269 -4
    endloop
  endfacet
  facet normal -0 0 -1
    outer loop
      vertex -15.6663 3.40472 -4
      vertex -17.7804 1.41954 -4
      vertex -15.7944 3.55954 -4
    endloop
  endfacet
  facet normal 0 0 -1
    outer loop
      vertex -18.1406 1.85497 -4
      vertex -15.7944 3.55954 -4
      vertex -17.7804 1.41954 -4
    endloop
  endfacet
  facet normal -0 0 -1
    outer loop
      vertex -15.7944 3.55954 -4
      vertex -18.1406 1.85497 -4
      vertex -15.9021 3.72919 -4
    endloop
  endfacet
  facet normal 0 0 -1
    outer loop
      vertex -0.0354834 3.936 -4
      vertex -2.91262 4.29947 -4
      vertex -2.9 4.5 -4
    endloop
  endfacet
  facet normal 0 0 -1
    outer loop
      vertex -2.08878 0.700524 -4
      vertex -2.95027 4.1021 -4
      vertex -2.91262 4.29947 -4
    endloop
  endfacet
  facet normal 0 0 -1
    outer loop
      vertex -2.08878 0.700524 -4
      vertex -3.01236 3.911 -4
      vertex -2.95027 4.1021 -4
    endloop
  endfacet
  facet normal 0 0 -1
    outer loop
      vertex -2.08878 0.700524 -4
      vertex -3.09791 3.72919 -4
      vertex -3.01236 3.911 -4
    endloop
  endfacet
  facet normal 0 0 -1
    outer loop
      vertex -3.81875 3.05228 -4
      vertex -2.58399 0.428278 -4
      vertex -3.10942 0.220245 -4
    endloop
  endfacet
  facet normal 0 0 -1
    outer loop
      vertex -2.08878 0.700524 -4
      vertex -3.20557 3.55954 -4
      vertex -3.09791 3.72919 -4
    endloop
  endfacet
  facet normal 0 0 -1
    outer loop
      vertex -2.08878 0.700524 -4
      vertex -3.33365 3.40472 -4
      vertex -3.20557 3.55954 -4
    endloop
  endfacet
  facet normal 0 0 -1
    outer loop
      vertex -2.08878 0.700524 -4
      vertex -3.48012 3.26718 -4
      vertex -3.33365 3.40472 -4
    endloop
  endfacet
  facet normal 0 0 -1
    outer loop
      vertex -2.08878 0.700524 -4
      vertex -3.64268 3.14907 -4
      vertex -3.48012 3.26718 -4
    endloop
  endfacet
  facet normal 0 0 -1
    outer loop
      vertex -4.00557 2.97831 -4
      vertex -3.10942 0.220245 -4
      vertex -3.65678 0.0797071 -4
    endloop
  endfacet
  facet normal 0 0 -1
    outer loop
      vertex -2.58399 0.428278 -4
      vertex -3.81875 3.05228 -4
      vertex -3.64268 3.14907 -4
    endloop
  endfacet
  facet normal 0 0 -1
    outer loop
      vertex -3.10942 0.220245 -4
      vertex -4.00557 2.97831 -4
      vertex -3.81875 3.05228 -4
    endloop
  endfacet
  facet normal 0 0 -1
    outer loop
      vertex -3.65678 0.0797071 -4
      vertex -4.20019 2.92834 -4
      vertex -4.00557 2.97831 -4
    endloop
  endfacet
  facet normal 0 0 -1
    outer loop
      vertex -4.21744 0.00887966 -4
      vertex -4.20019 2.92834 -4
      vertex -3.65678 0.0797071 -4
    endloop
  endfacet
  facet normal 0 0 -1
    outer loop
      vertex -4.21744 0.00887966 -4
      vertex -4.39953 2.90316 -4
      vertex -4.20019 2.92834 -4
    endloop
  endfacet
  facet normal 0 0 -1
    outer loop
      vertex -4.5 0.00887966 -4
      vertex -4.39953 2.90316 -4
      vertex -4.21744 0.00887966 -4
    endloop
  endfacet
  facet normal -0 0 -1
    outer loop
      vertex -4.39953 2.90316 -4
      vertex -4.5 0.00887966 -4
      vertex -4.60046 2.90316 -4
    endloop
  endfacet
  facet normal 0 0 -1
    outer loop
      vertex -2.9 4.5 -4
      vertex 0 4.5 -4
      vertex -0.0354834 3.936 -4
    endloop
  endfacet
  facet normal 0 0 -1
    outer loop
      vertex -2.91262 4.29947 -4
      vertex -0.0354834 3.936 -4
      vertex -0.141376 3.38089 -4
    endloop
  endfacet
  facet normal 0 0 -1
    outer loop
      vertex -2.91262 4.29947 -4
      vertex -0.141376 3.38089 -4
      vertex -0.316006 2.84344 -4
    endloop
  endfacet
  facet normal 0 0 -1
    outer loop
      vertex -2.91262 4.29947 -4
      vertex -0.316006 2.84344 -4
      vertex -0.55662 2.33211 -4
    endloop
  endfacet
  facet normal 0 0 -1
    outer loop
      vertex -2.91262 4.29947 -4
      vertex -0.55662 2.33211 -4
      vertex -0.859423 1.85497 -4
    endloop
  endfacet
  facet normal 0 0 -1
    outer loop
      vertex -2.91262 4.29947 -4
      vertex -0.859423 1.85497 -4
      vertex -1.21964 1.41954 -4
    endloop
  endfacet
  facet normal 0 0 -1
    outer loop
      vertex -2.91262 4.29947 -4
      vertex -1.21964 1.41954 -4
      vertex -1.63159 1.03269 -4
    endloop
  endfacet
  facet normal 0 0 -1
    outer loop
      vertex -2.91262 4.29947 -4
      vertex -1.63159 1.03269 -4
      vertex -2.08878 0.700524 -4
    endloop
  endfacet
  facet normal 0 0 -1
    outer loop
      vertex -3.64268 3.14907 -4
      vertex -2.08878 0.700524 -4
      vertex -2.58399 0.428278 -4
    endloop
  endfacet
  facet normal 0 0 -1
    outer loop
      vertex 0 4.5 -4
      vertex -2.9 4.5 -4
      vertex -2.91262 4.70053 -4
    endloop
  endfacet
  facet normal 0 0 -1
    outer loop
      vertex 0 4.5 -4
      vertex -2.91262 4.70053 -4
      vertex -2.95027 4.8979 -4
    endloop
  endfacet
  facet normal 0 0 -1
    outer loop
      vertex 0 4.5 -4
      vertex -2.95027 4.8979 -4
      vertex -3.01236 5.089 -4
    endloop
  endfacet
  facet normal 0 0 -1
    outer loop
      vertex 0 4.5 -4
      vertex -3.01236 5.089 -4
      vertex -3.09791 5.27081 -4
    endloop
  endfacet
  facet normal 0 0 -1
    outer loop
      vertex 0 4.5 -4
      vertex -3.09791 5.27081 -4
      vertex -3.20557 5.44046 -4
    endloop
  endfacet
  facet normal 0 0 -1
    outer loop
      vertex 0 4.5 -4
      vertex -3.20557 5.44046 -4
      vertex -3.33365 5.59527 -4
    endloop
  endfacet
  facet normal 0 0 -1
    outer loop
      vertex -3.48012 5.73282 -4
      vertex 0 4.5 -4
      vertex -3.33365 5.59527 -4
    endloop
  endfacet
  facet normal 0 0 -1
    outer loop
      vertex 0 4.5 -4
      vertex -3.48012 5.73282 -4
      vertex 0 17 -4
    endloop
  endfacet
  facet normal 0 0 -1
    outer loop
      vertex -3.64268 5.85092 -4
      vertex 0 17 -4
      vertex -3.48012 5.73282 -4
    endloop
  endfacet
  facet normal 0 0 -1
    outer loop
      vertex -3.81875 5.94772 -4
      vertex 0 17 -4
      vertex -3.64268 5.85092 -4
    endloop
  endfacet
  facet normal 0 0 -1
    outer loop
      vertex -4.00557 6.02169 -4
      vertex 0 17 -4
      vertex -3.81875 5.94772 -4
    endloop
  endfacet
  facet normal 0 0 -1
    outer loop
      vertex -4.20019 6.07166 -4
      vertex 0 17 -4
      vertex -4.00557 6.02169 -4
    endloop
  endfacet
  facet normal 0 0 -1
    outer loop
      vertex -4.39953 6.09684 -4
      vertex 0 17 -4
      vertex -4.20019 6.07166 -4
    endloop
  endfacet
  facet normal 0 0 -1
    outer loop
      vertex -4.60046 6.09684 -4
      vertex 0 17 -4
      vertex -4.39953 6.09684 -4
    endloop
  endfacet
  facet normal 0 0 -1
    outer loop
      vertex -4.79981 6.07166 -4
      vertex 0 17 -4
      vertex -4.60046 6.09684 -4
    endloop
  endfacet
  facet normal 0 0 -1
    outer loop
      vertex -12 9 -4
      vertex -4.79981 6.07166 -4
      vertex -4.99443 6.02169 -4
    endloop
  endfacet
  facet normal 0 0 -1
    outer loop
      vertex -12 9 -4
      vertex -4.99443 6.02169 -4
      vertex -5.18125 5.94772 -4
    endloop
  endfacet
  facet normal 0 0 -1
    outer loop
      vertex -12 9 -4
      vertex -5.18125 5.94772 -4
      vertex -5.35732 5.85092 -4
    endloop
  endfacet
  facet normal 0 0 -1
    outer loop
      vertex -12 9 -4
      vertex -5.35732 5.85092 -4
      vertex -5.51988 5.73282 -4
    endloop
  endfacet
  facet normal 0 0 -1
    outer loop
      vertex -12 9 -4
      vertex -5.51988 5.73282 -4
      vertex -5.66635 5.59527 -4
    endloop
  endfacet
  facet normal 0 0 -1
    outer loop
      vertex -12 7 -4
      vertex -5.66635 5.59527 -4
      vertex -5.79443 5.44046 -4
    endloop
  endfacet
  facet normal 0 0 -1
    outer loop
      vertex -12 7 -4
      vertex -5.79443 5.44046 -4
      vertex -5.90209 5.27081 -4
    endloop
  endfacet
  facet normal 0 0 -1
    outer loop
      vertex -12 7 -4
      vertex -6.08738 4.70053 -4
      vertex -6.1 4.5 -4
    endloop
  endfacet
  facet normal 0 0 -1
    outer loop
      vertex -12 7 -4
      vertex -6.04973 4.8979 -4
      vertex -6.08738 4.70053 -4
    endloop
  endfacet
  facet normal 0 0 -1
    outer loop
      vertex -12 7 -4
      vertex -5.98764 5.089 -4
      vertex -6.04973 4.8979 -4
    endloop
  endfacet
  facet normal 0 0 -1
    outer loop
      vertex -12 7 -4
      vertex -5.90209 5.27081 -4
      vertex -5.98764 5.089 -4
    endloop
  endfacet
  facet normal 0 0 -1
    outer loop
      vertex -5.66635 5.59527 -4
      vertex -12 7 -4
      vertex -12 9 -4
    endloop
  endfacet
  facet normal 0 0 -1
    outer loop
      vertex -4.79981 6.07166 -4
      vertex -12 9 -4
      vertex -12 17 -4
    endloop
  endfacet
  facet normal 0 0 -1
    outer loop
      vertex -4.79981 6.07166 -4
      vertex -12 17 -4
      vertex 0 17 -4
    endloop
  endfacet
  facet normal 0 0 -1
    outer loop
      vertex -12.9126 4.70053 -4
      vertex -12 7 -4
      vertex -12.9 4.5 -4
    endloop
  endfacet
  facet normal 0 0 -1
    outer loop
      vertex -12.9503 4.8979 -4
      vertex -12 7 -4
      vertex -12.9126 4.70053 -4
    endloop
  endfacet
  facet normal 0 0 -1
    outer loop
      vertex -13.0124 5.089 -4
      vertex -12 7 -4
      vertex -12.9503 4.8979 -4
    endloop
  endfacet
  facet normal 0 0 -1
    outer loop
      vertex -13.0979 5.27081 -4
      vertex -12 7 -4
      vertex -13.0124 5.089 -4
    endloop
  endfacet
  facet normal 0 0 -1
    outer loop
      vertex -13.2056 5.44046 -4
      vertex -12 7 -4
      vertex -13.0979 5.27081 -4
    endloop
  endfacet
  facet normal 0 0 -1
    outer loop
      vertex -13.3336 5.59527 -4
      vertex -12 7 -4
      vertex -13.2056 5.44046 -4
    endloop
  endfacet
  facet normal 0 0 -1
    outer loop
      vertex -13.4801 5.73282 -4
      vertex -12 7 -4
      vertex -13.3336 5.59527 -4
    endloop
  endfacet
  facet normal 0 0 -1
    outer loop
      vertex -13.6427 5.85092 -4
      vertex -12 7 -4
      vertex -13.4801 5.73282 -4
    endloop
  endfacet
  facet normal 0 0 -1
    outer loop
      vertex -13.8188 5.94772 -4
      vertex -12 7 -4
      vertex -13.6427 5.85092 -4
    endloop
  endfacet
  facet normal 0 0 -1
    outer loop
      vertex -14.0056 6.02169 -4
      vertex -12 7 -4
      vertex -13.8188 5.94772 -4
    endloop
  endfacet
  facet normal 0 0 -1
    outer loop
      vertex -14.2002 6.07166 -4
      vertex -12 7 -4
      vertex -14.0056 6.02169 -4
    endloop
  endfacet
  facet normal 0 0 -1
    outer loop
      vertex -14.3995 6.09684 -4
      vertex -12 7 -4
      vertex -14.2002 6.07166 -4
    endloop
  endfacet
  facet normal 0 0 -1
    outer loop
      vertex -14.6005 6.09684 -4
      vertex -12 7 -4
      vertex -14.3995 6.09684 -4
    endloop
  endfacet
  facet normal 0 0 -1
    outer loop
      vertex -18.2326 7 -4
      vertex -14.6005 6.09684 -4
      vertex -14.7998 6.07166 -4
    endloop
  endfacet
  facet normal 0 0 -1
    outer loop
      vertex -18.2326 7 -4
      vertex -14.7998 6.07166 -4
      vertex -14.9944 6.02169 -4
    endloop
  endfacet
  facet normal 0 0 -1
    outer loop
      vertex -18.4434 2.33211 -4
      vertex -15.9021 3.72919 -4
      vertex -18.1406 1.85497 -4
    endloop
  endfacet
  facet normal -0 0 -1
    outer loop
      vertex -15.9021 3.72919 -4
      vertex -18.4434 2.33211 -4
      vertex -15.9876 3.911 -4
    endloop
  endfacet
  facet normal 0 0 -1
    outer loop
      vertex -18.684 2.84344 -4
      vertex -15.9876 3.911 -4
      vertex -18.4434 2.33211 -4
    endloop
  endfacet
  facet normal -0 0 -1
    outer loop
      vertex -15.9876 3.911 -4
      vertex -18.684 2.84344 -4
      vertex -16.0497 4.1021 -4
    endloop
  endfacet
  facet normal 0 0 -1
    outer loop
      vertex -18.8586 3.38089 -4
      vertex -16.0497 4.1021 -4
      vertex -18.684 2.84344 -4
    endloop
  endfacet
  facet normal -0 0 -1
    outer loop
      vertex -16.0497 4.1021 -4
      vertex -18.8586 3.38089 -4
      vertex -16.0874 4.29947 -4
    endloop
  endfacet
  facet normal 0 0 -1
    outer loop
      vertex -18.9645 3.936 -4
      vertex -16.0874 4.29947 -4
      vertex -18.8586 3.38089 -4
    endloop
  endfacet
  facet normal -0 0 -1
    outer loop
      vertex -16.0874 4.29947 -4
      vertex -18.9645 3.936 -4
      vertex -16.1 4.5 -4
    endloop
  endfacet
  facet normal 0 0 -1
    outer loop
      vertex -19 4.5 -4
      vertex -16.1 4.5 -4
      vertex -18.9645 3.936 -4
    endloop
  endfacet
  facet normal 0 0 -1
    outer loop
      vertex -14.6005 6.09684 -4
      vertex -18.2326 7 -4
      vertex -12 7 -4
    endloop
  endfacet
  facet normal 0 0 -1
    outer loop
      vertex -15.1812 5.94772 -4
      vertex -18.2326 7 -4
      vertex -14.9944 6.02169 -4
    endloop
  endfacet
  facet normal 0 0 -1
    outer loop
      vertex -15.3573 5.85092 -4
      vertex -18.2326 7 -4
      vertex -15.1812 5.94772 -4
    endloop
  endfacet
  facet normal 0 0 -1
    outer loop
      vertex -15.5199 5.73282 -4
      vertex -18.2326 7 -4
      vertex -15.3573 5.85092 -4
    endloop
  endfacet
  facet normal 0 0 -1
    outer loop
      vertex -15.6663 5.59527 -4
      vertex -18.2326 7 -4
      vertex -15.5199 5.73282 -4
    endloop
  endfacet
  facet normal 0 0 -1
    outer loop
      vertex -15.7944 5.44046 -4
      vertex -18.2326 7 -4
      vertex -15.6663 5.59527 -4
    endloop
  endfacet
  facet normal 0 0 -1
    outer loop
      vertex -16.1 4.5 -4
      vertex -19 4.5 -4
      vertex -16.0874 4.70053 -4
    endloop
  endfacet
  facet normal 0 -0 -1
    outer loop
      vertex -18.9645 5.064 -4
      vertex -16.0874 4.70053 -4
      vertex -19 4.5 -4
    endloop
  endfacet
  facet normal 0 0 -1
    outer loop
      vertex -16.0874 4.70053 -4
      vertex -18.9645 5.064 -4
      vertex -16.0497 4.8979 -4
    endloop
  endfacet
  facet normal 0 -0 -1
    outer loop
      vertex -18.2326 7 -4
      vertex -15.9021 5.27081 -4
      vertex -18.4434 6.66789 -4
    endloop
  endfacet
  facet normal 0 0 -1
    outer loop
      vertex -15.9021 5.27081 -4
      vertex -18.2326 7 -4
      vertex -15.7944 5.44046 -4
    endloop
  endfacet
  facet normal 0 -0 -1
    outer loop
      vertex -18.8586 5.6191 -4
      vertex -16.0497 4.8979 -4
      vertex -18.9645 5.064 -4
    endloop
  endfacet
  facet normal 0 -0 -1
    outer loop
      vertex -18.4434 6.66789 -4
      vertex -15.9021 5.27081 -4
      vertex -18.684 6.15656 -4
    endloop
  endfacet
  facet normal 0 0 -1
    outer loop
      vertex -16.0497 4.8979 -4
      vertex -18.8586 5.6191 -4
      vertex -15.9876 5.089 -4
    endloop
  endfacet
  facet normal 0 0 -1
    outer loop
      vertex -15.9876 5.089 -4
      vertex -18.684 6.15656 -4
      vertex -15.9021 5.27081 -4
    endloop
  endfacet
  facet normal 0 -0 -1
    outer loop
      vertex -18.684 6.15656 -4
      vertex -15.9876 5.089 -4
      vertex -18.8586 5.6191 -4
    endloop
  endfacet
  facet normal -0.982284 0.187397 0
    outer loop
      vertex -18.9645 5.064 -4
      vertex -18.8586 5.6191 0
      vertex -18.8586 5.6191 -4
    endloop
  endfacet
  facet normal -0.982284 0.187397 0
    outer loop
      vertex -18.8586 5.6191 0
      vertex -18.9645 5.064 -4
      vertex -18.9645 5.064 0
    endloop
  endfacet
  facet normal -0.998025 0.0628189 0
    outer loop
      vertex -19 4.5 -4
      vertex -18.9645 5.064 0
      vertex -18.9645 5.064 -4
    endloop
  endfacet
  facet normal -0.998025 0.0628189 0
    outer loop
      vertex -18.9645 5.064 0
      vertex -19 4.5 -4
      vertex -19 4.5 0
    endloop
  endfacet
  facet normal -0.951073 0.308967 0
    outer loop
      vertex -18.8586 5.6191 -4
      vertex -18.684 6.15656 0
      vertex -18.684 6.15656 -4
    endloop
  endfacet
  facet normal -0.951073 0.308967 0
    outer loop
      vertex -18.684 6.15656 0
      vertex -18.8586 5.6191 -4
      vertex -18.8586 5.6191 0
    endloop
  endfacet
  facet normal -0.684506 -0.729007 0
    outer loop
      vertex -17.7804 1.41954 -4
      vertex -17.3684 1.03269 0
      vertex -17.7804 1.41954 0
    endloop
  endfacet
  facet normal -0.684506 -0.729007 -0
    outer loop
      vertex -17.3684 1.03269 0
      vertex -17.7804 1.41954 -4
      vertex -17.3684 1.03269 -4
    endloop
  endfacet
  facet normal 0.248664 -0.96859 0
    outer loop
      vertex -13.6568 0.0797071 -4
      vertex -13.5 0.119962 0
      vertex -13.6568 0.0797071 0
    endloop
  endfacet
  facet normal 0.248664 -0.96859 0
    outer loop
      vertex -13.5 0.119962 0
      vertex -13.6568 0.0797071 -4
      vertex -13.5 0.119962 -4
    endloop
  endfacet
  facet normal 0 -1 0
    outer loop
      vertex -14.7826 0.00887966 -4
      vertex -14.2174 0.00887966 0
      vertex -14.7826 0.00887966 0
    endloop
  endfacet
  facet normal 0 -1 -0
    outer loop
      vertex -14.2174 0.00887966 0
      vertex -14.7826 0.00887966 -4
      vertex -14.2174 0.00887966 -4
    endloop
  endfacet
  facet normal -0.951071 -0.308972 0
    outer loop
      vertex -18.684 2.84344 -4
      vertex -18.8586 3.38089 0
      vertex -18.8586 3.38089 -4
    endloop
  endfacet
  facet normal -0.951071 -0.308972 0
    outer loop
      vertex -18.8586 3.38089 0
      vertex -18.684 2.84344 -4
      vertex -18.684 2.84344 0
    endloop
  endfacet
  facet normal -0.84433 -0.535824 0
    outer loop
      vertex -18.1406 1.85497 -4
      vertex -18.4434 2.33211 0
      vertex -18.4434 2.33211 -4
    endloop
  endfacet
  facet normal -0.84433 -0.535824 0
    outer loop
      vertex -18.4434 2.33211 0
      vertex -18.1406 1.85497 -4
      vertex -18.1406 1.85497 0
    endloop
  endfacet
  facet normal -0.481764 -0.876301 0
    outer loop
      vertex -16.9112 0.700524 -4
      vertex -16.416 0.428278 0
      vertex -16.9112 0.700524 0
    endloop
  endfacet
  facet normal -0.481764 -0.876301 -0
    outer loop
      vertex -16.416 0.428278 0
      vertex -16.9112 0.700524 -4
      vertex -16.416 0.428278 -4
    endloop
  endfacet
  facet normal -0.368144 -0.929769 0
    outer loop
      vertex -16.416 0.428278 -4
      vertex -15.8906 0.220245 0
      vertex -16.416 0.428278 0
    endloop
  endfacet
  facet normal -0.368144 -0.929769 -0
    outer loop
      vertex -15.8906 0.220245 0
      vertex -16.416 0.428278 -4
      vertex -15.8906 0.220245 -4
    endloop
  endfacet
  facet normal -0.982285 -0.187393 0
    outer loop
      vertex -18.8586 3.38089 -4
      vertex -18.9645 3.936 0
      vertex -18.9645 3.936 -4
    endloop
  endfacet
  facet normal -0.982285 -0.187393 0
    outer loop
      vertex -18.9645 3.936 0
      vertex -18.8586 3.38089 -4
      vertex -18.8586 3.38089 0
    endloop
  endfacet
  facet normal -0.77053 -0.637404 0
    outer loop
      vertex -17.7804 1.41954 -4
      vertex -18.1406 1.85497 0
      vertex -18.1406 1.85497 -4
    endloop
  endfacet
  facet normal -0.77053 -0.637404 0
    outer loop
      vertex -18.1406 1.85497 0
      vertex -17.7804 1.41954 -4
      vertex -17.7804 1.41954 0
    endloop
  endfacet
  facet normal -0.904836 -0.42576 0
    outer loop
      vertex -18.4434 2.33211 -4
      vertex -18.684 2.84344 0
      vertex -18.684 2.84344 -4
    endloop
  endfacet
  facet normal -0.904836 -0.42576 0
    outer loop
      vertex -18.684 2.84344 0
      vertex -18.4434 2.33211 -4
      vertex -18.4434 2.33211 0
    endloop
  endfacet
  facet normal -0.248672 -0.968588 0
    outer loop
      vertex -15.8906 0.220245 -4
      vertex -15.3432 0.0797071 0
      vertex -15.8906 0.220245 0
    endloop
  endfacet
  facet normal -0.248672 -0.968588 -0
    outer loop
      vertex -15.3432 0.0797071 0
      vertex -15.8906 0.220245 -4
      vertex -15.3432 0.0797071 -4
    endloop
  endfacet
  facet normal -0.998025 -0.0628189 0
    outer loop
      vertex -18.9645 3.936 -4
      vertex -19 4.5 0
      vertex -19 4.5 -4
    endloop
  endfacet
  facet normal -0.998025 -0.0628189 0
    outer loop
      vertex -19 4.5 0
      vertex -18.9645 3.936 -4
      vertex -18.9645 3.936 0
    endloop
  endfacet
  facet normal -0.904836 0.42576 0
    outer loop
      vertex -18.684 6.15656 -4
      vertex -18.4434 6.66789 0
      vertex -18.4434 6.66789 -4
    endloop
  endfacet
  facet normal -0.904836 0.42576 0
    outer loop
      vertex -18.4434 6.66789 0
      vertex -18.684 6.15656 -4
      vertex -18.684 6.15656 0
    endloop
  endfacet
  facet normal -0.844286 0.535893 0
    outer loop
      vertex -18.4434 6.66789 -4
      vertex -18.2326 7 0
      vertex -18.2326 7 -4
    endloop
  endfacet
  facet normal -0.844286 0.535893 0
    outer loop
      vertex -18.2326 7 0
      vertex -18.4434 6.66789 -4
      vertex -18.4434 6.66789 0
    endloop
  endfacet
  facet normal 0.125346 -0.992113 0
    outer loop
      vertex -14.2174 0.00887966 -4
      vertex -13.6568 0.0797071 0
      vertex -14.2174 0.00887966 0
    endloop
  endfacet
  facet normal 0.125346 -0.992113 0
    outer loop
      vertex -13.6568 0.0797071 0
      vertex -14.2174 0.00887966 -4
      vertex -13.6568 0.0797071 -4
    endloop
  endfacet
  facet normal -0.125346 -0.992113 0
    outer loop
      vertex -15.3432 0.0797071 -4
      vertex -14.7826 0.00887966 0
      vertex -15.3432 0.0797071 0
    endloop
  endfacet
  facet normal -0.125346 -0.992113 -0
    outer loop
      vertex -14.7826 0.00887966 0
      vertex -15.3432 0.0797071 -4
      vertex -14.7826 0.00887966 -4
    endloop
  endfacet
  facet normal -0.587775 -0.809025 0
    outer loop
      vertex -17.3684 1.03269 -4
      vertex -16.9112 0.700524 0
      vertex -17.3684 1.03269 0
    endloop
  endfacet
  facet normal -0.587775 -0.809025 -0
    outer loop
      vertex -16.9112 0.700524 0
      vertex -17.3684 1.03269 -4
      vertex -16.9112 0.700524 -4
    endloop
  endfacet
  facet normal -1 0 0
    outer loop
      vertex -13.5 0 -4
      vertex -13.5 0.119962 0
      vertex -13.5 0.119962 -4
    endloop
  endfacet
  facet normal -1 -0 0
    outer loop
      vertex -13.5 0.119962 0
      vertex -13.5 0 -4
      vertex -13.5 0 0
    endloop
  endfacet
  facet normal 1 -0 0
    outer loop
      vertex -4.5 0 0
      vertex -4.5 0.00887966 -4
      vertex -4.5 0.00887966 0
    endloop
  endfacet
  facet normal 1 0 0
    outer loop
      vertex -4.5 0.00887966 -4
      vertex -4.5 0 0
      vertex -4.5 0 -4
    endloop
  endfacet
  facet normal 0 -1 0
    outer loop
      vertex -13.5 0 -4
      vertex -4.5 0 0
      vertex -13.5 0 0
    endloop
  endfacet
  facet normal 0 -1 -0
    outer loop
      vertex -4.5 0 0
      vertex -13.5 0 -4
      vertex -4.5 0 -4
    endloop
  endfacet
  facet normal -1 0 0
    outer loop
      vertex -12 17 -4
      vertex -12 12 0
      vertex -12 17 -2
    endloop
  endfacet
  facet normal -1 0 0
    outer loop
      vertex -12 9 -4
      vertex -12 12 0
      vertex -12 17 -4
    endloop
  endfacet
  facet normal -1 -0 0
    outer loop
      vertex -12 12 0
      vertex -12 9 -4
      vertex -12 9 0
    endloop
  endfacet
  facet normal 1 0 0
    outer loop
      vertex 0 12 0
      vertex 0 17 -4
      vertex 0 17 -2
    endloop
  endfacet
  facet normal 1 0 0
    outer loop
      vertex 0 4.5 -4
      vertex 0 12 0
      vertex 0 4.5 0
    endloop
  endfacet
  facet normal 1 0 0
    outer loop
      vertex 0 12 0
      vertex 0 4.5 -4
      vertex 0 17 -4
    endloop
  endfacet
  facet normal 0 1 -0
    outer loop
      vertex 0 17 -4
      vertex -12 17 -2
      vertex 0 17 -2
    endloop
  endfacet
  facet normal 0 1 0
    outer loop
      vertex -12 17 -2
      vertex 0 17 -4
      vertex -12 17 -4
    endloop
  endfacet
  facet normal -0 0.371391 0.928477
    outer loop
      vertex -12 17 -2
      vertex 0 12 0
      vertex 0 17 -2
    endloop
  endfacet
  facet normal 0 0.371391 0.928477
    outer loop
      vertex 0 12 0
      vertex -12 17 -2
      vertex -12 12 0
    endloop
  endfacet
  facet normal 0.998026 0.062809 0
    outer loop
      vertex -6.08738 4.29947 0
      vertex -6.1 4.5 -4
      vertex -6.1 4.5 0
    endloop
  endfacet
  facet normal 0.998026 0.062809 0
    outer loop
      vertex -6.1 4.5 -4
      vertex -6.08738 4.29947 0
      vertex -6.08738 4.29947 -4
    endloop
  endfacet
  facet normal 0.982288 -0.18738 0
    outer loop
      vertex -6.08738 4.70053 0
      vertex -6.04973 4.8979 -4
      vertex -6.04973 4.8979 0
    endloop
  endfacet
  facet normal 0.982288 -0.18738 0
    outer loop
      vertex -6.04973 4.8979 -4
      vertex -6.08738 4.70053 0
      vertex -6.08738 4.70053 -4
    endloop
  endfacet
  facet normal 0.998026 -0.062809 0
    outer loop
      vertex -6.1 4.5 0
      vertex -6.08738 4.70053 -4
      vertex -6.08738 4.70053 0
    endloop
  endfacet
  facet normal 0.998026 -0.062809 0
    outer loop
      vertex -6.08738 4.70053 -4
      vertex -6.1 4.5 0
      vertex -6.1 4.5 -4
    endloop
  endfacet
  facet normal 0.95106 -0.309007 0
    outer loop
      vertex -6.04973 4.8979 0
      vertex -5.98764 5.089 -4
      vertex -5.98764 5.089 0
    endloop
  endfacet
  facet normal 0.95106 -0.309007 0
    outer loop
      vertex -5.98764 5.089 -4
      vertex -6.04973 4.8979 0
      vertex -6.04973 4.8979 -4
    endloop
  endfacet
  facet normal 0.770489 -0.637454 0
    outer loop
      vertex -5.79443 5.44046 0
      vertex -5.66635 5.59527 -4
      vertex -5.66635 5.59527 0
    endloop
  endfacet
  facet normal 0.770489 -0.637454 0
    outer loop
      vertex -5.66635 5.59527 -4
      vertex -5.79443 5.44046 0
      vertex -5.79443 5.44046 -4
    endloop
  endfacet
  facet normal 0.24869 -0.968583 0
    outer loop
      vertex -4.99443 6.02169 -4
      vertex -4.79981 6.07166 0
      vertex -4.99443 6.02169 0
    endloop
  endfacet
  facet normal 0.24869 -0.968583 0
    outer loop
      vertex -4.79981 6.07166 0
      vertex -4.99443 6.02169 -4
      vertex -4.79981 6.07166 -4
    endloop
  endfacet
  facet normal -0.95106 -0.309007 0
    outer loop
      vertex -2.95027 4.8979 -4
      vertex -3.01236 5.089 0
      vertex -3.01236 5.089 -4
    endloop
  endfacet
  facet normal -0.95106 -0.309007 0
    outer loop
      vertex -3.01236 5.089 0
      vertex -2.95027 4.8979 -4
      vertex -2.95027 4.8979 0
    endloop
  endfacet
  facet normal 0.368136 -0.929772 0
    outer loop
      vertex -5.18125 5.94772 -4
      vertex -4.99443 6.02169 0
      vertex -5.18125 5.94772 0
    endloop
  endfacet
  facet normal 0.368136 -0.929772 0
    outer loop
      vertex -4.99443 6.02169 0
      vertex -5.18125 5.94772 -4
      vertex -4.99443 6.02169 -4
    endloop
  endfacet
  facet normal 0.481733 0.876318 -0
    outer loop
      vertex -5.18125 3.05228 -4
      vertex -5.35732 3.14907 0
      vertex -5.18125 3.05228 0
    endloop
  endfacet
  facet normal 0.481733 0.876318 0
    outer loop
      vertex -5.35732 3.14907 0
      vertex -5.18125 3.05228 -4
      vertex -5.35732 3.14907 -4
    endloop
  endfacet
  facet normal -0.982288 -0.18738 0
    outer loop
      vertex -2.91262 4.70053 -4
      vertex -2.95027 4.8979 0
      vertex -2.95027 4.8979 -4
    endloop
  endfacet
  facet normal -0.982288 -0.18738 0
    outer loop
      vertex -2.95027 4.8979 0
      vertex -2.91262 4.70053 -4
      vertex -2.91262 4.70053 0
    endloop
  endfacet
  facet normal 0.368136 0.929772 -0
    outer loop
      vertex -4.99443 2.97831 -4
      vertex -5.18125 3.05228 0
      vertex -4.99443 2.97831 0
    endloop
  endfacet
  facet normal 0.368136 0.929772 0
    outer loop
      vertex -5.18125 3.05228 0
      vertex -4.99443 2.97831 -4
      vertex -5.18125 3.05228 -4
    endloop
  endfacet
  facet normal 0.125315 0.992117 -0
    outer loop
      vertex -4.60046 2.90316 -4
      vertex -4.79981 2.92834 0
      vertex -4.60046 2.90316 0
    endloop
  endfacet
  facet normal 0.125315 0.992117 0
    outer loop
      vertex -4.79981 2.92834 0
      vertex -4.60046 2.90316 -4
      vertex -4.79981 2.92834 -4
    endloop
  endfacet
  facet normal -0.24869 -0.968583 0
    outer loop
      vertex -4.20019 6.07166 -4
      vertex -4.00557 6.02169 0
      vertex -4.20019 6.07166 0
    endloop
  endfacet
  facet normal -0.24869 -0.968583 -0
    outer loop
      vertex -4.00557 6.02169 0
      vertex -4.20019 6.07166 -4
      vertex -4.00557 6.02169 -4
    endloop
  endfacet
  facet normal 0.481772 -0.876297 0
    outer loop
      vertex -5.35732 5.85092 -4
      vertex -5.18125 5.94772 0
      vertex -5.35732 5.85092 0
    endloop
  endfacet
  facet normal 0.481772 -0.876297 0
    outer loop
      vertex -5.18125 5.94772 0
      vertex -5.35732 5.85092 -4
      vertex -5.18125 5.94772 -4
    endloop
  endfacet
  facet normal -0.998026 0.062809 0
    outer loop
      vertex -2.91262 4.29947 -4
      vertex -2.9 4.5 0
      vertex -2.9 4.5 -4
    endloop
  endfacet
  facet normal -0.998026 0.062809 0
    outer loop
      vertex -2.9 4.5 0
      vertex -2.91262 4.29947 -4
      vertex -2.91262 4.29947 0
    endloop
  endfacet
  facet normal 0.95106 0.309007 0
    outer loop
      vertex -5.98764 3.911 0
      vertex -6.04973 4.1021 -4
      vertex -6.04973 4.1021 0
    endloop
  endfacet
  facet normal 0.95106 0.309007 0
    outer loop
      vertex -6.04973 4.1021 -4
      vertex -5.98764 3.911 0
      vertex -5.98764 3.911 -4
    endloop
  endfacet
  facet normal 0.770509 0.637429 0
    outer loop
      vertex -5.66635 3.40472 0
      vertex -5.79443 3.55954 -4
      vertex -5.79443 3.55954 0
    endloop
  endfacet
  facet normal 0.770509 0.637429 0
    outer loop
      vertex -5.79443 3.55954 -4
      vertex -5.66635 3.40472 0
      vertex -5.66635 3.40472 -4
    endloop
  endfacet
  facet normal -0.770489 -0.637454 0
    outer loop
      vertex -3.20557 5.44046 -4
      vertex -3.33365 5.59527 0
      vertex -3.33365 5.59527 -4
    endloop
  endfacet
  facet normal -0.770489 -0.637454 0
    outer loop
      vertex -3.33365 5.59527 0
      vertex -3.20557 5.44046 -4
      vertex -3.20557 5.44046 0
    endloop
  endfacet
  facet normal 0 1 -0
    outer loop
      vertex -4.39953 2.90316 -4
      vertex -4.60046 2.90316 0
      vertex -4.39953 2.90316 0
    endloop
  endfacet
  facet normal 0 1 0
    outer loop
      vertex -4.60046 2.90316 0
      vertex -4.39953 2.90316 -4
      vertex -4.60046 2.90316 -4
    endloop
  endfacet
  facet normal -0.587763 -0.809033 0
    outer loop
      vertex -3.64268 5.85092 -4
      vertex -3.48012 5.73282 0
      vertex -3.64268 5.85092 0
    endloop
  endfacet
  facet normal -0.587763 -0.809033 -0
    outer loop
      vertex -3.48012 5.73282 0
      vertex -3.64268 5.85092 -4
      vertex -3.48012 5.73282 -4
    endloop
  endfacet
  facet normal -0.481772 -0.876297 0
    outer loop
      vertex -3.81875 5.94772 -4
      vertex -3.64268 5.85092 0
      vertex -3.81875 5.94772 0
    endloop
  endfacet
  facet normal -0.481772 -0.876297 -0
    outer loop
      vertex -3.64268 5.85092 0
      vertex -3.81875 5.94772 -4
      vertex -3.64268 5.85092 -4
    endloop
  endfacet
  facet normal 0.587763 -0.809033 0
    outer loop
      vertex -5.51988 5.73282 -4
      vertex -5.35732 5.85092 0
      vertex -5.51988 5.73282 0
    endloop
  endfacet
  facet normal 0.587763 -0.809033 0
    outer loop
      vertex -5.35732 5.85092 0
      vertex -5.51988 5.73282 -4
      vertex -5.35732 5.85092 -4
    endloop
  endfacet
  facet normal 0 -1 0
    outer loop
      vertex -4.60046 6.09684 -4
      vertex -4.39953 6.09684 0
      vertex -4.60046 6.09684 0
    endloop
  endfacet
  facet normal 0 -1 -0
    outer loop
      vertex -4.39953 6.09684 0
      vertex -4.60046 6.09684 -4
      vertex -4.39953 6.09684 -4
    endloop
  endfacet
  facet normal 0.904833 0.425766 0
    outer loop
      vertex -5.90209 3.72919 0
      vertex -5.98764 3.911 -4
      vertex -5.98764 3.911 0
    endloop
  endfacet
  facet normal 0.904833 0.425766 0
    outer loop
      vertex -5.98764 3.911 -4
      vertex -5.90209 3.72919 0
      vertex -5.90209 3.72919 -4
    endloop
  endfacet
  facet normal 0.125315 -0.992117 0
    outer loop
      vertex -4.79981 6.07166 -4
      vertex -4.60046 6.09684 0
      vertex -4.79981 6.07166 0
    endloop
  endfacet
  facet normal 0.125315 -0.992117 0
    outer loop
      vertex -4.60046 6.09684 0
      vertex -4.79981 6.07166 -4
      vertex -4.60046 6.09684 -4
    endloop
  endfacet
  facet normal 0.24869 0.968583 -0
    outer loop
      vertex -4.79981 2.92834 -4
      vertex -4.99443 2.97831 0
      vertex -4.79981 2.92834 0
    endloop
  endfacet
  facet normal 0.24869 0.968583 0
    outer loop
      vertex -4.99443 2.97831 0
      vertex -4.79981 2.92834 -4
      vertex -4.99443 2.97831 -4
    endloop
  endfacet
  facet normal -0.982288 0.18738 0
    outer loop
      vertex -2.95027 4.1021 -4
      vertex -2.91262 4.29947 0
      vertex -2.91262 4.29947 -4
    endloop
  endfacet
  facet normal -0.982288 0.18738 0
    outer loop
      vertex -2.91262 4.29947 0
      vertex -2.95027 4.1021 -4
      vertex -2.95027 4.1021 0
    endloop
  endfacet
  facet normal 0.982288 0.18738 0
    outer loop
      vertex -6.04973 4.1021 0
      vertex -6.08738 4.29947 -4
      vertex -6.08738 4.29947 0
    endloop
  endfacet
  facet normal 0.982288 0.18738 0
    outer loop
      vertex -6.08738 4.29947 -4
      vertex -6.04973 4.1021 0
      vertex -6.04973 4.1021 -4
    endloop
  endfacet
  facet normal 0.844335 -0.535816 0
    outer loop
      vertex -5.90209 5.27081 0
      vertex -5.79443 5.44046 -4
      vertex -5.79443 5.44046 0
    endloop
  endfacet
  facet normal 0.844335 -0.535816 0
    outer loop
      vertex -5.79443 5.44046 -4
      vertex -5.90209 5.27081 0
      vertex -5.90209 5.27081 -4
    endloop
  endfacet
  facet normal -0.904833 0.425766 0
    outer loop
      vertex -3.09791 3.72919 -4
      vertex -3.01236 3.911 0
      vertex -3.01236 3.911 -4
    endloop
  endfacet
  facet normal -0.904833 0.425766 0
    outer loop
      vertex -3.01236 3.911 0
      vertex -3.09791 3.72919 -4
      vertex -3.09791 3.72919 0
    endloop
  endfacet
  facet normal -0.24869 0.968583 0
    outer loop
      vertex -4.00557 2.97831 -4
      vertex -4.20019 2.92834 0
      vertex -4.00557 2.97831 0
    endloop
  endfacet
  facet normal -0.24869 0.968583 0
    outer loop
      vertex -4.20019 2.92834 0
      vertex -4.00557 2.97831 -4
      vertex -4.20019 2.92834 -4
    endloop
  endfacet
  facet normal -0.368136 -0.929772 0
    outer loop
      vertex -4.00557 6.02169 -4
      vertex -3.81875 5.94772 0
      vertex -4.00557 6.02169 0
    endloop
  endfacet
  facet normal -0.368136 -0.929772 -0
    outer loop
      vertex -3.81875 5.94772 0
      vertex -4.00557 6.02169 -4
      vertex -3.81875 5.94772 -4
    endloop
  endfacet
  facet normal -0.998026 -0.062809 0
    outer loop
      vertex -2.9 4.5 -4
      vertex -2.91262 4.70053 0
      vertex -2.91262 4.70053 -4
    endloop
  endfacet
  facet normal -0.998026 -0.062809 0
    outer loop
      vertex -2.91262 4.70053 0
      vertex -2.9 4.5 -4
      vertex -2.9 4.5 0
    endloop
  endfacet
  facet normal -0.904833 -0.425766 0
    outer loop
      vertex -3.01236 5.089 -4
      vertex -3.09791 5.27081 0
      vertex -3.09791 5.27081 -4
    endloop
  endfacet
  facet normal -0.904833 -0.425766 0
    outer loop
      vertex -3.09791 5.27081 0
      vertex -3.01236 5.089 -4
      vertex -3.01236 5.089 0
    endloop
  endfacet
  facet normal -0.844335 0.535816 0
    outer loop
      vertex -3.20557 3.55954 -4
      vertex -3.09791 3.72919 0
      vertex -3.09791 3.72919 -4
    endloop
  endfacet
  facet normal -0.844335 0.535816 0
    outer loop
      vertex -3.09791 3.72919 0
      vertex -3.20557 3.55954 -4
      vertex -3.20557 3.55954 0
    endloop
  endfacet
  facet normal -0.684535 0.72898 0
    outer loop
      vertex -3.33365 3.40472 -4
      vertex -3.48012 3.26718 0
      vertex -3.33365 3.40472 0
    endloop
  endfacet
  facet normal -0.684535 0.72898 0
    outer loop
      vertex -3.48012 3.26718 0
      vertex -3.33365 3.40472 -4
      vertex -3.48012 3.26718 -4
    endloop
  endfacet
  facet normal 0.844335 0.535816 0
    outer loop
      vertex -5.79443 3.55954 0
      vertex -5.90209 3.72919 -4
      vertex -5.90209 3.72919 0
    endloop
  endfacet
  facet normal 0.844335 0.535816 0
    outer loop
      vertex -5.90209 3.72919 -4
      vertex -5.79443 3.55954 0
      vertex -5.79443 3.55954 -4
    endloop
  endfacet
  facet normal -0.587796 0.809009 0
    outer loop
      vertex -3.48012 3.26718 -4
      vertex -3.64268 3.14907 0
      vertex -3.48012 3.26718 0
    endloop
  endfacet
  facet normal -0.587796 0.809009 0
    outer loop
      vertex -3.64268 3.14907 0
      vertex -3.48012 3.26718 -4
      vertex -3.64268 3.14907 -4
    endloop
  endfacet
  facet normal 0.684535 0.72898 -0
    outer loop
      vertex -5.51988 3.26718 -4
      vertex -5.66635 3.40472 0
      vertex -5.51988 3.26718 0
    endloop
  endfacet
  facet normal 0.684535 0.72898 0
    outer loop
      vertex -5.66635 3.40472 0
      vertex -5.51988 3.26718 -4
      vertex -5.66635 3.40472 -4
    endloop
  endfacet
  facet normal 0.904833 -0.425766 0
    outer loop
      vertex -5.98764 5.089 0
      vertex -5.90209 5.27081 -4
      vertex -5.90209 5.27081 0
    endloop
  endfacet
  facet normal 0.904833 -0.425766 0
    outer loop
      vertex -5.90209 5.27081 -4
      vertex -5.98764 5.089 0
      vertex -5.98764 5.089 -4
    endloop
  endfacet
  facet normal 0.684562 -0.728955 0
    outer loop
      vertex -5.66635 5.59527 -4
      vertex -5.51988 5.73282 0
      vertex -5.66635 5.59527 0
    endloop
  endfacet
  facet normal 0.684562 -0.728955 0
    outer loop
      vertex -5.51988 5.73282 0
      vertex -5.66635 5.59527 -4
      vertex -5.51988 5.73282 -4
    endloop
  endfacet
  facet normal -0.770509 0.637429 0
    outer loop
      vertex -3.33365 3.40472 -4
      vertex -3.20557 3.55954 0
      vertex -3.20557 3.55954 -4
    endloop
  endfacet
  facet normal -0.770509 0.637429 0
    outer loop
      vertex -3.20557 3.55954 0
      vertex -3.33365 3.40472 -4
      vertex -3.33365 3.40472 0
    endloop
  endfacet
  facet normal -0.95106 0.309007 0
    outer loop
      vertex -3.01236 3.911 -4
      vertex -2.95027 4.1021 0
      vertex -2.95027 4.1021 -4
    endloop
  endfacet
  facet normal -0.95106 0.309007 0
    outer loop
      vertex -2.95027 4.1021 0
      vertex -3.01236 3.911 -4
      vertex -3.01236 3.911 0
    endloop
  endfacet
  facet normal -0.125321 0.992116 0
    outer loop
      vertex -4.20019 2.92834 -4
      vertex -4.39953 2.90316 0
      vertex -4.20019 2.92834 0
    endloop
  endfacet
  facet normal -0.125321 0.992116 0
    outer loop
      vertex -4.39953 2.90316 0
      vertex -4.20019 2.92834 -4
      vertex -4.39953 2.90316 -4
    endloop
  endfacet
  facet normal 0.587796 0.809009 -0
    outer loop
      vertex -5.35732 3.14907 -4
      vertex -5.51988 3.26718 0
      vertex -5.35732 3.14907 0
    endloop
  endfacet
  facet normal 0.587796 0.809009 0
    outer loop
      vertex -5.51988 3.26718 0
      vertex -5.35732 3.14907 -4
      vertex -5.51988 3.26718 -4
    endloop
  endfacet
  facet normal -0.684562 -0.728955 0
    outer loop
      vertex -3.48012 5.73282 -4
      vertex -3.33365 5.59527 0
      vertex -3.48012 5.73282 0
    endloop
  endfacet
  facet normal -0.684562 -0.728955 -0
    outer loop
      vertex -3.33365 5.59527 0
      vertex -3.48012 5.73282 -4
      vertex -3.33365 5.59527 -4
    endloop
  endfacet
  facet normal -0.844335 -0.535816 0
    outer loop
      vertex -3.09791 5.27081 -4
      vertex -3.20557 5.44046 0
      vertex -3.20557 5.44046 -4
    endloop
  endfacet
  facet normal -0.844335 -0.535816 0
    outer loop
      vertex -3.20557 5.44046 0
      vertex -3.09791 5.27081 -4
      vertex -3.09791 5.27081 0
    endloop
  endfacet
  facet normal -0.125321 -0.992116 0
    outer loop
      vertex -4.39953 6.09684 -4
      vertex -4.20019 6.07166 0
      vertex -4.39953 6.09684 0
    endloop
  endfacet
  facet normal -0.125321 -0.992116 -0
    outer loop
      vertex -4.20019 6.07166 0
      vertex -4.39953 6.09684 -4
      vertex -4.20019 6.07166 -4
    endloop
  endfacet
  facet normal -0.481733 0.876318 0
    outer loop
      vertex -3.64268 3.14907 -4
      vertex -3.81875 3.05228 0
      vertex -3.64268 3.14907 0
    endloop
  endfacet
  facet normal -0.481733 0.876318 0
    outer loop
      vertex -3.81875 3.05228 0
      vertex -3.64268 3.14907 -4
      vertex -3.81875 3.05228 -4
    endloop
  endfacet
  facet normal -0.368136 0.929772 0
    outer loop
      vertex -3.81875 3.05228 -4
      vertex -4.00557 2.97831 0
      vertex -3.81875 3.05228 0
    endloop
  endfacet
  facet normal -0.368136 0.929772 0
    outer loop
      vertex -4.00557 2.97831 0
      vertex -3.81875 3.05228 -4
      vertex -4.00557 2.97831 -4
    endloop
  endfacet
  facet normal 0.998032 0.0627098 0
    outer loop
      vertex -16.0874 4.29947 0
      vertex -16.1 4.5 -4
      vertex -16.1 4.5 0
    endloop
  endfacet
  facet normal 0.998032 0.0627098 0
    outer loop
      vertex -16.1 4.5 -4
      vertex -16.0874 4.29947 0
      vertex -16.0874 4.29947 -4
    endloop
  endfacet
  facet normal 0.982242 -0.18762 0
    outer loop
      vertex -16.0874 4.70053 0
      vertex -16.0497 4.8979 -4
      vertex -16.0497 4.8979 0
    endloop
  endfacet
  facet normal 0.982242 -0.18762 0
    outer loop
      vertex -16.0497 4.8979 -4
      vertex -16.0874 4.70053 0
      vertex -16.0874 4.70053 -4
    endloop
  endfacet
  facet normal 0.998032 -0.0627098 0
    outer loop
      vertex -16.1 4.5 0
      vertex -16.0874 4.70053 -4
      vertex -16.0874 4.70053 0
    endloop
  endfacet
  facet normal 0.998032 -0.0627098 0
    outer loop
      vertex -16.0874 4.70053 -4
      vertex -16.1 4.5 0
      vertex -16.1 4.5 -4
    endloop
  endfacet
  facet normal 0.951045 -0.309052 0
    outer loop
      vertex -16.0497 4.8979 0
      vertex -15.9876 5.089 -4
      vertex -15.9876 5.089 0
    endloop
  endfacet
  facet normal 0.951045 -0.309052 0
    outer loop
      vertex -15.9876 5.089 -4
      vertex -16.0497 4.8979 0
      vertex -16.0497 4.8979 -4
    endloop
  endfacet
  facet normal 0.77044 -0.637513 0
    outer loop
      vertex -15.7944 5.44046 0
      vertex -15.6663 5.59527 -4
      vertex -15.6663 5.59527 0
    endloop
  endfacet
  facet normal 0.77044 -0.637513 0
    outer loop
      vertex -15.6663 5.59527 -4
      vertex -15.7944 5.44046 0
      vertex -15.7944 5.44046 -4
    endloop
  endfacet
  facet normal 0.248714 -0.968577 0
    outer loop
      vertex -14.9944 6.02169 -4
      vertex -14.7998 6.07166 0
      vertex -14.9944 6.02169 0
    endloop
  endfacet
  facet normal 0.248714 -0.968577 0
    outer loop
      vertex -14.7998 6.07166 0
      vertex -14.9944 6.02169 -4
      vertex -14.7998 6.07166 -4
    endloop
  endfacet
  facet normal -0.951045 -0.309052 0
    outer loop
      vertex -12.9503 4.8979 -4
      vertex -13.0124 5.089 0
      vertex -13.0124 5.089 -4
    endloop
  endfacet
  facet normal -0.951045 -0.309052 0
    outer loop
      vertex -13.0124 5.089 0
      vertex -12.9503 4.8979 -4
      vertex -12.9503 4.8979 0
    endloop
  endfacet
  facet normal 0.36817 -0.929758 0
    outer loop
      vertex -15.1812 5.94772 -4
      vertex -14.9944 6.02169 0
      vertex -15.1812 5.94772 0
    endloop
  endfacet
  facet normal 0.36817 -0.929758 0
    outer loop
      vertex -14.9944 6.02169 0
      vertex -15.1812 5.94772 -4
      vertex -14.9944 6.02169 -4
    endloop
  endfacet
  facet normal 0.48167 0.876352 -0
    outer loop
      vertex -15.1812 3.05228 -4
      vertex -15.3573 3.14907 0
      vertex -15.1812 3.05228 0
    endloop
  endfacet
  facet normal 0.48167 0.876352 0
    outer loop
      vertex -15.3573 3.14907 0
      vertex -15.1812 3.05228 -4
      vertex -15.3573 3.14907 -4
    endloop
  endfacet
  facet normal -0.982242 -0.18762 0
    outer loop
      vertex -12.9126 4.70053 -4
      vertex -12.9503 4.8979 0
      vertex -12.9503 4.8979 -4
    endloop
  endfacet
  facet normal -0.982242 -0.18762 0
    outer loop
      vertex -12.9503 4.8979 0
      vertex -12.9126 4.70053 -4
      vertex -12.9126 4.70053 0
    endloop
  endfacet
  facet normal 0.36817 0.929758 -0
    outer loop
      vertex -14.9944 2.97831 -4
      vertex -15.1812 3.05228 0
      vertex -14.9944 2.97831 0
    endloop
  endfacet
  facet normal 0.36817 0.929758 0
    outer loop
      vertex -15.1812 3.05228 0
      vertex -14.9944 2.97831 -4
      vertex -15.1812 3.05228 -4
    endloop
  endfacet
  facet normal 0.125346 0.992113 -0
    outer loop
      vertex -14.6005 2.90316 -4
      vertex -14.7998 2.92834 0
      vertex -14.6005 2.90316 0
    endloop
  endfacet
  facet normal 0.125346 0.992113 0
    outer loop
      vertex -14.7998 2.92834 0
      vertex -14.6005 2.90316 -4
      vertex -14.7998 2.92834 -4
    endloop
  endfacet
  facet normal -0.248714 -0.968577 0
    outer loop
      vertex -14.2002 6.07166 -4
      vertex -14.0056 6.02169 0
      vertex -14.2002 6.07166 0
    endloop
  endfacet
  facet normal -0.248714 -0.968577 -0
    outer loop
      vertex -14.0056 6.02169 0
      vertex -14.2002 6.07166 -4
      vertex -14.0056 6.02169 -4
    endloop
  endfacet
  facet normal 0.481709 -0.876331 0
    outer loop
      vertex -15.3573 5.85092 -4
      vertex -15.1812 5.94772 0
      vertex -15.3573 5.85092 0
    endloop
  endfacet
  facet normal 0.481709 -0.876331 0
    outer loop
      vertex -15.1812 5.94772 0
      vertex -15.3573 5.85092 -4
      vertex -15.1812 5.94772 -4
    endloop
  endfacet
  facet normal -0.998032 0.0627098 0
    outer loop
      vertex -12.9126 4.29947 -4
      vertex -12.9 4.5 0
      vertex -12.9 4.5 -4
    endloop
  endfacet
  facet normal -0.998032 0.0627098 0
    outer loop
      vertex -12.9 4.5 0
      vertex -12.9126 4.29947 -4
      vertex -12.9126 4.29947 0
    endloop
  endfacet
  facet normal 0.951045 0.309052 0
    outer loop
      vertex -15.9876 3.911 0
      vertex -16.0497 4.1021 -4
      vertex -16.0497 4.1021 0
    endloop
  endfacet
  facet normal 0.951045 0.309052 0
    outer loop
      vertex -16.0497 4.1021 -4
      vertex -15.9876 3.911 0
      vertex -15.9876 3.911 -4
    endloop
  endfacet
  facet normal 0.77046 0.637488 0
    outer loop
      vertex -15.6663 3.40472 0
      vertex -15.7944 3.55954 -4
      vertex -15.7944 3.55954 0
    endloop
  endfacet
  facet normal 0.77046 0.637488 0
    outer loop
      vertex -15.7944 3.55954 -4
      vertex -15.6663 3.40472 0
      vertex -15.6663 3.40472 -4
    endloop
  endfacet
  facet normal -0.770684 -0.637217 0
    outer loop
      vertex -13.2056 5.44046 -4
      vertex -13.3336 5.59527 0
      vertex -13.3336 5.59527 -4
    endloop
  endfacet
  facet normal -0.770684 -0.637217 0
    outer loop
      vertex -13.3336 5.59527 0
      vertex -13.2056 5.44046 -4
      vertex -13.2056 5.44046 0
    endloop
  endfacet
  facet normal 0 1 -0
    outer loop
      vertex -14.3995 2.90316 -4
      vertex -14.6005 2.90316 0
      vertex -14.3995 2.90316 0
    endloop
  endfacet
  facet normal 0 1 0
    outer loop
      vertex -14.6005 2.90316 0
      vertex -14.3995 2.90316 -4
      vertex -14.6005 2.90316 -4
    endloop
  endfacet
  facet normal -0.587669 -0.809102 0
    outer loop
      vertex -13.6427 5.85092 -4
      vertex -13.4801 5.73282 0
      vertex -13.6427 5.85092 0
    endloop
  endfacet
  facet normal -0.587669 -0.809102 -0
    outer loop
      vertex -13.4801 5.73282 0
      vertex -13.6427 5.85092 -4
      vertex -13.4801 5.73282 -4
    endloop
  endfacet
  facet normal -0.481709 -0.876331 0
    outer loop
      vertex -13.8188 5.94772 -4
      vertex -13.6427 5.85092 0
      vertex -13.8188 5.94772 0
    endloop
  endfacet
  facet normal -0.481709 -0.876331 -0
    outer loop
      vertex -13.6427 5.85092 0
      vertex -13.8188 5.94772 -4
      vertex -13.6427 5.85092 -4
    endloop
  endfacet
  facet normal 0.587669 -0.809102 0
    outer loop
      vertex -15.5199 5.73282 -4
      vertex -15.3573 5.85092 0
      vertex -15.5199 5.73282 0
    endloop
  endfacet
  facet normal 0.587669 -0.809102 0
    outer loop
      vertex -15.3573 5.85092 0
      vertex -15.5199 5.73282 -4
      vertex -15.3573 5.85092 -4
    endloop
  endfacet
  facet normal 0 -1 0
    outer loop
      vertex -14.6005 6.09684 -4
      vertex -14.3995 6.09684 0
      vertex -14.6005 6.09684 0
    endloop
  endfacet
  facet normal 0 -1 -0
    outer loop
      vertex -14.3995 6.09684 0
      vertex -14.6005 6.09684 -4
      vertex -14.3995 6.09684 -4
    endloop
  endfacet
  facet normal 0.904929 0.425562 0
    outer loop
      vertex -15.9021 3.72919 0
      vertex -15.9876 3.911 -4
      vertex -15.9876 3.911 0
    endloop
  endfacet
  facet normal 0.904929 0.425562 0
    outer loop
      vertex -15.9876 3.911 -4
      vertex -15.9021 3.72919 0
      vertex -15.9021 3.72919 -4
    endloop
  endfacet
  facet normal 0.125346 -0.992113 0
    outer loop
      vertex -14.7998 6.07166 -4
      vertex -14.6005 6.09684 0
      vertex -14.7998 6.07166 0
    endloop
  endfacet
  facet normal 0.125346 -0.992113 0
    outer loop
      vertex -14.6005 6.09684 0
      vertex -14.7998 6.07166 -4
      vertex -14.6005 6.09684 -4
    endloop
  endfacet
  facet normal 0.248714 0.968577 -0
    outer loop
      vertex -14.7998 2.92834 -4
      vertex -14.9944 2.97831 0
      vertex -14.7998 2.92834 0
    endloop
  endfacet
  facet normal 0.248714 0.968577 0
    outer loop
      vertex -14.9944 2.97831 0
      vertex -14.7998 2.92834 -4
      vertex -14.9944 2.97831 -4
    endloop
  endfacet
  facet normal -0.982242 0.18762 0
    outer loop
      vertex -12.9503 4.1021 -4
      vertex -12.9126 4.29947 0
      vertex -12.9126 4.29947 -4
    endloop
  endfacet
  facet normal -0.982242 0.18762 0
    outer loop
      vertex -12.9126 4.29947 0
      vertex -12.9503 4.1021 -4
      vertex -12.9503 4.1021 0
    endloop
  endfacet
  facet normal 0.982242 0.18762 0
    outer loop
      vertex -16.0497 4.1021 0
      vertex -16.0874 4.29947 -4
      vertex -16.0874 4.29947 0
    endloop
  endfacet
  facet normal 0.982242 0.18762 0
    outer loop
      vertex -16.0874 4.29947 -4
      vertex -16.0497 4.1021 0
      vertex -16.0497 4.1021 -4
    endloop
  endfacet
  facet normal 0.844245 -0.535957 0
    outer loop
      vertex -15.9021 5.27081 0
      vertex -15.7944 5.44046 -4
      vertex -15.7944 5.44046 0
    endloop
  endfacet
  facet normal 0.844245 -0.535957 0
    outer loop
      vertex -15.7944 5.44046 -4
      vertex -15.9021 5.27081 0
      vertex -15.9021 5.27081 -4
    endloop
  endfacet
  facet normal -0.904929 0.425562 0
    outer loop
      vertex -13.0979 3.72919 -4
      vertex -13.0124 3.911 0
      vertex -13.0124 3.911 -4
    endloop
  endfacet
  facet normal -0.904929 0.425562 0
    outer loop
      vertex -13.0124 3.911 0
      vertex -13.0979 3.72919 -4
      vertex -13.0979 3.72919 0
    endloop
  endfacet
  facet normal -0.248714 0.968577 0
    outer loop
      vertex -14.0056 2.97831 -4
      vertex -14.2002 2.92834 0
      vertex -14.0056 2.97831 0
    endloop
  endfacet
  facet normal -0.248714 0.968577 0
    outer loop
      vertex -14.2002 2.92834 0
      vertex -14.0056 2.97831 -4
      vertex -14.2002 2.92834 -4
    endloop
  endfacet
  facet normal -0.36817 -0.929758 0
    outer loop
      vertex -14.0056 6.02169 -4
      vertex -13.8188 5.94772 0
      vertex -14.0056 6.02169 0
    endloop
  endfacet
  facet normal -0.36817 -0.929758 -0
    outer loop
      vertex -13.8188 5.94772 0
      vertex -14.0056 6.02169 -4
      vertex -13.8188 5.94772 -4
    endloop
  endfacet
  facet normal -0.998032 -0.0627098 0
    outer loop
      vertex -12.9 4.5 -4
      vertex -12.9126 4.70053 0
      vertex -12.9126 4.70053 -4
    endloop
  endfacet
  facet normal -0.998032 -0.0627098 0
    outer loop
      vertex -12.9126 4.70053 0
      vertex -12.9 4.5 -4
      vertex -12.9 4.5 0
    endloop
  endfacet
  facet normal -0.904929 -0.425562 0
    outer loop
      vertex -13.0124 5.089 -4
      vertex -13.0979 5.27081 0
      vertex -13.0979 5.27081 -4
    endloop
  endfacet
  facet normal -0.904929 -0.425562 0
    outer loop
      vertex -13.0979 5.27081 0
      vertex -13.0124 5.089 -4
      vertex -13.0124 5.089 0
    endloop
  endfacet
  facet normal -0.844245 0.535957 0
    outer loop
      vertex -13.2056 3.55954 -4
      vertex -13.0979 3.72919 0
      vertex -13.0979 3.72919 -4
    endloop
  endfacet
  facet normal -0.844245 0.535957 0
    outer loop
      vertex -13.0979 3.72919 0
      vertex -13.2056 3.55954 -4
      vertex -13.2056 3.55954 0
    endloop
  endfacet
  facet normal -0.684461 0.72905 0
    outer loop
      vertex -13.3336 3.40472 -4
      vertex -13.4801 3.26718 0
      vertex -13.3336 3.40472 0
    endloop
  endfacet
  facet normal -0.684461 0.72905 0
    outer loop
      vertex -13.4801 3.26718 0
      vertex -13.3336 3.40472 -4
      vertex -13.4801 3.26718 -4
    endloop
  endfacet
  facet normal 0.844245 0.535957 0
    outer loop
      vertex -15.7944 3.55954 0
      vertex -15.9021 3.72919 -4
      vertex -15.9021 3.72919 0
    endloop
  endfacet
  facet normal 0.844245 0.535957 0
    outer loop
      vertex -15.9021 3.72919 -4
      vertex -15.7944 3.55954 0
      vertex -15.7944 3.55954 -4
    endloop
  endfacet
  facet normal 0.684709 0.728816 -0
    outer loop
      vertex -15.5199 3.26718 -4
      vertex -15.6663 3.40472 0
      vertex -15.5199 3.26718 0
    endloop
  endfacet
  facet normal 0.684709 0.728816 0
    outer loop
      vertex -15.6663 3.40472 0
      vertex -15.5199 3.26718 -4
      vertex -15.6663 3.40472 -4
    endloop
  endfacet
  facet normal 0.904929 -0.425562 0
    outer loop
      vertex -15.9876 5.089 0
      vertex -15.9021 5.27081 -4
      vertex -15.9021 5.27081 0
    endloop
  endfacet
  facet normal 0.904929 -0.425562 0
    outer loop
      vertex -15.9021 5.27081 -4
      vertex -15.9876 5.089 0
      vertex -15.9876 5.089 -4
    endloop
  endfacet
  facet normal 0.684736 -0.728792 0
    outer loop
      vertex -15.6663 5.59527 -4
      vertex -15.5199 5.73282 0
      vertex -15.6663 5.59527 0
    endloop
  endfacet
  facet normal 0.684736 -0.728792 0
    outer loop
      vertex -15.5199 5.73282 0
      vertex -15.6663 5.59527 -4
      vertex -15.5199 5.73282 -4
    endloop
  endfacet
  facet normal -0.770705 0.637193 0
    outer loop
      vertex -13.3336 3.40472 -4
      vertex -13.2056 3.55954 0
      vertex -13.2056 3.55954 -4
    endloop
  endfacet
  facet normal -0.770705 0.637193 0
    outer loop
      vertex -13.2056 3.55954 0
      vertex -13.3336 3.40472 -4
      vertex -13.3336 3.40472 0
    endloop
  endfacet
  facet normal -0.951045 0.309052 0
    outer loop
      vertex -13.0124 3.911 -4
      vertex -12.9503 4.1021 0
      vertex -12.9503 4.1021 -4
    endloop
  endfacet
  facet normal -0.951045 0.309052 0
    outer loop
      vertex -12.9503 4.1021 0
      vertex -13.0124 3.911 -4
      vertex -13.0124 3.911 0
    endloop
  endfacet
  facet normal -0.125346 0.992113 0
    outer loop
      vertex -14.2002 2.92834 -4
      vertex -14.3995 2.90316 0
      vertex -14.2002 2.92834 0
    endloop
  endfacet
  facet normal -0.125346 0.992113 0
    outer loop
      vertex -14.3995 2.90316 0
      vertex -14.2002 2.92834 -4
      vertex -14.3995 2.90316 -4
    endloop
  endfacet
  facet normal 0.587701 0.809078 -0
    outer loop
      vertex -15.3573 3.14907 -4
      vertex -15.5199 3.26718 0
      vertex -15.3573 3.14907 0
    endloop
  endfacet
  facet normal 0.587701 0.809078 0
    outer loop
      vertex -15.5199 3.26718 0
      vertex -15.3573 3.14907 -4
      vertex -15.5199 3.26718 -4
    endloop
  endfacet
  facet normal -0.684487 -0.729025 0
    outer loop
      vertex -13.4801 5.73282 -4
      vertex -13.3336 5.59527 0
      vertex -13.4801 5.73282 0
    endloop
  endfacet
  facet normal -0.684487 -0.729025 -0
    outer loop
      vertex -13.3336 5.59527 0
      vertex -13.4801 5.73282 -4
      vertex -13.3336 5.59527 -4
    endloop
  endfacet
  facet normal -0.844245 -0.535957 0
    outer loop
      vertex -13.0979 5.27081 -4
      vertex -13.2056 5.44046 0
      vertex -13.2056 5.44046 -4
    endloop
  endfacet
  facet normal -0.844245 -0.535957 0
    outer loop
      vertex -13.2056 5.44046 0
      vertex -13.0979 5.27081 -4
      vertex -13.0979 5.27081 0
    endloop
  endfacet
  facet normal -0.587701 0.809078 0
    outer loop
      vertex -13.4801 3.26718 -4
      vertex -13.6427 3.14907 0
      vertex -13.4801 3.26718 0
    endloop
  endfacet
  facet normal -0.587701 0.809078 0
    outer loop
      vertex -13.6427 3.14907 0
      vertex -13.4801 3.26718 -4
      vertex -13.6427 3.14907 -4
    endloop
  endfacet
  facet normal -0.125346 -0.992113 0
    outer loop
      vertex -14.3995 6.09684 -4
      vertex -14.2002 6.07166 0
      vertex -14.3995 6.09684 0
    endloop
  endfacet
  facet normal -0.125346 -0.992113 -0
    outer loop
      vertex -14.2002 6.07166 0
      vertex -14.3995 6.09684 -4
      vertex -14.2002 6.07166 -4
    endloop
  endfacet
  facet normal -0.48167 0.876352 0
    outer loop
      vertex -13.6427 3.14907 -4
      vertex -13.8188 3.05228 0
      vertex -13.6427 3.14907 0
    endloop
  endfacet
  facet normal -0.48167 0.876352 0
    outer loop
      vertex -13.8188 3.05228 0
      vertex -13.6427 3.14907 -4
      vertex -13.8188 3.05228 -4
    endloop
  endfacet
  facet normal -0.36817 0.929758 0
    outer loop
      vertex -13.8188 3.05228 -4
      vertex -14.0056 2.97831 0
      vertex -13.8188 3.05228 0
    endloop
  endfacet
  facet normal -0.36817 0.929758 0
    outer loop
      vertex -14.0056 2.97831 0
      vertex -13.8188 3.05228 -4
      vertex -14.0056 2.97831 -4
    endloop
  endfacet
  facet normal -1 0 0
    outer loop
      vertex -12 7 -4
      vertex -12 9 0
      vertex -12 9 -4
    endloop
  endfacet
  facet normal -1 -0 0
    outer loop
      vertex -12 9 0
      vertex -12 7 -4
      vertex -12 7 0
    endloop
  endfacet
  facet normal 0 1 -0
    outer loop
      vertex -12 7 -4
      vertex -18.2326 7 0
      vertex -12 7 0
    endloop
  endfacet
  facet normal 0 1 0
    outer loop
      vertex -18.2326 7 0
      vertex -12 7 -4
      vertex -18.2326 7 -4
    endloop
  endfacet
  facet normal 0.248627 0.968599 -0
    outer loop
      vertex -3.10942 99.7798 -4
      vertex -3.65678 99.9203 0
      vertex -3.10942 99.7798 0
    endloop
  endfacet
  facet normal 0.248627 0.968599 0
    outer loop
      vertex -3.65678 99.9203 0
      vertex -3.10942 99.7798 -4
      vertex -3.65678 99.9203 -4
    endloop
  endfacet
  facet normal 0 1 -0
    outer loop
      vertex -4.21744 99.9911 -4
      vertex -4.5 99.9911 0
      vertex -4.21744 99.9911 0
    endloop
  endfacet
  facet normal 0 1 0
    outer loop
      vertex -4.5 99.9911 0
      vertex -4.21744 99.9911 -4
      vertex -4.5 99.9911 -4
    endloop
  endfacet
  facet normal 0.998027 0.0627897 0
    outer loop
      vertex 0 95.5 0
      vertex -0.0354834 96.064 -4
      vertex -0.0354834 96.064 0
    endloop
  endfacet
  facet normal 0.998027 0.0627897 0
    outer loop
      vertex -0.0354834 96.064 -4
      vertex 0 95.5 0
      vertex 0 95.5 -4
    endloop
  endfacet
  facet normal 0.684503 0.72901 -0
    outer loop
      vertex -1.21964 98.5805 -4
      vertex -1.63159 98.9673 0
      vertex -1.21964 98.5805 0
    endloop
  endfacet
  facet normal 0.684503 0.72901 0
    outer loop
      vertex -1.63159 98.9673 0
      vertex -1.21964 98.5805 -4
      vertex -1.63159 98.9673 -4
    endloop
  endfacet
  facet normal 0.982287 0.187384 0
    outer loop
      vertex -0.0354834 96.064 0
      vertex -0.141376 96.6191 -4
      vertex -0.141376 96.6191 0
    endloop
  endfacet
  facet normal 0.982287 0.187384 0
    outer loop
      vertex -0.141376 96.6191 -4
      vertex -0.0354834 96.064 0
      vertex -0.0354834 96.064 -4
    endloop
  endfacet
  facet normal 0.904817 0.4258 0
    outer loop
      vertex -0.316006 97.1566 0
      vertex -0.55662 97.6679 -4
      vertex -0.55662 97.6679 0
    endloop
  endfacet
  facet normal 0.904817 0.4258 0
    outer loop
      vertex -0.55662 97.6679 -4
      vertex -0.316006 97.1566 0
      vertex -0.316006 97.1566 -4
    endloop
  endfacet
  facet normal 0.587822 0.80899 -0
    outer loop
      vertex -1.63159 98.9673 -4
      vertex -2.08878 99.2995 0
      vertex -1.63159 98.9673 0
    endloop
  endfacet
  facet normal 0.587822 0.80899 0
    outer loop
      vertex -2.08878 99.2995 0
      vertex -1.63159 98.9673 -4
      vertex -2.08878 99.2995 -4
    endloop
  endfacet
  facet normal 0.125285 0.992121 -0
    outer loop
      vertex -3.65678 99.9203 -4
      vertex -4.21744 99.9911 0
      vertex -3.65678 99.9203 0
    endloop
  endfacet
  facet normal 0.125285 0.992121 0
    outer loop
      vertex -4.21744 99.9911 0
      vertex -3.65678 99.9203 -4
      vertex -4.21744 99.9911 -4
    endloop
  endfacet
  facet normal -0 0 1
    outer loop
      vertex -13.5 100 0
      vertex -4.5 99.9911 0
      vertex -4.5 100 0
    endloop
  endfacet
  facet normal 0 0 1
    outer loop
      vertex -4.5 99.9911 0
      vertex -4.79981 97.0717 0
      vertex -4.60046 97.0968 0
    endloop
  endfacet
  facet normal 0 0 1
    outer loop
      vertex -4.5 99.9911 0
      vertex -4.99443 97.0217 0
      vertex -4.79981 97.0717 0
    endloop
  endfacet
  facet normal 0 0 1
    outer loop
      vertex -4.5 99.9911 0
      vertex -5.18125 96.9477 0
      vertex -4.99443 97.0217 0
    endloop
  endfacet
  facet normal 0 0 1
    outer loop
      vertex -4.5 99.9911 0
      vertex -5.35732 96.8509 0
      vertex -5.18125 96.9477 0
    endloop
  endfacet
  facet normal 0 0 1
    outer loop
      vertex -4.5 99.9911 0
      vertex -5.51988 96.7328 0
      vertex -5.35732 96.8509 0
    endloop
  endfacet
  facet normal 0 0 1
    outer loop
      vertex -4.5 99.9911 0
      vertex -5.66635 96.5953 0
      vertex -5.51988 96.7328 0
    endloop
  endfacet
  facet normal 0 0 1
    outer loop
      vertex -4.5 99.9911 0
      vertex -13.5 99.88 0
      vertex -5.66635 96.5953 0
    endloop
  endfacet
  facet normal 0 0 1
    outer loop
      vertex -5.66635 96.5953 0
      vertex -13.5 99.88 0
      vertex -5.79443 96.4405 0
    endloop
  endfacet
  facet normal 0 0 1
    outer loop
      vertex -5.79443 96.4405 0
      vertex -13.5 99.88 0
      vertex -5.90209 96.2708 0
    endloop
  endfacet
  facet normal 0 0 1
    outer loop
      vertex -12.9 95.5 0
      vertex -6.1 95.5 0
      vertex -6.08738 95.7005 0
    endloop
  endfacet
  facet normal 0 0 1
    outer loop
      vertex -12.9126 95.7005 0
      vertex -6.08738 95.7005 0
      vertex -6.04973 95.8979 0
    endloop
  endfacet
  facet normal 0 0 1
    outer loop
      vertex -12.9503 95.8979 0
      vertex -6.04973 95.8979 0
      vertex -5.98764 96.089 0
    endloop
  endfacet
  facet normal 0 -0 1
    outer loop
      vertex -13.0979 96.2708 0
      vertex -5.90209 96.2708 0
      vertex -13.5 99.88 0
    endloop
  endfacet
  facet normal 0 0 1
    outer loop
      vertex -6.1 95.5 0
      vertex -12.9 95.5 0
      vertex -12 93 0
    endloop
  endfacet
  facet normal 0 0 1
    outer loop
      vertex -6.08738 95.7005 0
      vertex -12.9126 95.7005 0
      vertex -12.9 95.5 0
    endloop
  endfacet
  facet normal 0 0 1
    outer loop
      vertex -6.04973 95.8979 0
      vertex -12.9503 95.8979 0
      vertex -12.9126 95.7005 0
    endloop
  endfacet
  facet normal 0 0 1
    outer loop
      vertex -5.98764 96.089 0
      vertex -13.0124 96.089 0
      vertex -12.9503 95.8979 0
    endloop
  endfacet
  facet normal 0 0 1
    outer loop
      vertex -5.98764 96.089 0
      vertex -13.0979 96.2708 0
      vertex -13.0124 96.089 0
    endloop
  endfacet
  facet normal 0 0 1
    outer loop
      vertex -5.90209 96.2708 0
      vertex -13.0979 96.2708 0
      vertex -5.98764 96.089 0
    endloop
  endfacet
  facet normal 0 0 1
    outer loop
      vertex -13.0979 96.2708 0
      vertex -13.5 99.88 0
      vertex -13.2056 96.4405 0
    endloop
  endfacet
  facet normal 0 0 1
    outer loop
      vertex -13.2056 96.4405 0
      vertex -13.5 99.88 0
      vertex -13.3336 96.5953 0
    endloop
  endfacet
  facet normal 0 0 1
    outer loop
      vertex -4.5 99.9911 0
      vertex -13.5 100 0
      vertex -13.5 99.88 0
    endloop
  endfacet
  facet normal 0 0 1
    outer loop
      vertex -13.3336 96.5953 0
      vertex -13.5 99.88 0
      vertex -13.4801 96.7328 0
    endloop
  endfacet
  facet normal 0 0 1
    outer loop
      vertex -13.5 99.88 0
      vertex -13.6427 96.8509 0
      vertex -13.4801 96.7328 0
    endloop
  endfacet
  facet normal 0 0 1
    outer loop
      vertex -14.2002 97.0717 0
      vertex -13.5 99.88 0
      vertex -13.6568 99.9203 0
    endloop
  endfacet
  facet normal 0 0 1
    outer loop
      vertex -13.5 99.88 0
      vertex -13.8188 96.9477 0
      vertex -13.6427 96.8509 0
    endloop
  endfacet
  facet normal 0 0 1
    outer loop
      vertex -13.5 99.88 0
      vertex -14.0056 97.0217 0
      vertex -13.8188 96.9477 0
    endloop
  endfacet
  facet normal 0 0 1
    outer loop
      vertex -13.5 99.88 0
      vertex -14.2002 97.0717 0
      vertex -14.0056 97.0217 0
    endloop
  endfacet
  facet normal 0 0 1
    outer loop
      vertex -14.2174 99.9911 0
      vertex -14.2002 97.0717 0
      vertex -13.6568 99.9203 0
    endloop
  endfacet
  facet normal 0 0 1
    outer loop
      vertex -14.2174 99.9911 0
      vertex -14.3995 97.0968 0
      vertex -14.2002 97.0717 0
    endloop
  endfacet
  facet normal 0 0 1
    outer loop
      vertex -14.2174 99.9911 0
      vertex -14.6005 97.0968 0
      vertex -14.3995 97.0968 0
    endloop
  endfacet
  facet normal -0 0 1
    outer loop
      vertex -14.7826 99.9911 0
      vertex -14.6005 97.0968 0
      vertex -14.2174 99.9911 0
    endloop
  endfacet
  facet normal 0 0 1
    outer loop
      vertex -14.7826 99.9911 0
      vertex -14.7998 97.0717 0
      vertex -14.6005 97.0968 0
    endloop
  endfacet
  facet normal -0 0 1
    outer loop
      vertex -15.3432 99.9203 0
      vertex -14.7998 97.0717 0
      vertex -14.7826 99.9911 0
    endloop
  endfacet
  facet normal 0 0 1
    outer loop
      vertex -14.7998 97.0717 0
      vertex -15.3432 99.9203 0
      vertex -14.9944 97.0217 0
    endloop
  endfacet
  facet normal -0 0 1
    outer loop
      vertex -15.8906 99.7798 0
      vertex -14.9944 97.0217 0
      vertex -15.3432 99.9203 0
    endloop
  endfacet
  facet normal 0 0 1
    outer loop
      vertex -14.9944 97.0217 0
      vertex -15.8906 99.7798 0
      vertex -15.1812 96.9477 0
    endloop
  endfacet
  facet normal -0 0 1
    outer loop
      vertex -16.416 99.5717 0
      vertex -15.1812 96.9477 0
      vertex -15.8906 99.7798 0
    endloop
  endfacet
  facet normal 0 0 1
    outer loop
      vertex -15.1812 96.9477 0
      vertex -16.416 99.5717 0
      vertex -15.3573 96.8509 0
    endloop
  endfacet
  facet normal -0 0 1
    outer loop
      vertex -16.9112 99.2995 0
      vertex -15.3573 96.8509 0
      vertex -16.416 99.5717 0
    endloop
  endfacet
  facet normal 0 0 1
    outer loop
      vertex -15.3573 96.8509 0
      vertex -16.9112 99.2995 0
      vertex -15.5199 96.7328 0
    endloop
  endfacet
  facet normal -0 0 1
    outer loop
      vertex -17.3684 98.9673 0
      vertex -15.5199 96.7328 0
      vertex -16.9112 99.2995 0
    endloop
  endfacet
  facet normal 0 0 1
    outer loop
      vertex -15.5199 96.7328 0
      vertex -17.3684 98.9673 0
      vertex -15.6663 96.5953 0
    endloop
  endfacet
  facet normal -0 0 1
    outer loop
      vertex -17.7804 98.5805 0
      vertex -15.6663 96.5953 0
      vertex -17.3684 98.9673 0
    endloop
  endfacet
  facet normal 0 0 1
    outer loop
      vertex -15.6663 96.5953 0
      vertex -17.7804 98.5805 0
      vertex -15.7944 96.4405 0
    endloop
  endfacet
  facet normal -0 0 1
    outer loop
      vertex -18.1406 98.145 0
      vertex -15.7944 96.4405 0
      vertex -17.7804 98.5805 0
    endloop
  endfacet
  facet normal 0 0 1
    outer loop
      vertex -15.7944 96.4405 0
      vertex -18.1406 98.145 0
      vertex -15.9021 96.2708 0
    endloop
  endfacet
  facet normal 0 0 1
    outer loop
      vertex -0.0354834 96.064 0
      vertex -2.91262 95.7005 0
      vertex -2.9 95.5 0
    endloop
  endfacet
  facet normal 0 0 1
    outer loop
      vertex -2.08878 99.2995 0
      vertex -2.95027 95.8979 0
      vertex -2.91262 95.7005 0
    endloop
  endfacet
  facet normal 0 0 1
    outer loop
      vertex -2.08878 99.2995 0
      vertex -3.01236 96.089 0
      vertex -2.95027 95.8979 0
    endloop
  endfacet
  facet normal 0 0 1
    outer loop
      vertex -2.08878 99.2995 0
      vertex -3.09791 96.2708 0
      vertex -3.01236 96.089 0
    endloop
  endfacet
  facet normal 0 0 1
    outer loop
      vertex -3.81875 96.9477 0
      vertex -2.58399 99.5717 0
      vertex -3.10942 99.7798 0
    endloop
  endfacet
  facet normal 0 0 1
    outer loop
      vertex -2.08878 99.2995 0
      vertex -3.20557 96.4405 0
      vertex -3.09791 96.2708 0
    endloop
  endfacet
  facet normal 0 0 1
    outer loop
      vertex -2.08878 99.2995 0
      vertex -3.33365 96.5953 0
      vertex -3.20557 96.4405 0
    endloop
  endfacet
  facet normal 0 0 1
    outer loop
      vertex -2.08878 99.2995 0
      vertex -3.48012 96.7328 0
      vertex -3.33365 96.5953 0
    endloop
  endfacet
  facet normal 0 0 1
    outer loop
      vertex -2.08878 99.2995 0
      vertex -3.64268 96.8509 0
      vertex -3.48012 96.7328 0
    endloop
  endfacet
  facet normal 0 0 1
    outer loop
      vertex -4.00557 97.0217 0
      vertex -3.10942 99.7798 0
      vertex -3.65678 99.9203 0
    endloop
  endfacet
  facet normal 0 0 1
    outer loop
      vertex -2.58399 99.5717 0
      vertex -3.81875 96.9477 0
      vertex -3.64268 96.8509 0
    endloop
  endfacet
  facet normal 0 0 1
    outer loop
      vertex -3.10942 99.7798 0
      vertex -4.00557 97.0217 0
      vertex -3.81875 96.9477 0
    endloop
  endfacet
  facet normal 0 0 1
    outer loop
      vertex -3.65678 99.9203 0
      vertex -4.20019 97.0717 0
      vertex -4.00557 97.0217 0
    endloop
  endfacet
  facet normal 0 0 1
    outer loop
      vertex -4.21744 99.9911 0
      vertex -4.20019 97.0717 0
      vertex -3.65678 99.9203 0
    endloop
  endfacet
  facet normal 0 0 1
    outer loop
      vertex -4.21744 99.9911 0
      vertex -4.39953 97.0968 0
      vertex -4.20019 97.0717 0
    endloop
  endfacet
  facet normal -0 0 1
    outer loop
      vertex -4.5 99.9911 0
      vertex -4.39953 97.0968 0
      vertex -4.21744 99.9911 0
    endloop
  endfacet
  facet normal 0 0 1
    outer loop
      vertex -4.39953 97.0968 0
      vertex -4.5 99.9911 0
      vertex -4.60046 97.0968 0
    endloop
  endfacet
  facet normal 0 0 1
    outer loop
      vertex -2.9 95.5 0
      vertex 0 95.5 0
      vertex -0.0354834 96.064 0
    endloop
  endfacet
  facet normal 0 0 1
    outer loop
      vertex -2.91262 95.7005 0
      vertex -0.0354834 96.064 0
      vertex -0.141376 96.6191 0
    endloop
  endfacet
  facet normal 0 0 1
    outer loop
      vertex -2.91262 95.7005 0
      vertex -0.141376 96.6191 0
      vertex -0.316006 97.1566 0
    endloop
  endfacet
  facet normal 0 0 1
    outer loop
      vertex -2.91262 95.7005 0
      vertex -0.316006 97.1566 0
      vertex -0.55662 97.6679 0
    endloop
  endfacet
  facet normal 0 0 1
    outer loop
      vertex -2.91262 95.7005 0
      vertex -0.55662 97.6679 0
      vertex -0.859423 98.145 0
    endloop
  endfacet
  facet normal 0 0 1
    outer loop
      vertex -2.91262 95.7005 0
      vertex -0.859423 98.145 0
      vertex -1.21964 98.5805 0
    endloop
  endfacet
  facet normal 0 0 1
    outer loop
      vertex -2.91262 95.7005 0
      vertex -1.21964 98.5805 0
      vertex -1.63159 98.9673 0
    endloop
  endfacet
  facet normal 0 0 1
    outer loop
      vertex -2.91262 95.7005 0
      vertex -1.63159 98.9673 0
      vertex -2.08878 99.2995 0
    endloop
  endfacet
  facet normal 0 0 1
    outer loop
      vertex -3.64268 96.8509 0
      vertex -2.08878 99.2995 0
      vertex -2.58399 99.5717 0
    endloop
  endfacet
  facet normal 0 0 1
    outer loop
      vertex 0 95.5 0
      vertex -2.9 95.5 0
      vertex -2.91262 95.2995 0
    endloop
  endfacet
  facet normal 0 0 1
    outer loop
      vertex 0 95.5 0
      vertex -2.91262 95.2995 0
      vertex -2.95027 95.1021 0
    endloop
  endfacet
  facet normal 0 0 1
    outer loop
      vertex 0 95.5 0
      vertex -2.95027 95.1021 0
      vertex -3.01236 94.911 0
    endloop
  endfacet
  facet normal 0 0 1
    outer loop
      vertex 0 95.5 0
      vertex -3.01236 94.911 0
      vertex -3.09791 94.7292 0
    endloop
  endfacet
  facet normal 0 0 1
    outer loop
      vertex 0 95.5 0
      vertex -3.09791 94.7292 0
      vertex -3.20557 94.5595 0
    endloop
  endfacet
  facet normal 0 0 1
    outer loop
      vertex -3.33365 94.4047 0
      vertex 0 95.5 0
      vertex -3.20557 94.5595 0
    endloop
  endfacet
  facet normal 0 0 1
    outer loop
      vertex 0 95.5 0
      vertex -3.33365 94.4047 0
      vertex 0 88 0
    endloop
  endfacet
  facet normal -0 0 1
    outer loop
      vertex -3.48012 94.2672 0
      vertex 0 88 0
      vertex -3.33365 94.4047 0
    endloop
  endfacet
  facet normal -0 0 1
    outer loop
      vertex -3.64268 94.1491 0
      vertex 0 88 0
      vertex -3.48012 94.2672 0
    endloop
  endfacet
  facet normal -0 0 1
    outer loop
      vertex -3.81875 94.0523 0
      vertex 0 88 0
      vertex -3.64268 94.1491 0
    endloop
  endfacet
  facet normal -0 0 1
    outer loop
      vertex -4.00557 93.9783 0
      vertex 0 88 0
      vertex -3.81875 94.0523 0
    endloop
  endfacet
  facet normal -0 0 1
    outer loop
      vertex -4.20019 93.9283 0
      vertex 0 88 0
      vertex -4.00557 93.9783 0
    endloop
  endfacet
  facet normal -0 0 1
    outer loop
      vertex -4.39953 93.9032 0
      vertex 0 88 0
      vertex -4.20019 93.9283 0
    endloop
  endfacet
  facet normal -0 0 1
    outer loop
      vertex -4.60046 93.9032 0
      vertex 0 88 0
      vertex -4.39953 93.9032 0
    endloop
  endfacet
  facet normal 0 0 1
    outer loop
      vertex -4.79981 93.9283 0
      vertex 0 88 0
      vertex -4.60046 93.9032 0
    endloop
  endfacet
  facet normal 0 0 1
    outer loop
      vertex -12 88 0
      vertex -4.79981 93.9283 0
      vertex -4.99443 93.9783 0
    endloop
  endfacet
  facet normal 0 0 1
    outer loop
      vertex -12 88 0
      vertex -4.99443 93.9783 0
      vertex -5.18125 94.0523 0
    endloop
  endfacet
  facet normal 0 0 1
    outer loop
      vertex -12 91 0
      vertex -5.18125 94.0523 0
      vertex -5.35732 94.1491 0
    endloop
  endfacet
  facet normal 0 0 1
    outer loop
      vertex -12 91 0
      vertex -5.35732 94.1491 0
      vertex -5.51988 94.2672 0
    endloop
  endfacet
  facet normal 0 0 1
    outer loop
      vertex -12 91 0
      vertex -5.51988 94.2672 0
      vertex -5.66635 94.4047 0
    endloop
  endfacet
  facet normal 0 0 1
    outer loop
      vertex -12 93 0
      vertex -6.08738 95.2995 0
      vertex -6.1 95.5 0
    endloop
  endfacet
  facet normal 0 0 1
    outer loop
      vertex -12 93 0
      vertex -6.04973 95.1021 0
      vertex -6.08738 95.2995 0
    endloop
  endfacet
  facet normal 0 0 1
    outer loop
      vertex -12 93 0
      vertex -5.98764 94.911 0
      vertex -6.04973 95.1021 0
    endloop
  endfacet
  facet normal 0 0 1
    outer loop
      vertex -12 93 0
      vertex -5.90209 94.7292 0
      vertex -5.98764 94.911 0
    endloop
  endfacet
  facet normal 0 0 1
    outer loop
      vertex -12 93 0
      vertex -5.79443 94.5595 0
      vertex -5.90209 94.7292 0
    endloop
  endfacet
  facet normal 0 0 1
    outer loop
      vertex -12 93 0
      vertex -5.66635 94.4047 0
      vertex -5.79443 94.5595 0
    endloop
  endfacet
  facet normal 0 0 1
    outer loop
      vertex -12 91 0
      vertex -5.66635 94.4047 0
      vertex -12 93 0
    endloop
  endfacet
  facet normal 0 0 1
    outer loop
      vertex -5.18125 94.0523 0
      vertex -12 91 0
      vertex -12 88 0
    endloop
  endfacet
  facet normal 0 0 1
    outer loop
      vertex -4.79981 93.9283 0
      vertex -12 88 0
      vertex 0 88 0
    endloop
  endfacet
  facet normal -0 0 1
    outer loop
      vertex -12.9126 95.2995 0
      vertex -12 93 0
      vertex -12.9 95.5 0
    endloop
  endfacet
  facet normal -0 0 1
    outer loop
      vertex -12.9503 95.1021 0
      vertex -12 93 0
      vertex -12.9126 95.2995 0
    endloop
  endfacet
  facet normal -0 0 1
    outer loop
      vertex -13.0124 94.911 0
      vertex -12 93 0
      vertex -12.9503 95.1021 0
    endloop
  endfacet
  facet normal -0 0 1
    outer loop
      vertex -13.0979 94.7292 0
      vertex -12 93 0
      vertex -13.0124 94.911 0
    endloop
  endfacet
  facet normal -0 0 1
    outer loop
      vertex -13.2056 94.5595 0
      vertex -12 93 0
      vertex -13.0979 94.7292 0
    endloop
  endfacet
  facet normal -0 0 1
    outer loop
      vertex -13.3336 94.4047 0
      vertex -12 93 0
      vertex -13.2056 94.5595 0
    endloop
  endfacet
  facet normal -0 0 1
    outer loop
      vertex -13.4801 94.2672 0
      vertex -12 93 0
      vertex -13.3336 94.4047 0
    endloop
  endfacet
  facet normal -0 0 1
    outer loop
      vertex -13.6427 94.1491 0
      vertex -12 93 0
      vertex -13.4801 94.2672 0
    endloop
  endfacet
  facet normal -0 0 1
    outer loop
      vertex -13.8188 94.0523 0
      vertex -12 93 0
      vertex -13.6427 94.1491 0
    endloop
  endfacet
  facet normal -0 0 1
    outer loop
      vertex -14.0056 93.9783 0
      vertex -12 93 0
      vertex -13.8188 94.0523 0
    endloop
  endfacet
  facet normal -0 0 1
    outer loop
      vertex -14.2002 93.9283 0
      vertex -12 93 0
      vertex -14.0056 93.9783 0
    endloop
  endfacet
  facet normal -0 0 1
    outer loop
      vertex -14.3995 93.9032 0
      vertex -12 93 0
      vertex -14.2002 93.9283 0
    endloop
  endfacet
  facet normal -0 0 1
    outer loop
      vertex -14.6005 93.9032 0
      vertex -12 93 0
      vertex -14.3995 93.9032 0
    endloop
  endfacet
  facet normal 0 0 1
    outer loop
      vertex -18.2326 93 0
      vertex -14.6005 93.9032 0
      vertex -14.7998 93.9283 0
    endloop
  endfacet
  facet normal 0 0 1
    outer loop
      vertex -18.2326 93 0
      vertex -14.7998 93.9283 0
      vertex -14.9944 93.9783 0
    endloop
  endfacet
  facet normal -0 0 1
    outer loop
      vertex -18.4434 97.6679 0
      vertex -15.9021 96.2708 0
      vertex -18.1406 98.145 0
    endloop
  endfacet
  facet normal 0 0 1
    outer loop
      vertex -15.9021 96.2708 0
      vertex -18.4434 97.6679 0
      vertex -15.9876 96.089 0
    endloop
  endfacet
  facet normal -0 0 1
    outer loop
      vertex -18.684 97.1566 0
      vertex -15.9876 96.089 0
      vertex -18.4434 97.6679 0
    endloop
  endfacet
  facet normal 0 0 1
    outer loop
      vertex -15.9876 96.089 0
      vertex -18.684 97.1566 0
      vertex -16.0497 95.8979 0
    endloop
  endfacet
  facet normal -0 0 1
    outer loop
      vertex -18.8586 96.6191 0
      vertex -16.0497 95.8979 0
      vertex -18.684 97.1566 0
    endloop
  endfacet
  facet normal 0 0 1
    outer loop
      vertex -16.0497 95.8979 0
      vertex -18.8586 96.6191 0
      vertex -16.0874 95.7005 0
    endloop
  endfacet
  facet normal -0 0 1
    outer loop
      vertex -18.9645 96.064 0
      vertex -16.0874 95.7005 0
      vertex -18.8586 96.6191 0
    endloop
  endfacet
  facet normal 0 0 1
    outer loop
      vertex -16.0874 95.7005 0
      vertex -18.9645 96.064 0
      vertex -16.1 95.5 0
    endloop
  endfacet
  facet normal 0 0 1
    outer loop
      vertex -19 95.5 0
      vertex -16.1 95.5 0
      vertex -18.9645 96.064 0
    endloop
  endfacet
  facet normal 0 0 1
    outer loop
      vertex -14.6005 93.9032 0
      vertex -18.2326 93 0
      vertex -12 93 0
    endloop
  endfacet
  facet normal 0 0 1
    outer loop
      vertex -15.1812 94.0523 0
      vertex -18.2326 93 0
      vertex -14.9944 93.9783 0
    endloop
  endfacet
  facet normal 0 0 1
    outer loop
      vertex -15.3573 94.1491 0
      vertex -18.2326 93 0
      vertex -15.1812 94.0523 0
    endloop
  endfacet
  facet normal 0 0 1
    outer loop
      vertex -15.5199 94.2672 0
      vertex -18.2326 93 0
      vertex -15.3573 94.1491 0
    endloop
  endfacet
  facet normal 0 0 1
    outer loop
      vertex -15.6663 94.4047 0
      vertex -18.2326 93 0
      vertex -15.5199 94.2672 0
    endloop
  endfacet
  facet normal 0 0 1
    outer loop
      vertex -15.7944 94.5595 0
      vertex -18.2326 93 0
      vertex -15.6663 94.4047 0
    endloop
  endfacet
  facet normal 0 0 1
    outer loop
      vertex -16.1 95.5 0
      vertex -19 95.5 0
      vertex -16.0874 95.2995 0
    endloop
  endfacet
  facet normal 0 -0 1
    outer loop
      vertex -18.9645 94.936 0
      vertex -16.0874 95.2995 0
      vertex -19 95.5 0
    endloop
  endfacet
  facet normal 0 0 1
    outer loop
      vertex -16.0874 95.2995 0
      vertex -18.9645 94.936 0
      vertex -16.0497 95.1021 0
    endloop
  endfacet
  facet normal 0 -0 1
    outer loop
      vertex -18.2326 93 0
      vertex -15.9021 94.7292 0
      vertex -18.4434 93.3321 0
    endloop
  endfacet
  facet normal 0 0 1
    outer loop
      vertex -15.9021 94.7292 0
      vertex -18.2326 93 0
      vertex -15.7944 94.5595 0
    endloop
  endfacet
  facet normal 0 -0 1
    outer loop
      vertex -18.8586 94.3809 0
      vertex -16.0497 95.1021 0
      vertex -18.9645 94.936 0
    endloop
  endfacet
  facet normal 0 -0 1
    outer loop
      vertex -18.4434 93.3321 0
      vertex -15.9021 94.7292 0
      vertex -18.684 93.8434 0
    endloop
  endfacet
  facet normal 0 0 1
    outer loop
      vertex -16.0497 95.1021 0
      vertex -18.8586 94.3809 0
      vertex -15.9876 94.911 0
    endloop
  endfacet
  facet normal 0 0 1
    outer loop
      vertex -15.9876 94.911 0
      vertex -18.684 93.8434 0
      vertex -15.9021 94.7292 0
    endloop
  endfacet
  facet normal 0 -0 1
    outer loop
      vertex -18.684 93.8434 0
      vertex -15.9876 94.911 0
      vertex -18.8586 94.3809 0
    endloop
  endfacet
  facet normal 0.844307 0.53586 0
    outer loop
      vertex -0.55662 97.6679 0
      vertex -0.859423 98.145 -4
      vertex -0.859423 98.145 0
    endloop
  endfacet
  facet normal 0.844307 0.53586 0
    outer loop
      vertex -0.859423 98.145 -4
      vertex -0.55662 97.6679 0
      vertex -0.55662 97.6679 -4
    endloop
  endfacet
  facet normal 0.951064 0.308994 0
    outer loop
      vertex -0.141376 96.6191 0
      vertex -0.316006 97.1566 -4
      vertex -0.316006 97.1566 0
    endloop
  endfacet
  facet normal 0.951064 0.308994 0
    outer loop
      vertex -0.316006 97.1566 -4
      vertex -0.141376 96.6191 0
      vertex -0.141376 96.6191 -4
    endloop
  endfacet
  facet normal 0.770565 0.637361 0
    outer loop
      vertex -0.859423 98.145 0
      vertex -1.21964 98.5805 -4
      vertex -1.21964 98.5805 0
    endloop
  endfacet
  facet normal 0.770565 0.637361 0
    outer loop
      vertex -1.21964 98.5805 -4
      vertex -0.859423 98.145 0
      vertex -0.859423 98.145 -4
    endloop
  endfacet
  facet normal 0.481694 0.87634 -0
    outer loop
      vertex -2.08878 99.2995 -4
      vertex -2.58399 99.5717 0
      vertex -2.08878 99.2995 0
    endloop
  endfacet
  facet normal 0.481694 0.87634 0
    outer loop
      vertex -2.58399 99.5717 0
      vertex -2.08878 99.2995 -4
      vertex -2.58399 99.5717 -4
    endloop
  endfacet
  facet normal 0.368228 0.929736 -0
    outer loop
      vertex -2.58399 99.5717 -4
      vertex -3.10942 99.7798 0
      vertex -2.58399 99.5717 0
    endloop
  endfacet
  facet normal 0.368228 0.929736 0
    outer loop
      vertex -3.10942 99.7798 0
      vertex -2.58399 99.5717 -4
      vertex -3.10942 99.7798 -4
    endloop
  endfacet
  facet normal 0 0 -1
    outer loop
      vertex -13.6427 96.8509 -4
      vertex -13.5 99.88 -4
      vertex -13.4801 96.7328 -4
    endloop
  endfacet
  facet normal 0 0 -1
    outer loop
      vertex -13.8188 96.9477 -4
      vertex -13.5 99.88 -4
      vertex -13.6427 96.8509 -4
    endloop
  endfacet
  facet normal 0 0 -1
    outer loop
      vertex -14.0056 97.0217 -4
      vertex -13.5 99.88 -4
      vertex -13.8188 96.9477 -4
    endloop
  endfacet
  facet normal 0 0 -1
    outer loop
      vertex -14.2002 97.0717 -4
      vertex -13.5 99.88 -4
      vertex -14.0056 97.0217 -4
    endloop
  endfacet
  facet normal -0 0 -1
    outer loop
      vertex -13.5 99.88 -4
      vertex -14.2002 97.0717 -4
      vertex -13.6568 99.9203 -4
    endloop
  endfacet
  facet normal 0 0 -1
    outer loop
      vertex -14.2002 97.0717 -4
      vertex -14.2174 99.9911 -4
      vertex -13.6568 99.9203 -4
    endloop
  endfacet
  facet normal 0 0 -1
    outer loop
      vertex -14.3995 97.0968 -4
      vertex -14.2174 99.9911 -4
      vertex -14.2002 97.0717 -4
    endloop
  endfacet
  facet normal 0 0 -1
    outer loop
      vertex -14.6005 97.0968 -4
      vertex -14.2174 99.9911 -4
      vertex -14.3995 97.0968 -4
    endloop
  endfacet
  facet normal 0 0 -1
    outer loop
      vertex -14.6005 97.0968 -4
      vertex -14.7826 99.9911 -4
      vertex -14.2174 99.9911 -4
    endloop
  endfacet
  facet normal 0 0 -1
    outer loop
      vertex -14.7998 97.0717 -4
      vertex -14.7826 99.9911 -4
      vertex -14.6005 97.0968 -4
    endloop
  endfacet
  facet normal 0 0 -1
    outer loop
      vertex -15.3432 99.9203 -4
      vertex -14.7998 97.0717 -4
      vertex -14.9944 97.0217 -4
    endloop
  endfacet
  facet normal 0 0 -1
    outer loop
      vertex -15.8906 99.7798 -4
      vertex -14.9944 97.0217 -4
      vertex -15.1812 96.9477 -4
    endloop
  endfacet
  facet normal 0 0 -1
    outer loop
      vertex -14.7998 97.0717 -4
      vertex -15.3432 99.9203 -4
      vertex -14.7826 99.9911 -4
    endloop
  endfacet
  facet normal 0 0 -1
    outer loop
      vertex -16.416 99.5717 -4
      vertex -15.1812 96.9477 -4
      vertex -15.3573 96.8509 -4
    endloop
  endfacet
  facet normal 0 0 -1
    outer loop
      vertex -16.9112 99.2995 -4
      vertex -15.3573 96.8509 -4
      vertex -15.5199 96.7328 -4
    endloop
  endfacet
  facet normal 0 0 -1
    outer loop
      vertex -17.3684 98.9673 -4
      vertex -15.5199 96.7328 -4
      vertex -15.6663 96.5953 -4
    endloop
  endfacet
  facet normal 0 0 -1
    outer loop
      vertex -17.7804 98.5805 -4
      vertex -15.6663 96.5953 -4
      vertex -15.7944 96.4405 -4
    endloop
  endfacet
  facet normal 0 0 -1
    outer loop
      vertex -14.9944 97.0217 -4
      vertex -15.8906 99.7798 -4
      vertex -15.3432 99.9203 -4
    endloop
  endfacet
  facet normal 0 0 -1
    outer loop
      vertex -18.1406 98.145 -4
      vertex -15.7944 96.4405 -4
      vertex -15.9021 96.2708 -4
    endloop
  endfacet
  facet normal 0 0 -1
    outer loop
      vertex -18.4434 97.6679 -4
      vertex -15.9021 96.2708 -4
      vertex -15.9876 96.089 -4
    endloop
  endfacet
  facet normal 0 0 -1
    outer loop
      vertex -18.684 97.1566 -4
      vertex -15.9876 96.089 -4
      vertex -16.0497 95.8979 -4
    endloop
  endfacet
  facet normal 0 0 -1
    outer loop
      vertex -18.8586 96.6191 -4
      vertex -16.0497 95.8979 -4
      vertex -16.0874 95.7005 -4
    endloop
  endfacet
  facet normal 0 0 -1
    outer loop
      vertex -18.9645 96.064 -4
      vertex -16.0874 95.7005 -4
      vertex -16.1 95.5 -4
    endloop
  endfacet
  facet normal 0 0 -1
    outer loop
      vertex -15.1812 96.9477 -4
      vertex -16.416 99.5717 -4
      vertex -15.8906 99.7798 -4
    endloop
  endfacet
  facet normal 0 0 -1
    outer loop
      vertex -12 93 -4
      vertex -12.9126 95.2995 -4
      vertex -12.9 95.5 -4
    endloop
  endfacet
  facet normal 0 0 -1
    outer loop
      vertex -12 93 -4
      vertex -12.9503 95.1021 -4
      vertex -12.9126 95.2995 -4
    endloop
  endfacet
  facet normal 0 0 -1
    outer loop
      vertex -12 93 -4
      vertex -13.0124 94.911 -4
      vertex -12.9503 95.1021 -4
    endloop
  endfacet
  facet normal 0 0 -1
    outer loop
      vertex -12 93 -4
      vertex -13.0979 94.7292 -4
      vertex -13.0124 94.911 -4
    endloop
  endfacet
  facet normal 0 0 -1
    outer loop
      vertex -12 93 -4
      vertex -13.2056 94.5595 -4
      vertex -13.0979 94.7292 -4
    endloop
  endfacet
  facet normal 0 0 -1
    outer loop
      vertex -12 93 -4
      vertex -13.3336 94.4047 -4
      vertex -13.2056 94.5595 -4
    endloop
  endfacet
  facet normal 0 0 -1
    outer loop
      vertex -12 93 -4
      vertex -13.4801 94.2672 -4
      vertex -13.3336 94.4047 -4
    endloop
  endfacet
  facet normal 0 0 -1
    outer loop
      vertex -12 93 -4
      vertex -13.6427 94.1491 -4
      vertex -13.4801 94.2672 -4
    endloop
  endfacet
  facet normal 0 0 -1
    outer loop
      vertex -12 93 -4
      vertex -13.8188 94.0523 -4
      vertex -13.6427 94.1491 -4
    endloop
  endfacet
  facet normal 0 0 -1
    outer loop
      vertex -12 93 -4
      vertex -14.0056 93.9783 -4
      vertex -13.8188 94.0523 -4
    endloop
  endfacet
  facet normal 0 0 -1
    outer loop
      vertex -12 93 -4
      vertex -14.2002 93.9283 -4
      vertex -14.0056 93.9783 -4
    endloop
  endfacet
  facet normal 0 0 -1
    outer loop
      vertex -12 93 -4
      vertex -14.3995 93.9032 -4
      vertex -14.2002 93.9283 -4
    endloop
  endfacet
  facet normal 0 0 -1
    outer loop
      vertex -12 93 -4
      vertex -14.6005 93.9032 -4
      vertex -14.3995 93.9032 -4
    endloop
  endfacet
  facet normal 0 0 -1
    outer loop
      vertex -18.2326 93 -4
      vertex -14.6005 93.9032 -4
      vertex -12 93 -4
    endloop
  endfacet
  facet normal -0 0 -1
    outer loop
      vertex -14.6005 93.9032 -4
      vertex -18.2326 93 -4
      vertex -14.7998 93.9283 -4
    endloop
  endfacet
  facet normal 0 0 -1
    outer loop
      vertex -19 95.5 -4
      vertex -16.1 95.5 -4
      vertex -16.0874 95.2995 -4
    endloop
  endfacet
  facet normal 0 0 -1
    outer loop
      vertex -15.3573 96.8509 -4
      vertex -16.9112 99.2995 -4
      vertex -16.416 99.5717 -4
    endloop
  endfacet
  facet normal 0 0 -1
    outer loop
      vertex -18.9645 94.936 -4
      vertex -16.0874 95.2995 -4
      vertex -16.0497 95.1021 -4
    endloop
  endfacet
  facet normal 0 0 -1
    outer loop
      vertex -15.5199 96.7328 -4
      vertex -17.3684 98.9673 -4
      vertex -16.9112 99.2995 -4
    endloop
  endfacet
  facet normal 0 0 -1
    outer loop
      vertex -18.8586 94.3809 -4
      vertex -16.0497 95.1021 -4
      vertex -15.9876 94.911 -4
    endloop
  endfacet
  facet normal 0 0 -1
    outer loop
      vertex -15.6663 96.5953 -4
      vertex -17.7804 98.5805 -4
      vertex -17.3684 98.9673 -4
    endloop
  endfacet
  facet normal 0 0 -1
    outer loop
      vertex -18.684 93.8434 -4
      vertex -15.9876 94.911 -4
      vertex -15.9021 94.7292 -4
    endloop
  endfacet
  facet normal 0 0 -1
    outer loop
      vertex -15.7944 96.4405 -4
      vertex -18.1406 98.145 -4
      vertex -17.7804 98.5805 -4
    endloop
  endfacet
  facet normal 0 0 -1
    outer loop
      vertex -18.2326 93 -4
      vertex -15.9021 94.7292 -4
      vertex -15.7944 94.5595 -4
    endloop
  endfacet
  facet normal -0 0 -1
    outer loop
      vertex -14.7998 93.9283 -4
      vertex -18.2326 93 -4
      vertex -14.9944 93.9783 -4
    endloop
  endfacet
  facet normal 0 0 -1
    outer loop
      vertex -18.2326 93 -4
      vertex -15.1812 94.0523 -4
      vertex -14.9944 93.9783 -4
    endloop
  endfacet
  facet normal 0 0 -1
    outer loop
      vertex -18.2326 93 -4
      vertex -15.3573 94.1491 -4
      vertex -15.1812 94.0523 -4
    endloop
  endfacet
  facet normal 0 0 -1
    outer loop
      vertex -18.2326 93 -4
      vertex -15.5199 94.2672 -4
      vertex -15.3573 94.1491 -4
    endloop
  endfacet
  facet normal 0 0 -1
    outer loop
      vertex -18.2326 93 -4
      vertex -15.6663 94.4047 -4
      vertex -15.5199 94.2672 -4
    endloop
  endfacet
  facet normal 0 0 -1
    outer loop
      vertex -18.2326 93 -4
      vertex -15.7944 94.5595 -4
      vertex -15.6663 94.4047 -4
    endloop
  endfacet
  facet normal 0 0 -1
    outer loop
      vertex -15.9021 94.7292 -4
      vertex -18.2326 93 -4
      vertex -18.4434 93.3321 -4
    endloop
  endfacet
  facet normal 0 0 -1
    outer loop
      vertex -15.9021 94.7292 -4
      vertex -18.4434 93.3321 -4
      vertex -18.684 93.8434 -4
    endloop
  endfacet
  facet normal 0 0 -1
    outer loop
      vertex -15.9021 96.2708 -4
      vertex -18.4434 97.6679 -4
      vertex -18.1406 98.145 -4
    endloop
  endfacet
  facet normal 0 0 -1
    outer loop
      vertex -15.9876 94.911 -4
      vertex -18.684 93.8434 -4
      vertex -18.8586 94.3809 -4
    endloop
  endfacet
  facet normal 0 0 -1
    outer loop
      vertex -15.9876 96.089 -4
      vertex -18.684 97.1566 -4
      vertex -18.4434 97.6679 -4
    endloop
  endfacet
  facet normal 0 0 -1
    outer loop
      vertex -16.0497 95.1021 -4
      vertex -18.8586 94.3809 -4
      vertex -18.9645 94.936 -4
    endloop
  endfacet
  facet normal 0 0 -1
    outer loop
      vertex -16.0497 95.8979 -4
      vertex -18.8586 96.6191 -4
      vertex -18.684 97.1566 -4
    endloop
  endfacet
  facet normal -0 0 -1
    outer loop
      vertex -16.0874 95.2995 -4
      vertex -18.9645 94.936 -4
      vertex -19 95.5 -4
    endloop
  endfacet
  facet normal 0 0 -1
    outer loop
      vertex -16.0874 95.7005 -4
      vertex -18.9645 96.064 -4
      vertex -18.8586 96.6191 -4
    endloop
  endfacet
  facet normal 0 0 -1
    outer loop
      vertex -16.1 95.5 -4
      vertex -19 95.5 -4
      vertex -18.9645 96.064 -4
    endloop
  endfacet
  facet normal 0 0 -1
    outer loop
      vertex -3.48012 94.2672 -4
      vertex 0 95.5 -4
      vertex 0 83 -4
    endloop
  endfacet
  facet normal 0 -0 -1
    outer loop
      vertex -3.20557 94.5595 -4
      vertex 0 95.5 -4
      vertex -3.33365 94.4047 -4
    endloop
  endfacet
  facet normal 0 -0 -1
    outer loop
      vertex -3.09791 94.7292 -4
      vertex 0 95.5 -4
      vertex -3.20557 94.5595 -4
    endloop
  endfacet
  facet normal 0 -0 -1
    outer loop
      vertex -2.95027 95.1021 -4
      vertex 0 95.5 -4
      vertex -3.01236 94.911 -4
    endloop
  endfacet
  facet normal 0 -0 -1
    outer loop
      vertex -2.9 95.5 -4
      vertex 0 95.5 -4
      vertex -2.91262 95.2995 -4
    endloop
  endfacet
  facet normal 0 0 -1
    outer loop
      vertex -2.91262 95.7005 -4
      vertex -0.0354834 96.064 -4
      vertex -2.9 95.5 -4
    endloop
  endfacet
  facet normal 0 0 -1
    outer loop
      vertex -2.95027 95.8979 -4
      vertex -0.141376 96.6191 -4
      vertex -2.91262 95.7005 -4
    endloop
  endfacet
  facet normal -0 0 -1
    outer loop
      vertex -0.141376 96.6191 -4
      vertex -2.95027 95.8979 -4
      vertex -0.316006 97.1566 -4
    endloop
  endfacet
  facet normal -0 0 -1
    outer loop
      vertex -0.316006 97.1566 -4
      vertex -3.01236 96.089 -4
      vertex -0.55662 97.6679 -4
    endloop
  endfacet
  facet normal -0 0 -1
    outer loop
      vertex -0.55662 97.6679 -4
      vertex -3.09791 96.2708 -4
      vertex -0.859423 98.145 -4
    endloop
  endfacet
  facet normal 0 0 -1
    outer loop
      vertex -3.09791 96.2708 -4
      vertex -0.55662 97.6679 -4
      vertex -3.01236 96.089 -4
    endloop
  endfacet
  facet normal 0 0 -1
    outer loop
      vertex -3.01236 96.089 -4
      vertex -0.316006 97.1566 -4
      vertex -2.95027 95.8979 -4
    endloop
  endfacet
  facet normal -0 0 -1
    outer loop
      vertex -0.0354834 96.064 -4
      vertex -2.91262 95.7005 -4
      vertex -0.141376 96.6191 -4
    endloop
  endfacet
  facet normal 0 0 -1
    outer loop
      vertex 0 95.5 -4
      vertex -2.9 95.5 -4
      vertex -0.0354834 96.064 -4
    endloop
  endfacet
  facet normal 0 -0 -1
    outer loop
      vertex -2.91262 95.2995 -4
      vertex 0 95.5 -4
      vertex -2.95027 95.1021 -4
    endloop
  endfacet
  facet normal 0 -0 -1
    outer loop
      vertex -3.01236 94.911 -4
      vertex 0 95.5 -4
      vertex -3.09791 94.7292 -4
    endloop
  endfacet
  facet normal 0 0 -1
    outer loop
      vertex 0 95.5 -4
      vertex -3.48012 94.2672 -4
      vertex -3.33365 94.4047 -4
    endloop
  endfacet
  facet normal 0 0 -1
    outer loop
      vertex 0 83 -4
      vertex -3.64268 94.1491 -4
      vertex -3.48012 94.2672 -4
    endloop
  endfacet
  facet normal 0 0 -1
    outer loop
      vertex 0 83 -4
      vertex -3.81875 94.0523 -4
      vertex -3.64268 94.1491 -4
    endloop
  endfacet
  facet normal 0 0 -1
    outer loop
      vertex 0 83 -4
      vertex -4.00557 93.9783 -4
      vertex -3.81875 94.0523 -4
    endloop
  endfacet
  facet normal 0 0 -1
    outer loop
      vertex 0 83 -4
      vertex -4.20019 93.9283 -4
      vertex -4.00557 93.9783 -4
    endloop
  endfacet
  facet normal 0 0 -1
    outer loop
      vertex 0 83 -4
      vertex -4.39953 93.9032 -4
      vertex -4.20019 93.9283 -4
    endloop
  endfacet
  facet normal 0 0 -1
    outer loop
      vertex 0 83 -4
      vertex -4.60046 93.9032 -4
      vertex -4.39953 93.9032 -4
    endloop
  endfacet
  facet normal 0 0 -1
    outer loop
      vertex 0 83 -4
      vertex -4.79981 93.9283 -4
      vertex -4.60046 93.9032 -4
    endloop
  endfacet
  facet normal 0 0 -1
    outer loop
      vertex -12 83 -4
      vertex -4.79981 93.9283 -4
      vertex 0 83 -4
    endloop
  endfacet
  facet normal 0 0 -1
    outer loop
      vertex -12 91 -4
      vertex -4.79981 93.9283 -4
      vertex -12 83 -4
    endloop
  endfacet
  facet normal -0 0 -1
    outer loop
      vertex -4.79981 93.9283 -4
      vertex -12 91 -4
      vertex -4.99443 93.9783 -4
    endloop
  endfacet
  facet normal -0 0 -1
    outer loop
      vertex -5.18125 94.0523 -4
      vertex -12 91 -4
      vertex -5.35732 94.1491 -4
    endloop
  endfacet
  facet normal -0 0 -1
    outer loop
      vertex -5.35732 94.1491 -4
      vertex -12 91 -4
      vertex -5.51988 94.2672 -4
    endloop
  endfacet
  facet normal -0 0 -1
    outer loop
      vertex -5.51988 94.2672 -4
      vertex -12 91 -4
      vertex -5.66635 94.4047 -4
    endloop
  endfacet
  facet normal 0 0 -1
    outer loop
      vertex -12 93 -4
      vertex -5.66635 94.4047 -4
      vertex -12 91 -4
    endloop
  endfacet
  facet normal -0 0 -1
    outer loop
      vertex -5.98764 94.911 -4
      vertex -12 93 -4
      vertex -6.04973 95.1021 -4
    endloop
  endfacet
  facet normal -0 0 -1
    outer loop
      vertex -5.90209 94.7292 -4
      vertex -12 93 -4
      vertex -5.98764 94.911 -4
    endloop
  endfacet
  facet normal -0 0 -1
    outer loop
      vertex -5.79443 94.5595 -4
      vertex -12 93 -4
      vertex -5.90209 94.7292 -4
    endloop
  endfacet
  facet normal -0 0 -1
    outer loop
      vertex -5.66635 94.4047 -4
      vertex -12 93 -4
      vertex -5.79443 94.5595 -4
    endloop
  endfacet
  facet normal -0 0 -1
    outer loop
      vertex -4.99443 93.9783 -4
      vertex -12 91 -4
      vertex -5.18125 94.0523 -4
    endloop
  endfacet
  facet normal 0 0 -1
    outer loop
      vertex -3.20557 96.4405 -4
      vertex -0.859423 98.145 -4
      vertex -3.09791 96.2708 -4
    endloop
  endfacet
  facet normal -0 0 -1
    outer loop
      vertex -0.859423 98.145 -4
      vertex -3.20557 96.4405 -4
      vertex -1.21964 98.5805 -4
    endloop
  endfacet
  facet normal 0 0 -1
    outer loop
      vertex -3.33365 96.5953 -4
      vertex -1.21964 98.5805 -4
      vertex -3.20557 96.4405 -4
    endloop
  endfacet
  facet normal -0 0 -1
    outer loop
      vertex -1.21964 98.5805 -4
      vertex -3.33365 96.5953 -4
      vertex -1.63159 98.9673 -4
    endloop
  endfacet
  facet normal 0 0 -1
    outer loop
      vertex -3.48012 96.7328 -4
      vertex -1.63159 98.9673 -4
      vertex -3.33365 96.5953 -4
    endloop
  endfacet
  facet normal -0 0 -1
    outer loop
      vertex -1.63159 98.9673 -4
      vertex -3.48012 96.7328 -4
      vertex -2.08878 99.2995 -4
    endloop
  endfacet
  facet normal 0 0 -1
    outer loop
      vertex -3.64268 96.8509 -4
      vertex -2.08878 99.2995 -4
      vertex -3.48012 96.7328 -4
    endloop
  endfacet
  facet normal -0 0 -1
    outer loop
      vertex -2.08878 99.2995 -4
      vertex -3.64268 96.8509 -4
      vertex -2.58399 99.5717 -4
    endloop
  endfacet
  facet normal 0 0 -1
    outer loop
      vertex -3.81875 96.9477 -4
      vertex -2.58399 99.5717 -4
      vertex -3.64268 96.8509 -4
    endloop
  endfacet
  facet normal -0 0 -1
    outer loop
      vertex -2.58399 99.5717 -4
      vertex -3.81875 96.9477 -4
      vertex -3.10942 99.7798 -4
    endloop
  endfacet
  facet normal 0 0 -1
    outer loop
      vertex -4.00557 97.0217 -4
      vertex -3.10942 99.7798 -4
      vertex -3.81875 96.9477 -4
    endloop
  endfacet
  facet normal -0 0 -1
    outer loop
      vertex -3.10942 99.7798 -4
      vertex -4.00557 97.0217 -4
      vertex -3.65678 99.9203 -4
    endloop
  endfacet
  facet normal 0 0 -1
    outer loop
      vertex -4.20019 97.0717 -4
      vertex -3.65678 99.9203 -4
      vertex -4.00557 97.0217 -4
    endloop
  endfacet
  facet normal 0 0 -1
    outer loop
      vertex -4.20019 97.0717 -4
      vertex -4.21744 99.9911 -4
      vertex -3.65678 99.9203 -4
    endloop
  endfacet
  facet normal 0 0 -1
    outer loop
      vertex -4.39953 97.0968 -4
      vertex -4.21744 99.9911 -4
      vertex -4.20019 97.0717 -4
    endloop
  endfacet
  facet normal 0 0 -1
    outer loop
      vertex -4.39953 97.0968 -4
      vertex -4.5 99.9911 -4
      vertex -4.21744 99.9911 -4
    endloop
  endfacet
  facet normal 0 0 -1
    outer loop
      vertex -4.60046 97.0968 -4
      vertex -4.5 99.9911 -4
      vertex -4.39953 97.0968 -4
    endloop
  endfacet
  facet normal 0 0 -1
    outer loop
      vertex -4.79981 97.0717 -4
      vertex -4.5 99.9911 -4
      vertex -4.60046 97.0968 -4
    endloop
  endfacet
  facet normal 0 0 -1
    outer loop
      vertex -4.99443 97.0217 -4
      vertex -4.5 99.9911 -4
      vertex -4.79981 97.0717 -4
    endloop
  endfacet
  facet normal 0 0 -1
    outer loop
      vertex -5.18125 96.9477 -4
      vertex -4.5 99.9911 -4
      vertex -4.99443 97.0217 -4
    endloop
  endfacet
  facet normal 0 0 -1
    outer loop
      vertex -5.35732 96.8509 -4
      vertex -4.5 99.9911 -4
      vertex -5.18125 96.9477 -4
    endloop
  endfacet
  facet normal 0 0 -1
    outer loop
      vertex -5.51988 96.7328 -4
      vertex -4.5 99.9911 -4
      vertex -5.35732 96.8509 -4
    endloop
  endfacet
  facet normal 0 0 -1
    outer loop
      vertex -5.66635 96.5953 -4
      vertex -4.5 99.9911 -4
      vertex -5.51988 96.7328 -4
    endloop
  endfacet
  facet normal 0 0 -1
    outer loop
      vertex -13.5 99.88 -4
      vertex -4.5 99.9911 -4
      vertex -5.66635 96.5953 -4
    endloop
  endfacet
  facet normal 0 0 -1
    outer loop
      vertex -13.5 99.88 -4
      vertex -5.66635 96.5953 -4
      vertex -5.79443 96.4405 -4
    endloop
  endfacet
  facet normal 0 0 -1
    outer loop
      vertex -13.5 99.88 -4
      vertex -5.79443 96.4405 -4
      vertex -5.90209 96.2708 -4
    endloop
  endfacet
  facet normal 0 0 -1
    outer loop
      vertex -13.0979 96.2708 -4
      vertex -5.90209 96.2708 -4
      vertex -5.98764 96.089 -4
    endloop
  endfacet
  facet normal -0 0 -1
    outer loop
      vertex -6.04973 95.1021 -4
      vertex -12 93 -4
      vertex -6.08738 95.2995 -4
    endloop
  endfacet
  facet normal -0 0 -1
    outer loop
      vertex -6.08738 95.2995 -4
      vertex -12 93 -4
      vertex -6.1 95.5 -4
    endloop
  endfacet
  facet normal 0 0 -1
    outer loop
      vertex -12.9 95.5 -4
      vertex -6.1 95.5 -4
      vertex -12 93 -4
    endloop
  endfacet
  facet normal 0 0 -1
    outer loop
      vertex -6.1 95.5 -4
      vertex -12.9 95.5 -4
      vertex -6.08738 95.7005 -4
    endloop
  endfacet
  facet normal 0 0 -1
    outer loop
      vertex -12.9126 95.7005 -4
      vertex -6.08738 95.7005 -4
      vertex -12.9 95.5 -4
    endloop
  endfacet
  facet normal 0 0 -1
    outer loop
      vertex -6.08738 95.7005 -4
      vertex -12.9126 95.7005 -4
      vertex -6.04973 95.8979 -4
    endloop
  endfacet
  facet normal 0 0 -1
    outer loop
      vertex -12.9503 95.8979 -4
      vertex -6.04973 95.8979 -4
      vertex -12.9126 95.7005 -4
    endloop
  endfacet
  facet normal 0 0 -1
    outer loop
      vertex -6.04973 95.8979 -4
      vertex -12.9503 95.8979 -4
      vertex -5.98764 96.089 -4
    endloop
  endfacet
  facet normal 0 0 -1
    outer loop
      vertex -13.0124 96.089 -4
      vertex -5.98764 96.089 -4
      vertex -12.9503 95.8979 -4
    endloop
  endfacet
  facet normal 0 0 -1
    outer loop
      vertex -13.0979 96.2708 -4
      vertex -5.98764 96.089 -4
      vertex -13.0124 96.089 -4
    endloop
  endfacet
  facet normal 0 0 -1
    outer loop
      vertex -5.90209 96.2708 -4
      vertex -13.0979 96.2708 -4
      vertex -13.5 99.88 -4
    endloop
  endfacet
  facet normal 0 0 -1
    outer loop
      vertex -13.5 99.88 -4
      vertex -13.0979 96.2708 -4
      vertex -13.2056 96.4405 -4
    endloop
  endfacet
  facet normal 0 0 -1
    outer loop
      vertex -13.5 99.88 -4
      vertex -13.2056 96.4405 -4
      vertex -13.3336 96.5953 -4
    endloop
  endfacet
  facet normal 0 0 -1
    outer loop
      vertex -13.5 99.88 -4
      vertex -13.3336 96.5953 -4
      vertex -13.4801 96.7328 -4
    endloop
  endfacet
  facet normal 0 0 -1
    outer loop
      vertex -13.5 100 -4
      vertex -4.5 99.9911 -4
      vertex -13.5 99.88 -4
    endloop
  endfacet
  facet normal 0 0 -1
    outer loop
      vertex -4.5 99.9911 -4
      vertex -13.5 100 -4
      vertex -4.5 100 -4
    endloop
  endfacet
  facet normal -0.982284 -0.187397 0
    outer loop
      vertex -18.8586 94.3809 -4
      vertex -18.9645 94.936 0
      vertex -18.9645 94.936 -4
    endloop
  endfacet
  facet normal -0.982284 -0.187397 0
    outer loop
      vertex -18.9645 94.936 0
      vertex -18.8586 94.3809 -4
      vertex -18.8586 94.3809 0
    endloop
  endfacet
  facet normal -0.998025 -0.0628189 0
    outer loop
      vertex -18.9645 94.936 -4
      vertex -19 95.5 0
      vertex -19 95.5 -4
    endloop
  endfacet
  facet normal -0.998025 -0.0628189 0
    outer loop
      vertex -19 95.5 0
      vertex -18.9645 94.936 -4
      vertex -18.9645 94.936 0
    endloop
  endfacet
  facet normal -0.95108 -0.308946 0
    outer loop
      vertex -18.684 93.8434 -4
      vertex -18.8586 94.3809 0
      vertex -18.8586 94.3809 -4
    endloop
  endfacet
  facet normal -0.95108 -0.308946 0
    outer loop
      vertex -18.8586 94.3809 0
      vertex -18.684 93.8434 -4
      vertex -18.684 93.8434 0
    endloop
  endfacet
  facet normal -0.684459 0.729051 0
    outer loop
      vertex -17.3684 98.9673 -4
      vertex -17.7804 98.5805 0
      vertex -17.3684 98.9673 0
    endloop
  endfacet
  facet normal -0.684459 0.729051 0
    outer loop
      vertex -17.7804 98.5805 0
      vertex -17.3684 98.9673 -4
      vertex -17.7804 98.5805 -4
    endloop
  endfacet
  facet normal 0.248925 0.968523 -0
    outer loop
      vertex -13.5 99.88 -4
      vertex -13.6568 99.9203 0
      vertex -13.5 99.88 0
    endloop
  endfacet
  facet normal 0.248925 0.968523 0
    outer loop
      vertex -13.6568 99.9203 0
      vertex -13.5 99.88 -4
      vertex -13.6568 99.9203 -4
    endloop
  endfacet
  facet normal 0 1 -0
    outer loop
      vertex -14.2174 99.9911 -4
      vertex -14.7826 99.9911 0
      vertex -14.2174 99.9911 0
    endloop
  endfacet
  facet normal 0 1 0
    outer loop
      vertex -14.7826 99.9911 0
      vertex -14.2174 99.9911 -4
      vertex -14.7826 99.9911 -4
    endloop
  endfacet
  facet normal -0.95108 0.308946 0
    outer loop
      vertex -18.8586 96.6191 -4
      vertex -18.684 97.1566 0
      vertex -18.684 97.1566 -4
    endloop
  endfacet
  facet normal -0.95108 0.308946 0
    outer loop
      vertex -18.684 97.1566 0
      vertex -18.8586 96.6191 -4
      vertex -18.8586 96.6191 0
    endloop
  endfacet
  facet normal -0.844309 0.535856 0
    outer loop
      vertex -18.4434 97.6679 -4
      vertex -18.1406 98.145 0
      vertex -18.1406 98.145 -4
    endloop
  endfacet
  facet normal -0.844309 0.535856 0
    outer loop
      vertex -18.1406 98.145 0
      vertex -18.4434 97.6679 -4
      vertex -18.4434 97.6679 0
    endloop
  endfacet
  facet normal -0.481701 0.876335 0
    outer loop
      vertex -16.416 99.5717 -4
      vertex -16.9112 99.2995 0
      vertex -16.416 99.5717 0
    endloop
  endfacet
  facet normal -0.481701 0.876335 0
    outer loop
      vertex -16.9112 99.2995 0
      vertex -16.416 99.5717 -4
      vertex -16.9112 99.2995 -4
    endloop
  endfacet
  facet normal -0.368246 0.929728 0
    outer loop
      vertex -15.8906 99.7798 -4
      vertex -16.416 99.5717 0
      vertex -15.8906 99.7798 0
    endloop
  endfacet
  facet normal -0.368246 0.929728 0
    outer loop
      vertex -16.416 99.5717 0
      vertex -15.8906 99.7798 -4
      vertex -16.416 99.5717 -4
    endloop
  endfacet
  facet normal -0.982284 0.187397 0
    outer loop
      vertex -18.9645 96.064 -4
      vertex -18.8586 96.6191 0
      vertex -18.8586 96.6191 -4
    endloop
  endfacet
  facet normal -0.982284 0.187397 0
    outer loop
      vertex -18.8586 96.6191 0
      vertex -18.9645 96.064 -4
      vertex -18.9645 96.064 0
    endloop
  endfacet
  facet normal -0.77058 0.637343 0
    outer loop
      vertex -18.1406 98.145 -4
      vertex -17.7804 98.5805 0
      vertex -17.7804 98.5805 -4
    endloop
  endfacet
  facet normal -0.77058 0.637343 0
    outer loop
      vertex -17.7804 98.5805 0
      vertex -18.1406 98.145 -4
      vertex -18.1406 98.145 0
    endloop
  endfacet
  facet normal -0.904827 0.42578 0
    outer loop
      vertex -18.684 97.1566 -4
      vertex -18.4434 97.6679 0
      vertex -18.4434 97.6679 -4
    endloop
  endfacet
  facet normal -0.904827 0.42578 0
    outer loop
      vertex -18.4434 97.6679 0
      vertex -18.684 97.1566 -4
      vertex -18.684 97.1566 0
    endloop
  endfacet
  facet normal -0.248609 0.968604 0
    outer loop
      vertex -15.3432 99.9203 -4
      vertex -15.8906 99.7798 0
      vertex -15.3432 99.9203 0
    endloop
  endfacet
  facet normal -0.248609 0.968604 0
    outer loop
      vertex -15.8906 99.7798 0
      vertex -15.3432 99.9203 -4
      vertex -15.8906 99.7798 -4
    endloop
  endfacet
  facet normal -0.998025 0.0628189 0
    outer loop
      vertex -19 95.5 -4
      vertex -18.9645 96.064 0
      vertex -18.9645 96.064 -4
    endloop
  endfacet
  facet normal -0.998025 0.0628189 0
    outer loop
      vertex -18.9645 96.064 0
      vertex -19 95.5 -4
      vertex -19 95.5 0
    endloop
  endfacet
  facet normal -0.904827 -0.42578 0
    outer loop
      vertex -18.4434 93.3321 -4
      vertex -18.684 93.8434 0
      vertex -18.684 93.8434 -4
    endloop
  endfacet
  facet normal -0.904827 -0.42578 0
    outer loop
      vertex -18.684 93.8434 0
      vertex -18.4434 93.3321 -4
      vertex -18.4434 93.3321 0
    endloop
  endfacet
  facet normal -0.844279 -0.535905 0
    outer loop
      vertex -18.2326 93 -4
      vertex -18.4434 93.3321 0
      vertex -18.4434 93.3321 -4
    endloop
  endfacet
  facet normal -0.844279 -0.535905 0
    outer loop
      vertex -18.4434 93.3321 0
      vertex -18.2326 93 -4
      vertex -18.2326 93 0
    endloop
  endfacet
  facet normal 0.125298 0.992119 -0
    outer loop
      vertex -13.6568 99.9203 -4
      vertex -14.2174 99.9911 0
      vertex -13.6568 99.9203 0
    endloop
  endfacet
  facet normal 0.125298 0.992119 0
    outer loop
      vertex -14.2174 99.9911 0
      vertex -13.6568 99.9203 -4
      vertex -14.2174 99.9911 -4
    endloop
  endfacet
  facet normal -0.125298 0.992119 0
    outer loop
      vertex -14.7826 99.9911 -4
      vertex -15.3432 99.9203 0
      vertex -14.7826 99.9911 0
    endloop
  endfacet
  facet normal -0.125298 0.992119 0
    outer loop
      vertex -15.3432 99.9203 0
      vertex -14.7826 99.9911 -4
      vertex -15.3432 99.9203 -4
    endloop
  endfacet
  facet normal -0.587814 0.808996 0
    outer loop
      vertex -16.9112 99.2995 -4
      vertex -17.3684 98.9673 0
      vertex -16.9112 99.2995 0
    endloop
  endfacet
  facet normal -0.587814 0.808996 0
    outer loop
      vertex -17.3684 98.9673 0
      vertex -16.9112 99.2995 -4
      vertex -17.3684 98.9673 -4
    endloop
  endfacet
  facet normal -1 0 0
    outer loop
      vertex -13.5 99.88 -4
      vertex -13.5 100 0
      vertex -13.5 100 -4
    endloop
  endfacet
  facet normal -1 -0 0
    outer loop
      vertex -13.5 100 0
      vertex -13.5 99.88 -4
      vertex -13.5 99.88 0
    endloop
  endfacet
  facet normal 1 -0 0
    outer loop
      vertex -4.5 99.9911 0
      vertex -4.5 100 -4
      vertex -4.5 100 0
    endloop
  endfacet
  facet normal 1 0 0
    outer loop
      vertex -4.5 100 -4
      vertex -4.5 99.9911 0
      vertex -4.5 99.9911 -4
    endloop
  endfacet
  facet normal 0 1 -0
    outer loop
      vertex -4.5 100 -4
      vertex -13.5 100 0
      vertex -4.5 100 0
    endloop
  endfacet
  facet normal 0 1 0
    outer loop
      vertex -13.5 100 0
      vertex -4.5 100 -4
      vertex -13.5 100 -4
    endloop
  endfacet
  facet normal -1 0 0
    outer loop
      vertex -12 91 -4
      vertex -12 88 0
      vertex -12 91 0
    endloop
  endfacet
  facet normal -1 0 0
    outer loop
      vertex -12 83 -4
      vertex -12 88 0
      vertex -12 91 -4
    endloop
  endfacet
  facet normal -1 0 0
    outer loop
      vertex -12 88 0
      vertex -12 83 -4
      vertex -12 83 -2
    endloop
  endfacet
  facet normal 1 -0 0
    outer loop
      vertex 0 88 0
      vertex 0 95.5 -4
      vertex 0 95.5 0
    endloop
  endfacet
  facet normal 1 0 0
    outer loop
      vertex 0 83 -4
      vertex 0 88 0
      vertex 0 83 -2
    endloop
  endfacet
  facet normal 1 0 0
    outer loop
      vertex 0 88 0
      vertex 0 83 -4
      vertex 0 95.5 -4
    endloop
  endfacet
  facet normal 0 -1 0
    outer loop
      vertex -12 83 -4
      vertex 0 83 -2
      vertex -12 83 -2
    endloop
  endfacet
  facet normal 0 -1 -0
    outer loop
      vertex 0 83 -2
      vertex -12 83 -4
      vertex 0 83 -4
    endloop
  endfacet
  facet normal 0 -0.371391 0.928477
    outer loop
      vertex -12 88 0
      vertex 0 83 -2
      vertex 0 88 0
    endloop
  endfacet
  facet normal 0 -0.371391 0.928477
    outer loop
      vertex 0 83 -2
      vertex -12 88 0
      vertex -12 83 -2
    endloop
  endfacet
  facet normal 0.998025 -0.0628183 0
    outer loop
      vertex -6.1 95.5 0
      vertex -6.08738 95.7005 -4
      vertex -6.08738 95.7005 0
    endloop
  endfacet
  facet normal 0.998025 -0.0628183 0
    outer loop
      vertex -6.08738 95.7005 -4
      vertex -6.1 95.5 0
      vertex -6.1 95.5 -4
    endloop
  endfacet
  facet normal 0.982293 0.187352 0
    outer loop
      vertex -6.04973 95.1021 0
      vertex -6.08738 95.2995 -4
      vertex -6.08738 95.2995 0
    endloop
  endfacet
  facet normal 0.982293 0.187352 0
    outer loop
      vertex -6.08738 95.2995 -4
      vertex -6.04973 95.1021 0
      vertex -6.04973 95.1021 -4
    endloop
  endfacet
  facet normal 0.998025 0.0628183 0
    outer loop
      vertex -6.08738 95.2995 0
      vertex -6.1 95.5 -4
      vertex -6.1 95.5 0
    endloop
  endfacet
  facet normal 0.998025 0.0628183 0
    outer loop
      vertex -6.1 95.5 -4
      vertex -6.08738 95.2995 0
      vertex -6.08738 95.2995 -4
    endloop
  endfacet
  facet normal 0.95106 0.309007 0
    outer loop
      vertex -5.98764 94.911 0
      vertex -6.04973 95.1021 -4
      vertex -6.04973 95.1021 0
    endloop
  endfacet
  facet normal 0.95106 0.309007 0
    outer loop
      vertex -6.04973 95.1021 -4
      vertex -5.98764 94.911 0
      vertex -5.98764 94.911 -4
    endloop
  endfacet
  facet normal 0.770468 0.637478 0
    outer loop
      vertex -5.66635 94.4047 0
      vertex -5.79443 94.5595 -4
      vertex -5.79443 94.5595 0
    endloop
  endfacet
  facet normal 0.770468 0.637478 0
    outer loop
      vertex -5.79443 94.5595 -4
      vertex -5.66635 94.4047 0
      vertex -5.66635 94.4047 -4
    endloop
  endfacet
  facet normal 0.24883 0.968547 -0
    outer loop
      vertex -4.79981 93.9283 -4
      vertex -4.99443 93.9783 0
      vertex -4.79981 93.9283 0
    endloop
  endfacet
  facet normal 0.24883 0.968547 0
    outer loop
      vertex -4.99443 93.9783 0
      vertex -4.79981 93.9283 -4
      vertex -4.99443 93.9783 -4
    endloop
  endfacet
  facet normal -0.95106 0.309007 0
    outer loop
      vertex -3.01236 94.911 -4
      vertex -2.95027 95.1021 0
      vertex -2.95027 95.1021 -4
    endloop
  endfacet
  facet normal -0.95106 0.309007 0
    outer loop
      vertex -2.95027 95.1021 0
      vertex -3.01236 94.911 -4
      vertex -3.01236 94.911 0
    endloop
  endfacet
  facet normal 0.368265 0.929721 -0
    outer loop
      vertex -4.99443 93.9783 -4
      vertex -5.18125 94.0523 0
      vertex -4.99443 93.9783 0
    endloop
  endfacet
  facet normal 0.368265 0.929721 0
    outer loop
      vertex -5.18125 94.0523 0
      vertex -4.99443 93.9783 -4
      vertex -5.18125 94.0523 -4
    endloop
  endfacet
  facet normal 0.481772 -0.876297 0
    outer loop
      vertex -5.35732 96.8509 -4
      vertex -5.18125 96.9477 0
      vertex -5.35732 96.8509 0
    endloop
  endfacet
  facet normal 0.481772 -0.876297 0
    outer loop
      vertex -5.18125 96.9477 0
      vertex -5.35732 96.8509 -4
      vertex -5.18125 96.9477 -4
    endloop
  endfacet
  facet normal -0.982293 0.187352 0
    outer loop
      vertex -2.95027 95.1021 -4
      vertex -2.91262 95.2995 0
      vertex -2.91262 95.2995 -4
    endloop
  endfacet
  facet normal -0.982293 0.187352 0
    outer loop
      vertex -2.91262 95.2995 0
      vertex -2.95027 95.1021 -4
      vertex -2.95027 95.1021 0
    endloop
  endfacet
  facet normal 0.368265 -0.929721 0
    outer loop
      vertex -5.18125 96.9477 -4
      vertex -4.99443 97.0217 0
      vertex -5.18125 96.9477 0
    endloop
  endfacet
  facet normal 0.368265 -0.929721 0
    outer loop
      vertex -4.99443 97.0217 0
      vertex -5.18125 96.9477 -4
      vertex -4.99443 97.0217 -4
    endloop
  endfacet
  facet normal 0.124923 -0.992166 0
    outer loop
      vertex -4.79981 97.0717 -4
      vertex -4.60046 97.0968 0
      vertex -4.79981 97.0717 0
    endloop
  endfacet
  facet normal 0.124923 -0.992166 0
    outer loop
      vertex -4.60046 97.0968 0
      vertex -4.79981 97.0717 -4
      vertex -4.60046 97.0968 -4
    endloop
  endfacet
  facet normal -0.24883 0.968547 0
    outer loop
      vertex -4.00557 93.9783 -4
      vertex -4.20019 93.9283 0
      vertex -4.00557 93.9783 0
    endloop
  endfacet
  facet normal -0.24883 0.968547 0
    outer loop
      vertex -4.20019 93.9283 0
      vertex -4.00557 93.9783 -4
      vertex -4.20019 93.9283 -4
    endloop
  endfacet
  facet normal 0.481772 0.876297 -0
    outer loop
      vertex -5.18125 94.0523 -4
      vertex -5.35732 94.1491 0
      vertex -5.18125 94.0523 0
    endloop
  endfacet
  facet normal 0.481772 0.876297 0
    outer loop
      vertex -5.35732 94.1491 0
      vertex -5.18125 94.0523 -4
      vertex -5.35732 94.1491 -4
    endloop
  endfacet
  facet normal -0.998025 -0.0628183 0
    outer loop
      vertex -2.9 95.5 -4
      vertex -2.91262 95.7005 0
      vertex -2.91262 95.7005 -4
    endloop
  endfacet
  facet normal -0.998025 -0.0628183 0
    outer loop
      vertex -2.91262 95.7005 0
      vertex -2.9 95.5 -4
      vertex -2.9 95.5 0
    endloop
  endfacet
  facet normal 0.95106 -0.309007 0
    outer loop
      vertex -6.04973 95.8979 0
      vertex -5.98764 96.089 -4
      vertex -5.98764 96.089 0
    endloop
  endfacet
  facet normal 0.95106 -0.309007 0
    outer loop
      vertex -5.98764 96.089 -4
      vertex -6.04973 95.8979 0
      vertex -6.04973 95.8979 -4
    endloop
  endfacet
  facet normal 0.770468 -0.637478 0
    outer loop
      vertex -5.79443 96.4405 0
      vertex -5.66635 96.5953 -4
      vertex -5.66635 96.5953 0
    endloop
  endfacet
  facet normal 0.770468 -0.637478 0
    outer loop
      vertex -5.66635 96.5953 -4
      vertex -5.79443 96.4405 0
      vertex -5.79443 96.4405 -4
    endloop
  endfacet
  facet normal -0.770468 0.637478 0
    outer loop
      vertex -3.33365 94.4047 -4
      vertex -3.20557 94.5595 0
      vertex -3.20557 94.5595 -4
    endloop
  endfacet
  facet normal -0.770468 0.637478 0
    outer loop
      vertex -3.20557 94.5595 0
      vertex -3.33365 94.4047 -4
      vertex -3.33365 94.4047 0
    endloop
  endfacet
  facet normal 0 -1 0
    outer loop
      vertex -4.60046 97.0968 -4
      vertex -4.39953 97.0968 0
      vertex -4.60046 97.0968 0
    endloop
  endfacet
  facet normal 0 -1 -0
    outer loop
      vertex -4.39953 97.0968 0
      vertex -4.60046 97.0968 -4
      vertex -4.39953 97.0968 -4
    endloop
  endfacet
  facet normal -0.587763 0.809033 0
    outer loop
      vertex -3.48012 94.2672 -4
      vertex -3.64268 94.1491 0
      vertex -3.48012 94.2672 0
    endloop
  endfacet
  facet normal -0.587763 0.809033 0
    outer loop
      vertex -3.64268 94.1491 0
      vertex -3.48012 94.2672 -4
      vertex -3.64268 94.1491 -4
    endloop
  endfacet
  facet normal -0.481772 0.876297 0
    outer loop
      vertex -3.64268 94.1491 -4
      vertex -3.81875 94.0523 0
      vertex -3.64268 94.1491 0
    endloop
  endfacet
  facet normal -0.481772 0.876297 0
    outer loop
      vertex -3.81875 94.0523 0
      vertex -3.64268 94.1491 -4
      vertex -3.81875 94.0523 -4
    endloop
  endfacet
  facet normal 0.587763 0.809033 -0
    outer loop
      vertex -5.35732 94.1491 -4
      vertex -5.51988 94.2672 0
      vertex -5.35732 94.1491 0
    endloop
  endfacet
  facet normal 0.587763 0.809033 0
    outer loop
      vertex -5.51988 94.2672 0
      vertex -5.35732 94.1491 -4
      vertex -5.51988 94.2672 -4
    endloop
  endfacet
  facet normal 0 1 -0
    outer loop
      vertex -4.39953 93.9032 -4
      vertex -4.60046 93.9032 0
      vertex -4.39953 93.9032 0
    endloop
  endfacet
  facet normal 0 1 0
    outer loop
      vertex -4.60046 93.9032 0
      vertex -4.39953 93.9032 -4
      vertex -4.60046 93.9032 -4
    endloop
  endfacet
  facet normal 0.904824 -0.425785 0
    outer loop
      vertex -5.98764 96.089 0
      vertex -5.90209 96.2708 -4
      vertex -5.90209 96.2708 0
    endloop
  endfacet
  facet normal 0.904824 -0.425785 0
    outer loop
      vertex -5.90209 96.2708 -4
      vertex -5.98764 96.089 0
      vertex -5.98764 96.089 -4
    endloop
  endfacet
  facet normal 0.124923 0.992166 -0
    outer loop
      vertex -4.60046 93.9032 -4
      vertex -4.79981 93.9283 0
      vertex -4.60046 93.9032 0
    endloop
  endfacet
  facet normal 0.124923 0.992166 0
    outer loop
      vertex -4.79981 93.9283 0
      vertex -4.60046 93.9032 -4
      vertex -4.79981 93.9283 -4
    endloop
  endfacet
  facet normal 0.24883 -0.968547 0
    outer loop
      vertex -4.99443 97.0217 -4
      vertex -4.79981 97.0717 0
      vertex -4.99443 97.0217 0
    endloop
  endfacet
  facet normal 0.24883 -0.968547 0
    outer loop
      vertex -4.79981 97.0717 0
      vertex -4.99443 97.0217 -4
      vertex -4.79981 97.0717 -4
    endloop
  endfacet
  facet normal -0.982293 -0.187352 0
    outer loop
      vertex -2.91262 95.7005 -4
      vertex -2.95027 95.8979 0
      vertex -2.95027 95.8979 -4
    endloop
  endfacet
  facet normal -0.982293 -0.187352 0
    outer loop
      vertex -2.95027 95.8979 0
      vertex -2.91262 95.7005 -4
      vertex -2.91262 95.7005 0
    endloop
  endfacet
  facet normal 0.982293 -0.187352 0
    outer loop
      vertex -6.08738 95.7005 0
      vertex -6.04973 95.8979 -4
      vertex -6.04973 95.8979 0
    endloop
  endfacet
  facet normal 0.982293 -0.187352 0
    outer loop
      vertex -6.04973 95.8979 -4
      vertex -6.08738 95.7005 0
      vertex -6.08738 95.7005 -4
    endloop
  endfacet
  facet normal 0.844406 0.535703 0
    outer loop
      vertex -5.79443 94.5595 0
      vertex -5.90209 94.7292 -4
      vertex -5.90209 94.7292 0
    endloop
  endfacet
  facet normal 0.844406 0.535703 0
    outer loop
      vertex -5.90209 94.7292 -4
      vertex -5.79443 94.5595 0
      vertex -5.79443 94.5595 -4
    endloop
  endfacet
  facet normal -0.904824 -0.425785 0
    outer loop
      vertex -3.01236 96.089 -4
      vertex -3.09791 96.2708 0
      vertex -3.09791 96.2708 -4
    endloop
  endfacet
  facet normal -0.904824 -0.425785 0
    outer loop
      vertex -3.09791 96.2708 0
      vertex -3.01236 96.089 -4
      vertex -3.01236 96.089 0
    endloop
  endfacet
  facet normal -0.24883 -0.968547 0
    outer loop
      vertex -4.20019 97.0717 -4
      vertex -4.00557 97.0217 0
      vertex -4.20019 97.0717 0
    endloop
  endfacet
  facet normal -0.24883 -0.968547 -0
    outer loop
      vertex -4.00557 97.0217 0
      vertex -4.20019 97.0717 -4
      vertex -4.00557 97.0217 -4
    endloop
  endfacet
  facet normal -0.368265 0.929721 0
    outer loop
      vertex -3.81875 94.0523 -4
      vertex -4.00557 93.9783 0
      vertex -3.81875 94.0523 0
    endloop
  endfacet
  facet normal -0.368265 0.929721 0
    outer loop
      vertex -4.00557 93.9783 0
      vertex -3.81875 94.0523 -4
      vertex -4.00557 93.9783 -4
    endloop
  endfacet
  facet normal -0.998025 0.0628183 0
    outer loop
      vertex -2.91262 95.2995 -4
      vertex -2.9 95.5 0
      vertex -2.9 95.5 -4
    endloop
  endfacet
  facet normal -0.998025 0.0628183 0
    outer loop
      vertex -2.9 95.5 0
      vertex -2.91262 95.2995 -4
      vertex -2.91262 95.2995 0
    endloop
  endfacet
  facet normal -0.904824 0.425785 0
    outer loop
      vertex -3.09791 94.7292 -4
      vertex -3.01236 94.911 0
      vertex -3.01236 94.911 -4
    endloop
  endfacet
  facet normal -0.904824 0.425785 0
    outer loop
      vertex -3.01236 94.911 0
      vertex -3.09791 94.7292 -4
      vertex -3.09791 94.7292 0
    endloop
  endfacet
  facet normal -0.844406 -0.535703 0
    outer loop
      vertex -3.09791 96.2708 -4
      vertex -3.20557 96.4405 0
      vertex -3.20557 96.4405 -4
    endloop
  endfacet
  facet normal -0.844406 -0.535703 0
    outer loop
      vertex -3.20557 96.4405 0
      vertex -3.09791 96.2708 -4
      vertex -3.09791 96.2708 0
    endloop
  endfacet
  facet normal -0.684429 -0.729079 0
    outer loop
      vertex -3.48012 96.7328 -4
      vertex -3.33365 96.5953 0
      vertex -3.48012 96.7328 0
    endloop
  endfacet
  facet normal -0.684429 -0.729079 -0
    outer loop
      vertex -3.33365 96.5953 0
      vertex -3.48012 96.7328 -4
      vertex -3.33365 96.5953 -4
    endloop
  endfacet
  facet normal 0.844406 -0.535703 0
    outer loop
      vertex -5.90209 96.2708 0
      vertex -5.79443 96.4405 -4
      vertex -5.79443 96.4405 0
    endloop
  endfacet
  facet normal 0.844406 -0.535703 0
    outer loop
      vertex -5.79443 96.4405 -4
      vertex -5.90209 96.2708 0
      vertex -5.90209 96.2708 -4
    endloop
  endfacet
  facet normal -0.587763 -0.809033 0
    outer loop
      vertex -3.64268 96.8509 -4
      vertex -3.48012 96.7328 0
      vertex -3.64268 96.8509 0
    endloop
  endfacet
  facet normal -0.587763 -0.809033 -0
    outer loop
      vertex -3.48012 96.7328 0
      vertex -3.64268 96.8509 -4
      vertex -3.48012 96.7328 -4
    endloop
  endfacet
  facet normal 0.684429 -0.729079 0
    outer loop
      vertex -5.66635 96.5953 -4
      vertex -5.51988 96.7328 0
      vertex -5.66635 96.5953 0
    endloop
  endfacet
  facet normal 0.684429 -0.729079 0
    outer loop
      vertex -5.51988 96.7328 0
      vertex -5.66635 96.5953 -4
      vertex -5.51988 96.7328 -4
    endloop
  endfacet
  facet normal 0.904824 0.425785 0
    outer loop
      vertex -5.90209 94.7292 0
      vertex -5.98764 94.911 -4
      vertex -5.98764 94.911 0
    endloop
  endfacet
  facet normal 0.904824 0.425785 0
    outer loop
      vertex -5.98764 94.911 -4
      vertex -5.90209 94.7292 0
      vertex -5.90209 94.7292 -4
    endloop
  endfacet
  facet normal 0.684429 0.729079 -0
    outer loop
      vertex -5.51988 94.2672 -4
      vertex -5.66635 94.4047 0
      vertex -5.51988 94.2672 0
    endloop
  endfacet
  facet normal 0.684429 0.729079 0
    outer loop
      vertex -5.66635 94.4047 0
      vertex -5.51988 94.2672 -4
      vertex -5.66635 94.4047 -4
    endloop
  endfacet
  facet normal -0.770468 -0.637478 0
    outer loop
      vertex -3.20557 96.4405 -4
      vertex -3.33365 96.5953 0
      vertex -3.33365 96.5953 -4
    endloop
  endfacet
  facet normal -0.770468 -0.637478 0
    outer loop
      vertex -3.33365 96.5953 0
      vertex -3.20557 96.4405 -4
      vertex -3.20557 96.4405 0
    endloop
  endfacet
  facet normal -0.95106 -0.309007 0
    outer loop
      vertex -2.95027 95.8979 -4
      vertex -3.01236 96.089 0
      vertex -3.01236 96.089 -4
    endloop
  endfacet
  facet normal -0.95106 -0.309007 0
    outer loop
      vertex -3.01236 96.089 0
      vertex -2.95027 95.8979 -4
      vertex -2.95027 95.8979 0
    endloop
  endfacet
  facet normal -0.124929 -0.992166 0
    outer loop
      vertex -4.39953 97.0968 -4
      vertex -4.20019 97.0717 0
      vertex -4.39953 97.0968 0
    endloop
  endfacet
  facet normal -0.124929 -0.992166 -0
    outer loop
      vertex -4.20019 97.0717 0
      vertex -4.39953 97.0968 -4
      vertex -4.20019 97.0717 -4
    endloop
  endfacet
  facet normal 0.587763 -0.809033 0
    outer loop
      vertex -5.51988 96.7328 -4
      vertex -5.35732 96.8509 0
      vertex -5.51988 96.7328 0
    endloop
  endfacet
  facet normal 0.587763 -0.809033 0
    outer loop
      vertex -5.35732 96.8509 0
      vertex -5.51988 96.7328 -4
      vertex -5.35732 96.8509 -4
    endloop
  endfacet
  facet normal -0.684429 0.729079 0
    outer loop
      vertex -3.33365 94.4047 -4
      vertex -3.48012 94.2672 0
      vertex -3.33365 94.4047 0
    endloop
  endfacet
  facet normal -0.684429 0.729079 0
    outer loop
      vertex -3.48012 94.2672 0
      vertex -3.33365 94.4047 -4
      vertex -3.48012 94.2672 -4
    endloop
  endfacet
  facet normal -0.844406 0.535703 0
    outer loop
      vertex -3.20557 94.5595 -4
      vertex -3.09791 94.7292 0
      vertex -3.09791 94.7292 -4
    endloop
  endfacet
  facet normal -0.844406 0.535703 0
    outer loop
      vertex -3.09791 94.7292 0
      vertex -3.20557 94.5595 -4
      vertex -3.20557 94.5595 0
    endloop
  endfacet
  facet normal -0.124929 0.992166 0
    outer loop
      vertex -4.20019 93.9283 -4
      vertex -4.39953 93.9032 0
      vertex -4.20019 93.9283 0
    endloop
  endfacet
  facet normal -0.124929 0.992166 0
    outer loop
      vertex -4.39953 93.9032 0
      vertex -4.20019 93.9283 -4
      vertex -4.39953 93.9032 -4
    endloop
  endfacet
  facet normal -0.481772 -0.876297 0
    outer loop
      vertex -3.81875 96.9477 -4
      vertex -3.64268 96.8509 0
      vertex -3.81875 96.9477 0
    endloop
  endfacet
  facet normal -0.481772 -0.876297 -0
    outer loop
      vertex -3.64268 96.8509 0
      vertex -3.81875 96.9477 -4
      vertex -3.64268 96.8509 -4
    endloop
  endfacet
  facet normal -0.368265 -0.929721 0
    outer loop
      vertex -4.00557 97.0217 -4
      vertex -3.81875 96.9477 0
      vertex -4.00557 97.0217 0
    endloop
  endfacet
  facet normal -0.368265 -0.929721 -0
    outer loop
      vertex -3.81875 96.9477 0
      vertex -4.00557 97.0217 -4
      vertex -3.81875 96.9477 -4
    endloop
  endfacet
  facet normal 0.998031 -0.0627192 0
    outer loop
      vertex -16.1 95.5 0
      vertex -16.0874 95.7005 -4
      vertex -16.0874 95.7005 0
    endloop
  endfacet
  facet normal 0.998031 -0.0627192 0
    outer loop
      vertex -16.0874 95.7005 -4
      vertex -16.1 95.5 0
      vertex -16.1 95.5 -4
    endloop
  endfacet
  facet normal 0.982247 0.187592 0
    outer loop
      vertex -16.0497 95.1021 0
      vertex -16.0874 95.2995 -4
      vertex -16.0874 95.2995 0
    endloop
  endfacet
  facet normal 0.982247 0.187592 0
    outer loop
      vertex -16.0874 95.2995 -4
      vertex -16.0497 95.1021 0
      vertex -16.0497 95.1021 -4
    endloop
  endfacet
  facet normal 0.998031 0.0627192 0
    outer loop
      vertex -16.0874 95.2995 0
      vertex -16.1 95.5 -4
      vertex -16.1 95.5 0
    endloop
  endfacet
  facet normal 0.998031 0.0627192 0
    outer loop
      vertex -16.1 95.5 -4
      vertex -16.0874 95.2995 0
      vertex -16.0874 95.2995 -4
    endloop
  endfacet
  facet normal 0.951045 0.309052 0
    outer loop
      vertex -15.9876 94.911 0
      vertex -16.0497 95.1021 -4
      vertex -16.0497 95.1021 0
    endloop
  endfacet
  facet normal 0.951045 0.309052 0
    outer loop
      vertex -16.0497 95.1021 -4
      vertex -15.9876 94.911 0
      vertex -15.9876 94.911 -4
    endloop
  endfacet
  facet normal 0.77042 0.637537 0
    outer loop
      vertex -15.6663 94.4047 0
      vertex -15.7944 94.5595 -4
      vertex -15.7944 94.5595 0
    endloop
  endfacet
  facet normal 0.77042 0.637537 0
    outer loop
      vertex -15.7944 94.5595 -4
      vertex -15.6663 94.4047 0
      vertex -15.6663 94.4047 -4
    endloop
  endfacet
  facet normal 0.248854 0.968541 -0
    outer loop
      vertex -14.7998 93.9283 -4
      vertex -14.9944 93.9783 0
      vertex -14.7998 93.9283 0
    endloop
  endfacet
  facet normal 0.248854 0.968541 0
    outer loop
      vertex -14.9944 93.9783 0
      vertex -14.7998 93.9283 -4
      vertex -14.9944 93.9783 -4
    endloop
  endfacet
  facet normal -0.951045 0.309052 0
    outer loop
      vertex -13.0124 94.911 -4
      vertex -12.9503 95.1021 0
      vertex -12.9503 95.1021 -4
    endloop
  endfacet
  facet normal -0.951045 0.309052 0
    outer loop
      vertex -12.9503 95.1021 0
      vertex -13.0124 94.911 -4
      vertex -13.0124 94.911 0
    endloop
  endfacet
  facet normal 0.368299 0.929707 -0
    outer loop
      vertex -14.9944 93.9783 -4
      vertex -15.1812 94.0523 0
      vertex -14.9944 93.9783 0
    endloop
  endfacet
  facet normal 0.368299 0.929707 0
    outer loop
      vertex -15.1812 94.0523 0
      vertex -14.9944 93.9783 -4
      vertex -15.1812 94.0523 -4
    endloop
  endfacet
  facet normal 0.481709 -0.876331 0
    outer loop
      vertex -15.3573 96.8509 -4
      vertex -15.1812 96.9477 0
      vertex -15.3573 96.8509 0
    endloop
  endfacet
  facet normal 0.481709 -0.876331 0
    outer loop
      vertex -15.1812 96.9477 0
      vertex -15.3573 96.8509 -4
      vertex -15.1812 96.9477 -4
    endloop
  endfacet
  facet normal -0.982247 0.187592 0
    outer loop
      vertex -12.9503 95.1021 -4
      vertex -12.9126 95.2995 0
      vertex -12.9126 95.2995 -4
    endloop
  endfacet
  facet normal -0.982247 0.187592 0
    outer loop
      vertex -12.9126 95.2995 0
      vertex -12.9503 95.1021 -4
      vertex -12.9503 95.1021 0
    endloop
  endfacet
  facet normal 0.368299 -0.929707 0
    outer loop
      vertex -15.1812 96.9477 -4
      vertex -14.9944 97.0217 0
      vertex -15.1812 96.9477 0
    endloop
  endfacet
  facet normal 0.368299 -0.929707 0
    outer loop
      vertex -14.9944 97.0217 0
      vertex -15.1812 96.9477 -4
      vertex -14.9944 97.0217 -4
    endloop
  endfacet
  facet normal 0.124954 -0.992163 0
    outer loop
      vertex -14.7998 97.0717 -4
      vertex -14.6005 97.0968 0
      vertex -14.7998 97.0717 0
    endloop
  endfacet
  facet normal 0.124954 -0.992163 0
    outer loop
      vertex -14.6005 97.0968 0
      vertex -14.7998 97.0717 -4
      vertex -14.6005 97.0968 -4
    endloop
  endfacet
  facet normal -0.248854 0.968541 0
    outer loop
      vertex -14.0056 93.9783 -4
      vertex -14.2002 93.9283 0
      vertex -14.0056 93.9783 0
    endloop
  endfacet
  facet normal -0.248854 0.968541 0
    outer loop
      vertex -14.2002 93.9283 0
      vertex -14.0056 93.9783 -4
      vertex -14.2002 93.9283 -4
    endloop
  endfacet
  facet normal 0.481709 0.876331 -0
    outer loop
      vertex -15.1812 94.0523 -4
      vertex -15.3573 94.1491 0
      vertex -15.1812 94.0523 0
    endloop
  endfacet
  facet normal 0.481709 0.876331 0
    outer loop
      vertex -15.3573 94.1491 0
      vertex -15.1812 94.0523 -4
      vertex -15.3573 94.1491 -4
    endloop
  endfacet
  facet normal -0.998031 -0.0627192 0
    outer loop
      vertex -12.9 95.5 -4
      vertex -12.9126 95.7005 0
      vertex -12.9126 95.7005 -4
    endloop
  endfacet
  facet normal -0.998031 -0.0627192 0
    outer loop
      vertex -12.9126 95.7005 0
      vertex -12.9 95.5 -4
      vertex -12.9 95.5 0
    endloop
  endfacet
  facet normal 0.951045 -0.309052 0
    outer loop
      vertex -16.0497 95.8979 0
      vertex -15.9876 96.089 -4
      vertex -15.9876 96.089 0
    endloop
  endfacet
  facet normal 0.951045 -0.309052 0
    outer loop
      vertex -15.9876 96.089 -4
      vertex -16.0497 95.8979 0
      vertex -16.0497 95.8979 -4
    endloop
  endfacet
  facet normal 0.77042 -0.637537 0
    outer loop
      vertex -15.7944 96.4405 0
      vertex -15.6663 96.5953 -4
      vertex -15.6663 96.5953 0
    endloop
  endfacet
  facet normal 0.77042 -0.637537 0
    outer loop
      vertex -15.6663 96.5953 -4
      vertex -15.7944 96.4405 0
      vertex -15.7944 96.4405 -4
    endloop
  endfacet
  facet normal -0.770664 0.637242 0
    outer loop
      vertex -13.3336 94.4047 -4
      vertex -13.2056 94.5595 0
      vertex -13.2056 94.5595 -4
    endloop
  endfacet
  facet normal -0.770664 0.637242 0
    outer loop
      vertex -13.2056 94.5595 0
      vertex -13.3336 94.4047 -4
      vertex -13.3336 94.4047 0
    endloop
  endfacet
  facet normal 0 -1 0
    outer loop
      vertex -14.6005 97.0968 -4
      vertex -14.3995 97.0968 0
      vertex -14.6005 97.0968 0
    endloop
  endfacet
  facet normal 0 -1 -0
    outer loop
      vertex -14.3995 97.0968 0
      vertex -14.6005 97.0968 -4
      vertex -14.3995 97.0968 -4
    endloop
  endfacet
  facet normal -0.587669 0.809102 0
    outer loop
      vertex -13.4801 94.2672 -4
      vertex -13.6427 94.1491 0
      vertex -13.4801 94.2672 0
    endloop
  endfacet
  facet normal -0.587669 0.809102 0
    outer loop
      vertex -13.6427 94.1491 0
      vertex -13.4801 94.2672 -4
      vertex -13.6427 94.1491 -4
    endloop
  endfacet
  facet normal -0.481709 0.876331 0
    outer loop
      vertex -13.6427 94.1491 -4
      vertex -13.8188 94.0523 0
      vertex -13.6427 94.1491 0
    endloop
  endfacet
  facet normal -0.481709 0.876331 0
    outer loop
      vertex -13.8188 94.0523 0
      vertex -13.6427 94.1491 -4
      vertex -13.8188 94.0523 -4
    endloop
  endfacet
  facet normal 0.587669 0.809102 -0
    outer loop
      vertex -15.3573 94.1491 -4
      vertex -15.5199 94.2672 0
      vertex -15.3573 94.1491 0
    endloop
  endfacet
  facet normal 0.587669 0.809102 0
    outer loop
      vertex -15.5199 94.2672 0
      vertex -15.3573 94.1491 -4
      vertex -15.5199 94.2672 -4
    endloop
  endfacet
  facet normal 0 1 -0
    outer loop
      vertex -14.3995 93.9032 -4
      vertex -14.6005 93.9032 0
      vertex -14.3995 93.9032 0
    endloop
  endfacet
  facet normal 0 1 0
    outer loop
      vertex -14.6005 93.9032 0
      vertex -14.3995 93.9032 -4
      vertex -14.6005 93.9032 -4
    endloop
  endfacet
  facet normal 0.90492 -0.425581 0
    outer loop
      vertex -15.9876 96.089 0
      vertex -15.9021 96.2708 -4
      vertex -15.9021 96.2708 0
    endloop
  endfacet
  facet normal 0.90492 -0.425581 0
    outer loop
      vertex -15.9021 96.2708 -4
      vertex -15.9876 96.089 0
      vertex -15.9876 96.089 -4
    endloop
  endfacet
  facet normal 0.124954 0.992163 -0
    outer loop
      vertex -14.6005 93.9032 -4
      vertex -14.7998 93.9283 0
      vertex -14.6005 93.9032 0
    endloop
  endfacet
  facet normal 0.124954 0.992163 0
    outer loop
      vertex -14.7998 93.9283 0
      vertex -14.6005 93.9032 -4
      vertex -14.7998 93.9283 -4
    endloop
  endfacet
  facet normal 0.248854 -0.968541 0
    outer loop
      vertex -14.9944 97.0217 -4
      vertex -14.7998 97.0717 0
      vertex -14.9944 97.0217 0
    endloop
  endfacet
  facet normal 0.248854 -0.968541 0
    outer loop
      vertex -14.7998 97.0717 0
      vertex -14.9944 97.0217 -4
      vertex -14.7998 97.0717 -4
    endloop
  endfacet
  facet normal -0.982247 -0.187592 0
    outer loop
      vertex -12.9126 95.7005 -4
      vertex -12.9503 95.8979 0
      vertex -12.9503 95.8979 -4
    endloop
  endfacet
  facet normal -0.982247 -0.187592 0
    outer loop
      vertex -12.9503 95.8979 0
      vertex -12.9126 95.7005 -4
      vertex -12.9126 95.7005 0
    endloop
  endfacet
  facet normal 0.982247 -0.187592 0
    outer loop
      vertex -16.0874 95.7005 0
      vertex -16.0497 95.8979 -4
      vertex -16.0497 95.8979 0
    endloop
  endfacet
  facet normal 0.982247 -0.187592 0
    outer loop
      vertex -16.0497 95.8979 -4
      vertex -16.0874 95.7005 0
      vertex -16.0874 95.7005 -4
    endloop
  endfacet
  facet normal 0.844316 0.535845 0
    outer loop
      vertex -15.7944 94.5595 0
      vertex -15.9021 94.7292 -4
      vertex -15.9021 94.7292 0
    endloop
  endfacet
  facet normal 0.844316 0.535845 0
    outer loop
      vertex -15.9021 94.7292 -4
      vertex -15.7944 94.5595 0
      vertex -15.7944 94.5595 -4
    endloop
  endfacet
  facet normal -0.90492 -0.425581 0
    outer loop
      vertex -13.0124 96.089 -4
      vertex -13.0979 96.2708 0
      vertex -13.0979 96.2708 -4
    endloop
  endfacet
  facet normal -0.90492 -0.425581 0
    outer loop
      vertex -13.0979 96.2708 0
      vertex -13.0124 96.089 -4
      vertex -13.0124 96.089 0
    endloop
  endfacet
  facet normal -0.248854 -0.968541 0
    outer loop
      vertex -14.2002 97.0717 -4
      vertex -14.0056 97.0217 0
      vertex -14.2002 97.0717 0
    endloop
  endfacet
  facet normal -0.248854 -0.968541 -0
    outer loop
      vertex -14.0056 97.0217 0
      vertex -14.2002 97.0717 -4
      vertex -14.0056 97.0217 -4
    endloop
  endfacet
  facet normal -0.368299 0.929707 0
    outer loop
      vertex -13.8188 94.0523 -4
      vertex -14.0056 93.9783 0
      vertex -13.8188 94.0523 0
    endloop
  endfacet
  facet normal -0.368299 0.929707 0
    outer loop
      vertex -14.0056 93.9783 0
      vertex -13.8188 94.0523 -4
      vertex -14.0056 93.9783 -4
    endloop
  endfacet
  facet normal -0.998031 0.0627192 0
    outer loop
      vertex -12.9126 95.2995 -4
      vertex -12.9 95.5 0
      vertex -12.9 95.5 -4
    endloop
  endfacet
  facet normal -0.998031 0.0627192 0
    outer loop
      vertex -12.9 95.5 0
      vertex -12.9126 95.2995 -4
      vertex -12.9126 95.2995 0
    endloop
  endfacet
  facet normal -0.90492 0.425581 0
    outer loop
      vertex -13.0979 94.7292 -4
      vertex -13.0124 94.911 0
      vertex -13.0124 94.911 -4
    endloop
  endfacet
  facet normal -0.90492 0.425581 0
    outer loop
      vertex -13.0124 94.911 0
      vertex -13.0979 94.7292 -4
      vertex -13.0979 94.7292 0
    endloop
  endfacet
  facet normal -0.844316 -0.535845 0
    outer loop
      vertex -13.0979 96.2708 -4
      vertex -13.2056 96.4405 0
      vertex -13.2056 96.4405 -4
    endloop
  endfacet
  facet normal -0.844316 -0.535845 0
    outer loop
      vertex -13.2056 96.4405 0
      vertex -13.0979 96.2708 -4
      vertex -13.0979 96.2708 0
    endloop
  endfacet
  facet normal -0.684355 -0.729149 0
    outer loop
      vertex -13.4801 96.7328 -4
      vertex -13.3336 96.5953 0
      vertex -13.4801 96.7328 0
    endloop
  endfacet
  facet normal -0.684355 -0.729149 -0
    outer loop
      vertex -13.3336 96.5953 0
      vertex -13.4801 96.7328 -4
      vertex -13.3336 96.5953 -4
    endloop
  endfacet
  facet normal 0.844316 -0.535845 0
    outer loop
      vertex -15.9021 96.2708 0
      vertex -15.7944 96.4405 -4
      vertex -15.7944 96.4405 0
    endloop
  endfacet
  facet normal 0.844316 -0.535845 0
    outer loop
      vertex -15.7944 96.4405 -4
      vertex -15.9021 96.2708 0
      vertex -15.9021 96.2708 -4
    endloop
  endfacet
  facet normal 0.684603 -0.728916 0
    outer loop
      vertex -15.6663 96.5953 -4
      vertex -15.5199 96.7328 0
      vertex -15.6663 96.5953 0
    endloop
  endfacet
  facet normal 0.684603 -0.728916 0
    outer loop
      vertex -15.5199 96.7328 0
      vertex -15.6663 96.5953 -4
      vertex -15.5199 96.7328 -4
    endloop
  endfacet
  facet normal 0.90492 0.425581 0
    outer loop
      vertex -15.9021 94.7292 0
      vertex -15.9876 94.911 -4
      vertex -15.9876 94.911 0
    endloop
  endfacet
  facet normal 0.90492 0.425581 0
    outer loop
      vertex -15.9876 94.911 -4
      vertex -15.9021 94.7292 0
      vertex -15.9021 94.7292 -4
    endloop
  endfacet
  facet normal 0.684603 0.728916 -0
    outer loop
      vertex -15.5199 94.2672 -4
      vertex -15.6663 94.4047 0
      vertex -15.5199 94.2672 0
    endloop
  endfacet
  facet normal 0.684603 0.728916 0
    outer loop
      vertex -15.6663 94.4047 0
      vertex -15.5199 94.2672 -4
      vertex -15.6663 94.4047 -4
    endloop
  endfacet
  facet normal -0.770664 -0.637242 0
    outer loop
      vertex -13.2056 96.4405 -4
      vertex -13.3336 96.5953 0
      vertex -13.3336 96.5953 -4
    endloop
  endfacet
  facet normal -0.770664 -0.637242 0
    outer loop
      vertex -13.3336 96.5953 0
      vertex -13.2056 96.4405 -4
      vertex -13.2056 96.4405 0
    endloop
  endfacet
  facet normal -0.951045 -0.309052 0
    outer loop
      vertex -12.9503 95.8979 -4
      vertex -13.0124 96.089 0
      vertex -13.0124 96.089 -4
    endloop
  endfacet
  facet normal -0.951045 -0.309052 0
    outer loop
      vertex -13.0124 96.089 0
      vertex -12.9503 95.8979 -4
      vertex -12.9503 95.8979 0
    endloop
  endfacet
  facet normal -0.124954 -0.992163 0
    outer loop
      vertex -14.3995 97.0968 -4
      vertex -14.2002 97.0717 0
      vertex -14.3995 97.0968 0
    endloop
  endfacet
  facet normal -0.124954 -0.992163 -0
    outer loop
      vertex -14.2002 97.0717 0
      vertex -14.3995 97.0968 -4
      vertex -14.2002 97.0717 -4
    endloop
  endfacet
  facet normal 0.587669 -0.809102 0
    outer loop
      vertex -15.5199 96.7328 -4
      vertex -15.3573 96.8509 0
      vertex -15.5199 96.7328 0
    endloop
  endfacet
  facet normal 0.587669 -0.809102 0
    outer loop
      vertex -15.3573 96.8509 0
      vertex -15.5199 96.7328 -4
      vertex -15.3573 96.8509 -4
    endloop
  endfacet
  facet normal -0.684355 0.729149 0
    outer loop
      vertex -13.3336 94.4047 -4
      vertex -13.4801 94.2672 0
      vertex -13.3336 94.4047 0
    endloop
  endfacet
  facet normal -0.684355 0.729149 0
    outer loop
      vertex -13.4801 94.2672 0
      vertex -13.3336 94.4047 -4
      vertex -13.4801 94.2672 -4
    endloop
  endfacet
  facet normal -0.844316 0.535845 0
    outer loop
      vertex -13.2056 94.5595 -4
      vertex -13.0979 94.7292 0
      vertex -13.0979 94.7292 -4
    endloop
  endfacet
  facet normal -0.844316 0.535845 0
    outer loop
      vertex -13.0979 94.7292 0
      vertex -13.2056 94.5595 -4
      vertex -13.2056 94.5595 0
    endloop
  endfacet
  facet normal -0.587669 -0.809102 0
    outer loop
      vertex -13.6427 96.8509 -4
      vertex -13.4801 96.7328 0
      vertex -13.6427 96.8509 0
    endloop
  endfacet
  facet normal -0.587669 -0.809102 -0
    outer loop
      vertex -13.4801 96.7328 0
      vertex -13.6427 96.8509 -4
      vertex -13.4801 96.7328 -4
    endloop
  endfacet
  facet normal -0.124954 0.992163 0
    outer loop
      vertex -14.2002 93.9283 -4
      vertex -14.3995 93.9032 0
      vertex -14.2002 93.9283 0
    endloop
  endfacet
  facet normal -0.124954 0.992163 0
    outer loop
      vertex -14.3995 93.9032 0
      vertex -14.2002 93.9283 -4
      vertex -14.3995 93.9032 -4
    endloop
  endfacet
  facet normal -0.481709 -0.876331 0
    outer loop
      vertex -13.8188 96.9477 -4
      vertex -13.6427 96.8509 0
      vertex -13.8188 96.9477 0
    endloop
  endfacet
  facet normal -0.481709 -0.876331 -0
    outer loop
      vertex -13.6427 96.8509 0
      vertex -13.8188 96.9477 -4
      vertex -13.6427 96.8509 -4
    endloop
  endfacet
  facet normal -0.368299 -0.929707 0
    outer loop
      vertex -14.0056 97.0217 -4
      vertex -13.8188 96.9477 0
      vertex -14.0056 97.0217 0
    endloop
  endfacet
  facet normal -0.368299 -0.929707 -0
    outer loop
      vertex -13.8188 96.9477 0
      vertex -14.0056 97.0217 -4
      vertex -13.8188 96.9477 -4
    endloop
  endfacet
  facet normal -1 0 0
    outer loop
      vertex -12 91 -4
      vertex -12 93 0
      vertex -12 93 -4
    endloop
  endfacet
  facet normal -1 -0 0
    outer loop
      vertex -12 93 0
      vertex -12 91 -4
      vertex -12 91 0
    endloop
  endfacet
  facet normal 0 -1 0
    outer loop
      vertex -18.2326 93 -4
      vertex -12 93 0
      vertex -18.2326 93 0
    endloop
  endfacet
  facet normal 0 -1 -0
    outer loop
      vertex -12 93 0
      vertex -18.2326 93 -4
      vertex -12 93 -4
    endloop
  endfacet
endsolid OpenSCAD_Model
