solid OpenSCAD_Model
  facet normal 1 -0 0
    outer loop
      vertex 9.8 -25 1.5
      vertex 9.8 -12.5 0
      vertex 9.8 -12.5 1.5
    endloop
  endfacet
  facet normal 1 0 0
    outer loop
      vertex 9.8 -12.5 0
      vertex 9.8 -25 1.5
      vertex 9.8 -25 0
    endloop
  endfacet
  facet normal 1 -0 0
    outer loop
      vertex 9.8 12.5 1.5
      vertex 9.8 25 0
      vertex 9.8 25 1.5
    endloop
  endfacet
  facet normal 1 0 0
    outer loop
      vertex 9.8 25 0
      vertex 9.8 12.5 1.5
      vertex 9.8 12.5 0
    endloop
  endfacet
  facet normal -0 0 1
    outer loop
      vertex 3.15517 -22.7076 1.5
      vertex 9.8 -25 1.5
      vertex 9.8 -12.5 1.5
    endloop
  endfacet
  facet normal -0 -0 1
    outer loop
      vertex 3.4176 -23.1212 1.5
      vertex 9.8 -25 1.5
      vertex 3.15517 -22.7076 1.5
    endloop
  endfacet
  facet normal -0 -0 1
    outer loop
      vertex 3.77747 -24.0301 1.5
      vertex 9.8 -25 1.5
      vertex 3.62613 -23.5643 1.5
    endloop
  endfacet
  facet normal -0 -0 1
    outer loop
      vertex 3.86925 -24.5112 1.5
      vertex 9.8 -25 1.5
      vertex 3.77747 -24.0301 1.5
    endloop
  endfacet
  facet normal 0 -0 1
    outer loop
      vertex 3.9 -25 1.5
      vertex 9.8 -25 1.5
      vertex 3.86925 -24.5112 1.5
    endloop
  endfacet
  facet normal 0 0 1
    outer loop
      vertex 9.8 -25 1.5
      vertex 3.9 -25 1.5
      vertex 9.78742 -25.4964 1.5
    endloop
  endfacet
  facet normal 0 0 1
    outer loop
      vertex 9.78742 -25.4964 1.5
      vertex 3.86925 -25.4888 1.5
      vertex 9.74972 -25.9914 1.5
    endloop
  endfacet
  facet normal 0 0 1
    outer loop
      vertex 9.74972 -25.9914 1.5
      vertex 3.86925 -25.4888 1.5
      vertex 9.68699 -26.484 1.5
    endloop
  endfacet
  facet normal 0 0 1
    outer loop
      vertex 9.68699 -26.484 1.5
      vertex 3.86925 -25.4888 1.5
      vertex 9.59939 -26.9727 1.5
    endloop
  endfacet
  facet normal 0 0 1
    outer loop
      vertex 9.59939 -26.9727 1.5
      vertex 3.77747 -25.9699 1.5
      vertex 9.48715 -27.4564 1.5
    endloop
  endfacet
  facet normal 0 0 1
    outer loop
      vertex 9.48715 -27.4564 1.5
      vertex 3.77747 -25.9699 1.5
      vertex 9.35056 -27.9338 1.5
    endloop
  endfacet
  facet normal -0 0 1
    outer loop
      vertex 3.62613 -26.4357 1.5
      vertex 9.35056 -27.9338 1.5
      vertex 3.77747 -25.9699 1.5
    endloop
  endfacet
  facet normal 0 0 1
    outer loop
      vertex 9.35056 -27.9338 1.5
      vertex 3.62613 -26.4357 1.5
      vertex 9.18997 -28.4036 1.5
    endloop
  endfacet
  facet normal 0 0 1
    outer loop
      vertex 9.00579 -28.8647 1.5
      vertex 3.62613 -26.4357 1.5
      vertex 8.79848 -29.3159 1.5
    endloop
  endfacet
  facet normal -0 0 1
    outer loop
      vertex 3.4176 -26.8788 1.5
      vertex 8.79848 -29.3159 1.5
      vertex 3.62613 -26.4357 1.5
    endloop
  endfacet
  facet normal 0 0 1
    outer loop
      vertex 8.79848 -29.3159 1.5
      vertex 3.4176 -26.8788 1.5
      vertex 8.5686 -29.756 1.5
    endloop
  endfacet
  facet normal 0 0 1
    outer loop
      vertex 8.5686 -29.756 1.5
      vertex 3.4176 -26.8788 1.5
      vertex 8.31671 -30.1838 1.5
    endloop
  endfacet
  facet normal 0 0 1
    outer loop
      vertex 8.31671 -30.1838 1.5
      vertex 3.15517 -27.2924 1.5
      vertex 8.04348 -30.5984 1.5
    endloop
  endfacet
  facet normal 0 0 1
    outer loop
      vertex 8.04348 -30.5984 1.5
      vertex 3.15517 -27.2924 1.5
      vertex 7.7496 -30.9986 1.5
    endloop
  endfacet
  facet normal 0 0 1
    outer loop
      vertex 7.7496 -30.9986 1.5
      vertex 3.15517 -27.2924 1.5
      vertex 7.43583 -31.3834 1.5
    endloop
  endfacet
  facet normal 0 0 1
    outer loop
      vertex 7.43583 -31.3834 1.5
      vertex 2.84298 -27.6697 1.5
      vertex 7.10297 -31.7519 1.5
    endloop
  endfacet
  facet normal 0 0 1
    outer loop
      vertex 7.10297 -31.7519 1.5
      vertex 2.84298 -27.6697 1.5
      vertex 6.75187 -32.103 1.5
    endloop
  endfacet
  facet normal -0 0 1
    outer loop
      vertex 2.84298 -27.6697 1.5
      vertex 7.43583 -31.3834 1.5
      vertex 3.15517 -27.2924 1.5
    endloop
  endfacet
  facet normal -0 0 1
    outer loop
      vertex 3.15517 -27.2924 1.5
      vertex 8.31671 -30.1838 1.5
      vertex 3.4176 -26.8788 1.5
    endloop
  endfacet
  facet normal 0 0 1
    outer loop
      vertex 9.18997 -28.4036 1.5
      vertex 3.62613 -26.4357 1.5
      vertex 9.00579 -28.8647 1.5
    endloop
  endfacet
  facet normal -0 0 1
    outer loop
      vertex 3.77747 -25.9699 1.5
      vertex 9.59939 -26.9727 1.5
      vertex 3.86925 -25.4888 1.5
    endloop
  endfacet
  facet normal -0 0 1
    outer loop
      vertex 3.86925 -25.4888 1.5
      vertex 9.78742 -25.4964 1.5
      vertex 3.9 -25 1.5
    endloop
  endfacet
  facet normal -0 -0 1
    outer loop
      vertex 3.62613 -23.5643 1.5
      vertex 9.8 -25 1.5
      vertex 3.4176 -23.1212 1.5
    endloop
  endfacet
  facet normal 0 0 1
    outer loop
      vertex 9.8 -12.5 1.5
      vertex 2.84298 -22.3303 1.5
      vertex 3.15517 -22.7076 1.5
    endloop
  endfacet
  facet normal 0 0 1
    outer loop
      vertex 9.8 -12.5 1.5
      vertex 2.48595 -21.995 1.5
      vertex 2.84298 -22.3303 1.5
    endloop
  endfacet
  facet normal 0 0 1
    outer loop
      vertex 9.8 -12.5 1.5
      vertex 2.08972 -21.7071 1.5
      vertex 2.48595 -21.995 1.5
    endloop
  endfacet
  facet normal 0 0 1
    outer loop
      vertex 9.8 -12.5 1.5
      vertex 1.66054 -21.4712 1.5
      vertex 2.08972 -21.7071 1.5
    endloop
  endfacet
  facet normal 0 0 1
    outer loop
      vertex 9.8 -12.5 1.5
      vertex 1.20517 -21.2909 1.5
      vertex 1.66054 -21.4712 1.5
    endloop
  endfacet
  facet normal 0 0 1
    outer loop
      vertex 9.8 -12.5 1.5
      vertex 0.730786 -21.1691 1.5
      vertex 1.20517 -21.2909 1.5
    endloop
  endfacet
  facet normal 0 0 1
    outer loop
      vertex 9.8 -12.5 1.5
      vertex 0.244883 -21.1077 1.5
      vertex 0.730786 -21.1691 1.5
    endloop
  endfacet
  facet normal 0 0 1
    outer loop
      vertex 9.8 -12.5 1.5
      vertex -0.244883 -21.1077 1.5
      vertex 0.244883 -21.1077 1.5
    endloop
  endfacet
  facet normal -0 0 1
    outer loop
      vertex -9.8 -12.5 1.5
      vertex -0.244883 -21.1077 1.5
      vertex 9.8 -12.5 1.5
    endloop
  endfacet
  facet normal 0 0 1
    outer loop
      vertex -0.244883 -21.1077 1.5
      vertex -9.8 -12.5 1.5
      vertex -0.730786 -21.1691 1.5
    endloop
  endfacet
  facet normal 0 0 1
    outer loop
      vertex -0.730786 -21.1691 1.5
      vertex -9.8 -12.5 1.5
      vertex -1.20517 -21.2909 1.5
    endloop
  endfacet
  facet normal 0 0 1
    outer loop
      vertex -1.20517 -21.2909 1.5
      vertex -9.8 -12.5 1.5
      vertex -1.66054 -21.4712 1.5
    endloop
  endfacet
  facet normal 0 0 1
    outer loop
      vertex -1.66054 -21.4712 1.5
      vertex -9.8 -12.5 1.5
      vertex -2.08972 -21.7071 1.5
    endloop
  endfacet
  facet normal 0 0 1
    outer loop
      vertex -1.66054 -28.5288 1.5
      vertex -4.75596 -33.5686 1.5
      vertex -4.31586 -33.7985 1.5
    endloop
  endfacet
  facet normal 0 0 1
    outer loop
      vertex -9.8 -25 1.5
      vertex -3.9 -25 1.5
      vertex -3.86925 -24.5112 1.5
    endloop
  endfacet
  facet normal 0 0 1
    outer loop
      vertex -3.86925 -25.4888 1.5
      vertex -5.18385 -33.3167 1.5
      vertex -4.75596 -33.5686 1.5
    endloop
  endfacet
  facet normal 0 0 1
    outer loop
      vertex -3.86925 -25.4888 1.5
      vertex -5.59843 -33.0435 1.5
      vertex -5.18385 -33.3167 1.5
    endloop
  endfacet
  facet normal 0 0 1
    outer loop
      vertex -9.8 -25 1.5
      vertex -3.86925 -24.5112 1.5
      vertex -3.77747 -24.0301 1.5
    endloop
  endfacet
  facet normal 0 0 1
    outer loop
      vertex -3.86925 -25.4888 1.5
      vertex -5.99864 -32.7496 1.5
      vertex -5.59843 -33.0435 1.5
    endloop
  endfacet
  facet normal 0 0 1
    outer loop
      vertex -3.86925 -25.4888 1.5
      vertex -6.38345 -32.4358 1.5
      vertex -5.99864 -32.7496 1.5
    endloop
  endfacet
  facet normal 0 0 1
    outer loop
      vertex -3.86925 -25.4888 1.5
      vertex -6.75187 -32.103 1.5
      vertex -6.38345 -32.4358 1.5
    endloop
  endfacet
  facet normal 0 0 1
    outer loop
      vertex -9.8 -25 1.5
      vertex -3.77747 -24.0301 1.5
      vertex -3.62613 -23.5643 1.5
    endloop
  endfacet
  facet normal 0 0 1
    outer loop
      vertex -3.86925 -25.4888 1.5
      vertex -7.10297 -31.7519 1.5
      vertex -6.75187 -32.103 1.5
    endloop
  endfacet
  facet normal 0 0 1
    outer loop
      vertex -3.86925 -25.4888 1.5
      vertex -7.43583 -31.3834 1.5
      vertex -7.10297 -31.7519 1.5
    endloop
  endfacet
  facet normal 0 0 1
    outer loop
      vertex -9.8 -25 1.5
      vertex -3.62613 -23.5643 1.5
      vertex -3.4176 -23.1212 1.5
    endloop
  endfacet
  facet normal 0 0 1
    outer loop
      vertex -3.86925 -25.4888 1.5
      vertex -7.7496 -30.9986 1.5
      vertex -7.43583 -31.3834 1.5
    endloop
  endfacet
  facet normal 0 0 1
    outer loop
      vertex -3.86925 -25.4888 1.5
      vertex -8.04348 -30.5984 1.5
      vertex -7.7496 -30.9986 1.5
    endloop
  endfacet
  facet normal 0 0 1
    outer loop
      vertex -3.86925 -25.4888 1.5
      vertex -8.31671 -30.1838 1.5
      vertex -8.04348 -30.5984 1.5
    endloop
  endfacet
  facet normal 0 0 1
    outer loop
      vertex -9.8 -25 1.5
      vertex -3.4176 -23.1212 1.5
      vertex -3.15517 -22.7076 1.5
    endloop
  endfacet
  facet normal 0 0 1
    outer loop
      vertex -3.86925 -25.4888 1.5
      vertex -8.5686 -29.756 1.5
      vertex -8.31671 -30.1838 1.5
    endloop
  endfacet
  facet normal 0 0 1
    outer loop
      vertex -3.86925 -25.4888 1.5
      vertex -8.79848 -29.3159 1.5
      vertex -8.5686 -29.756 1.5
    endloop
  endfacet
  facet normal 0 0 1
    outer loop
      vertex -9.8 -12.5 1.5
      vertex -3.15517 -22.7076 1.5
      vertex -2.84298 -22.3303 1.5
    endloop
  endfacet
  facet normal 0 0 1
    outer loop
      vertex -3.86925 -25.4888 1.5
      vertex -9.00579 -28.8647 1.5
      vertex -8.79848 -29.3159 1.5
    endloop
  endfacet
  facet normal 0 0 1
    outer loop
      vertex -3.86925 -25.4888 1.5
      vertex -9.18997 -28.4036 1.5
      vertex -9.00579 -28.8647 1.5
    endloop
  endfacet
  facet normal 0 0 1
    outer loop
      vertex -3.86925 -25.4888 1.5
      vertex -9.35056 -27.9338 1.5
      vertex -9.18997 -28.4036 1.5
    endloop
  endfacet
  facet normal 0 0 1
    outer loop
      vertex -9.8 -12.5 1.5
      vertex -2.84298 -22.3303 1.5
      vertex -2.48595 -21.995 1.5
    endloop
  endfacet
  facet normal 0 0 1
    outer loop
      vertex -3.86925 -25.4888 1.5
      vertex -9.48715 -27.4564 1.5
      vertex -9.35056 -27.9338 1.5
    endloop
  endfacet
  facet normal 0 0 1
    outer loop
      vertex -3.86925 -25.4888 1.5
      vertex -9.59939 -26.9727 1.5
      vertex -9.48715 -27.4564 1.5
    endloop
  endfacet
  facet normal 0 0 1
    outer loop
      vertex -2.08972 -21.7071 1.5
      vertex -9.8 -12.5 1.5
      vertex -2.48595 -21.995 1.5
    endloop
  endfacet
  facet normal 0 0 1
    outer loop
      vertex -3.9 -25 1.5
      vertex -9.8 -25 1.5
      vertex -9.78742 -25.4964 1.5
    endloop
  endfacet
  facet normal 0 0 1
    outer loop
      vertex -3.86925 -25.4888 1.5
      vertex -9.68699 -26.484 1.5
      vertex -9.59939 -26.9727 1.5
    endloop
  endfacet
  facet normal 0 0 1
    outer loop
      vertex -3.86925 -25.4888 1.5
      vertex -9.74972 -25.9914 1.5
      vertex -9.68699 -26.484 1.5
    endloop
  endfacet
  facet normal 0 0 1
    outer loop
      vertex -3.15517 -22.7076 1.5
      vertex -9.8 -12.5 1.5
      vertex -9.8 -25 1.5
    endloop
  endfacet
  facet normal 0 0 1
    outer loop
      vertex -3.86925 -25.4888 1.5
      vertex -9.78742 -25.4964 1.5
      vertex -9.74972 -25.9914 1.5
    endloop
  endfacet
  facet normal -0 0 1
    outer loop
      vertex 2.48595 -28.005 1.5
      vertex 6.75187 -32.103 1.5
      vertex 2.84298 -27.6697 1.5
    endloop
  endfacet
  facet normal 0 0 1
    outer loop
      vertex 6.75187 -32.103 1.5
      vertex 2.48595 -28.005 1.5
      vertex 6.38345 -32.4358 1.5
    endloop
  endfacet
  facet normal 0 0 1
    outer loop
      vertex 6.38345 -32.4358 1.5
      vertex 2.48595 -28.005 1.5
      vertex 5.99864 -32.7496 1.5
    endloop
  endfacet
  facet normal 0 0 1
    outer loop
      vertex 5.99864 -32.7496 1.5
      vertex 2.48595 -28.005 1.5
      vertex 5.59843 -33.0435 1.5
    endloop
  endfacet
  facet normal -0 0 1
    outer loop
      vertex 2.08972 -28.2929 1.5
      vertex 5.59843 -33.0435 1.5
      vertex 2.48595 -28.005 1.5
    endloop
  endfacet
  facet normal 0 0 1
    outer loop
      vertex 5.59843 -33.0435 1.5
      vertex 2.08972 -28.2929 1.5
      vertex 5.18385 -33.3167 1.5
    endloop
  endfacet
  facet normal 0 0 1
    outer loop
      vertex 5.18385 -33.3167 1.5
      vertex 2.08972 -28.2929 1.5
      vertex 4.75596 -33.5686 1.5
    endloop
  endfacet
  facet normal -0 0 1
    outer loop
      vertex 1.66054 -28.5288 1.5
      vertex 4.75596 -33.5686 1.5
      vertex 2.08972 -28.2929 1.5
    endloop
  endfacet
  facet normal 0 0 1
    outer loop
      vertex 4.75596 -33.5686 1.5
      vertex 1.66054 -28.5288 1.5
      vertex 4.31586 -33.7985 1.5
    endloop
  endfacet
  facet normal 0 0 1
    outer loop
      vertex 4.31586 -33.7985 1.5
      vertex 1.66054 -28.5288 1.5
      vertex 3.86469 -34.0058 1.5
    endloop
  endfacet
  facet normal 0 0 1
    outer loop
      vertex 3.86469 -34.0058 1.5
      vertex 1.66054 -28.5288 1.5
      vertex 3.40359 -34.19 1.5
    endloop
  endfacet
  facet normal -0 0 1
    outer loop
      vertex 1.20517 -28.7091 1.5
      vertex 3.40359 -34.19 1.5
      vertex 1.66054 -28.5288 1.5
    endloop
  endfacet
  facet normal 0 0 1
    outer loop
      vertex 3.40359 -34.19 1.5
      vertex 1.20517 -28.7091 1.5
      vertex 2.93376 -34.3506 1.5
    endloop
  endfacet
  facet normal 0 0 1
    outer loop
      vertex 2.93376 -34.3506 1.5
      vertex 1.20517 -28.7091 1.5
      vertex 2.45639 -34.4872 1.5
    endloop
  endfacet
  facet normal -0 0 1
    outer loop
      vertex 0.730786 -28.8309 1.5
      vertex 2.45639 -34.4872 1.5
      vertex 1.20517 -28.7091 1.5
    endloop
  endfacet
  facet normal 0 0 1
    outer loop
      vertex 2.45639 -34.4872 1.5
      vertex 0.730786 -28.8309 1.5
      vertex 1.97272 -34.5994 1.5
    endloop
  endfacet
  facet normal 0 0 1
    outer loop
      vertex 1.97272 -34.5994 1.5
      vertex 0.730786 -28.8309 1.5
      vertex 1.48399 -34.687 1.5
    endloop
  endfacet
  facet normal 0 0 1
    outer loop
      vertex 1.48399 -34.687 1.5
      vertex 0.730786 -28.8309 1.5
      vertex 0.991449 -34.7497 1.5
    endloop
  endfacet
  facet normal -0 0 1
    outer loop
      vertex 0.244883 -28.8923 1.5
      vertex 0.991449 -34.7497 1.5
      vertex 0.730786 -28.8309 1.5
    endloop
  endfacet
  facet normal 0 0 1
    outer loop
      vertex 0.991449 -34.7497 1.5
      vertex 0.244883 -28.8923 1.5
      vertex 0.496362 -34.7874 1.5
    endloop
  endfacet
  facet normal 0 0 1
    outer loop
      vertex 0.244883 -28.8923 1.5
      vertex 0 -34.8 1.5
      vertex 0.496362 -34.7874 1.5
    endloop
  endfacet
  facet normal -0 0 1
    outer loop
      vertex -0.244883 -28.8923 1.5
      vertex 0 -34.8 1.5
      vertex 0.244883 -28.8923 1.5
    endloop
  endfacet
  facet normal 0 0 1
    outer loop
      vertex -0.244883 -28.8923 1.5
      vertex -0.496362 -34.7874 1.5
      vertex 0 -34.8 1.5
    endloop
  endfacet
  facet normal 0 0 1
    outer loop
      vertex -0.991449 -34.7497 1.5
      vertex -0.244883 -28.8923 1.5
      vertex -0.730786 -28.8309 1.5
    endloop
  endfacet
  facet normal 0 0 1
    outer loop
      vertex -0.244883 -28.8923 1.5
      vertex -0.991449 -34.7497 1.5
      vertex -0.496362 -34.7874 1.5
    endloop
  endfacet
  facet normal 0 0 1
    outer loop
      vertex -2.45639 -34.4872 1.5
      vertex -0.730786 -28.8309 1.5
      vertex -1.20517 -28.7091 1.5
    endloop
  endfacet
  facet normal 0 0 1
    outer loop
      vertex -0.730786 -28.8309 1.5
      vertex -1.48399 -34.687 1.5
      vertex -0.991449 -34.7497 1.5
    endloop
  endfacet
  facet normal 0 0 1
    outer loop
      vertex -3.40359 -34.19 1.5
      vertex -1.20517 -28.7091 1.5
      vertex -1.66054 -28.5288 1.5
    endloop
  endfacet
  facet normal 0 0 1
    outer loop
      vertex -0.730786 -28.8309 1.5
      vertex -1.97272 -34.5994 1.5
      vertex -1.48399 -34.687 1.5
    endloop
  endfacet
  facet normal 0 0 1
    outer loop
      vertex -4.75596 -33.5686 1.5
      vertex -1.66054 -28.5288 1.5
      vertex -2.08972 -28.2929 1.5
    endloop
  endfacet
  facet normal 0 0 1
    outer loop
      vertex -0.730786 -28.8309 1.5
      vertex -2.45639 -34.4872 1.5
      vertex -1.97272 -34.5994 1.5
    endloop
  endfacet
  facet normal 0 0 1
    outer loop
      vertex -4.75596 -33.5686 1.5
      vertex -2.08972 -28.2929 1.5
      vertex -2.48595 -28.005 1.5
    endloop
  endfacet
  facet normal 0 0 1
    outer loop
      vertex -4.75596 -33.5686 1.5
      vertex -2.48595 -28.005 1.5
      vertex -2.84298 -27.6697 1.5
    endloop
  endfacet
  facet normal 0 0 1
    outer loop
      vertex -1.20517 -28.7091 1.5
      vertex -2.93376 -34.3506 1.5
      vertex -2.45639 -34.4872 1.5
    endloop
  endfacet
  facet normal 0 0 1
    outer loop
      vertex -4.75596 -33.5686 1.5
      vertex -2.84298 -27.6697 1.5
      vertex -3.15517 -27.2924 1.5
    endloop
  endfacet
  facet normal 0 0 1
    outer loop
      vertex -1.20517 -28.7091 1.5
      vertex -3.40359 -34.19 1.5
      vertex -2.93376 -34.3506 1.5
    endloop
  endfacet
  facet normal 0 0 1
    outer loop
      vertex -4.75596 -33.5686 1.5
      vertex -3.15517 -27.2924 1.5
      vertex -3.4176 -26.8788 1.5
    endloop
  endfacet
  facet normal 0 0 1
    outer loop
      vertex -4.75596 -33.5686 1.5
      vertex -3.4176 -26.8788 1.5
      vertex -3.62613 -26.4357 1.5
    endloop
  endfacet
  facet normal 0 0 1
    outer loop
      vertex -4.75596 -33.5686 1.5
      vertex -3.62613 -26.4357 1.5
      vertex -3.77747 -25.9699 1.5
    endloop
  endfacet
  facet normal 0 0 1
    outer loop
      vertex -1.66054 -28.5288 1.5
      vertex -3.86469 -34.0058 1.5
      vertex -3.40359 -34.19 1.5
    endloop
  endfacet
  facet normal 0 0 1
    outer loop
      vertex -4.75596 -33.5686 1.5
      vertex -3.77747 -25.9699 1.5
      vertex -3.86925 -25.4888 1.5
    endloop
  endfacet
  facet normal 0 0 1
    outer loop
      vertex -9.78742 -25.4964 1.5
      vertex -3.86925 -25.4888 1.5
      vertex -3.9 -25 1.5
    endloop
  endfacet
  facet normal 0 0 1
    outer loop
      vertex -1.66054 -28.5288 1.5
      vertex -4.31586 -33.7985 1.5
      vertex -3.86469 -34.0058 1.5
    endloop
  endfacet
  facet normal 0 0 1
    outer loop
      vertex 9.78742 25.4964 1.5
      vertex 3.86925 25.4888 1.5
      vertex 3.9 25 1.5
    endloop
  endfacet
  facet normal 0 0 1
    outer loop
      vertex 1.66054 28.5288 1.5
      vertex 4.31586 33.7985 1.5
      vertex 3.86469 34.0058 1.5
    endloop
  endfacet
  facet normal 0 0 1
    outer loop
      vertex 4.75596 33.5686 1.5
      vertex 3.77747 25.9699 1.5
      vertex 3.86925 25.4888 1.5
    endloop
  endfacet
  facet normal 0 0 1
    outer loop
      vertex 4.75596 33.5686 1.5
      vertex 3.62613 26.4357 1.5
      vertex 3.77747 25.9699 1.5
    endloop
  endfacet
  facet normal 0 0 1
    outer loop
      vertex 4.75596 33.5686 1.5
      vertex 3.4176 26.8788 1.5
      vertex 3.62613 26.4357 1.5
    endloop
  endfacet
  facet normal 0 0 1
    outer loop
      vertex 1.66054 28.5288 1.5
      vertex 3.86469 34.0058 1.5
      vertex 3.40359 34.19 1.5
    endloop
  endfacet
  facet normal 0 0 1
    outer loop
      vertex 4.75596 33.5686 1.5
      vertex 3.15517 27.2924 1.5
      vertex 3.4176 26.8788 1.5
    endloop
  endfacet
  facet normal 0 0 1
    outer loop
      vertex 1.20517 28.7091 1.5
      vertex 3.40359 34.19 1.5
      vertex 2.93376 34.3506 1.5
    endloop
  endfacet
  facet normal 0 0 1
    outer loop
      vertex 4.75596 33.5686 1.5
      vertex 2.84298 27.6697 1.5
      vertex 3.15517 27.2924 1.5
    endloop
  endfacet
  facet normal 0 0 1
    outer loop
      vertex 4.75596 33.5686 1.5
      vertex 2.48595 28.005 1.5
      vertex 2.84298 27.6697 1.5
    endloop
  endfacet
  facet normal 0 0 1
    outer loop
      vertex 1.20517 28.7091 1.5
      vertex 2.93376 34.3506 1.5
      vertex 2.45639 34.4872 1.5
    endloop
  endfacet
  facet normal 0 0 1
    outer loop
      vertex 4.75596 33.5686 1.5
      vertex 2.08972 28.2929 1.5
      vertex 2.48595 28.005 1.5
    endloop
  endfacet
  facet normal 0 0 1
    outer loop
      vertex 0.730786 28.8309 1.5
      vertex 2.45639 34.4872 1.5
      vertex 1.97272 34.5994 1.5
    endloop
  endfacet
  facet normal 0 0 1
    outer loop
      vertex 4.75596 33.5686 1.5
      vertex 1.66054 28.5288 1.5
      vertex 2.08972 28.2929 1.5
    endloop
  endfacet
  facet normal 0 0 1
    outer loop
      vertex 0.730786 28.8309 1.5
      vertex 1.97272 34.5994 1.5
      vertex 1.48399 34.687 1.5
    endloop
  endfacet
  facet normal 0 0 1
    outer loop
      vertex 3.40359 34.19 1.5
      vertex 1.20517 28.7091 1.5
      vertex 1.66054 28.5288 1.5
    endloop
  endfacet
  facet normal 0 0 1
    outer loop
      vertex 0.730786 28.8309 1.5
      vertex 1.48399 34.687 1.5
      vertex 0.991449 34.7497 1.5
    endloop
  endfacet
  facet normal 0 0 1
    outer loop
      vertex 2.45639 34.4872 1.5
      vertex 0.730786 28.8309 1.5
      vertex 1.20517 28.7091 1.5
    endloop
  endfacet
  facet normal 0 0 1
    outer loop
      vertex 0.244883 28.8923 1.5
      vertex 0.991449 34.7497 1.5
      vertex 0.496362 34.7874 1.5
    endloop
  endfacet
  facet normal 0 0 1
    outer loop
      vertex 0.991449 34.7497 1.5
      vertex 0.244883 28.8923 1.5
      vertex 0.730786 28.8309 1.5
    endloop
  endfacet
  facet normal 0 0 1
    outer loop
      vertex 0 34.8 1.5
      vertex 0.244883 28.8923 1.5
      vertex 0.496362 34.7874 1.5
    endloop
  endfacet
  facet normal 0 0 1
    outer loop
      vertex 0 34.8 1.5
      vertex -0.244883 28.8923 1.5
      vertex 0.244883 28.8923 1.5
    endloop
  endfacet
  facet normal -0 0 1
    outer loop
      vertex -0.496362 34.7874 1.5
      vertex -0.244883 28.8923 1.5
      vertex 0 34.8 1.5
    endloop
  endfacet
  facet normal -0 0 1
    outer loop
      vertex -0.991449 34.7497 1.5
      vertex -0.244883 28.8923 1.5
      vertex -0.496362 34.7874 1.5
    endloop
  endfacet
  facet normal 0 0 1
    outer loop
      vertex -0.244883 28.8923 1.5
      vertex -0.991449 34.7497 1.5
      vertex -0.730786 28.8309 1.5
    endloop
  endfacet
  facet normal -0 0 1
    outer loop
      vertex -1.48399 34.687 1.5
      vertex -0.730786 28.8309 1.5
      vertex -0.991449 34.7497 1.5
    endloop
  endfacet
  facet normal -0 0 1
    outer loop
      vertex -1.97272 34.5994 1.5
      vertex -0.730786 28.8309 1.5
      vertex -1.48399 34.687 1.5
    endloop
  endfacet
  facet normal -0 0 1
    outer loop
      vertex -2.45639 34.4872 1.5
      vertex -0.730786 28.8309 1.5
      vertex -1.97272 34.5994 1.5
    endloop
  endfacet
  facet normal 0 0 1
    outer loop
      vertex -0.730786 28.8309 1.5
      vertex -2.45639 34.4872 1.5
      vertex -1.20517 28.7091 1.5
    endloop
  endfacet
  facet normal -0 0 1
    outer loop
      vertex -2.93376 34.3506 1.5
      vertex -1.20517 28.7091 1.5
      vertex -2.45639 34.4872 1.5
    endloop
  endfacet
  facet normal -0 0 1
    outer loop
      vertex -3.40359 34.19 1.5
      vertex -1.20517 28.7091 1.5
      vertex -2.93376 34.3506 1.5
    endloop
  endfacet
  facet normal 0 0 1
    outer loop
      vertex -1.20517 28.7091 1.5
      vertex -3.40359 34.19 1.5
      vertex -1.66054 28.5288 1.5
    endloop
  endfacet
  facet normal -0 0 1
    outer loop
      vertex -3.86469 34.0058 1.5
      vertex -1.66054 28.5288 1.5
      vertex -3.40359 34.19 1.5
    endloop
  endfacet
  facet normal -0 0 1
    outer loop
      vertex -4.31586 33.7985 1.5
      vertex -1.66054 28.5288 1.5
      vertex -3.86469 34.0058 1.5
    endloop
  endfacet
  facet normal -0 0 1
    outer loop
      vertex -4.75596 33.5686 1.5
      vertex -1.66054 28.5288 1.5
      vertex -4.31586 33.7985 1.5
    endloop
  endfacet
  facet normal 0 0 1
    outer loop
      vertex -1.66054 28.5288 1.5
      vertex -4.75596 33.5686 1.5
      vertex -2.08972 28.2929 1.5
    endloop
  endfacet
  facet normal -0 0 1
    outer loop
      vertex -5.18385 33.3167 1.5
      vertex -2.08972 28.2929 1.5
      vertex -4.75596 33.5686 1.5
    endloop
  endfacet
  facet normal -0 0 1
    outer loop
      vertex -5.59843 33.0435 1.5
      vertex -2.08972 28.2929 1.5
      vertex -5.18385 33.3167 1.5
    endloop
  endfacet
  facet normal 0 0 1
    outer loop
      vertex -2.08972 28.2929 1.5
      vertex -5.59843 33.0435 1.5
      vertex -2.48595 28.005 1.5
    endloop
  endfacet
  facet normal -0 0 1
    outer loop
      vertex -5.99864 32.7496 1.5
      vertex -2.48595 28.005 1.5
      vertex -5.59843 33.0435 1.5
    endloop
  endfacet
  facet normal -0 0 1
    outer loop
      vertex -6.38345 32.4358 1.5
      vertex -2.48595 28.005 1.5
      vertex -5.99864 32.7496 1.5
    endloop
  endfacet
  facet normal -0 0 1
    outer loop
      vertex -6.75187 32.103 1.5
      vertex -2.48595 28.005 1.5
      vertex -6.38345 32.4358 1.5
    endloop
  endfacet
  facet normal 0 0 1
    outer loop
      vertex -2.48595 28.005 1.5
      vertex -6.75187 32.103 1.5
      vertex -2.84298 27.6697 1.5
    endloop
  endfacet
  facet normal 0 0 1
    outer loop
      vertex 3.9 25 1.5
      vertex 9.8 25 1.5
      vertex 9.78742 25.4964 1.5
    endloop
  endfacet
  facet normal 0 0 1
    outer loop
      vertex 3.86925 25.4888 1.5
      vertex 9.78742 25.4964 1.5
      vertex 9.74972 25.9914 1.5
    endloop
  endfacet
  facet normal 0 0 1
    outer loop
      vertex 3.86925 25.4888 1.5
      vertex 9.74972 25.9914 1.5
      vertex 9.68699 26.484 1.5
    endloop
  endfacet
  facet normal 0 0 1
    outer loop
      vertex 3.86925 25.4888 1.5
      vertex 9.68699 26.484 1.5
      vertex 9.59939 26.9727 1.5
    endloop
  endfacet
  facet normal 0 0 1
    outer loop
      vertex 3.86925 25.4888 1.5
      vertex 9.59939 26.9727 1.5
      vertex 9.48715 27.4564 1.5
    endloop
  endfacet
  facet normal 0 0 1
    outer loop
      vertex 3.86925 25.4888 1.5
      vertex 9.48715 27.4564 1.5
      vertex 9.35056 27.9338 1.5
    endloop
  endfacet
  facet normal 0 0 1
    outer loop
      vertex 3.86925 25.4888 1.5
      vertex 9.35056 27.9338 1.5
      vertex 9.18997 28.4036 1.5
    endloop
  endfacet
  facet normal 0 0 1
    outer loop
      vertex 3.86925 25.4888 1.5
      vertex 9.18997 28.4036 1.5
      vertex 9.00579 28.8647 1.5
    endloop
  endfacet
  facet normal 0 0 1
    outer loop
      vertex 3.86925 25.4888 1.5
      vertex 9.00579 28.8647 1.5
      vertex 8.79848 29.3159 1.5
    endloop
  endfacet
  facet normal 0 0 1
    outer loop
      vertex 3.86925 25.4888 1.5
      vertex 8.79848 29.3159 1.5
      vertex 8.5686 29.756 1.5
    endloop
  endfacet
  facet normal 0 0 1
    outer loop
      vertex 3.86925 25.4888 1.5
      vertex 8.5686 29.756 1.5
      vertex 8.31671 30.1838 1.5
    endloop
  endfacet
  facet normal 0 0 1
    outer loop
      vertex 3.86925 25.4888 1.5
      vertex 8.31671 30.1838 1.5
      vertex 8.04348 30.5984 1.5
    endloop
  endfacet
  facet normal 0 0 1
    outer loop
      vertex 3.86925 25.4888 1.5
      vertex 8.04348 30.5984 1.5
      vertex 7.7496 30.9986 1.5
    endloop
  endfacet
  facet normal 0 0 1
    outer loop
      vertex 3.86925 25.4888 1.5
      vertex 7.7496 30.9986 1.5
      vertex 7.43583 31.3834 1.5
    endloop
  endfacet
  facet normal 0 0 1
    outer loop
      vertex 3.86925 25.4888 1.5
      vertex 7.43583 31.3834 1.5
      vertex 7.10297 31.7519 1.5
    endloop
  endfacet
  facet normal 0 0 1
    outer loop
      vertex 3.86925 25.4888 1.5
      vertex 7.10297 31.7519 1.5
      vertex 6.75187 32.103 1.5
    endloop
  endfacet
  facet normal 0 0 1
    outer loop
      vertex 3.86925 25.4888 1.5
      vertex 6.75187 32.103 1.5
      vertex 6.38345 32.4358 1.5
    endloop
  endfacet
  facet normal 0 0 1
    outer loop
      vertex 3.86925 25.4888 1.5
      vertex 6.38345 32.4358 1.5
      vertex 5.99864 32.7496 1.5
    endloop
  endfacet
  facet normal 0 0 1
    outer loop
      vertex 3.86925 25.4888 1.5
      vertex 5.99864 32.7496 1.5
      vertex 5.59843 33.0435 1.5
    endloop
  endfacet
  facet normal 0 0 1
    outer loop
      vertex 3.86925 25.4888 1.5
      vertex 5.59843 33.0435 1.5
      vertex 5.18385 33.3167 1.5
    endloop
  endfacet
  facet normal 0 0 1
    outer loop
      vertex 3.86925 25.4888 1.5
      vertex 5.18385 33.3167 1.5
      vertex 4.75596 33.5686 1.5
    endloop
  endfacet
  facet normal 0 0 1
    outer loop
      vertex 1.66054 28.5288 1.5
      vertex 4.75596 33.5686 1.5
      vertex 4.31586 33.7985 1.5
    endloop
  endfacet
  facet normal 0 0 1
    outer loop
      vertex 9.8 25 1.5
      vertex 3.9 25 1.5
      vertex 3.86925 24.5112 1.5
    endloop
  endfacet
  facet normal 0 0 1
    outer loop
      vertex 9.8 25 1.5
      vertex 3.86925 24.5112 1.5
      vertex 3.77747 24.0301 1.5
    endloop
  endfacet
  facet normal 0 0 1
    outer loop
      vertex 9.8 25 1.5
      vertex 3.77747 24.0301 1.5
      vertex 3.62613 23.5643 1.5
    endloop
  endfacet
  facet normal 0 0 1
    outer loop
      vertex 9.8 25 1.5
      vertex 3.62613 23.5643 1.5
      vertex 3.4176 23.1212 1.5
    endloop
  endfacet
  facet normal 0 0 1
    outer loop
      vertex 9.8 25 1.5
      vertex 3.4176 23.1212 1.5
      vertex 3.15517 22.7076 1.5
    endloop
  endfacet
  facet normal 0 0 1
    outer loop
      vertex 9.8 25 1.5
      vertex 3.15517 22.7076 1.5
      vertex 9.8 12.5 1.5
    endloop
  endfacet
  facet normal -0 0 1
    outer loop
      vertex 2.84298 22.3303 1.5
      vertex 9.8 12.5 1.5
      vertex 3.15517 22.7076 1.5
    endloop
  endfacet
  facet normal -0 0 1
    outer loop
      vertex 2.48595 21.995 1.5
      vertex 9.8 12.5 1.5
      vertex 2.84298 22.3303 1.5
    endloop
  endfacet
  facet normal -0 0 1
    outer loop
      vertex 2.08972 21.7071 1.5
      vertex 9.8 12.5 1.5
      vertex 2.48595 21.995 1.5
    endloop
  endfacet
  facet normal -0 0 1
    outer loop
      vertex 1.66054 21.4712 1.5
      vertex 9.8 12.5 1.5
      vertex 2.08972 21.7071 1.5
    endloop
  endfacet
  facet normal -0 0 1
    outer loop
      vertex 1.20517 21.2909 1.5
      vertex 9.8 12.5 1.5
      vertex 1.66054 21.4712 1.5
    endloop
  endfacet
  facet normal -0 0 1
    outer loop
      vertex 0.730786 21.1691 1.5
      vertex 9.8 12.5 1.5
      vertex 1.20517 21.2909 1.5
    endloop
  endfacet
  facet normal -0 0 1
    outer loop
      vertex 0.244883 21.1077 1.5
      vertex 9.8 12.5 1.5
      vertex 0.730786 21.1691 1.5
    endloop
  endfacet
  facet normal -0 0 1
    outer loop
      vertex -0.244883 21.1077 1.5
      vertex 9.8 12.5 1.5
      vertex 0.244883 21.1077 1.5
    endloop
  endfacet
  facet normal 0 0 1
    outer loop
      vertex -9.8 12.5 1.5
      vertex -0.244883 21.1077 1.5
      vertex -0.730786 21.1691 1.5
    endloop
  endfacet
  facet normal 0 0 1
    outer loop
      vertex -9.8 12.5 1.5
      vertex -0.730786 21.1691 1.5
      vertex -1.20517 21.2909 1.5
    endloop
  endfacet
  facet normal 0 0 1
    outer loop
      vertex -9.8 12.5 1.5
      vertex -1.20517 21.2909 1.5
      vertex -1.66054 21.4712 1.5
    endloop
  endfacet
  facet normal 0 0 1
    outer loop
      vertex -9.8 12.5 1.5
      vertex -1.66054 21.4712 1.5
      vertex -2.08972 21.7071 1.5
    endloop
  endfacet
  facet normal 0 0 1
    outer loop
      vertex -9.8 12.5 1.5
      vertex -2.08972 21.7071 1.5
      vertex -2.48595 21.995 1.5
    endloop
  endfacet
  facet normal -0 0 1
    outer loop
      vertex -7.10297 31.7519 1.5
      vertex -2.84298 27.6697 1.5
      vertex -6.75187 32.103 1.5
    endloop
  endfacet
  facet normal -0 0 1
    outer loop
      vertex -7.43583 31.3834 1.5
      vertex -2.84298 27.6697 1.5
      vertex -7.10297 31.7519 1.5
    endloop
  endfacet
  facet normal 0 0 1
    outer loop
      vertex -2.84298 27.6697 1.5
      vertex -7.43583 31.3834 1.5
      vertex -3.15517 27.2924 1.5
    endloop
  endfacet
  facet normal -0 0 1
    outer loop
      vertex -7.7496 30.9986 1.5
      vertex -3.15517 27.2924 1.5
      vertex -7.43583 31.3834 1.5
    endloop
  endfacet
  facet normal -0 0 1
    outer loop
      vertex -8.04348 30.5984 1.5
      vertex -3.15517 27.2924 1.5
      vertex -7.7496 30.9986 1.5
    endloop
  endfacet
  facet normal -0 0 1
    outer loop
      vertex -8.31671 30.1838 1.5
      vertex -3.15517 27.2924 1.5
      vertex -8.04348 30.5984 1.5
    endloop
  endfacet
  facet normal 0 0 1
    outer loop
      vertex -3.15517 27.2924 1.5
      vertex -8.31671 30.1838 1.5
      vertex -3.4176 26.8788 1.5
    endloop
  endfacet
  facet normal -0 0 1
    outer loop
      vertex -8.5686 29.756 1.5
      vertex -3.4176 26.8788 1.5
      vertex -8.31671 30.1838 1.5
    endloop
  endfacet
  facet normal -0 0 1
    outer loop
      vertex -8.79848 29.3159 1.5
      vertex -3.4176 26.8788 1.5
      vertex -8.5686 29.756 1.5
    endloop
  endfacet
  facet normal 0 0 1
    outer loop
      vertex -3.4176 26.8788 1.5
      vertex -8.79848 29.3159 1.5
      vertex -3.62613 26.4357 1.5
    endloop
  endfacet
  facet normal -0 0 1
    outer loop
      vertex -9.00579 28.8647 1.5
      vertex -3.62613 26.4357 1.5
      vertex -8.79848 29.3159 1.5
    endloop
  endfacet
  facet normal -0 0 1
    outer loop
      vertex -9.18997 28.4036 1.5
      vertex -3.62613 26.4357 1.5
      vertex -9.00579 28.8647 1.5
    endloop
  endfacet
  facet normal -0 0 1
    outer loop
      vertex -9.35056 27.9338 1.5
      vertex -3.62613 26.4357 1.5
      vertex -9.18997 28.4036 1.5
    endloop
  endfacet
  facet normal 0 0 1
    outer loop
      vertex -3.62613 26.4357 1.5
      vertex -9.35056 27.9338 1.5
      vertex -3.77747 25.9699 1.5
    endloop
  endfacet
  facet normal -0 0 1
    outer loop
      vertex -9.48715 27.4564 1.5
      vertex -3.77747 25.9699 1.5
      vertex -9.35056 27.9338 1.5
    endloop
  endfacet
  facet normal -0 0 1
    outer loop
      vertex -9.59939 26.9727 1.5
      vertex -3.77747 25.9699 1.5
      vertex -9.48715 27.4564 1.5
    endloop
  endfacet
  facet normal 0 0 1
    outer loop
      vertex -3.77747 25.9699 1.5
      vertex -9.59939 26.9727 1.5
      vertex -3.86925 25.4888 1.5
    endloop
  endfacet
  facet normal -0 0 1
    outer loop
      vertex -9.68699 26.484 1.5
      vertex -3.86925 25.4888 1.5
      vertex -9.59939 26.9727 1.5
    endloop
  endfacet
  facet normal -0 0 1
    outer loop
      vertex -9.74972 25.9914 1.5
      vertex -3.86925 25.4888 1.5
      vertex -9.68699 26.484 1.5
    endloop
  endfacet
  facet normal -0 0 1
    outer loop
      vertex -9.78742 25.4964 1.5
      vertex -3.86925 25.4888 1.5
      vertex -9.74972 25.9914 1.5
    endloop
  endfacet
  facet normal 0 0 1
    outer loop
      vertex -3.86925 25.4888 1.5
      vertex -9.78742 25.4964 1.5
      vertex -3.9 25 1.5
    endloop
  endfacet
  facet normal 0 0 1
    outer loop
      vertex -9.8 25 1.5
      vertex -3.9 25 1.5
      vertex -9.78742 25.4964 1.5
    endloop
  endfacet
  facet normal 0 0 1
    outer loop
      vertex -3.9 25 1.5
      vertex -9.8 25 1.5
      vertex -3.86925 24.5112 1.5
    endloop
  endfacet
  facet normal 0 0 1
    outer loop
      vertex -3.86925 24.5112 1.5
      vertex -9.8 25 1.5
      vertex -3.77747 24.0301 1.5
    endloop
  endfacet
  facet normal 0 0 1
    outer loop
      vertex -3.77747 24.0301 1.5
      vertex -9.8 25 1.5
      vertex -3.62613 23.5643 1.5
    endloop
  endfacet
  facet normal 0 0 1
    outer loop
      vertex -3.62613 23.5643 1.5
      vertex -9.8 25 1.5
      vertex -3.4176 23.1212 1.5
    endloop
  endfacet
  facet normal 0 0 1
    outer loop
      vertex -3.4176 23.1212 1.5
      vertex -9.8 25 1.5
      vertex -3.15517 22.7076 1.5
    endloop
  endfacet
  facet normal 0 0 1
    outer loop
      vertex -9.8 12.5 1.5
      vertex -3.15517 22.7076 1.5
      vertex -9.8 25 1.5
    endloop
  endfacet
  facet normal 0 0 1
    outer loop
      vertex -3.15517 22.7076 1.5
      vertex -9.8 12.5 1.5
      vertex -2.84298 22.3303 1.5
    endloop
  endfacet
  facet normal 0 0 1
    outer loop
      vertex -2.84298 22.3303 1.5
      vertex -9.8 12.5 1.5
      vertex -2.48595 21.995 1.5
    endloop
  endfacet
  facet normal 0 0 1
    outer loop
      vertex -0.244883 21.1077 1.5
      vertex -9.8 12.5 1.5
      vertex 9.8 12.5 1.5
    endloop
  endfacet
  facet normal 0 0 -1
    outer loop
      vertex 2 -25 0
      vertex 9.8 -25 0
      vertex 9.78742 -25.4964 0
    endloop
  endfacet
  facet normal 0 0 -1
    outer loop
      vertex -10 12.5 0
      vertex -6.94188 7.02137 0
      vertex -10 -12.5 0
    endloop
  endfacet
  facet normal 0 0 -1
    outer loop
      vertex -6.94188 7.02137 0
      vertex -10 12.5 0
      vertex -9.8 12.5 0
    endloop
  endfacet
  facet normal 0 0 -1
    outer loop
      vertex -3.50298 -6.17375 0
      vertex 5.9 -2.36714 0
      vertex -3.22909 -6.57055 0
    endloop
  endfacet
  facet normal 0 0 -1
    outer loop
      vertex 5.9 2.36714 0
      vertex -3.05812 7.02137 0
      vertex -3 7.5 0
    endloop
  endfacet
  facet normal 0 0 -1
    outer loop
      vertex -3.86387 -5.85403 0
      vertex 5.9 -2.36714 0
      vertex -3.50298 -6.17375 0
    endloop
  endfacet
  facet normal 0 0 -1
    outer loop
      vertex 5.9 2.36714 0
      vertex -3.22909 6.57055 0
      vertex -3.05812 7.02137 0
    endloop
  endfacet
  facet normal -0 0 -1
    outer loop
      vertex 5.9 -2.36714 0
      vertex -3.86387 -5.85403 0
      vertex 5.9 2.36714 0
    endloop
  endfacet
  facet normal 0 0 -1
    outer loop
      vertex 5.9 2.36714 0
      vertex -3.50298 6.17375 0
      vertex -3.22909 6.57055 0
    endloop
  endfacet
  facet normal 0 0 -1
    outer loop
      vertex -3.86387 5.85403 0
      vertex 5.9 2.36714 0
      vertex -3.86387 -5.85403 0
    endloop
  endfacet
  facet normal 0 0 -1
    outer loop
      vertex 5.9 2.36714 0
      vertex -3.86387 5.85403 0
      vertex -3.50298 6.17375 0
    endloop
  endfacet
  facet normal 0 0 -1
    outer loop
      vertex -4.29079 -5.62997 0
      vertex -3.86387 5.85403 0
      vertex -3.86387 -5.85403 0
    endloop
  endfacet
  facet normal 0 0 -1
    outer loop
      vertex -4.29079 -5.62997 0
      vertex -4.29079 5.62997 0
      vertex -3.86387 5.85403 0
    endloop
  endfacet
  facet normal 0 0 -1
    outer loop
      vertex -4.75893 -5.51458 0
      vertex -4.29079 5.62997 0
      vertex -4.29079 -5.62997 0
    endloop
  endfacet
  facet normal 0 0 -1
    outer loop
      vertex -4.75893 -5.51458 0
      vertex -4.75893 5.51458 0
      vertex -4.29079 5.62997 0
    endloop
  endfacet
  facet normal 0 0 -1
    outer loop
      vertex -5.24107 -5.51458 0
      vertex -4.75893 5.51458 0
      vertex -4.75893 -5.51458 0
    endloop
  endfacet
  facet normal 0 0 -1
    outer loop
      vertex -5.24107 -5.51458 0
      vertex -5.24107 5.51458 0
      vertex -4.75893 5.51458 0
    endloop
  endfacet
  facet normal 0 0 -1
    outer loop
      vertex -5.70921 -5.62997 0
      vertex -5.24107 5.51458 0
      vertex -5.24107 -5.51458 0
    endloop
  endfacet
  facet normal 0 0 -1
    outer loop
      vertex -5.70921 -5.62997 0
      vertex -5.70921 5.62997 0
      vertex -5.24107 5.51458 0
    endloop
  endfacet
  facet normal 0 0 -1
    outer loop
      vertex -6.13613 -5.85403 0
      vertex -5.70921 5.62997 0
      vertex -5.70921 -5.62997 0
    endloop
  endfacet
  facet normal 0 0 -1
    outer loop
      vertex -6.13613 -5.85403 0
      vertex -6.13613 5.85403 0
      vertex -5.70921 5.62997 0
    endloop
  endfacet
  facet normal 0 0 -1
    outer loop
      vertex -6.49702 -6.17375 0
      vertex -6.13613 5.85403 0
      vertex -6.13613 -5.85403 0
    endloop
  endfacet
  facet normal 0 0 -1
    outer loop
      vertex -6.49702 -6.17375 0
      vertex -6.49702 6.17375 0
      vertex -6.13613 5.85403 0
    endloop
  endfacet
  facet normal 0 0 -1
    outer loop
      vertex -6.77091 -6.57055 0
      vertex -6.49702 6.17375 0
      vertex -6.49702 -6.17375 0
    endloop
  endfacet
  facet normal 0 0 -1
    outer loop
      vertex -6.77091 -6.57055 0
      vertex -6.77091 6.57055 0
      vertex -6.49702 6.17375 0
    endloop
  endfacet
  facet normal 0 0 -1
    outer loop
      vertex -6.94188 -7.02137 0
      vertex -6.77091 6.57055 0
      vertex -6.77091 -6.57055 0
    endloop
  endfacet
  facet normal 0 0 -1
    outer loop
      vertex -6.94188 -7.02137 0
      vertex -6.94188 7.02137 0
      vertex -6.77091 6.57055 0
    endloop
  endfacet
  facet normal -0 0 -1
    outer loop
      vertex -6.94188 -7.97863 0
      vertex -10 -12.5 0
      vertex -7 -7.5 0
    endloop
  endfacet
  facet normal -0 0 -1
    outer loop
      vertex -7 -7.5 0
      vertex -10 -12.5 0
      vertex -6.94188 -7.02137 0
    endloop
  endfacet
  facet normal 0 0 -1
    outer loop
      vertex -4.75893 9.48542 0
      vertex -0.709209 23.13 0
      vertex -4.29079 9.37003 0
    endloop
  endfacet
  facet normal 0 0 -1
    outer loop
      vertex -9.8 12.5 0
      vertex -0.709209 23.13 0
      vertex -4.75893 9.48542 0
    endloop
  endfacet
  facet normal -0 0 -1
    outer loop
      vertex -0.709209 23.13 0
      vertex -9.8 12.5 0
      vertex -1.13613 23.354 0
    endloop
  endfacet
  facet normal -0 0 -1
    outer loop
      vertex -1.13613 23.354 0
      vertex -9.8 12.5 0
      vertex -1.49702 23.6738 0
    endloop
  endfacet
  facet normal 0 0 -1
    outer loop
      vertex -9.8 25 0
      vertex -1.49702 23.6738 0
      vertex -9.8 12.5 0
    endloop
  endfacet
  facet normal 0 -0 -1
    outer loop
      vertex -9.78742 25.4964 0
      vertex -2 25 0
      vertex -9.8 25 0
    endloop
  endfacet
  facet normal 0 0 -1
    outer loop
      vertex -2 25 0
      vertex -3.40359 34.19 0
      vertex -2.93376 34.3506 0
    endloop
  endfacet
  facet normal 0 0 -1
    outer loop
      vertex -1.49702 23.6738 0
      vertex -9.8 25 0
      vertex -1.77091 24.0706 0
    endloop
  endfacet
  facet normal 0 0 -1
    outer loop
      vertex -2 25 0
      vertex -3.86469 34.0058 0
      vertex -3.40359 34.19 0
    endloop
  endfacet
  facet normal 0 0 -1
    outer loop
      vertex -2 25 0
      vertex -4.31586 33.7985 0
      vertex -3.86469 34.0058 0
    endloop
  endfacet
  facet normal 0 0 -1
    outer loop
      vertex -1.77091 24.0706 0
      vertex -9.8 25 0
      vertex -1.94188 24.5214 0
    endloop
  endfacet
  facet normal 0 0 -1
    outer loop
      vertex -2 25 0
      vertex -4.75596 33.5686 0
      vertex -4.31586 33.7985 0
    endloop
  endfacet
  facet normal 0 0 -1
    outer loop
      vertex -9.8 12.5 0
      vertex -4.75893 9.48542 0
      vertex -5.24107 9.48542 0
    endloop
  endfacet
  facet normal 0 0 -1
    outer loop
      vertex -2 25 0
      vertex -5.18385 33.3167 0
      vertex -4.75596 33.5686 0
    endloop
  endfacet
  facet normal 0 0 -1
    outer loop
      vertex -9.8 12.5 0
      vertex -5.24107 9.48542 0
      vertex -5.70921 9.37003 0
    endloop
  endfacet
  facet normal 0 0 -1
    outer loop
      vertex -2 25 0
      vertex -5.59843 33.0435 0
      vertex -5.18385 33.3167 0
    endloop
  endfacet
  facet normal 0 0 -1
    outer loop
      vertex -9.8 12.5 0
      vertex -5.70921 9.37003 0
      vertex -6.13613 9.14597 0
    endloop
  endfacet
  facet normal 0 0 -1
    outer loop
      vertex -2 25 0
      vertex -5.99864 32.7496 0
      vertex -5.59843 33.0435 0
    endloop
  endfacet
  facet normal 0 0 -1
    outer loop
      vertex -9.8 12.5 0
      vertex -6.13613 9.14597 0
      vertex -6.49702 8.82625 0
    endloop
  endfacet
  facet normal 0 0 -1
    outer loop
      vertex -2 25 0
      vertex -6.38345 32.4358 0
      vertex -5.99864 32.7496 0
    endloop
  endfacet
  facet normal 0 0 -1
    outer loop
      vertex -9.8 12.5 0
      vertex -6.49702 8.82625 0
      vertex -6.77091 8.42945 0
    endloop
  endfacet
  facet normal 0 0 -1
    outer loop
      vertex -9.8 12.5 0
      vertex -6.77091 8.42945 0
      vertex -6.94188 7.97863 0
    endloop
  endfacet
  facet normal 0 0 -1
    outer loop
      vertex -9.8 12.5 0
      vertex -6.94188 7.97863 0
      vertex -7 7.5 0
    endloop
  endfacet
  facet normal 0 0 -1
    outer loop
      vertex -2 25 0
      vertex -6.75187 32.103 0
      vertex -6.38345 32.4358 0
    endloop
  endfacet
  facet normal -0 0 -1
    outer loop
      vertex -6.94188 -7.02137 0
      vertex -10 -12.5 0
      vertex -6.94188 7.02137 0
    endloop
  endfacet
  facet normal 0 0 -1
    outer loop
      vertex -9.8 -25 0
      vertex -7.10297 -31.7519 0
      vertex -7.43583 -31.3834 0
    endloop
  endfacet
  facet normal 0 0 -1
    outer loop
      vertex -6.94188 7.02137 0
      vertex -9.8 12.5 0
      vertex -7 7.5 0
    endloop
  endfacet
  facet normal 0 0 -1
    outer loop
      vertex -9.8 -25 0
      vertex -7.43583 -31.3834 0
      vertex -7.7496 -30.9986 0
    endloop
  endfacet
  facet normal 0 0 -1
    outer loop
      vertex -1.94188 24.5214 0
      vertex -9.8 25 0
      vertex -2 25 0
    endloop
  endfacet
  facet normal 0 0 -1
    outer loop
      vertex -9.8 -25 0
      vertex -7.7496 -30.9986 0
      vertex -8.04348 -30.5984 0
    endloop
  endfacet
  facet normal 0 0 -1
    outer loop
      vertex -2 25 0
      vertex -7.10297 31.7519 0
      vertex -6.75187 32.103 0
    endloop
  endfacet
  facet normal 0 0 -1
    outer loop
      vertex -9.8 -25 0
      vertex -8.04348 -30.5984 0
      vertex -8.31671 -30.1838 0
    endloop
  endfacet
  facet normal 0 0 -1
    outer loop
      vertex -2 25 0
      vertex -7.43583 31.3834 0
      vertex -7.10297 31.7519 0
    endloop
  endfacet
  facet normal 0 0 -1
    outer loop
      vertex -9.8 -25 0
      vertex -8.31671 -30.1838 0
      vertex -8.5686 -29.756 0
    endloop
  endfacet
  facet normal 0 0 -1
    outer loop
      vertex -2 25 0
      vertex -7.7496 30.9986 0
      vertex -7.43583 31.3834 0
    endloop
  endfacet
  facet normal 0 0 -1
    outer loop
      vertex -9.8 -25 0
      vertex -8.5686 -29.756 0
      vertex -8.79848 -29.3159 0
    endloop
  endfacet
  facet normal 0 0 -1
    outer loop
      vertex -2 25 0
      vertex -8.04348 30.5984 0
      vertex -7.7496 30.9986 0
    endloop
  endfacet
  facet normal 0 0 -1
    outer loop
      vertex -9.8 -25 0
      vertex -8.79848 -29.3159 0
      vertex -9.00579 -28.8647 0
    endloop
  endfacet
  facet normal 0 0 -1
    outer loop
      vertex -2 25 0
      vertex -8.31671 30.1838 0
      vertex -8.04348 30.5984 0
    endloop
  endfacet
  facet normal 0 0 -1
    outer loop
      vertex -9.8 -25 0
      vertex -9.00579 -28.8647 0
      vertex -9.18997 -28.4036 0
    endloop
  endfacet
  facet normal 0 0 -1
    outer loop
      vertex -2 25 0
      vertex -8.5686 29.756 0
      vertex -8.31671 30.1838 0
    endloop
  endfacet
  facet normal 0 0 -1
    outer loop
      vertex -9.8 -25 0
      vertex -9.18997 -28.4036 0
      vertex -9.35056 -27.9338 0
    endloop
  endfacet
  facet normal 0 0 -1
    outer loop
      vertex -2 25 0
      vertex -8.79848 29.3159 0
      vertex -8.5686 29.756 0
    endloop
  endfacet
  facet normal 0 0 -1
    outer loop
      vertex -9.8 -25 0
      vertex -9.35056 -27.9338 0
      vertex -9.48715 -27.4564 0
    endloop
  endfacet
  facet normal 0 0 -1
    outer loop
      vertex -2 25 0
      vertex -9.00579 28.8647 0
      vertex -8.79848 29.3159 0
    endloop
  endfacet
  facet normal 0 0 -1
    outer loop
      vertex -9.8 -25 0
      vertex -9.48715 -27.4564 0
      vertex -9.59939 -26.9727 0
    endloop
  endfacet
  facet normal 0 0 -1
    outer loop
      vertex -2 25 0
      vertex -9.18997 28.4036 0
      vertex -9.00579 28.8647 0
    endloop
  endfacet
  facet normal 0 0 -1
    outer loop
      vertex -9.8 -25 0
      vertex -9.59939 -26.9727 0
      vertex -9.68699 -26.484 0
    endloop
  endfacet
  facet normal 0 0 -1
    outer loop
      vertex -2 25 0
      vertex -9.35056 27.9338 0
      vertex -9.18997 28.4036 0
    endloop
  endfacet
  facet normal 0 0 -1
    outer loop
      vertex -9.8 -25 0
      vertex -9.68699 -26.484 0
      vertex -9.74972 -25.9914 0
    endloop
  endfacet
  facet normal 0 0 -1
    outer loop
      vertex -2 25 0
      vertex -9.48715 27.4564 0
      vertex -9.35056 27.9338 0
    endloop
  endfacet
  facet normal 0 0 -1
    outer loop
      vertex -9.8 -25 0
      vertex -9.74972 -25.9914 0
      vertex -9.78742 -25.4964 0
    endloop
  endfacet
  facet normal 0 0 -1
    outer loop
      vertex -2 25 0
      vertex -9.59939 26.9727 0
      vertex -9.48715 27.4564 0
    endloop
  endfacet
  facet normal 0 0 -1
    outer loop
      vertex -7.10297 -31.7519 0
      vertex -9.8 -25 0
      vertex -9.8 -12.5 0
    endloop
  endfacet
  facet normal 0 0 -1
    outer loop
      vertex -2 25 0
      vertex -9.68699 26.484 0
      vertex -9.59939 26.9727 0
    endloop
  endfacet
  facet normal 0 0 -1
    outer loop
      vertex -2 25 0
      vertex -9.74972 25.9914 0
      vertex -9.68699 26.484 0
    endloop
  endfacet
  facet normal 0 0 -1
    outer loop
      vertex -2 25 0
      vertex -9.78742 25.4964 0
      vertex -9.74972 25.9914 0
    endloop
  endfacet
  facet normal 0 0 -1
    outer loop
      vertex 1.13613 -23.354 0
      vertex 9.8 -12.5 0
      vertex 1.49702 -23.6738 0
    endloop
  endfacet
  facet normal 0 0 -1
    outer loop
      vertex 5.9 2.36714 0
      vertex 1.94188 24.5214 0
      vertex 2 25 0
    endloop
  endfacet
  facet normal 0 0 -1
    outer loop
      vertex 0.709209 -23.13 0
      vertex 9.8 -12.5 0
      vertex 1.13613 -23.354 0
    endloop
  endfacet
  facet normal 0 0 -1
    outer loop
      vertex 5.9 2.36714 0
      vertex 1.77091 24.0706 0
      vertex 1.94188 24.5214 0
    endloop
  endfacet
  facet normal 0 0 -1
    outer loop
      vertex -3.05812 -7.02137 0
      vertex 5.9 -2.36714 0
      vertex -3 -7.5 0
    endloop
  endfacet
  facet normal 0 0 -1
    outer loop
      vertex -3.22909 -6.57055 0
      vertex 5.9 -2.36714 0
      vertex -3.05812 -7.02137 0
    endloop
  endfacet
  facet normal 0 0 -1
    outer loop
      vertex 9.8 -12.5 0
      vertex -3 -7.5 0
      vertex 5.9 -2.36714 0
    endloop
  endfacet
  facet normal 0 0 -1
    outer loop
      vertex 5.9 2.36714 0
      vertex 1.49702 23.6738 0
      vertex 1.77091 24.0706 0
    endloop
  endfacet
  facet normal 0 0 -1
    outer loop
      vertex 0.241073 -23.0146 0
      vertex 9.8 -12.5 0
      vertex 0.709209 -23.13 0
    endloop
  endfacet
  facet normal 0 0 -1
    outer loop
      vertex 5.9 2.36714 0
      vertex 1.13613 23.354 0
      vertex 1.49702 23.6738 0
    endloop
  endfacet
  facet normal -0 0 -1
    outer loop
      vertex 9.8 -12.5 0
      vertex 0.241073 -23.0146 0
      vertex -3 -7.5 0
    endloop
  endfacet
  facet normal 0 0 -1
    outer loop
      vertex -3.05812 7.97863 0
      vertex 5.9 2.36714 0
      vertex -3 7.5 0
    endloop
  endfacet
  facet normal 0 0 -1
    outer loop
      vertex -3 -7.5 0
      vertex 0.241073 -23.0146 0
      vertex -0.241073 -23.0146 0
    endloop
  endfacet
  facet normal 0 0 -1
    outer loop
      vertex -3.22909 8.42945 0
      vertex 5.9 2.36714 0
      vertex -3.05812 7.97863 0
    endloop
  endfacet
  facet normal 0 0 -1
    outer loop
      vertex -3 -7.5 0
      vertex -0.241073 -23.0146 0
      vertex -0.709209 -23.13 0
    endloop
  endfacet
  facet normal 0 0 -1
    outer loop
      vertex 5.9 2.36714 0
      vertex -3.22909 8.42945 0
      vertex 1.13613 23.354 0
    endloop
  endfacet
  facet normal 0 0 -1
    outer loop
      vertex -3 -7.5 0
      vertex -0.709209 -23.13 0
      vertex -1.13613 -23.354 0
    endloop
  endfacet
  facet normal 0 0 -1
    outer loop
      vertex 1.13613 23.354 0
      vertex -3.22909 8.42945 0
      vertex 0.709209 23.13 0
    endloop
  endfacet
  facet normal 0 0 -1
    outer loop
      vertex -3 -7.5 0
      vertex -1.13613 -23.354 0
      vertex -1.49702 -23.6738 0
    endloop
  endfacet
  facet normal 0 0 -1
    outer loop
      vertex -3.50298 8.82625 0
      vertex 0.709209 23.13 0
      vertex -3.22909 8.42945 0
    endloop
  endfacet
  facet normal 0 0 -1
    outer loop
      vertex -3 -7.5 0
      vertex -1.49702 -23.6738 0
      vertex -1.77091 -24.0706 0
    endloop
  endfacet
  facet normal 0 0 -1
    outer loop
      vertex 0.709209 23.13 0
      vertex -3.50298 8.82625 0
      vertex 0.241073 23.0146 0
    endloop
  endfacet
  facet normal 0 0 -1
    outer loop
      vertex -3 -7.5 0
      vertex -1.77091 -24.0706 0
      vertex -1.94188 -24.5214 0
    endloop
  endfacet
  facet normal 0 0 -1
    outer loop
      vertex -3.86387 9.14597 0
      vertex 0.241073 23.0146 0
      vertex -3.50298 8.82625 0
    endloop
  endfacet
  facet normal 0 0 -1
    outer loop
      vertex -3 -7.5 0
      vertex -1.94188 -24.5214 0
      vertex -2 -25 0
    endloop
  endfacet
  facet normal -0 0 -1
    outer loop
      vertex 0.241073 23.0146 0
      vertex -3.86387 9.14597 0
      vertex -0.241073 23.0146 0
    endloop
  endfacet
  facet normal -0 0 -1
    outer loop
      vertex 4.75596 33.5686 0
      vertex 1.13613 26.646 0
      vertex 4.31586 33.7985 0
    endloop
  endfacet
  facet normal 0 0 -1
    outer loop
      vertex 0.709209 26.87 0
      vertex 4.31586 33.7985 0
      vertex 1.13613 26.646 0
    endloop
  endfacet
  facet normal -0 0 -1
    outer loop
      vertex 4.31586 33.7985 0
      vertex 0.709209 26.87 0
      vertex 3.86469 34.0058 0
    endloop
  endfacet
  facet normal -0 0 -1
    outer loop
      vertex 3.86469 34.0058 0
      vertex 0.709209 26.87 0
      vertex 3.40359 34.19 0
    endloop
  endfacet
  facet normal -0 0 -1
    outer loop
      vertex 3.40359 34.19 0
      vertex 0.709209 26.87 0
      vertex 2.93376 34.3506 0
    endloop
  endfacet
  facet normal -0 0 -1
    outer loop
      vertex 2.93376 34.3506 0
      vertex 0.709209 26.87 0
      vertex 2.45639 34.4872 0
    endloop
  endfacet
  facet normal 0 0 -1
    outer loop
      vertex 0.241073 26.9854 0
      vertex 2.45639 34.4872 0
      vertex 0.709209 26.87 0
    endloop
  endfacet
  facet normal -0 0 -1
    outer loop
      vertex 2.45639 34.4872 0
      vertex 0.241073 26.9854 0
      vertex 1.97272 34.5994 0
    endloop
  endfacet
  facet normal -0 0 -1
    outer loop
      vertex 1.97272 34.5994 0
      vertex 0.241073 26.9854 0
      vertex 1.48399 34.687 0
    endloop
  endfacet
  facet normal -0 0 -1
    outer loop
      vertex 1.48399 34.687 0
      vertex 0.241073 26.9854 0
      vertex 0.991449 34.7497 0
    endloop
  endfacet
  facet normal -0 0 -1
    outer loop
      vertex 0.991449 34.7497 0
      vertex 0.241073 26.9854 0
      vertex 0.496362 34.7874 0
    endloop
  endfacet
  facet normal 0 0 -1
    outer loop
      vertex 0.241073 26.9854 0
      vertex 0 34.8 0
      vertex 0.496362 34.7874 0
    endloop
  endfacet
  facet normal 0 0 -1
    outer loop
      vertex -0.241073 26.9854 0
      vertex 0 34.8 0
      vertex 0.241073 26.9854 0
    endloop
  endfacet
  facet normal 0 0 -1
    outer loop
      vertex -0.241073 26.9854 0
      vertex -0.496362 34.7874 0
      vertex 0 34.8 0
    endloop
  endfacet
  facet normal 0 0 -1
    outer loop
      vertex -2.45639 34.4872 0
      vertex -0.241073 26.9854 0
      vertex -0.709209 26.87 0
    endloop
  endfacet
  facet normal 0 0 -1
    outer loop
      vertex -0.241073 26.9854 0
      vertex -0.991449 34.7497 0
      vertex -0.496362 34.7874 0
    endloop
  endfacet
  facet normal 0 0 -1
    outer loop
      vertex -2.93376 34.3506 0
      vertex -0.709209 26.87 0
      vertex -1.13613 26.646 0
    endloop
  endfacet
  facet normal 0 0 -1
    outer loop
      vertex -0.241073 26.9854 0
      vertex -1.48399 34.687 0
      vertex -0.991449 34.7497 0
    endloop
  endfacet
  facet normal 0 0 -1
    outer loop
      vertex -2.93376 34.3506 0
      vertex -1.13613 26.646 0
      vertex -1.49702 26.3262 0
    endloop
  endfacet
  facet normal 0 0 -1
    outer loop
      vertex -2.93376 34.3506 0
      vertex -1.49702 26.3262 0
      vertex -1.77091 25.9294 0
    endloop
  endfacet
  facet normal 0 0 -1
    outer loop
      vertex -2.93376 34.3506 0
      vertex -1.77091 25.9294 0
      vertex -1.94188 25.4786 0
    endloop
  endfacet
  facet normal 0 0 -1
    outer loop
      vertex -0.241073 26.9854 0
      vertex -1.97272 34.5994 0
      vertex -1.48399 34.687 0
    endloop
  endfacet
  facet normal 0 0 -1
    outer loop
      vertex -2.93376 34.3506 0
      vertex -1.94188 25.4786 0
      vertex -2 25 0
    endloop
  endfacet
  facet normal 0 0 -1
    outer loop
      vertex -4.29079 9.37003 0
      vertex -0.241073 23.0146 0
      vertex -3.86387 9.14597 0
    endloop
  endfacet
  facet normal -0 0 -1
    outer loop
      vertex -0.241073 23.0146 0
      vertex -4.29079 9.37003 0
      vertex -0.709209 23.13 0
    endloop
  endfacet
  facet normal 0 0 -1
    outer loop
      vertex -7.10297 -31.7519 0
      vertex -2.45639 -34.4872 0
      vertex -2.93376 -34.3506 0
    endloop
  endfacet
  facet normal 0 0 -1
    outer loop
      vertex -0.709209 26.87 0
      vertex -2.93376 34.3506 0
      vertex -2.45639 34.4872 0
    endloop
  endfacet
  facet normal 0 0 -1
    outer loop
      vertex -0.241073 26.9854 0
      vertex -2.45639 34.4872 0
      vertex -1.97272 34.5994 0
    endloop
  endfacet
  facet normal 0 0 -1
    outer loop
      vertex -2.45639 -34.4872 0
      vertex -3.05812 -7.97863 0
      vertex -3 -7.5 0
    endloop
  endfacet
  facet normal 0 0 -1
    outer loop
      vertex -2.45639 -34.4872 0
      vertex -3.22909 -8.42945 0
      vertex -3.05812 -7.97863 0
    endloop
  endfacet
  facet normal 0 0 -1
    outer loop
      vertex -7.10297 -31.7519 0
      vertex -2.93376 -34.3506 0
      vertex -3.40359 -34.19 0
    endloop
  endfacet
  facet normal 0 0 -1
    outer loop
      vertex -2.45639 -34.4872 0
      vertex -3.50298 -8.82625 0
      vertex -3.22909 -8.42945 0
    endloop
  endfacet
  facet normal 0 0 -1
    outer loop
      vertex -2.45639 -34.4872 0
      vertex -3.86387 -9.14597 0
      vertex -3.50298 -8.82625 0
    endloop
  endfacet
  facet normal 0 0 -1
    outer loop
      vertex -7.10297 -31.7519 0
      vertex -3.40359 -34.19 0
      vertex -3.86469 -34.0058 0
    endloop
  endfacet
  facet normal 0 0 -1
    outer loop
      vertex -2.45639 -34.4872 0
      vertex -4.29079 -9.37003 0
      vertex -3.86387 -9.14597 0
    endloop
  endfacet
  facet normal 0 0 -1
    outer loop
      vertex -7.10297 -31.7519 0
      vertex -3.86469 -34.0058 0
      vertex -4.31586 -33.7985 0
    endloop
  endfacet
  facet normal 0 0 -1
    outer loop
      vertex -7.10297 -31.7519 0
      vertex -4.31586 -33.7985 0
      vertex -4.75596 -33.5686 0
    endloop
  endfacet
  facet normal 0 0 -1
    outer loop
      vertex -2.45639 -34.4872 0
      vertex -7.10297 -31.7519 0
      vertex -4.29079 -9.37003 0
    endloop
  endfacet
  facet normal 0 0 -1
    outer loop
      vertex -7.10297 -31.7519 0
      vertex -4.75596 -33.5686 0
      vertex -5.18385 -33.3167 0
    endloop
  endfacet
  facet normal 0 0 -1
    outer loop
      vertex -9.8 -12.5 0
      vertex -4.29079 -9.37003 0
      vertex -7.10297 -31.7519 0
    endloop
  endfacet
  facet normal 0 0 -1
    outer loop
      vertex -7.10297 -31.7519 0
      vertex -5.18385 -33.3167 0
      vertex -5.59843 -33.0435 0
    endloop
  endfacet
  facet normal 0 0 -1
    outer loop
      vertex -4.29079 -9.37003 0
      vertex -9.8 -12.5 0
      vertex -4.75893 -9.48542 0
    endloop
  endfacet
  facet normal 0 0 -1
    outer loop
      vertex -7.10297 -31.7519 0
      vertex -5.59843 -33.0435 0
      vertex -5.99864 -32.7496 0
    endloop
  endfacet
  facet normal -0 0 -1
    outer loop
      vertex -4.75893 -9.48542 0
      vertex -9.8 -12.5 0
      vertex -5.24107 -9.48542 0
    endloop
  endfacet
  facet normal 0 0 -1
    outer loop
      vertex -7.10297 -31.7519 0
      vertex -5.99864 -32.7496 0
      vertex -6.38345 -32.4358 0
    endloop
  endfacet
  facet normal -0 0 -1
    outer loop
      vertex -5.24107 -9.48542 0
      vertex -9.8 -12.5 0
      vertex -5.70921 -9.37003 0
    endloop
  endfacet
  facet normal 0 0 -1
    outer loop
      vertex -7.10297 -31.7519 0
      vertex -6.38345 -32.4358 0
      vertex -6.75187 -32.103 0
    endloop
  endfacet
  facet normal -0 0 -1
    outer loop
      vertex -5.70921 -9.37003 0
      vertex -9.8 -12.5 0
      vertex -6.13613 -9.14597 0
    endloop
  endfacet
  facet normal -0 0 -1
    outer loop
      vertex -6.13613 -9.14597 0
      vertex -9.8 -12.5 0
      vertex -6.49702 -8.82625 0
    endloop
  endfacet
  facet normal -0 0 -1
    outer loop
      vertex -6.49702 -8.82625 0
      vertex -9.8 -12.5 0
      vertex -6.77091 -8.42945 0
    endloop
  endfacet
  facet normal 0 0 -1
    outer loop
      vertex -10 -12.5 0
      vertex -6.94188 -7.97863 0
      vertex -9.8 -12.5 0
    endloop
  endfacet
  facet normal -0 0 -1
    outer loop
      vertex -6.77091 -8.42945 0
      vertex -9.8 -12.5 0
      vertex -6.94188 -7.97863 0
    endloop
  endfacet
  facet normal 0 0 -1
    outer loop
      vertex 16.9419 7.02137 0
      vertex 20 12.5 0
      vertex 16.9419 -7.02137 0
    endloop
  endfacet
  facet normal 0 0 -1
    outer loop
      vertex 20 12.5 0
      vertex 16.9419 7.02137 0
      vertex 17 7.5 0
    endloop
  endfacet
  facet normal 0 0 -1
    outer loop
      vertex 16.7709 -6.57055 0
      vertex 16.9419 7.02137 0
      vertex 16.9419 -7.02137 0
    endloop
  endfacet
  facet normal 0 0 -1
    outer loop
      vertex 16.7709 -6.57055 0
      vertex 16.7709 6.57055 0
      vertex 16.9419 7.02137 0
    endloop
  endfacet
  facet normal 0 0 -1
    outer loop
      vertex 16.497 -6.17375 0
      vertex 16.7709 6.57055 0
      vertex 16.7709 -6.57055 0
    endloop
  endfacet
  facet normal 0 0 -1
    outer loop
      vertex 16.497 -6.17375 0
      vertex 16.497 6.17375 0
      vertex 16.7709 6.57055 0
    endloop
  endfacet
  facet normal 0 0 -1
    outer loop
      vertex 14.1 -2.36714 0
      vertex 16.497 -6.17375 0
      vertex 16.1361 -5.85403 0
    endloop
  endfacet
  facet normal 0 0 -1
    outer loop
      vertex 16.497 -6.17375 0
      vertex 14.1 -2.36714 0
      vertex 16.497 6.17375 0
    endloop
  endfacet
  facet normal 0 0 -1
    outer loop
      vertex 14.1 -2.36714 0
      vertex 16.1361 -5.85403 0
      vertex 15.7092 -5.62997 0
    endloop
  endfacet
  facet normal 0 0 -1
    outer loop
      vertex 14.1 2.36714 0
      vertex 16.497 6.17375 0
      vertex 14.1 -2.36714 0
    endloop
  endfacet
  facet normal 0 0 -1
    outer loop
      vertex 14.1 -2.36714 0
      vertex 15.7092 -5.62997 0
      vertex 15.2411 -5.51458 0
    endloop
  endfacet
  facet normal 0 0 -1
    outer loop
      vertex 16.497 6.17375 0
      vertex 14.1 2.36714 0
      vertex 16.1361 5.85403 0
    endloop
  endfacet
  facet normal 0 0 -1
    outer loop
      vertex 14.1 -2.36714 0
      vertex 15.2411 -5.51458 0
      vertex 14.7589 -5.51458 0
    endloop
  endfacet
  facet normal 0 0 -1
    outer loop
      vertex 16.1361 5.85403 0
      vertex 14.1 2.36714 0
      vertex 15.7092 5.62997 0
    endloop
  endfacet
  facet normal 0 0 -1
    outer loop
      vertex 14.1 -2.36714 0
      vertex 14.7589 -5.51458 0
      vertex 14.2908 -5.62997 0
    endloop
  endfacet
  facet normal 0 0 -1
    outer loop
      vertex 15.7092 5.62997 0
      vertex 14.1 2.36714 0
      vertex 15.2411 5.51458 0
    endloop
  endfacet
  facet normal -0 0 -1
    outer loop
      vertex 15.2411 5.51458 0
      vertex 14.1 2.36714 0
      vertex 14.7589 5.51458 0
    endloop
  endfacet
  facet normal 0 0 -1
    outer loop
      vertex 13.8639 -5.85403 0
      vertex 14.1 -2.36714 0
      vertex 14.2908 -5.62997 0
    endloop
  endfacet
  facet normal 0 0 -1
    outer loop
      vertex 10 -4.73427 0
      vertex 13.8639 -5.85403 0
      vertex 13.503 -6.17375 0
    endloop
  endfacet
  facet normal 0 0 -1
    outer loop
      vertex 10 -4.73427 0
      vertex 13.503 -6.17375 0
      vertex 13.2291 -6.57055 0
    endloop
  endfacet
  facet normal 0 0 -1
    outer loop
      vertex 10 -4.73427 0
      vertex 13.2291 -6.57055 0
      vertex 13.0581 -7.02137 0
    endloop
  endfacet
  facet normal 0 0 -1
    outer loop
      vertex 13.8639 -5.85403 0
      vertex 10 -4.73427 0
      vertex 14.1 -2.36714 0
    endloop
  endfacet
  facet normal 0 0 -1
    outer loop
      vertex 10 -4.73427 0
      vertex 13.0581 -7.02137 0
      vertex 13 -7.5 0
    endloop
  endfacet
  facet normal 0 0 -1
    outer loop
      vertex 16.9419 -7.02137 0
      vertex 20 -12.5 0
      vertex 17 -7.5 0
    endloop
  endfacet
  facet normal 0 0 -1
    outer loop
      vertex 20 -12.5 0
      vertex 16.9419 -7.97863 0
      vertex 17 -7.5 0
    endloop
  endfacet
  facet normal 0 0 -1
    outer loop
      vertex 20 -12.5 0
      vertex 16.7709 -8.42945 0
      vertex 16.9419 -7.97863 0
    endloop
  endfacet
  facet normal 0 0 -1
    outer loop
      vertex 20 -12.5 0
      vertex 16.497 -8.82625 0
      vertex 16.7709 -8.42945 0
    endloop
  endfacet
  facet normal 0 0 -1
    outer loop
      vertex 20 -12.5 0
      vertex 16.1361 -9.14597 0
      vertex 16.497 -8.82625 0
    endloop
  endfacet
  facet normal 0 0 -1
    outer loop
      vertex 20 -12.5 0
      vertex 15.7092 -9.37003 0
      vertex 16.1361 -9.14597 0
    endloop
  endfacet
  facet normal 0 0 -1
    outer loop
      vertex 20 -12.5 0
      vertex 15.2411 -9.48542 0
      vertex 15.7092 -9.37003 0
    endloop
  endfacet
  facet normal 0 0 -1
    outer loop
      vertex 20 -12.5 0
      vertex 14.7589 -9.48542 0
      vertex 15.2411 -9.48542 0
    endloop
  endfacet
  facet normal 0 0 -1
    outer loop
      vertex 9.8 -12.5 0
      vertex 14.7589 -9.48542 0
      vertex 20 -12.5 0
    endloop
  endfacet
  facet normal -0 0 -1
    outer loop
      vertex 14.7589 -9.48542 0
      vertex 9.8 -12.5 0
      vertex 14.2908 -9.37003 0
    endloop
  endfacet
  facet normal 0 0 -1
    outer loop
      vertex 13.0581 -7.97863 0
      vertex 10 -4.73427 0
      vertex 13 -7.5 0
    endloop
  endfacet
  facet normal 0 0 -1
    outer loop
      vertex 9.8 -12.5 0
      vertex 13.0581 -7.97863 0
      vertex 13.2291 -8.42945 0
    endloop
  endfacet
  facet normal 0 0 -1
    outer loop
      vertex 9.8 -12.5 0
      vertex 13.2291 -8.42945 0
      vertex 13.503 -8.82625 0
    endloop
  endfacet
  facet normal -0 0 -1
    outer loop
      vertex 14.2908 -9.37003 0
      vertex 9.8 -12.5 0
      vertex 13.8639 -9.14597 0
    endloop
  endfacet
  facet normal 0 0 -1
    outer loop
      vertex 9.8 -12.5 0
      vertex 13.503 -8.82625 0
      vertex 13.8639 -9.14597 0
    endloop
  endfacet
  facet normal -0 0 -1
    outer loop
      vertex 13.0581 -7.97863 0
      vertex 9.8 -12.5 0
      vertex 10 -4.73427 0
    endloop
  endfacet
  facet normal 0 0 -1
    outer loop
      vertex 2 -25 0
      vertex 9.78742 -25.4964 0
      vertex 9.74972 -25.9914 0
    endloop
  endfacet
  facet normal 0 0 -1
    outer loop
      vertex 2 -25 0
      vertex 9.74972 -25.9914 0
      vertex 9.68699 -26.484 0
    endloop
  endfacet
  facet normal 0 0 -1
    outer loop
      vertex 2 -25 0
      vertex 9.68699 -26.484 0
      vertex 9.59939 -26.9727 0
    endloop
  endfacet
  facet normal 0 0 -1
    outer loop
      vertex 2 -25 0
      vertex 9.59939 -26.9727 0
      vertex 9.48715 -27.4564 0
    endloop
  endfacet
  facet normal 0 0 -1
    outer loop
      vertex 2 -25 0
      vertex 9.48715 -27.4564 0
      vertex 9.35056 -27.9338 0
    endloop
  endfacet
  facet normal 0 0 -1
    outer loop
      vertex 9.8 -25 0
      vertex 2 -25 0
      vertex 1.94188 -24.5214 0
    endloop
  endfacet
  facet normal 0 0 -1
    outer loop
      vertex 2 -25 0
      vertex 9.35056 -27.9338 0
      vertex 9.18997 -28.4036 0
    endloop
  endfacet
  facet normal 0 0 -1
    outer loop
      vertex 2 -25 0
      vertex 9.18997 -28.4036 0
      vertex 9.00579 -28.8647 0
    endloop
  endfacet
  facet normal 0 0 -1
    outer loop
      vertex 2 -25 0
      vertex 9.00579 -28.8647 0
      vertex 8.79848 -29.3159 0
    endloop
  endfacet
  facet normal 0 0 -1
    outer loop
      vertex 2 -25 0
      vertex 8.79848 -29.3159 0
      vertex 8.5686 -29.756 0
    endloop
  endfacet
  facet normal 0 0 -1
    outer loop
      vertex 2 -25 0
      vertex 8.5686 -29.756 0
      vertex 8.31671 -30.1838 0
    endloop
  endfacet
  facet normal 0 0 -1
    outer loop
      vertex 2 -25 0
      vertex 8.31671 -30.1838 0
      vertex 8.04348 -30.5984 0
    endloop
  endfacet
  facet normal 0 0 -1
    outer loop
      vertex 2 -25 0
      vertex 8.04348 -30.5984 0
      vertex 7.7496 -30.9986 0
    endloop
  endfacet
  facet normal 0 0 -1
    outer loop
      vertex 2 -25 0
      vertex 7.7496 -30.9986 0
      vertex 7.43583 -31.3834 0
    endloop
  endfacet
  facet normal 0 0 -1
    outer loop
      vertex 2 -25 0
      vertex 7.43583 -31.3834 0
      vertex 7.10297 -31.7519 0
    endloop
  endfacet
  facet normal 0 0 -1
    outer loop
      vertex 2 -25 0
      vertex 7.10297 -31.7519 0
      vertex 6.75187 -32.103 0
    endloop
  endfacet
  facet normal 0 0 -1
    outer loop
      vertex 2 -25 0
      vertex 6.75187 -32.103 0
      vertex 6.38345 -32.4358 0
    endloop
  endfacet
  facet normal 0 0 -1
    outer loop
      vertex 2 -25 0
      vertex 6.38345 -32.4358 0
      vertex 5.99864 -32.7496 0
    endloop
  endfacet
  facet normal 0 0 -1
    outer loop
      vertex 9.8 -25 0
      vertex 1.94188 -24.5214 0
      vertex 1.77091 -24.0706 0
    endloop
  endfacet
  facet normal 0 0 -1
    outer loop
      vertex 9.8 -12.5 0
      vertex 5.9 -2.36714 0
      vertex 10 -4.73427 0
    endloop
  endfacet
  facet normal 0 0 -1
    outer loop
      vertex 2 -25 0
      vertex 5.99864 -32.7496 0
      vertex 5.59843 -33.0435 0
    endloop
  endfacet
  facet normal 0 0 -1
    outer loop
      vertex 20 -12.5 0
      vertex 16.9419 -7.02137 0
      vertex 20 12.5 0
    endloop
  endfacet
  facet normal 0 0 -1
    outer loop
      vertex 16.9419 7.97863 0
      vertex 20 12.5 0
      vertex 17 7.5 0
    endloop
  endfacet
  facet normal 0 0 -1
    outer loop
      vertex 16.7709 8.42945 0
      vertex 20 12.5 0
      vertex 16.9419 7.97863 0
    endloop
  endfacet
  facet normal 0 0 -1
    outer loop
      vertex 16.497 8.82625 0
      vertex 20 12.5 0
      vertex 16.7709 8.42945 0
    endloop
  endfacet
  facet normal 0 0 -1
    outer loop
      vertex 16.1361 9.14597 0
      vertex 20 12.5 0
      vertex 16.497 8.82625 0
    endloop
  endfacet
  facet normal 0 0 -1
    outer loop
      vertex 15.7092 9.37003 0
      vertex 20 12.5 0
      vertex 16.1361 9.14597 0
    endloop
  endfacet
  facet normal 0 0 -1
    outer loop
      vertex 15.2411 9.48542 0
      vertex 20 12.5 0
      vertex 15.7092 9.37003 0
    endloop
  endfacet
  facet normal 0 0 -1
    outer loop
      vertex 14.7589 9.48542 0
      vertex 20 12.5 0
      vertex 15.2411 9.48542 0
    endloop
  endfacet
  facet normal 0 0 -1
    outer loop
      vertex 9.8 12.5 0
      vertex 14.7589 9.48542 0
      vertex 14.2908 9.37003 0
    endloop
  endfacet
  facet normal 0 0 -1
    outer loop
      vertex 9.8 12.5 0
      vertex 14.2908 9.37003 0
      vertex 13.8639 9.14597 0
    endloop
  endfacet
  facet normal 0 0 -1
    outer loop
      vertex 10 4.73427 0
      vertex 13.0581 7.97863 0
      vertex 13 7.5 0
    endloop
  endfacet
  facet normal 0 0 -1
    outer loop
      vertex 9.8 12.5 0
      vertex 13.0581 7.97863 0
      vertex 10 4.73427 0
    endloop
  endfacet
  facet normal 0 0 -1
    outer loop
      vertex 13.0581 7.97863 0
      vertex 9.8 12.5 0
      vertex 13.2291 8.42945 0
    endloop
  endfacet
  facet normal 0 0 -1
    outer loop
      vertex 14.7589 9.48542 0
      vertex 9.8 12.5 0
      vertex 20 12.5 0
    endloop
  endfacet
  facet normal 0 0 -1
    outer loop
      vertex 13.503 8.82625 0
      vertex 9.8 12.5 0
      vertex 13.8639 9.14597 0
    endloop
  endfacet
  facet normal 0 0 -1
    outer loop
      vertex 13.2291 8.42945 0
      vertex 9.8 12.5 0
      vertex 13.503 8.82625 0
    endloop
  endfacet
  facet normal 0 0 -1
    outer loop
      vertex 2 25 0
      vertex 9.8 25 0
      vertex 9.8 12.5 0
    endloop
  endfacet
  facet normal 0 0 -1
    outer loop
      vertex 2 25 0
      vertex 9.78742 25.4964 0
      vertex 9.8 25 0
    endloop
  endfacet
  facet normal 0 0 -1
    outer loop
      vertex 2 25 0
      vertex 9.74972 25.9914 0
      vertex 9.78742 25.4964 0
    endloop
  endfacet
  facet normal 0 0 -1
    outer loop
      vertex 2 25 0
      vertex 9.68699 26.484 0
      vertex 9.74972 25.9914 0
    endloop
  endfacet
  facet normal 0 0 -1
    outer loop
      vertex 1.94188 25.4786 0
      vertex 9.68699 26.484 0
      vertex 2 25 0
    endloop
  endfacet
  facet normal -0 0 -1
    outer loop
      vertex 9.68699 26.484 0
      vertex 1.94188 25.4786 0
      vertex 9.59939 26.9727 0
    endloop
  endfacet
  facet normal 0 0 -1
    outer loop
      vertex 5.9 2.36714 0
      vertex 9.8 12.5 0
      vertex 10 4.73427 0
    endloop
  endfacet
  facet normal 0 0 -1
    outer loop
      vertex 2 25 0
      vertex 9.8 12.5 0
      vertex 5.9 2.36714 0
    endloop
  endfacet
  facet normal -0 0 -1
    outer loop
      vertex 9.59939 26.9727 0
      vertex 1.94188 25.4786 0
      vertex 9.48715 27.4564 0
    endloop
  endfacet
  facet normal -0 0 -1
    outer loop
      vertex 9.48715 27.4564 0
      vertex 1.94188 25.4786 0
      vertex 9.35056 27.9338 0
    endloop
  endfacet
  facet normal -0 0 -1
    outer loop
      vertex 9.35056 27.9338 0
      vertex 1.94188 25.4786 0
      vertex 9.18997 28.4036 0
    endloop
  endfacet
  facet normal 0 0 -1
    outer loop
      vertex 1.77091 25.9294 0
      vertex 9.18997 28.4036 0
      vertex 1.94188 25.4786 0
    endloop
  endfacet
  facet normal -0 0 -1
    outer loop
      vertex 9.18997 28.4036 0
      vertex 1.77091 25.9294 0
      vertex 9.00579 28.8647 0
    endloop
  endfacet
  facet normal -0 0 -1
    outer loop
      vertex 9.00579 28.8647 0
      vertex 1.77091 25.9294 0
      vertex 8.79848 29.3159 0
    endloop
  endfacet
  facet normal -0 0 -1
    outer loop
      vertex 8.79848 29.3159 0
      vertex 1.77091 25.9294 0
      vertex 8.5686 29.756 0
    endloop
  endfacet
  facet normal -0 0 -1
    outer loop
      vertex 8.5686 29.756 0
      vertex 1.77091 25.9294 0
      vertex 8.31671 30.1838 0
    endloop
  endfacet
  facet normal -0 0 -1
    outer loop
      vertex 8.31671 30.1838 0
      vertex 1.77091 25.9294 0
      vertex 8.04348 30.5984 0
    endloop
  endfacet
  facet normal 0 0 -1
    outer loop
      vertex 1.49702 26.3262 0
      vertex 8.04348 30.5984 0
      vertex 1.77091 25.9294 0
    endloop
  endfacet
  facet normal -0 0 -1
    outer loop
      vertex 8.04348 30.5984 0
      vertex 1.49702 26.3262 0
      vertex 7.7496 30.9986 0
    endloop
  endfacet
  facet normal -0 0 -1
    outer loop
      vertex 7.7496 30.9986 0
      vertex 1.49702 26.3262 0
      vertex 7.43583 31.3834 0
    endloop
  endfacet
  facet normal 0 0 -1
    outer loop
      vertex 9.8 -25 0
      vertex 1.77091 -24.0706 0
      vertex 1.49702 -23.6738 0
    endloop
  endfacet
  facet normal 0 0 -1
    outer loop
      vertex 9.8 -25 0
      vertex 1.49702 -23.6738 0
      vertex 9.8 -12.5 0
    endloop
  endfacet
  facet normal 0 0 -1
    outer loop
      vertex 1.13613 -26.646 0
      vertex 5.59843 -33.0435 0
      vertex 5.18385 -33.3167 0
    endloop
  endfacet
  facet normal -0 0 -1
    outer loop
      vertex 7.43583 31.3834 0
      vertex 1.49702 26.3262 0
      vertex 7.10297 31.7519 0
    endloop
  endfacet
  facet normal 0 0 -1
    outer loop
      vertex 1.13613 -26.646 0
      vertex 5.18385 -33.3167 0
      vertex 4.75596 -33.5686 0
    endloop
  endfacet
  facet normal -0 0 -1
    outer loop
      vertex 7.10297 31.7519 0
      vertex 1.49702 26.3262 0
      vertex 6.75187 32.103 0
    endloop
  endfacet
  facet normal 0 0 -1
    outer loop
      vertex 1.13613 -26.646 0
      vertex 4.75596 -33.5686 0
      vertex 4.31586 -33.7985 0
    endloop
  endfacet
  facet normal -0 0 -1
    outer loop
      vertex 6.75187 32.103 0
      vertex 1.49702 26.3262 0
      vertex 6.38345 32.4358 0
    endloop
  endfacet
  facet normal 0 0 -1
    outer loop
      vertex 0.709209 -26.87 0
      vertex 4.31586 -33.7985 0
      vertex 3.86469 -34.0058 0
    endloop
  endfacet
  facet normal 0 0 -1
    outer loop
      vertex 1.13613 26.646 0
      vertex 6.38345 32.4358 0
      vertex 1.49702 26.3262 0
    endloop
  endfacet
  facet normal 0 0 -1
    outer loop
      vertex 0.709209 -26.87 0
      vertex 3.86469 -34.0058 0
      vertex 3.40359 -34.19 0
    endloop
  endfacet
  facet normal -0 0 -1
    outer loop
      vertex 6.38345 32.4358 0
      vertex 1.13613 26.646 0
      vertex 5.99864 32.7496 0
    endloop
  endfacet
  facet normal 0 0 -1
    outer loop
      vertex 0.709209 -26.87 0
      vertex 3.40359 -34.19 0
      vertex 2.93376 -34.3506 0
    endloop
  endfacet
  facet normal -0 0 -1
    outer loop
      vertex 5.99864 32.7496 0
      vertex 1.13613 26.646 0
      vertex 5.59843 33.0435 0
    endloop
  endfacet
  facet normal 0 0 -1
    outer loop
      vertex 0.709209 -26.87 0
      vertex 2.93376 -34.3506 0
      vertex 2.45639 -34.4872 0
    endloop
  endfacet
  facet normal -0 0 -1
    outer loop
      vertex 5.59843 33.0435 0
      vertex 1.13613 26.646 0
      vertex 5.18385 33.3167 0
    endloop
  endfacet
  facet normal -0 0 -1
    outer loop
      vertex 5.18385 33.3167 0
      vertex 1.13613 26.646 0
      vertex 4.75596 33.5686 0
    endloop
  endfacet
  facet normal 0 0 -1
    outer loop
      vertex 0.241073 -26.9854 0
      vertex 2.45639 -34.4872 0
      vertex 1.97272 -34.5994 0
    endloop
  endfacet
  facet normal 0 0 -1
    outer loop
      vertex 5.59843 -33.0435 0
      vertex 1.94188 -25.4786 0
      vertex 2 -25 0
    endloop
  endfacet
  facet normal 0 0 -1
    outer loop
      vertex 5.59843 -33.0435 0
      vertex 1.77091 -25.9294 0
      vertex 1.94188 -25.4786 0
    endloop
  endfacet
  facet normal 0 0 -1
    outer loop
      vertex 5.59843 -33.0435 0
      vertex 1.49702 -26.3262 0
      vertex 1.77091 -25.9294 0
    endloop
  endfacet
  facet normal 0 0 -1
    outer loop
      vertex 0.241073 -26.9854 0
      vertex 1.97272 -34.5994 0
      vertex 1.48399 -34.687 0
    endloop
  endfacet
  facet normal 0 0 -1
    outer loop
      vertex 5.59843 -33.0435 0
      vertex 1.13613 -26.646 0
      vertex 1.49702 -26.3262 0
    endloop
  endfacet
  facet normal 0 0 -1
    outer loop
      vertex 0.241073 -26.9854 0
      vertex 1.48399 -34.687 0
      vertex 0.991449 -34.7497 0
    endloop
  endfacet
  facet normal 0 0 -1
    outer loop
      vertex 4.31586 -33.7985 0
      vertex 0.709209 -26.87 0
      vertex 1.13613 -26.646 0
    endloop
  endfacet
  facet normal 0 0 -1
    outer loop
      vertex 0.241073 -26.9854 0
      vertex 0.991449 -34.7497 0
      vertex 0.496362 -34.7874 0
    endloop
  endfacet
  facet normal 0 0 -1
    outer loop
      vertex 2.45639 -34.4872 0
      vertex 0.241073 -26.9854 0
      vertex 0.709209 -26.87 0
    endloop
  endfacet
  facet normal 0 0 -1
    outer loop
      vertex 0 -34.8 0
      vertex 0.241073 -26.9854 0
      vertex 0.496362 -34.7874 0
    endloop
  endfacet
  facet normal 0 0 -1
    outer loop
      vertex 0 -34.8 0
      vertex -0.241073 -26.9854 0
      vertex 0.241073 -26.9854 0
    endloop
  endfacet
  facet normal 0 0 -1
    outer loop
      vertex -0.496362 -34.7874 0
      vertex -0.241073 -26.9854 0
      vertex 0 -34.8 0
    endloop
  endfacet
  facet normal 0 0 -1
    outer loop
      vertex -0.991449 -34.7497 0
      vertex -0.241073 -26.9854 0
      vertex -0.496362 -34.7874 0
    endloop
  endfacet
  facet normal 0 0 -1
    outer loop
      vertex -1.48399 -34.687 0
      vertex -0.241073 -26.9854 0
      vertex -0.991449 -34.7497 0
    endloop
  endfacet
  facet normal 0 0 -1
    outer loop
      vertex -1.97272 -34.5994 0
      vertex -0.241073 -26.9854 0
      vertex -1.48399 -34.687 0
    endloop
  endfacet
  facet normal 0 0 -1
    outer loop
      vertex -2.45639 -34.4872 0
      vertex -0.241073 -26.9854 0
      vertex -1.97272 -34.5994 0
    endloop
  endfacet
  facet normal -0 0 -1
    outer loop
      vertex -0.241073 -26.9854 0
      vertex -2.45639 -34.4872 0
      vertex -0.709209 -26.87 0
    endloop
  endfacet
  facet normal -0 0 -1
    outer loop
      vertex -0.709209 -26.87 0
      vertex -2.45639 -34.4872 0
      vertex -1.13613 -26.646 0
    endloop
  endfacet
  facet normal -0 0 -1
    outer loop
      vertex -1.13613 -26.646 0
      vertex -2.45639 -34.4872 0
      vertex -1.49702 -26.3262 0
    endloop
  endfacet
  facet normal -0 0 -1
    outer loop
      vertex -1.49702 -26.3262 0
      vertex -2.45639 -34.4872 0
      vertex -1.77091 -25.9294 0
    endloop
  endfacet
  facet normal -0 0 -1
    outer loop
      vertex -1.77091 -25.9294 0
      vertex -2.45639 -34.4872 0
      vertex -1.94188 -25.4786 0
    endloop
  endfacet
  facet normal 0 0 -1
    outer loop
      vertex -3 -7.5 0
      vertex -2 -25 0
      vertex -2.45639 -34.4872 0
    endloop
  endfacet
  facet normal -0 0 -1
    outer loop
      vertex -1.94188 -25.4786 0
      vertex -2.45639 -34.4872 0
      vertex -2 -25 0
    endloop
  endfacet
  facet normal -0 0 -1
    outer loop
      vertex 14.7589 5.51458 0
      vertex 14.1 2.36714 0
      vertex 14.2908 5.62997 0
    endloop
  endfacet
  facet normal 0 0 -1
    outer loop
      vertex 14.1 2.36714 0
      vertex 13.8639 5.85403 0
      vertex 14.2908 5.62997 0
    endloop
  endfacet
  facet normal 0 0 -1
    outer loop
      vertex 10 4.73427 0
      vertex 13.8639 5.85403 0
      vertex 14.1 2.36714 0
    endloop
  endfacet
  facet normal -0 0 -1
    outer loop
      vertex 13.8639 5.85403 0
      vertex 10 4.73427 0
      vertex 13.503 6.17375 0
    endloop
  endfacet
  facet normal -0 0 -1
    outer loop
      vertex 13.503 6.17375 0
      vertex 10 4.73427 0
      vertex 13.2291 6.57055 0
    endloop
  endfacet
  facet normal -0 0 -1
    outer loop
      vertex 13.0581 7.02137 0
      vertex 10 4.73427 0
      vertex 13 7.5 0
    endloop
  endfacet
  facet normal -0 0 -1
    outer loop
      vertex 13.2291 6.57055 0
      vertex 10 4.73427 0
      vertex 13.0581 7.02137 0
    endloop
  endfacet
  facet normal -1 0 0
    outer loop
      vertex -9.8 -25 0
      vertex -9.8 -12.5 1.5
      vertex -9.8 -12.5 0
    endloop
  endfacet
  facet normal -1 -0 0
    outer loop
      vertex -9.8 -12.5 1.5
      vertex -9.8 -25 0
      vertex -9.8 -25 1.5
    endloop
  endfacet
  facet normal -1 0 0
    outer loop
      vertex -9.8 12.5 0
      vertex -9.8 25 1.5
      vertex -9.8 25 0
    endloop
  endfacet
  facet normal -1 -0 0
    outer loop
      vertex -9.8 25 1.5
      vertex -9.8 12.5 0
      vertex -9.8 12.5 1.5
    endloop
  endfacet
  facet normal -0.946245 -0.323451 0
    outer loop
      vertex -9.18997 -28.4036 0
      vertex -9.35056 -27.9338 1.5
      vertex -9.35056 -27.9338 0
    endloop
  endfacet
  facet normal -0.946245 -0.323451 0
    outer loop
      vertex -9.35056 -27.9338 1.5
      vertex -9.18997 -28.4036 0
      vertex -9.18997 -28.4036 1.5
    endloop
  endfacet
  facet normal -0.176428 -0.984313 0
    outer loop
      vertex -1.97272 -34.5994 0
      vertex -1.48399 -34.687 1.5
      vertex -1.97272 -34.5994 1.5
    endloop
  endfacet
  facet normal -0.176428 -0.984313 -0
    outer loop
      vertex -1.48399 -34.687 1.5
      vertex -1.97272 -34.5994 0
      vertex -1.48399 -34.687 0
    endloop
  endfacet
  facet normal -0.886368 -0.462982 0
    outer loop
      vertex -8.5686 -29.756 0
      vertex -8.79848 -29.3159 1.5
      vertex -8.79848 -29.3159 0
    endloop
  endfacet
  facet normal -0.886368 -0.462982 0
    outer loop
      vertex -8.79848 -29.3159 1.5
      vertex -8.5686 -29.756 0
      vertex -8.5686 -29.756 1.5
    endloop
  endfacet
  facet normal 0.550249 -0.835001 0
    outer loop
      vertex 5.18385 -33.3167 0
      vertex 5.59843 -33.0435 1.5
      vertex 5.18385 -33.3167 1.5
    endloop
  endfacet
  facet normal 0.550249 -0.835001 0
    outer loop
      vertex 5.59843 -33.0435 1.5
      vertex 5.18385 -33.3167 0
      vertex 5.59843 -33.0435 0
    endloop
  endfacet
  facet normal -0.984312 -0.176439 0
    outer loop
      vertex -9.59939 -26.9727 0
      vertex -9.68699 -26.484 1.5
      vertex -9.68699 -26.484 0
    endloop
  endfacet
  facet normal -0.984312 -0.176439 0
    outer loop
      vertex -9.68699 -26.484 1.5
      vertex -9.59939 -26.9727 0
      vertex -9.59939 -26.9727 1.5
    endloop
  endfacet
  facet normal 0.86172 -0.507384 0
    outer loop
      vertex 8.31671 -30.1838 1.5
      vertex 8.5686 -29.756 0
      vertex 8.5686 -29.756 1.5
    endloop
  endfacet
  facet normal 0.86172 -0.507384 0
    outer loop
      vertex 8.5686 -29.756 0
      vertex 8.31671 -30.1838 1.5
      vertex 8.31671 -30.1838 0
    endloop
  endfacet
  facet normal 0.12628 -0.991995 0
    outer loop
      vertex 0.991449 -34.7497 0
      vertex 1.48399 -34.687 1.5
      vertex 0.991449 -34.7497 1.5
    endloop
  endfacet
  facet normal 0.12628 -0.991995 0
    outer loop
      vertex 1.48399 -34.687 1.5
      vertex 0.991449 -34.7497 0
      vertex 1.48399 -34.687 0
    endloop
  endfacet
  facet normal 0.834985 -0.550273 0
    outer loop
      vertex 8.04348 -30.5984 1.5
      vertex 8.31671 -30.1838 0
      vertex 8.31671 -30.1838 1.5
    endloop
  endfacet
  facet normal 0.834985 -0.550273 0
    outer loop
      vertex 8.31671 -30.1838 0
      vertex 8.04348 -30.5984 1.5
      vertex 8.04348 -30.5984 0
    endloop
  endfacet
  facet normal 0.0759284 -0.997113 0
    outer loop
      vertex 0.496362 -34.7874 0
      vertex 0.991449 -34.7497 1.5
      vertex 0.496362 -34.7874 1.5
    endloop
  endfacet
  facet normal 0.0759284 -0.997113 0
    outer loop
      vertex 0.991449 -34.7497 1.5
      vertex 0.496362 -34.7874 0
      vertex 0.991449 -34.7497 0
    endloop
  endfacet
  facet normal 0.999679 -0.0253343 0
    outer loop
      vertex 9.78742 -25.4964 1.5
      vertex 9.8 -25 0
      vertex 9.8 -25 1.5
    endloop
  endfacet
  facet normal 0.999679 -0.0253343 0
    outer loop
      vertex 9.8 -25 0
      vertex 9.78742 -25.4964 1.5
      vertex 9.78742 -25.4964 0
    endloop
  endfacet
  facet normal -0.991989 -0.126325 0
    outer loop
      vertex -9.68699 -26.484 0
      vertex -9.74972 -25.9914 1.5
      vertex -9.74972 -25.9914 0
    endloop
  endfacet
  facet normal -0.991989 -0.126325 0
    outer loop
      vertex -9.74972 -25.9914 1.5
      vertex -9.68699 -26.484 0
      vertex -9.68699 -26.484 1.5
    endloop
  endfacet
  facet normal -0.225976 -0.974133 0
    outer loop
      vertex -2.45639 -34.4872 0
      vertex -1.97272 -34.5994 1.5
      vertex -2.45639 -34.4872 1.5
    endloop
  endfacet
  facet normal -0.225976 -0.974133 -0
    outer loop
      vertex -1.97272 -34.5994 1.5
      vertex -2.45639 -34.4872 0
      vertex -1.97272 -34.5994 0
    endloop
  endfacet
  facet normal -0.742081 -0.67031 0
    outer loop
      vertex -7.10297 -31.7519 0
      vertex -7.43583 -31.3834 1.5
      vertex -7.43583 -31.3834 0
    endloop
  endfacet
  facet normal -0.742081 -0.67031 0
    outer loop
      vertex -7.43583 -31.3834 1.5
      vertex -7.10297 -31.7519 0
      vertex -7.10297 -31.7519 1.5
    endloop
  endfacet
  facet normal 0.41751 -0.908673 0
    outer loop
      vertex 3.86469 -34.0058 0
      vertex 4.31586 -33.7985 1.5
      vertex 3.86469 -34.0058 1.5
    endloop
  endfacet
  facet normal 0.41751 -0.908673 0
    outer loop
      vertex 4.31586 -33.7985 1.5
      vertex 3.86469 -34.0058 0
      vertex 4.31586 -33.7985 0
    endloop
  endfacet
  facet normal 0.974118 -0.226039 0
    outer loop
      vertex 9.48715 -27.4564 1.5
      vertex 9.59939 -26.9727 0
      vertex 9.59939 -26.9727 1.5
    endloop
  endfacet
  facet normal 0.974118 -0.226039 0
    outer loop
      vertex 9.59939 -26.9727 0
      vertex 9.48715 -27.4564 1.5
      vertex 9.48715 -27.4564 0
    endloop
  endfacet
  facet normal 0.997112 -0.0759417 0
    outer loop
      vertex 9.74972 -25.9914 1.5
      vertex 9.78742 -25.4964 0
      vertex 9.78742 -25.4964 1.5
    endloop
  endfacet
  facet normal 0.997112 -0.0759417 0
    outer loop
      vertex 9.78742 -25.4964 0
      vertex 9.74972 -25.9914 1.5
      vertex 9.74972 -25.9914 0
    endloop
  endfacet
  facet normal 0.0253765 -0.999678 0
    outer loop
      vertex 0 -34.8 0
      vertex 0.496362 -34.7874 1.5
      vertex 0 -34.8 1.5
    endloop
  endfacet
  facet normal 0.0253765 -0.999678 0
    outer loop
      vertex 0.496362 -34.7874 1.5
      vertex 0 -34.8 0
      vertex 0.496362 -34.7874 0
    endloop
  endfacet
  facet normal -0.908675 -0.417503 0
    outer loop
      vertex -8.79848 -29.3159 0
      vertex -9.00579 -28.8647 1.5
      vertex -9.00579 -28.8647 0
    endloop
  endfacet
  facet normal -0.908675 -0.417503 0
    outer loop
      vertex -9.00579 -28.8647 1.5
      vertex -8.79848 -29.3159 0
      vertex -8.79848 -29.3159 1.5
    endloop
  endfacet
  facet normal 0.946245 -0.323451 0
    outer loop
      vertex 9.18997 -28.4036 1.5
      vertex 9.35056 -27.9338 0
      vertex 9.35056 -27.9338 1.5
    endloop
  endfacet
  facet normal 0.946245 -0.323451 0
    outer loop
      vertex 9.35056 -27.9338 0
      vertex 9.18997 -28.4036 1.5
      vertex 9.18997 -28.4036 0
    endloop
  endfacet
  facet normal -0.997112 -0.0759417 0
    outer loop
      vertex -9.74972 -25.9914 0
      vertex -9.78742 -25.4964 1.5
      vertex -9.78742 -25.4964 0
    endloop
  endfacet
  facet normal -0.997112 -0.0759417 0
    outer loop
      vertex -9.78742 -25.4964 1.5
      vertex -9.74972 -25.9914 0
      vertex -9.74972 -25.9914 1.5
    endloop
  endfacet
  facet normal 0.984312 -0.176439 0
    outer loop
      vertex 9.59939 -26.9727 1.5
      vertex 9.68699 -26.484 0
      vertex 9.68699 -26.484 1.5
    endloop
  endfacet
  facet normal 0.984312 -0.176439 0
    outer loop
      vertex 9.68699 -26.484 0
      vertex 9.59939 -26.9727 1.5
      vertex 9.59939 -26.9727 0
    endloop
  endfacet
  facet normal -0.463013 -0.886351 0
    outer loop
      vertex -4.75596 -33.5686 0
      vertex -4.31586 -33.7985 1.5
      vertex -4.75596 -33.5686 1.5
    endloop
  endfacet
  facet normal -0.463013 -0.886351 -0
    outer loop
      vertex -4.31586 -33.7985 1.5
      vertex -4.75596 -33.5686 0
      vertex -4.31586 -33.7985 0
    endloop
  endfacet
  facet normal 0.886368 -0.462982 0
    outer loop
      vertex 8.5686 -29.756 1.5
      vertex 8.79848 -29.3159 0
      vertex 8.79848 -29.3159 1.5
    endloop
  endfacet
  facet normal 0.886368 -0.462982 0
    outer loop
      vertex 8.79848 -29.3159 0
      vertex 8.5686 -29.756 1.5
      vertex 8.5686 -29.756 0
    endloop
  endfacet
  facet normal -0.999679 -0.0253343 0
    outer loop
      vertex -9.78742 -25.4964 0
      vertex -9.8 -25 1.5
      vertex -9.8 -25 0
    endloop
  endfacet
  facet normal -0.999679 -0.0253343 0
    outer loop
      vertex -9.8 -25 1.5
      vertex -9.78742 -25.4964 0
      vertex -9.78742 -25.4964 1.5
    endloop
  endfacet
  facet normal 0.463013 -0.886351 0
    outer loop
      vertex 4.31586 -33.7985 0
      vertex 4.75596 -33.5686 1.5
      vertex 4.31586 -33.7985 1.5
    endloop
  endfacet
  facet normal 0.463013 -0.886351 0
    outer loop
      vertex 4.75596 -33.5686 1.5
      vertex 4.31586 -33.7985 0
      vertex 4.75596 -33.5686 0
    endloop
  endfacet
  facet normal -0.775009 -0.63195 0
    outer loop
      vertex -7.43583 -31.3834 0
      vertex -7.7496 -30.9986 1.5
      vertex -7.7496 -30.9986 0
    endloop
  endfacet
  facet normal -0.775009 -0.63195 0
    outer loop
      vertex -7.7496 -30.9986 1.5
      vertex -7.43583 -31.3834 0
      vertex -7.43583 -31.3834 1.5
    endloop
  endfacet
  facet normal 0.806021 -0.591887 0
    outer loop
      vertex 7.7496 -30.9986 1.5
      vertex 8.04348 -30.5984 0
      vertex 8.04348 -30.5984 1.5
    endloop
  endfacet
  facet normal 0.806021 -0.591887 0
    outer loop
      vertex 8.04348 -30.5984 0
      vertex 7.7496 -30.9986 1.5
      vertex 7.7496 -30.9986 0
    endloop
  endfacet
  facet normal 0.961423 -0.275075 0
    outer loop
      vertex 9.35056 -27.9338 1.5
      vertex 9.48715 -27.4564 0
      vertex 9.48715 -27.4564 1.5
    endloop
  endfacet
  facet normal 0.961423 -0.275075 0
    outer loop
      vertex 9.48715 -27.4564 0
      vertex 9.35056 -27.9338 1.5
      vertex 9.35056 -27.9338 0
    endloop
  endfacet
  facet normal 0.323451 -0.946245 0
    outer loop
      vertex 2.93376 -34.3506 0
      vertex 3.40359 -34.19 1.5
      vertex 2.93376 -34.3506 1.5
    endloop
  endfacet
  facet normal 0.323451 -0.946245 0
    outer loop
      vertex 3.40359 -34.19 1.5
      vertex 2.93376 -34.3506 0
      vertex 3.40359 -34.19 0
    endloop
  endfacet
  facet normal -0.41751 -0.908673 0
    outer loop
      vertex -4.31586 -33.7985 0
      vertex -3.86469 -34.0058 1.5
      vertex -4.31586 -33.7985 1.5
    endloop
  endfacet
  facet normal -0.41751 -0.908673 -0
    outer loop
      vertex -3.86469 -34.0058 1.5
      vertex -4.31586 -33.7985 0
      vertex -3.86469 -34.0058 0
    endloop
  endfacet
  facet normal 0.908675 -0.417503 0
    outer loop
      vertex 8.79848 -29.3159 1.5
      vertex 9.00579 -28.8647 0
      vertex 9.00579 -28.8647 1.5
    endloop
  endfacet
  facet normal 0.908675 -0.417503 0
    outer loop
      vertex 9.00579 -28.8647 0
      vertex 8.79848 -29.3159 1.5
      vertex 8.79848 -29.3159 0
    endloop
  endfacet
  facet normal 0.225976 -0.974133 0
    outer loop
      vertex 1.97272 -34.5994 0
      vertex 2.45639 -34.4872 1.5
      vertex 1.97272 -34.5994 1.5
    endloop
  endfacet
  facet normal 0.225976 -0.974133 0
    outer loop
      vertex 2.45639 -34.4872 1.5
      vertex 1.97272 -34.5994 0
      vertex 2.45639 -34.4872 0
    endloop
  endfacet
  facet normal 0.991989 -0.126325 0
    outer loop
      vertex 9.68699 -26.484 1.5
      vertex 9.74972 -25.9914 0
      vertex 9.74972 -25.9914 1.5
    endloop
  endfacet
  facet normal 0.991989 -0.126325 0
    outer loop
      vertex 9.74972 -25.9914 0
      vertex 9.68699 -26.484 1.5
      vertex 9.68699 -26.484 0
    endloop
  endfacet
  facet normal 0.928657 -0.370939 0
    outer loop
      vertex 9.00579 -28.8647 1.5
      vertex 9.18997 -28.4036 0
      vertex 9.18997 -28.4036 1.5
    endloop
  endfacet
  facet normal 0.928657 -0.370939 0
    outer loop
      vertex 9.18997 -28.4036 0
      vertex 9.00579 -28.8647 1.5
      vertex 9.00579 -28.8647 0
    endloop
  endfacet
  facet normal 0.591904 -0.806008 0
    outer loop
      vertex 5.59843 -33.0435 0
      vertex 5.99864 -32.7496 1.5
      vertex 5.59843 -33.0435 1.5
    endloop
  endfacet
  facet normal 0.591904 -0.806008 0
    outer loop
      vertex 5.99864 -32.7496 1.5
      vertex 5.59843 -33.0435 0
      vertex 5.99864 -32.7496 0
    endloop
  endfacet
  facet normal 0.707107 -0.707107 0
    outer loop
      vertex 6.75187 -32.103 1.5
      vertex 7.10297 -31.7519 0
      vertex 7.10297 -31.7519 1.5
    endloop
  endfacet
  facet normal 0.707107 -0.707107 0
    outer loop
      vertex 7.10297 -31.7519 0
      vertex 6.75187 -32.103 1.5
      vertex 6.75187 -32.103 0
    endloop
  endfacet
  facet normal -0.928657 -0.370939 0
    outer loop
      vertex -9.00579 -28.8647 0
      vertex -9.18997 -28.4036 1.5
      vertex -9.18997 -28.4036 0
    endloop
  endfacet
  facet normal -0.928657 -0.370939 0
    outer loop
      vertex -9.18997 -28.4036 1.5
      vertex -9.00579 -28.8647 0
      vertex -9.00579 -28.8647 1.5
    endloop
  endfacet
  facet normal 0.775009 -0.63195 0
    outer loop
      vertex 7.43583 -31.3834 1.5
      vertex 7.7496 -30.9986 0
      vertex 7.7496 -30.9986 1.5
    endloop
  endfacet
  facet normal 0.775009 -0.63195 0
    outer loop
      vertex 7.7496 -30.9986 0
      vertex 7.43583 -31.3834 1.5
      vertex 7.43583 -31.3834 0
    endloop
  endfacet
  facet normal 0.742081 -0.67031 0
    outer loop
      vertex 7.10297 -31.7519 1.5
      vertex 7.43583 -31.3834 0
      vertex 7.43583 -31.3834 1.5
    endloop
  endfacet
  facet normal 0.742081 -0.67031 0
    outer loop
      vertex 7.43583 -31.3834 0
      vertex 7.10297 -31.7519 1.5
      vertex 7.10297 -31.7519 0
    endloop
  endfacet
  facet normal -0.806021 -0.591887 0
    outer loop
      vertex -7.7496 -30.9986 0
      vertex -8.04348 -30.5984 1.5
      vertex -8.04348 -30.5984 0
    endloop
  endfacet
  facet normal -0.806021 -0.591887 0
    outer loop
      vertex -8.04348 -30.5984 1.5
      vertex -7.7496 -30.9986 0
      vertex -7.7496 -30.9986 1.5
    endloop
  endfacet
  facet normal 0.370974 -0.928643 0
    outer loop
      vertex 3.40359 -34.19 0
      vertex 3.86469 -34.0058 1.5
      vertex 3.40359 -34.19 1.5
    endloop
  endfacet
  facet normal 0.370974 -0.928643 0
    outer loop
      vertex 3.86469 -34.0058 1.5
      vertex 3.40359 -34.19 0
      vertex 3.86469 -34.0058 0
    endloop
  endfacet
  facet normal 0.670323 -0.742069 0
    outer loop
      vertex 6.38345 -32.4358 0
      vertex 6.75187 -32.103 1.5
      vertex 6.38345 -32.4358 1.5
    endloop
  endfacet
  facet normal 0.670323 -0.742069 0
    outer loop
      vertex 6.75187 -32.103 1.5
      vertex 6.38345 -32.4358 0
      vertex 6.75187 -32.103 0
    endloop
  endfacet
  facet normal 0.176428 -0.984313 0
    outer loop
      vertex 1.48399 -34.687 0
      vertex 1.97272 -34.5994 1.5
      vertex 1.48399 -34.687 1.5
    endloop
  endfacet
  facet normal 0.176428 -0.984313 0
    outer loop
      vertex 1.97272 -34.5994 1.5
      vertex 1.48399 -34.687 0
      vertex 1.97272 -34.5994 0
    endloop
  endfacet
  facet normal -0.0253765 -0.999678 0
    outer loop
      vertex -0.496362 -34.7874 0
      vertex 0 -34.8 1.5
      vertex -0.496362 -34.7874 1.5
    endloop
  endfacet
  facet normal -0.0253765 -0.999678 -0
    outer loop
      vertex 0 -34.8 1.5
      vertex -0.496362 -34.7874 0
      vertex 0 -34.8 0
    endloop
  endfacet
  facet normal 0.631977 -0.774987 0
    outer loop
      vertex 5.99864 -32.7496 0
      vertex 6.38345 -32.4358 1.5
      vertex 5.99864 -32.7496 1.5
    endloop
  endfacet
  facet normal 0.631977 -0.774987 0
    outer loop
      vertex 6.38345 -32.4358 1.5
      vertex 5.99864 -32.7496 0
      vertex 6.38345 -32.4358 0
    endloop
  endfacet
  facet normal -0.670323 -0.742069 0
    outer loop
      vertex -6.75187 -32.103 0
      vertex -6.38345 -32.4358 1.5
      vertex -6.75187 -32.103 1.5
    endloop
  endfacet
  facet normal -0.670323 -0.742069 -0
    outer loop
      vertex -6.38345 -32.4358 1.5
      vertex -6.75187 -32.103 0
      vertex -6.38345 -32.4358 0
    endloop
  endfacet
  facet normal -0.275109 -0.961413 0
    outer loop
      vertex -2.93376 -34.3506 0
      vertex -2.45639 -34.4872 1.5
      vertex -2.93376 -34.3506 1.5
    endloop
  endfacet
  facet normal -0.275109 -0.961413 -0
    outer loop
      vertex -2.45639 -34.4872 1.5
      vertex -2.93376 -34.3506 0
      vertex -2.45639 -34.4872 0
    endloop
  endfacet
  facet normal 0.275109 -0.961413 0
    outer loop
      vertex 2.45639 -34.4872 0
      vertex 2.93376 -34.3506 1.5
      vertex 2.45639 -34.4872 1.5
    endloop
  endfacet
  facet normal 0.275109 -0.961413 0
    outer loop
      vertex 2.93376 -34.3506 1.5
      vertex 2.45639 -34.4872 0
      vertex 2.93376 -34.3506 0
    endloop
  endfacet
  facet normal -0.0759284 -0.997113 0
    outer loop
      vertex -0.991449 -34.7497 0
      vertex -0.496362 -34.7874 1.5
      vertex -0.991449 -34.7497 1.5
    endloop
  endfacet
  facet normal -0.0759284 -0.997113 -0
    outer loop
      vertex -0.496362 -34.7874 1.5
      vertex -0.991449 -34.7497 0
      vertex -0.496362 -34.7874 0
    endloop
  endfacet
  facet normal -0.550249 -0.835001 0
    outer loop
      vertex -5.59843 -33.0435 0
      vertex -5.18385 -33.3167 1.5
      vertex -5.59843 -33.0435 1.5
    endloop
  endfacet
  facet normal -0.550249 -0.835001 -0
    outer loop
      vertex -5.18385 -33.3167 1.5
      vertex -5.59843 -33.0435 0
      vertex -5.18385 -33.3167 0
    endloop
  endfacet
  facet normal 0.507319 -0.861758 0
    outer loop
      vertex 4.75596 -33.5686 0
      vertex 5.18385 -33.3167 1.5
      vertex 4.75596 -33.5686 1.5
    endloop
  endfacet
  facet normal 0.507319 -0.861758 0
    outer loop
      vertex 5.18385 -33.3167 1.5
      vertex 4.75596 -33.5686 0
      vertex 5.18385 -33.3167 0
    endloop
  endfacet
  facet normal -0.834985 -0.550273 0
    outer loop
      vertex -8.04348 -30.5984 0
      vertex -8.31671 -30.1838 1.5
      vertex -8.31671 -30.1838 0
    endloop
  endfacet
  facet normal -0.834985 -0.550273 0
    outer loop
      vertex -8.31671 -30.1838 1.5
      vertex -8.04348 -30.5984 0
      vertex -8.04348 -30.5984 1.5
    endloop
  endfacet
  facet normal -0.323451 -0.946245 0
    outer loop
      vertex -3.40359 -34.19 0
      vertex -2.93376 -34.3506 1.5
      vertex -3.40359 -34.19 1.5
    endloop
  endfacet
  facet normal -0.323451 -0.946245 -0
    outer loop
      vertex -2.93376 -34.3506 1.5
      vertex -3.40359 -34.19 0
      vertex -2.93376 -34.3506 0
    endloop
  endfacet
  facet normal -0.707107 -0.707107 0
    outer loop
      vertex -6.75187 -32.103 0
      vertex -7.10297 -31.7519 1.5
      vertex -7.10297 -31.7519 0
    endloop
  endfacet
  facet normal -0.707107 -0.707107 0
    outer loop
      vertex -7.10297 -31.7519 1.5
      vertex -6.75187 -32.103 0
      vertex -6.75187 -32.103 1.5
    endloop
  endfacet
  facet normal -0.12628 -0.991995 0
    outer loop
      vertex -1.48399 -34.687 0
      vertex -0.991449 -34.7497 1.5
      vertex -1.48399 -34.687 1.5
    endloop
  endfacet
  facet normal -0.12628 -0.991995 -0
    outer loop
      vertex -0.991449 -34.7497 1.5
      vertex -1.48399 -34.687 0
      vertex -0.991449 -34.7497 0
    endloop
  endfacet
  facet normal -0.507319 -0.861758 0
    outer loop
      vertex -5.18385 -33.3167 0
      vertex -4.75596 -33.5686 1.5
      vertex -5.18385 -33.3167 1.5
    endloop
  endfacet
  facet normal -0.507319 -0.861758 -0
    outer loop
      vertex -4.75596 -33.5686 1.5
      vertex -5.18385 -33.3167 0
      vertex -4.75596 -33.5686 0
    endloop
  endfacet
  facet normal -0.86172 -0.507384 0
    outer loop
      vertex -8.31671 -30.1838 0
      vertex -8.5686 -29.756 1.5
      vertex -8.5686 -29.756 0
    endloop
  endfacet
  facet normal -0.86172 -0.507384 0
    outer loop
      vertex -8.5686 -29.756 1.5
      vertex -8.31671 -30.1838 0
      vertex -8.31671 -30.1838 1.5
    endloop
  endfacet
  facet normal -0.974118 -0.226039 0
    outer loop
      vertex -9.48715 -27.4564 0
      vertex -9.59939 -26.9727 1.5
      vertex -9.59939 -26.9727 0
    endloop
  endfacet
  facet normal -0.974118 -0.226039 0
    outer loop
      vertex -9.59939 -26.9727 1.5
      vertex -9.48715 -27.4564 0
      vertex -9.48715 -27.4564 1.5
    endloop
  endfacet
  facet normal -0.631977 -0.774987 0
    outer loop
      vertex -6.38345 -32.4358 0
      vertex -5.99864 -32.7496 1.5
      vertex -6.38345 -32.4358 1.5
    endloop
  endfacet
  facet normal -0.631977 -0.774987 -0
    outer loop
      vertex -5.99864 -32.7496 1.5
      vertex -6.38345 -32.4358 0
      vertex -5.99864 -32.7496 0
    endloop
  endfacet
  facet normal -0.961423 -0.275075 0
    outer loop
      vertex -9.35056 -27.9338 0
      vertex -9.48715 -27.4564 1.5
      vertex -9.48715 -27.4564 0
    endloop
  endfacet
  facet normal -0.961423 -0.275075 0
    outer loop
      vertex -9.48715 -27.4564 1.5
      vertex -9.35056 -27.9338 0
      vertex -9.35056 -27.9338 1.5
    endloop
  endfacet
  facet normal -0.370974 -0.928643 0
    outer loop
      vertex -3.86469 -34.0058 0
      vertex -3.40359 -34.19 1.5
      vertex -3.86469 -34.0058 1.5
    endloop
  endfacet
  facet normal -0.370974 -0.928643 -0
    outer loop
      vertex -3.40359 -34.19 1.5
      vertex -3.86469 -34.0058 0
      vertex -3.40359 -34.19 0
    endloop
  endfacet
  facet normal -0.591904 -0.806008 0
    outer loop
      vertex -5.99864 -32.7496 0
      vertex -5.59843 -33.0435 1.5
      vertex -5.99864 -32.7496 1.5
    endloop
  endfacet
  facet normal -0.591904 -0.806008 -0
    outer loop
      vertex -5.59843 -33.0435 1.5
      vertex -5.99864 -32.7496 0
      vertex -5.59843 -33.0435 0
    endloop
  endfacet
  facet normal -0.946245 0.323451 0
    outer loop
      vertex -9.35056 27.9338 0
      vertex -9.18997 28.4036 1.5
      vertex -9.18997 28.4036 0
    endloop
  endfacet
  facet normal -0.946245 0.323451 0
    outer loop
      vertex -9.18997 28.4036 1.5
      vertex -9.35056 27.9338 0
      vertex -9.35056 27.9338 1.5
    endloop
  endfacet
  facet normal 0.997112 0.0759417 0
    outer loop
      vertex 9.78742 25.4964 1.5
      vertex 9.74972 25.9914 0
      vertex 9.74972 25.9914 1.5
    endloop
  endfacet
  facet normal 0.997112 0.0759417 0
    outer loop
      vertex 9.74972 25.9914 0
      vertex 9.78742 25.4964 1.5
      vertex 9.78742 25.4964 0
    endloop
  endfacet
  facet normal 0.999679 0.0253343 0
    outer loop
      vertex 9.8 25 1.5
      vertex 9.78742 25.4964 0
      vertex 9.78742 25.4964 1.5
    endloop
  endfacet
  facet normal 0.999679 0.0253343 0
    outer loop
      vertex 9.78742 25.4964 0
      vertex 9.8 25 1.5
      vertex 9.8 25 0
    endloop
  endfacet
  facet normal 0.991989 0.126325 0
    outer loop
      vertex 9.74972 25.9914 1.5
      vertex 9.68699 26.484 0
      vertex 9.68699 26.484 1.5
    endloop
  endfacet
  facet normal 0.991989 0.126325 0
    outer loop
      vertex 9.68699 26.484 0
      vertex 9.74972 25.9914 1.5
      vertex 9.74972 25.9914 0
    endloop
  endfacet
  facet normal 0.886368 0.462982 0
    outer loop
      vertex 8.79848 29.3159 1.5
      vertex 8.5686 29.756 0
      vertex 8.5686 29.756 1.5
    endloop
  endfacet
  facet normal 0.886368 0.462982 0
    outer loop
      vertex 8.5686 29.756 0
      vertex 8.79848 29.3159 1.5
      vertex 8.79848 29.3159 0
    endloop
  endfacet
  facet normal 0.834985 0.550273 0
    outer loop
      vertex 8.31671 30.1838 1.5
      vertex 8.04348 30.5984 0
      vertex 8.04348 30.5984 1.5
    endloop
  endfacet
  facet normal 0.834985 0.550273 0
    outer loop
      vertex 8.04348 30.5984 0
      vertex 8.31671 30.1838 1.5
      vertex 8.31671 30.1838 0
    endloop
  endfacet
  facet normal 0.41751 0.908673 -0
    outer loop
      vertex 4.31586 33.7985 0
      vertex 3.86469 34.0058 1.5
      vertex 4.31586 33.7985 1.5
    endloop
  endfacet
  facet normal 0.41751 0.908673 0
    outer loop
      vertex 3.86469 34.0058 1.5
      vertex 4.31586 33.7985 0
      vertex 3.86469 34.0058 0
    endloop
  endfacet
  facet normal -0.961423 0.275075 0
    outer loop
      vertex -9.48715 27.4564 0
      vertex -9.35056 27.9338 1.5
      vertex -9.35056 27.9338 0
    endloop
  endfacet
  facet normal -0.961423 0.275075 0
    outer loop
      vertex -9.35056 27.9338 1.5
      vertex -9.48715 27.4564 0
      vertex -9.48715 27.4564 1.5
    endloop
  endfacet
  facet normal 0.946245 0.323451 0
    outer loop
      vertex 9.35056 27.9338 1.5
      vertex 9.18997 28.4036 0
      vertex 9.18997 28.4036 1.5
    endloop
  endfacet
  facet normal 0.946245 0.323451 0
    outer loop
      vertex 9.18997 28.4036 0
      vertex 9.35056 27.9338 1.5
      vertex 9.35056 27.9338 0
    endloop
  endfacet
  facet normal 0.974118 0.226039 0
    outer loop
      vertex 9.59939 26.9727 1.5
      vertex 9.48715 27.4564 0
      vertex 9.48715 27.4564 1.5
    endloop
  endfacet
  facet normal 0.974118 0.226039 0
    outer loop
      vertex 9.48715 27.4564 0
      vertex 9.59939 26.9727 1.5
      vertex 9.59939 26.9727 0
    endloop
  endfacet
  facet normal -0.974118 0.226039 0
    outer loop
      vertex -9.59939 26.9727 0
      vertex -9.48715 27.4564 1.5
      vertex -9.48715 27.4564 0
    endloop
  endfacet
  facet normal -0.974118 0.226039 0
    outer loop
      vertex -9.48715 27.4564 1.5
      vertex -9.59939 26.9727 0
      vertex -9.59939 26.9727 1.5
    endloop
  endfacet
  facet normal 0.550249 0.835001 -0
    outer loop
      vertex 5.59843 33.0435 0
      vertex 5.18385 33.3167 1.5
      vertex 5.59843 33.0435 1.5
    endloop
  endfacet
  facet normal 0.550249 0.835001 0
    outer loop
      vertex 5.18385 33.3167 1.5
      vertex 5.59843 33.0435 0
      vertex 5.18385 33.3167 0
    endloop
  endfacet
  facet normal -0.908675 0.417503 0
    outer loop
      vertex -9.00579 28.8647 0
      vertex -8.79848 29.3159 1.5
      vertex -8.79848 29.3159 0
    endloop
  endfacet
  facet normal -0.908675 0.417503 0
    outer loop
      vertex -8.79848 29.3159 1.5
      vertex -9.00579 28.8647 0
      vertex -9.00579 28.8647 1.5
    endloop
  endfacet
  facet normal -0.507319 0.861758 0
    outer loop
      vertex -4.75596 33.5686 0
      vertex -5.18385 33.3167 1.5
      vertex -4.75596 33.5686 1.5
    endloop
  endfacet
  facet normal -0.507319 0.861758 0
    outer loop
      vertex -5.18385 33.3167 1.5
      vertex -4.75596 33.5686 0
      vertex -5.18385 33.3167 0
    endloop
  endfacet
  facet normal 0.507319 0.861758 -0
    outer loop
      vertex 5.18385 33.3167 0
      vertex 4.75596 33.5686 1.5
      vertex 5.18385 33.3167 1.5
    endloop
  endfacet
  facet normal 0.507319 0.861758 0
    outer loop
      vertex 4.75596 33.5686 1.5
      vertex 5.18385 33.3167 0
      vertex 4.75596 33.5686 0
    endloop
  endfacet
  facet normal 0.670323 0.742069 -0
    outer loop
      vertex 6.75187 32.103 0
      vertex 6.38345 32.4358 1.5
      vertex 6.75187 32.103 1.5
    endloop
  endfacet
  facet normal 0.670323 0.742069 0
    outer loop
      vertex 6.38345 32.4358 1.5
      vertex 6.75187 32.103 0
      vertex 6.38345 32.4358 0
    endloop
  endfacet
  facet normal -0.275109 0.961413 0
    outer loop
      vertex -2.45639 34.4872 0
      vertex -2.93376 34.3506 1.5
      vertex -2.45639 34.4872 1.5
    endloop
  endfacet
  facet normal -0.275109 0.961413 0
    outer loop
      vertex -2.93376 34.3506 1.5
      vertex -2.45639 34.4872 0
      vertex -2.93376 34.3506 0
    endloop
  endfacet
  facet normal -0.370974 0.928643 0
    outer loop
      vertex -3.40359 34.19 0
      vertex -3.86469 34.0058 1.5
      vertex -3.40359 34.19 1.5
    endloop
  endfacet
  facet normal -0.370974 0.928643 0
    outer loop
      vertex -3.86469 34.0058 1.5
      vertex -3.40359 34.19 0
      vertex -3.86469 34.0058 0
    endloop
  endfacet
  facet normal -0.707107 0.707107 0
    outer loop
      vertex -7.10297 31.7519 0
      vertex -6.75187 32.103 1.5
      vertex -6.75187 32.103 0
    endloop
  endfacet
  facet normal -0.707107 0.707107 0
    outer loop
      vertex -6.75187 32.103 1.5
      vertex -7.10297 31.7519 0
      vertex -7.10297 31.7519 1.5
    endloop
  endfacet
  facet normal 0.86172 0.507384 0
    outer loop
      vertex 8.5686 29.756 1.5
      vertex 8.31671 30.1838 0
      vertex 8.31671 30.1838 1.5
    endloop
  endfacet
  facet normal 0.86172 0.507384 0
    outer loop
      vertex 8.31671 30.1838 0
      vertex 8.5686 29.756 1.5
      vertex 8.5686 29.756 0
    endloop
  endfacet
  facet normal 0.176428 0.984313 -0
    outer loop
      vertex 1.97272 34.5994 0
      vertex 1.48399 34.687 1.5
      vertex 1.97272 34.5994 1.5
    endloop
  endfacet
  facet normal 0.176428 0.984313 0
    outer loop
      vertex 1.48399 34.687 1.5
      vertex 1.97272 34.5994 0
      vertex 1.48399 34.687 0
    endloop
  endfacet
  facet normal 0.463013 0.886351 -0
    outer loop
      vertex 4.75596 33.5686 0
      vertex 4.31586 33.7985 1.5
      vertex 4.75596 33.5686 1.5
    endloop
  endfacet
  facet normal 0.463013 0.886351 0
    outer loop
      vertex 4.31586 33.7985 1.5
      vertex 4.75596 33.5686 0
      vertex 4.31586 33.7985 0
    endloop
  endfacet
  facet normal 0.707107 0.707107 0
    outer loop
      vertex 7.10297 31.7519 1.5
      vertex 6.75187 32.103 0
      vertex 6.75187 32.103 1.5
    endloop
  endfacet
  facet normal 0.707107 0.707107 0
    outer loop
      vertex 6.75187 32.103 0
      vertex 7.10297 31.7519 1.5
      vertex 7.10297 31.7519 0
    endloop
  endfacet
  facet normal 0.275109 0.961413 -0
    outer loop
      vertex 2.93376 34.3506 0
      vertex 2.45639 34.4872 1.5
      vertex 2.93376 34.3506 1.5
    endloop
  endfacet
  facet normal 0.275109 0.961413 0
    outer loop
      vertex 2.45639 34.4872 1.5
      vertex 2.93376 34.3506 0
      vertex 2.45639 34.4872 0
    endloop
  endfacet
  facet normal 0.961423 0.275075 0
    outer loop
      vertex 9.48715 27.4564 1.5
      vertex 9.35056 27.9338 0
      vertex 9.35056 27.9338 1.5
    endloop
  endfacet
  facet normal 0.961423 0.275075 0
    outer loop
      vertex 9.35056 27.9338 0
      vertex 9.48715 27.4564 1.5
      vertex 9.48715 27.4564 0
    endloop
  endfacet
  facet normal -0.631977 0.774987 0
    outer loop
      vertex -5.99864 32.7496 0
      vertex -6.38345 32.4358 1.5
      vertex -5.99864 32.7496 1.5
    endloop
  endfacet
  facet normal -0.631977 0.774987 0
    outer loop
      vertex -6.38345 32.4358 1.5
      vertex -5.99864 32.7496 0
      vertex -6.38345 32.4358 0
    endloop
  endfacet
  facet normal 0.631977 0.774987 -0
    outer loop
      vertex 6.38345 32.4358 0
      vertex 5.99864 32.7496 1.5
      vertex 6.38345 32.4358 1.5
    endloop
  endfacet
  facet normal 0.631977 0.774987 0
    outer loop
      vertex 5.99864 32.7496 1.5
      vertex 6.38345 32.4358 0
      vertex 5.99864 32.7496 0
    endloop
  endfacet
  facet normal 0.323451 0.946245 -0
    outer loop
      vertex 3.40359 34.19 0
      vertex 2.93376 34.3506 1.5
      vertex 3.40359 34.19 1.5
    endloop
  endfacet
  facet normal 0.323451 0.946245 0
    outer loop
      vertex 2.93376 34.3506 1.5
      vertex 3.40359 34.19 0
      vertex 2.93376 34.3506 0
    endloop
  endfacet
  facet normal -0.12628 0.991995 0
    outer loop
      vertex -0.991449 34.7497 0
      vertex -1.48399 34.687 1.5
      vertex -0.991449 34.7497 1.5
    endloop
  endfacet
  facet normal -0.12628 0.991995 0
    outer loop
      vertex -1.48399 34.687 1.5
      vertex -0.991449 34.7497 0
      vertex -1.48399 34.687 0
    endloop
  endfacet
  facet normal -0.670323 0.742069 0
    outer loop
      vertex -6.38345 32.4358 0
      vertex -6.75187 32.103 1.5
      vertex -6.38345 32.4358 1.5
    endloop
  endfacet
  facet normal -0.670323 0.742069 0
    outer loop
      vertex -6.75187 32.103 1.5
      vertex -6.38345 32.4358 0
      vertex -6.75187 32.103 0
    endloop
  endfacet
  facet normal -0.997112 0.0759417 0
    outer loop
      vertex -9.78742 25.4964 0
      vertex -9.74972 25.9914 1.5
      vertex -9.74972 25.9914 0
    endloop
  endfacet
  facet normal -0.997112 0.0759417 0
    outer loop
      vertex -9.74972 25.9914 1.5
      vertex -9.78742 25.4964 0
      vertex -9.78742 25.4964 1.5
    endloop
  endfacet
  facet normal -0.0759284 0.997113 0
    outer loop
      vertex -0.496362 34.7874 0
      vertex -0.991449 34.7497 1.5
      vertex -0.496362 34.7874 1.5
    endloop
  endfacet
  facet normal -0.0759284 0.997113 0
    outer loop
      vertex -0.991449 34.7497 1.5
      vertex -0.496362 34.7874 0
      vertex -0.991449 34.7497 0
    endloop
  endfacet
  facet normal -0.806021 0.591887 0
    outer loop
      vertex -8.04348 30.5984 0
      vertex -7.7496 30.9986 1.5
      vertex -7.7496 30.9986 0
    endloop
  endfacet
  facet normal -0.806021 0.591887 0
    outer loop
      vertex -7.7496 30.9986 1.5
      vertex -8.04348 30.5984 0
      vertex -8.04348 30.5984 1.5
    endloop
  endfacet
  facet normal 0.0759284 0.997113 -0
    outer loop
      vertex 0.991449 34.7497 0
      vertex 0.496362 34.7874 1.5
      vertex 0.991449 34.7497 1.5
    endloop
  endfacet
  facet normal 0.0759284 0.997113 0
    outer loop
      vertex 0.496362 34.7874 1.5
      vertex 0.991449 34.7497 0
      vertex 0.496362 34.7874 0
    endloop
  endfacet
  facet normal 0.984312 0.176439 0
    outer loop
      vertex 9.68699 26.484 1.5
      vertex 9.59939 26.9727 0
      vertex 9.59939 26.9727 1.5
    endloop
  endfacet
  facet normal 0.984312 0.176439 0
    outer loop
      vertex 9.59939 26.9727 0
      vertex 9.68699 26.484 1.5
      vertex 9.68699 26.484 0
    endloop
  endfacet
  facet normal -0.991989 0.126325 0
    outer loop
      vertex -9.74972 25.9914 0
      vertex -9.68699 26.484 1.5
      vertex -9.68699 26.484 0
    endloop
  endfacet
  facet normal -0.991989 0.126325 0
    outer loop
      vertex -9.68699 26.484 1.5
      vertex -9.74972 25.9914 0
      vertex -9.74972 25.9914 1.5
    endloop
  endfacet
  facet normal -0.999679 0.0253343 0
    outer loop
      vertex -9.8 25 0
      vertex -9.78742 25.4964 1.5
      vertex -9.78742 25.4964 0
    endloop
  endfacet
  facet normal -0.999679 0.0253343 0
    outer loop
      vertex -9.78742 25.4964 1.5
      vertex -9.8 25 0
      vertex -9.8 25 1.5
    endloop
  endfacet
  facet normal 0.370974 0.928643 -0
    outer loop
      vertex 3.86469 34.0058 0
      vertex 3.40359 34.19 1.5
      vertex 3.86469 34.0058 1.5
    endloop
  endfacet
  facet normal 0.370974 0.928643 0
    outer loop
      vertex 3.40359 34.19 1.5
      vertex 3.86469 34.0058 0
      vertex 3.40359 34.19 0
    endloop
  endfacet
  facet normal 0.742081 0.67031 0
    outer loop
      vertex 7.43583 31.3834 1.5
      vertex 7.10297 31.7519 0
      vertex 7.10297 31.7519 1.5
    endloop
  endfacet
  facet normal 0.742081 0.67031 0
    outer loop
      vertex 7.10297 31.7519 0
      vertex 7.43583 31.3834 1.5
      vertex 7.43583 31.3834 0
    endloop
  endfacet
  facet normal 0.12628 0.991995 -0
    outer loop
      vertex 1.48399 34.687 0
      vertex 0.991449 34.7497 1.5
      vertex 1.48399 34.687 1.5
    endloop
  endfacet
  facet normal 0.12628 0.991995 0
    outer loop
      vertex 0.991449 34.7497 1.5
      vertex 1.48399 34.687 0
      vertex 0.991449 34.7497 0
    endloop
  endfacet
  facet normal 0.928657 0.370939 0
    outer loop
      vertex 9.18997 28.4036 1.5
      vertex 9.00579 28.8647 0
      vertex 9.00579 28.8647 1.5
    endloop
  endfacet
  facet normal 0.928657 0.370939 0
    outer loop
      vertex 9.00579 28.8647 0
      vertex 9.18997 28.4036 1.5
      vertex 9.18997 28.4036 0
    endloop
  endfacet
  facet normal -0.984312 0.176439 0
    outer loop
      vertex -9.68699 26.484 0
      vertex -9.59939 26.9727 1.5
      vertex -9.59939 26.9727 0
    endloop
  endfacet
  facet normal -0.984312 0.176439 0
    outer loop
      vertex -9.59939 26.9727 1.5
      vertex -9.68699 26.484 0
      vertex -9.68699 26.484 1.5
    endloop
  endfacet
  facet normal -0.225976 0.974133 0
    outer loop
      vertex -1.97272 34.5994 0
      vertex -2.45639 34.4872 1.5
      vertex -1.97272 34.5994 1.5
    endloop
  endfacet
  facet normal -0.225976 0.974133 0
    outer loop
      vertex -2.45639 34.4872 1.5
      vertex -1.97272 34.5994 0
      vertex -2.45639 34.4872 0
    endloop
  endfacet
  facet normal -0.550249 0.835001 0
    outer loop
      vertex -5.18385 33.3167 0
      vertex -5.59843 33.0435 1.5
      vertex -5.18385 33.3167 1.5
    endloop
  endfacet
  facet normal -0.550249 0.835001 0
    outer loop
      vertex -5.59843 33.0435 1.5
      vertex -5.18385 33.3167 0
      vertex -5.59843 33.0435 0
    endloop
  endfacet
  facet normal 0.908675 0.417503 0
    outer loop
      vertex 9.00579 28.8647 1.5
      vertex 8.79848 29.3159 0
      vertex 8.79848 29.3159 1.5
    endloop
  endfacet
  facet normal 0.908675 0.417503 0
    outer loop
      vertex 8.79848 29.3159 0
      vertex 9.00579 28.8647 1.5
      vertex 9.00579 28.8647 0
    endloop
  endfacet
  facet normal 0.806021 0.591887 0
    outer loop
      vertex 8.04348 30.5984 1.5
      vertex 7.7496 30.9986 0
      vertex 7.7496 30.9986 1.5
    endloop
  endfacet
  facet normal 0.806021 0.591887 0
    outer loop
      vertex 7.7496 30.9986 0
      vertex 8.04348 30.5984 1.5
      vertex 8.04348 30.5984 0
    endloop
  endfacet
  facet normal -0.41751 0.908673 0
    outer loop
      vertex -3.86469 34.0058 0
      vertex -4.31586 33.7985 1.5
      vertex -3.86469 34.0058 1.5
    endloop
  endfacet
  facet normal -0.41751 0.908673 0
    outer loop
      vertex -4.31586 33.7985 1.5
      vertex -3.86469 34.0058 0
      vertex -4.31586 33.7985 0
    endloop
  endfacet
  facet normal -0.834985 0.550273 0
    outer loop
      vertex -8.31671 30.1838 0
      vertex -8.04348 30.5984 1.5
      vertex -8.04348 30.5984 0
    endloop
  endfacet
  facet normal -0.834985 0.550273 0
    outer loop
      vertex -8.04348 30.5984 1.5
      vertex -8.31671 30.1838 0
      vertex -8.31671 30.1838 1.5
    endloop
  endfacet
  facet normal 0.591904 0.806008 -0
    outer loop
      vertex 5.99864 32.7496 0
      vertex 5.59843 33.0435 1.5
      vertex 5.99864 32.7496 1.5
    endloop
  endfacet
  facet normal 0.591904 0.806008 0
    outer loop
      vertex 5.59843 33.0435 1.5
      vertex 5.99864 32.7496 0
      vertex 5.59843 33.0435 0
    endloop
  endfacet
  facet normal -0.176428 0.984313 0
    outer loop
      vertex -1.48399 34.687 0
      vertex -1.97272 34.5994 1.5
      vertex -1.48399 34.687 1.5
    endloop
  endfacet
  facet normal -0.176428 0.984313 0
    outer loop
      vertex -1.97272 34.5994 1.5
      vertex -1.48399 34.687 0
      vertex -1.97272 34.5994 0
    endloop
  endfacet
  facet normal 0.225976 0.974133 -0
    outer loop
      vertex 2.45639 34.4872 0
      vertex 1.97272 34.5994 1.5
      vertex 2.45639 34.4872 1.5
    endloop
  endfacet
  facet normal 0.225976 0.974133 0
    outer loop
      vertex 1.97272 34.5994 1.5
      vertex 2.45639 34.4872 0
      vertex 1.97272 34.5994 0
    endloop
  endfacet
  facet normal -0.742081 0.67031 0
    outer loop
      vertex -7.43583 31.3834 0
      vertex -7.10297 31.7519 1.5
      vertex -7.10297 31.7519 0
    endloop
  endfacet
  facet normal -0.742081 0.67031 0
    outer loop
      vertex -7.10297 31.7519 1.5
      vertex -7.43583 31.3834 0
      vertex -7.43583 31.3834 1.5
    endloop
  endfacet
  facet normal -0.775009 0.63195 0
    outer loop
      vertex -7.7496 30.9986 0
      vertex -7.43583 31.3834 1.5
      vertex -7.43583 31.3834 0
    endloop
  endfacet
  facet normal -0.775009 0.63195 0
    outer loop
      vertex -7.43583 31.3834 1.5
      vertex -7.7496 30.9986 0
      vertex -7.7496 30.9986 1.5
    endloop
  endfacet
  facet normal 0.775009 0.63195 0
    outer loop
      vertex 7.7496 30.9986 1.5
      vertex 7.43583 31.3834 0
      vertex 7.43583 31.3834 1.5
    endloop
  endfacet
  facet normal 0.775009 0.63195 0
    outer loop
      vertex 7.43583 31.3834 0
      vertex 7.7496 30.9986 1.5
      vertex 7.7496 30.9986 0
    endloop
  endfacet
  facet normal 0.0253765 0.999678 -0
    outer loop
      vertex 0.496362 34.7874 0
      vertex 0 34.8 1.5
      vertex 0.496362 34.7874 1.5
    endloop
  endfacet
  facet normal 0.0253765 0.999678 0
    outer loop
      vertex 0 34.8 1.5
      vertex 0.496362 34.7874 0
      vertex 0 34.8 0
    endloop
  endfacet
  facet normal -0.0253765 0.999678 0
    outer loop
      vertex 0 34.8 0
      vertex -0.496362 34.7874 1.5
      vertex 0 34.8 1.5
    endloop
  endfacet
  facet normal -0.0253765 0.999678 0
    outer loop
      vertex -0.496362 34.7874 1.5
      vertex 0 34.8 0
      vertex -0.496362 34.7874 0
    endloop
  endfacet
  facet normal -0.591904 0.806008 0
    outer loop
      vertex -5.59843 33.0435 0
      vertex -5.99864 32.7496 1.5
      vertex -5.59843 33.0435 1.5
    endloop
  endfacet
  facet normal -0.591904 0.806008 0
    outer loop
      vertex -5.99864 32.7496 1.5
      vertex -5.59843 33.0435 0
      vertex -5.99864 32.7496 0
    endloop
  endfacet
  facet normal -0.323451 0.946245 0
    outer loop
      vertex -2.93376 34.3506 0
      vertex -3.40359 34.19 1.5
      vertex -2.93376 34.3506 1.5
    endloop
  endfacet
  facet normal -0.323451 0.946245 0
    outer loop
      vertex -3.40359 34.19 1.5
      vertex -2.93376 34.3506 0
      vertex -3.40359 34.19 0
    endloop
  endfacet
  facet normal -0.928657 0.370939 0
    outer loop
      vertex -9.18997 28.4036 0
      vertex -9.00579 28.8647 1.5
      vertex -9.00579 28.8647 0
    endloop
  endfacet
  facet normal -0.928657 0.370939 0
    outer loop
      vertex -9.00579 28.8647 1.5
      vertex -9.18997 28.4036 0
      vertex -9.18997 28.4036 1.5
    endloop
  endfacet
  facet normal -0.86172 0.507384 0
    outer loop
      vertex -8.5686 29.756 0
      vertex -8.31671 30.1838 1.5
      vertex -8.31671 30.1838 0
    endloop
  endfacet
  facet normal -0.86172 0.507384 0
    outer loop
      vertex -8.31671 30.1838 1.5
      vertex -8.5686 29.756 0
      vertex -8.5686 29.756 1.5
    endloop
  endfacet
  facet normal -0.463013 0.886351 0
    outer loop
      vertex -4.31586 33.7985 0
      vertex -4.75596 33.5686 1.5
      vertex -4.31586 33.7985 1.5
    endloop
  endfacet
  facet normal -0.463013 0.886351 0
    outer loop
      vertex -4.75596 33.5686 1.5
      vertex -4.31586 33.7985 0
      vertex -4.75596 33.5686 0
    endloop
  endfacet
  facet normal -0.886368 0.462982 0
    outer loop
      vertex -8.79848 29.3159 0
      vertex -8.5686 29.756 1.5
      vertex -8.5686 29.756 0
    endloop
  endfacet
  facet normal -0.886368 0.462982 0
    outer loop
      vertex -8.5686 29.756 1.5
      vertex -8.79848 29.3159 0
      vertex -8.79848 29.3159 1.5
    endloop
  endfacet
  facet normal -0.904809 -0.425818 0
    outer loop
      vertex -3.4176 -26.8788 1.5
      vertex -3.62613 -26.4357 6.5
      vertex -3.62613 -26.4357 1.5
    endloop
  endfacet
  facet normal -0.904809 -0.425818 0
    outer loop
      vertex -3.62613 -26.4357 6.5
      vertex -3.4176 -26.8788 1.5
      vertex -3.4176 -26.8788 6.5
    endloop
  endfacet
  facet normal 0.982285 0.187392 0
    outer loop
      vertex 3.86925 -24.5112 6.5
      vertex 3.77747 -24.0301 1.5
      vertex 3.77747 -24.0301 6.5
    endloop
  endfacet
  facet normal 0.982285 0.187392 0
    outer loop
      vertex 3.77747 -24.0301 1.5
      vertex 3.86925 -24.5112 6.5
      vertex 3.86925 -24.5112 1.5
    endloop
  endfacet
  facet normal 0.998027 0.0627851 0
    outer loop
      vertex 3.9 -25 6.5
      vertex 3.86925 -24.5112 1.5
      vertex 3.86925 -24.5112 6.5
    endloop
  endfacet
  facet normal 0.998027 0.0627851 0
    outer loop
      vertex 3.86925 -24.5112 1.5
      vertex 3.9 -25 6.5
      vertex 3.9 -25 1.5
    endloop
  endfacet
  facet normal 0.951061 0.309003 0
    outer loop
      vertex 3.77747 -24.0301 6.5
      vertex 3.62613 -23.5643 1.5
      vertex 3.62613 -23.5643 6.5
    endloop
  endfacet
  facet normal 0.951061 0.309003 0
    outer loop
      vertex 3.62613 -23.5643 1.5
      vertex 3.77747 -24.0301 6.5
      vertex 3.77747 -24.0301 1.5
    endloop
  endfacet
  facet normal -0.587815 0.808996 0
    outer loop
      vertex -2.08972 -21.7071 1.5
      vertex -2.48595 -21.995 6.5
      vertex -2.08972 -21.7071 6.5
    endloop
  endfacet
  facet normal -0.587815 0.808996 0
    outer loop
      vertex -2.48595 -21.995 6.5
      vertex -2.08972 -21.7071 1.5
      vertex -2.48595 -21.995 1.5
    endloop
  endfacet
  facet normal 0.684576 -0.728942 0
    outer loop
      vertex 2.48595 -28.005 1.5
      vertex 2.84298 -27.6697 6.5
      vertex 2.48595 -28.005 6.5
    endloop
  endfacet
  facet normal 0.684576 -0.728942 0
    outer loop
      vertex 2.84298 -27.6697 6.5
      vertex 2.48595 -28.005 1.5
      vertex 2.84298 -27.6697 1.5
    endloop
  endfacet
  facet normal 0.368136 0.929772 -0
    outer loop
      vertex 1.66054 -21.4712 1.5
      vertex 1.20517 -21.2909 6.5
      vertex 1.66054 -21.4712 6.5
    endloop
  endfacet
  facet normal 0.368136 0.929772 0
    outer loop
      vertex 1.20517 -21.2909 6.5
      vertex 1.66054 -21.4712 1.5
      vertex 1.20517 -21.2909 1.5
    endloop
  endfacet
  facet normal -0.951061 0.309003 0
    outer loop
      vertex -3.77747 -24.0301 1.5
      vertex -3.62613 -23.5643 6.5
      vertex -3.62613 -23.5643 1.5
    endloop
  endfacet
  facet normal -0.951061 0.309003 0
    outer loop
      vertex -3.62613 -23.5643 6.5
      vertex -3.77747 -24.0301 1.5
      vertex -3.77747 -24.0301 6.5
    endloop
  endfacet
  facet normal -0.248688 -0.968584 0
    outer loop
      vertex -1.20517 -28.7091 1.5
      vertex -0.730786 -28.8309 6.5
      vertex -1.20517 -28.7091 6.5
    endloop
  endfacet
  facet normal -0.248688 -0.968584 -0
    outer loop
      vertex -0.730786 -28.8309 6.5
      vertex -1.20517 -28.7091 1.5
      vertex -0.730786 -28.8309 1.5
    endloop
  endfacet
  facet normal 0.951061 -0.309003 0
    outer loop
      vertex 3.62613 -26.4357 6.5
      vertex 3.77747 -25.9699 1.5
      vertex 3.77747 -25.9699 6.5
    endloop
  endfacet
  facet normal 0.951061 -0.309003 0
    outer loop
      vertex 3.77747 -25.9699 1.5
      vertex 3.62613 -26.4357 6.5
      vertex 3.62613 -26.4357 1.5
    endloop
  endfacet
  facet normal -0.481685 0.876344 0
    outer loop
      vertex -1.66054 -21.4712 1.5
      vertex -2.08972 -21.7071 6.5
      vertex -1.66054 -21.4712 6.5
    endloop
  endfacet
  facet normal -0.481685 0.876344 0
    outer loop
      vertex -2.08972 -21.7071 6.5
      vertex -1.66054 -21.4712 1.5
      vertex -2.08972 -21.7071 1.5
    endloop
  endfacet
  facet normal 0.998027 -0.0627851 0
    outer loop
      vertex 3.86925 -25.4888 6.5
      vertex 3.9 -25 1.5
      vertex 3.9 -25 6.5
    endloop
  endfacet
  facet normal 0.998027 -0.0627851 0
    outer loop
      vertex 3.9 -25 1.5
      vertex 3.86925 -25.4888 6.5
      vertex 3.86925 -25.4888 1.5
    endloop
  endfacet
  facet normal 0.248688 -0.968584 0
    outer loop
      vertex 0.730786 -28.8309 1.5
      vertex 1.20517 -28.7091 6.5
      vertex 0.730786 -28.8309 6.5
    endloop
  endfacet
  facet normal 0.248688 -0.968584 0
    outer loop
      vertex 1.20517 -28.7091 6.5
      vertex 0.730786 -28.8309 1.5
      vertex 1.20517 -28.7091 1.5
    endloop
  endfacet
  facet normal 0.904809 0.425818 0
    outer loop
      vertex 3.62613 -23.5643 6.5
      vertex 3.4176 -23.1212 1.5
      vertex 3.4176 -23.1212 6.5
    endloop
  endfacet
  facet normal 0.904809 0.425818 0
    outer loop
      vertex 3.4176 -23.1212 1.5
      vertex 3.62613 -23.5643 6.5
      vertex 3.62613 -23.5643 1.5
    endloop
  endfacet
  facet normal -0.125366 0.992111 0
    outer loop
      vertex -0.244883 -21.1077 1.5
      vertex -0.730786 -21.1691 6.5
      vertex -0.244883 -21.1077 6.5
    endloop
  endfacet
  facet normal -0.125366 0.992111 0
    outer loop
      vertex -0.730786 -21.1691 6.5
      vertex -0.244883 -21.1077 1.5
      vertex -0.730786 -21.1691 1.5
    endloop
  endfacet
  facet normal -0.125366 -0.992111 0
    outer loop
      vertex -0.730786 -28.8309 1.5
      vertex -0.244883 -28.8923 6.5
      vertex -0.730786 -28.8309 6.5
    endloop
  endfacet
  facet normal -0.125366 -0.992111 -0
    outer loop
      vertex -0.244883 -28.8923 6.5
      vertex -0.730786 -28.8309 1.5
      vertex -0.244883 -28.8923 1.5
    endloop
  endfacet
  facet normal -0.998027 0.0627851 0
    outer loop
      vertex -3.9 -25 1.5
      vertex -3.86925 -24.5112 6.5
      vertex -3.86925 -24.5112 1.5
    endloop
  endfacet
  facet normal -0.998027 0.0627851 0
    outer loop
      vertex -3.86925 -24.5112 6.5
      vertex -3.9 -25 1.5
      vertex -3.9 -25 6.5
    endloop
  endfacet
  facet normal -0.481685 -0.876344 0
    outer loop
      vertex -2.08972 -28.2929 1.5
      vertex -1.66054 -28.5288 6.5
      vertex -2.08972 -28.2929 6.5
    endloop
  endfacet
  facet normal -0.481685 -0.876344 -0
    outer loop
      vertex -1.66054 -28.5288 6.5
      vertex -2.08972 -28.2929 1.5
      vertex -1.66054 -28.5288 1.5
    endloop
  endfacet
  facet normal -0.587815 -0.808996 0
    outer loop
      vertex -2.48595 -28.005 1.5
      vertex -2.08972 -28.2929 6.5
      vertex -2.48595 -28.005 6.5
    endloop
  endfacet
  facet normal -0.587815 -0.808996 -0
    outer loop
      vertex -2.08972 -28.2929 6.5
      vertex -2.48595 -28.005 1.5
      vertex -2.08972 -28.2929 1.5
    endloop
  endfacet
  facet normal 0.587815 -0.808996 0
    outer loop
      vertex 2.08972 -28.2929 1.5
      vertex 2.48595 -28.005 6.5
      vertex 2.08972 -28.2929 6.5
    endloop
  endfacet
  facet normal 0.587815 -0.808996 0
    outer loop
      vertex 2.48595 -28.005 6.5
      vertex 2.08972 -28.2929 1.5
      vertex 2.48595 -28.005 1.5
    endloop
  endfacet
  facet normal -0.684576 0.728942 0
    outer loop
      vertex -2.48595 -21.995 1.5
      vertex -2.84298 -22.3303 6.5
      vertex -2.48595 -21.995 6.5
    endloop
  endfacet
  facet normal -0.684576 0.728942 0
    outer loop
      vertex -2.84298 -22.3303 6.5
      vertex -2.48595 -21.995 1.5
      vertex -2.84298 -22.3303 1.5
    endloop
  endfacet
  facet normal 0.587815 0.808996 -0
    outer loop
      vertex 2.48595 -21.995 1.5
      vertex 2.08972 -21.7071 6.5
      vertex 2.48595 -21.995 6.5
    endloop
  endfacet
  facet normal 0.587815 0.808996 0
    outer loop
      vertex 2.08972 -21.7071 6.5
      vertex 2.48595 -21.995 1.5
      vertex 2.08972 -21.7071 1.5
    endloop
  endfacet
  facet normal -0.368136 0.929772 0
    outer loop
      vertex -1.20517 -21.2909 1.5
      vertex -1.66054 -21.4712 6.5
      vertex -1.20517 -21.2909 6.5
    endloop
  endfacet
  facet normal -0.368136 0.929772 0
    outer loop
      vertex -1.66054 -21.4712 6.5
      vertex -1.20517 -21.2909 1.5
      vertex -1.66054 -21.4712 1.5
    endloop
  endfacet
  facet normal 0.844373 0.535756 0
    outer loop
      vertex 3.4176 -23.1212 6.5
      vertex 3.15517 -22.7076 1.5
      vertex 3.15517 -22.7076 6.5
    endloop
  endfacet
  facet normal 0.844373 0.535756 0
    outer loop
      vertex 3.15517 -22.7076 1.5
      vertex 3.4176 -23.1212 6.5
      vertex 3.4176 -23.1212 1.5
    endloop
  endfacet
  facet normal 0.125366 -0.992111 0
    outer loop
      vertex 0.244883 -28.8923 1.5
      vertex 0.730786 -28.8309 6.5
      vertex 0.244883 -28.8923 6.5
    endloop
  endfacet
  facet normal 0.125366 -0.992111 0
    outer loop
      vertex 0.730786 -28.8309 6.5
      vertex 0.244883 -28.8923 1.5
      vertex 0.730786 -28.8309 1.5
    endloop
  endfacet
  facet normal -0.248688 0.968584 0
    outer loop
      vertex -0.730786 -21.1691 1.5
      vertex -1.20517 -21.2909 6.5
      vertex -0.730786 -21.1691 6.5
    endloop
  endfacet
  facet normal -0.248688 0.968584 0
    outer loop
      vertex -1.20517 -21.2909 6.5
      vertex -0.730786 -21.1691 1.5
      vertex -1.20517 -21.2909 1.5
    endloop
  endfacet
  facet normal 0.982285 -0.187392 0
    outer loop
      vertex 3.77747 -25.9699 6.5
      vertex 3.86925 -25.4888 1.5
      vertex 3.86925 -25.4888 6.5
    endloop
  endfacet
  facet normal 0.982285 -0.187392 0
    outer loop
      vertex 3.86925 -25.4888 1.5
      vertex 3.77747 -25.9699 6.5
      vertex 3.77747 -25.9699 1.5
    endloop
  endfacet
  facet normal -0.844373 0.535756 0
    outer loop
      vertex -3.4176 -23.1212 1.5
      vertex -3.15517 -22.7076 6.5
      vertex -3.15517 -22.7076 1.5
    endloop
  endfacet
  facet normal -0.844373 0.535756 0
    outer loop
      vertex -3.15517 -22.7076 6.5
      vertex -3.4176 -23.1212 1.5
      vertex -3.4176 -23.1212 6.5
    endloop
  endfacet
  facet normal -0.770453 -0.637497 0
    outer loop
      vertex -2.84298 -27.6697 1.5
      vertex -3.15517 -27.2924 6.5
      vertex -3.15517 -27.2924 1.5
    endloop
  endfacet
  facet normal -0.770453 -0.637497 0
    outer loop
      vertex -3.15517 -27.2924 6.5
      vertex -2.84298 -27.6697 1.5
      vertex -2.84298 -27.6697 6.5
    endloop
  endfacet
  facet normal 0.684576 0.728942 -0
    outer loop
      vertex 2.84298 -22.3303 1.5
      vertex 2.48595 -21.995 6.5
      vertex 2.84298 -22.3303 6.5
    endloop
  endfacet
  facet normal 0.684576 0.728942 0
    outer loop
      vertex 2.48595 -21.995 6.5
      vertex 2.84298 -22.3303 1.5
      vertex 2.48595 -21.995 1.5
    endloop
  endfacet
  facet normal -0.951061 -0.309003 0
    outer loop
      vertex -3.62613 -26.4357 1.5
      vertex -3.77747 -25.9699 6.5
      vertex -3.77747 -25.9699 1.5
    endloop
  endfacet
  facet normal -0.951061 -0.309003 0
    outer loop
      vertex -3.77747 -25.9699 6.5
      vertex -3.62613 -26.4357 1.5
      vertex -3.62613 -26.4357 6.5
    endloop
  endfacet
  facet normal 0.770453 0.637497 0
    outer loop
      vertex 3.15517 -22.7076 6.5
      vertex 2.84298 -22.3303 1.5
      vertex 2.84298 -22.3303 6.5
    endloop
  endfacet
  facet normal 0.770453 0.637497 0
    outer loop
      vertex 2.84298 -22.3303 1.5
      vertex 3.15517 -22.7076 6.5
      vertex 3.15517 -22.7076 1.5
    endloop
  endfacet
  facet normal 0.368136 -0.929772 0
    outer loop
      vertex 1.20517 -28.7091 1.5
      vertex 1.66054 -28.5288 6.5
      vertex 1.20517 -28.7091 6.5
    endloop
  endfacet
  facet normal 0.368136 -0.929772 0
    outer loop
      vertex 1.66054 -28.5288 6.5
      vertex 1.20517 -28.7091 1.5
      vertex 1.66054 -28.5288 1.5
    endloop
  endfacet
  facet normal 0.481685 -0.876344 0
    outer loop
      vertex 1.66054 -28.5288 1.5
      vertex 2.08972 -28.2929 6.5
      vertex 1.66054 -28.5288 6.5
    endloop
  endfacet
  facet normal 0.481685 -0.876344 0
    outer loop
      vertex 2.08972 -28.2929 6.5
      vertex 1.66054 -28.5288 1.5
      vertex 2.08972 -28.2929 1.5
    endloop
  endfacet
  facet normal 0.481685 0.876344 -0
    outer loop
      vertex 2.08972 -21.7071 1.5
      vertex 1.66054 -21.4712 6.5
      vertex 2.08972 -21.7071 6.5
    endloop
  endfacet
  facet normal 0.481685 0.876344 0
    outer loop
      vertex 1.66054 -21.4712 6.5
      vertex 2.08972 -21.7071 1.5
      vertex 1.66054 -21.4712 1.5
    endloop
  endfacet
  facet normal 0.904809 -0.425818 0
    outer loop
      vertex 3.4176 -26.8788 6.5
      vertex 3.62613 -26.4357 1.5
      vertex 3.62613 -26.4357 6.5
    endloop
  endfacet
  facet normal 0.904809 -0.425818 0
    outer loop
      vertex 3.62613 -26.4357 1.5
      vertex 3.4176 -26.8788 6.5
      vertex 3.4176 -26.8788 1.5
    endloop
  endfacet
  facet normal -0.998027 -0.0627851 0
    outer loop
      vertex -3.86925 -25.4888 1.5
      vertex -3.9 -25 6.5
      vertex -3.9 -25 1.5
    endloop
  endfacet
  facet normal -0.998027 -0.0627851 0
    outer loop
      vertex -3.9 -25 6.5
      vertex -3.86925 -25.4888 1.5
      vertex -3.86925 -25.4888 6.5
    endloop
  endfacet
  facet normal -0.684576 -0.728942 0
    outer loop
      vertex -2.84298 -27.6697 1.5
      vertex -2.48595 -28.005 6.5
      vertex -2.84298 -27.6697 6.5
    endloop
  endfacet
  facet normal -0.684576 -0.728942 -0
    outer loop
      vertex -2.48595 -28.005 6.5
      vertex -2.84298 -27.6697 1.5
      vertex -2.48595 -28.005 1.5
    endloop
  endfacet
  facet normal -0.982285 -0.187392 0
    outer loop
      vertex -3.77747 -25.9699 1.5
      vertex -3.86925 -25.4888 6.5
      vertex -3.86925 -25.4888 1.5
    endloop
  endfacet
  facet normal -0.982285 -0.187392 0
    outer loop
      vertex -3.86925 -25.4888 6.5
      vertex -3.77747 -25.9699 1.5
      vertex -3.77747 -25.9699 6.5
    endloop
  endfacet
  facet normal 0.248688 0.968584 -0
    outer loop
      vertex 1.20517 -21.2909 1.5
      vertex 0.730786 -21.1691 6.5
      vertex 1.20517 -21.2909 6.5
    endloop
  endfacet
  facet normal 0.248688 0.968584 0
    outer loop
      vertex 0.730786 -21.1691 6.5
      vertex 1.20517 -21.2909 1.5
      vertex 0.730786 -21.1691 1.5
    endloop
  endfacet
  facet normal 0 0 1
    outer loop
      vertex 1 -25 6.5
      vertex 3.9 -25 6.5
      vertex 3.86925 -24.5112 6.5
    endloop
  endfacet
  facet normal 0 0 1
    outer loop
      vertex 1 -25 6.5
      vertex 3.86925 -24.5112 6.5
      vertex 3.77747 -24.0301 6.5
    endloop
  endfacet
  facet normal 0 0 1
    outer loop
      vertex 3.9 -25 6.5
      vertex 1 -25 6.5
      vertex 3.86925 -25.4888 6.5
    endloop
  endfacet
  facet normal 0 0 1
    outer loop
      vertex 0.885455 -24.5353 6.5
      vertex 3.77747 -24.0301 6.5
      vertex 3.62613 -23.5643 6.5
    endloop
  endfacet
  facet normal 0 0 1
    outer loop
      vertex 3.86925 -25.4888 6.5
      vertex 1 -25 6.5
      vertex 3.77747 -25.9699 6.5
    endloop
  endfacet
  facet normal 0 0 1
    outer loop
      vertex 0.885455 -24.5353 6.5
      vertex 3.62613 -23.5643 6.5
      vertex 3.4176 -23.1212 6.5
    endloop
  endfacet
  facet normal -0 0 1
    outer loop
      vertex 0.885455 -25.4647 6.5
      vertex 3.77747 -25.9699 6.5
      vertex 1 -25 6.5
    endloop
  endfacet
  facet normal 0 0 1
    outer loop
      vertex 0.885455 -24.5353 6.5
      vertex 3.4176 -23.1212 6.5
      vertex 3.15517 -22.7076 6.5
    endloop
  endfacet
  facet normal 0 0 1
    outer loop
      vertex 3.77747 -25.9699 6.5
      vertex 0.885455 -25.4647 6.5
      vertex 3.62613 -26.4357 6.5
    endloop
  endfacet
  facet normal 0 0 1
    outer loop
      vertex 0.885455 -24.5353 6.5
      vertex 3.15517 -22.7076 6.5
      vertex 2.84298 -22.3303 6.5
    endloop
  endfacet
  facet normal 0 0 1
    outer loop
      vertex 3.62613 -26.4357 6.5
      vertex 0.885455 -25.4647 6.5
      vertex 3.4176 -26.8788 6.5
    endloop
  endfacet
  facet normal 0 0 1
    outer loop
      vertex 0.568065 -24.177 6.5
      vertex 2.84298 -22.3303 6.5
      vertex 2.48595 -21.995 6.5
    endloop
  endfacet
  facet normal 0 0 1
    outer loop
      vertex 3.4176 -26.8788 6.5
      vertex 0.885455 -25.4647 6.5
      vertex 3.15517 -27.2924 6.5
    endloop
  endfacet
  facet normal 0 0 1
    outer loop
      vertex 0.568065 -24.177 6.5
      vertex 2.48595 -21.995 6.5
      vertex 2.08972 -21.7071 6.5
    endloop
  endfacet
  facet normal 0 0 1
    outer loop
      vertex 3.15517 -27.2924 6.5
      vertex 0.885455 -25.4647 6.5
      vertex 2.84298 -27.6697 6.5
    endloop
  endfacet
  facet normal 0 0 1
    outer loop
      vertex 0.568065 -24.177 6.5
      vertex 2.08972 -21.7071 6.5
      vertex 1.66054 -21.4712 6.5
    endloop
  endfacet
  facet normal -0 0 1
    outer loop
      vertex 0.568065 -25.823 6.5
      vertex 2.84298 -27.6697 6.5
      vertex 0.885455 -25.4647 6.5
    endloop
  endfacet
  facet normal 0 0 1
    outer loop
      vertex 0.568065 -24.177 6.5
      vertex 1.66054 -21.4712 6.5
      vertex 1.20517 -21.2909 6.5
    endloop
  endfacet
  facet normal 0 0 1
    outer loop
      vertex 2.84298 -27.6697 6.5
      vertex 0.568065 -25.823 6.5
      vertex 2.48595 -28.005 6.5
    endloop
  endfacet
  facet normal 0 0 1
    outer loop
      vertex 2.48595 -28.005 6.5
      vertex 0.568065 -25.823 6.5
      vertex 2.08972 -28.2929 6.5
    endloop
  endfacet
  facet normal 0 0 1
    outer loop
      vertex 3.77747 -24.0301 6.5
      vertex 0.885455 -24.5353 6.5
      vertex 1 -25 6.5
    endloop
  endfacet
  facet normal 0 0 1
    outer loop
      vertex 0.120536 -24.0073 6.5
      vertex 1.20517 -21.2909 6.5
      vertex 0.730786 -21.1691 6.5
    endloop
  endfacet
  facet normal 0 0 1
    outer loop
      vertex 2.84298 -22.3303 6.5
      vertex 0.568065 -24.177 6.5
      vertex 0.885455 -24.5353 6.5
    endloop
  endfacet
  facet normal 0 0 1
    outer loop
      vertex 0.120536 -24.0073 6.5
      vertex 0.730786 -21.1691 6.5
      vertex 0.244883 -21.1077 6.5
    endloop
  endfacet
  facet normal 0 0 1
    outer loop
      vertex 1.20517 -21.2909 6.5
      vertex 0.120536 -24.0073 6.5
      vertex 0.568065 -24.177 6.5
    endloop
  endfacet
  facet normal -0 0 1
    outer loop
      vertex -0.244883 -21.1077 6.5
      vertex 0.120536 -24.0073 6.5
      vertex 0.244883 -21.1077 6.5
    endloop
  endfacet
  facet normal 0 0 1
    outer loop
      vertex -0.244883 -21.1077 6.5
      vertex -0.354605 -24.065 6.5
      vertex 0.120536 -24.0073 6.5
    endloop
  endfacet
  facet normal -0 0 1
    outer loop
      vertex -0.730786 -21.1691 6.5
      vertex -0.354605 -24.065 6.5
      vertex -0.244883 -21.1077 6.5
    endloop
  endfacet
  facet normal -0 0 1
    outer loop
      vertex -1.20517 -21.2909 6.5
      vertex -0.354605 -24.065 6.5
      vertex -0.730786 -21.1691 6.5
    endloop
  endfacet
  facet normal -0 0 1
    outer loop
      vertex -1.66054 -21.4712 6.5
      vertex -0.354605 -24.065 6.5
      vertex -1.20517 -21.2909 6.5
    endloop
  endfacet
  facet normal 0 0 1
    outer loop
      vertex -0.354605 -24.065 6.5
      vertex -2.08972 -21.7071 6.5
      vertex -0.74851 -24.3369 6.5
    endloop
  endfacet
  facet normal -0 0 1
    outer loop
      vertex -2.08972 -21.7071 6.5
      vertex -0.354605 -24.065 6.5
      vertex -1.66054 -21.4712 6.5
    endloop
  endfacet
  facet normal 0 0 1
    outer loop
      vertex 2.08972 -28.2929 6.5
      vertex 0.568065 -25.823 6.5
      vertex 1.66054 -28.5288 6.5
    endloop
  endfacet
  facet normal 0 0 1
    outer loop
      vertex 1.66054 -28.5288 6.5
      vertex 0.568065 -25.823 6.5
      vertex 1.20517 -28.7091 6.5
    endloop
  endfacet
  facet normal -0 0 1
    outer loop
      vertex 0.120536 -25.9927 6.5
      vertex 1.20517 -28.7091 6.5
      vertex 0.568065 -25.823 6.5
    endloop
  endfacet
  facet normal 0 0 1
    outer loop
      vertex 1.20517 -28.7091 6.5
      vertex 0.120536 -25.9927 6.5
      vertex 0.730786 -28.8309 6.5
    endloop
  endfacet
  facet normal 0 0 1
    outer loop
      vertex 0.730786 -28.8309 6.5
      vertex 0.120536 -25.9927 6.5
      vertex 0.244883 -28.8923 6.5
    endloop
  endfacet
  facet normal 0 0 1
    outer loop
      vertex 0.120536 -25.9927 6.5
      vertex -0.244883 -28.8923 6.5
      vertex 0.244883 -28.8923 6.5
    endloop
  endfacet
  facet normal 0 0 1
    outer loop
      vertex -0.354605 -25.935 6.5
      vertex -0.244883 -28.8923 6.5
      vertex 0.120536 -25.9927 6.5
    endloop
  endfacet
  facet normal 0 0 1
    outer loop
      vertex -0.354605 -25.935 6.5
      vertex -0.730786 -28.8309 6.5
      vertex -0.244883 -28.8923 6.5
    endloop
  endfacet
  facet normal 0 0 1
    outer loop
      vertex -2.08972 -28.2929 6.5
      vertex -0.354605 -25.935 6.5
      vertex -0.74851 -25.6631 6.5
    endloop
  endfacet
  facet normal 0 0 1
    outer loop
      vertex -3.4176 -26.8788 6.5
      vertex -0.74851 -25.6631 6.5
      vertex -0.970942 -25.2393 6.5
    endloop
  endfacet
  facet normal 0 0 1
    outer loop
      vertex -0.354605 -25.935 6.5
      vertex -1.20517 -28.7091 6.5
      vertex -0.730786 -28.8309 6.5
    endloop
  endfacet
  facet normal -0 0 1
    outer loop
      vertex -2.48595 -21.995 6.5
      vertex -0.74851 -24.3369 6.5
      vertex -2.08972 -21.7071 6.5
    endloop
  endfacet
  facet normal -0 0 1
    outer loop
      vertex -2.84298 -22.3303 6.5
      vertex -0.74851 -24.3369 6.5
      vertex -2.48595 -21.995 6.5
    endloop
  endfacet
  facet normal 0 0 1
    outer loop
      vertex -0.354605 -25.935 6.5
      vertex -1.66054 -28.5288 6.5
      vertex -1.20517 -28.7091 6.5
    endloop
  endfacet
  facet normal -0 0 1
    outer loop
      vertex -3.15517 -22.7076 6.5
      vertex -0.74851 -24.3369 6.5
      vertex -2.84298 -22.3303 6.5
    endloop
  endfacet
  facet normal 0 0 1
    outer loop
      vertex -0.354605 -25.935 6.5
      vertex -2.08972 -28.2929 6.5
      vertex -1.66054 -28.5288 6.5
    endloop
  endfacet
  facet normal -0 0 1
    outer loop
      vertex -3.4176 -23.1212 6.5
      vertex -0.74851 -24.3369 6.5
      vertex -3.15517 -22.7076 6.5
    endloop
  endfacet
  facet normal 0 0 1
    outer loop
      vertex -0.74851 -25.6631 6.5
      vertex -2.48595 -28.005 6.5
      vertex -2.08972 -28.2929 6.5
    endloop
  endfacet
  facet normal 0 0 1
    outer loop
      vertex -0.74851 -24.3369 6.5
      vertex -3.4176 -23.1212 6.5
      vertex -0.970942 -24.7607 6.5
    endloop
  endfacet
  facet normal 0 0 1
    outer loop
      vertex -0.74851 -25.6631 6.5
      vertex -2.84298 -27.6697 6.5
      vertex -2.48595 -28.005 6.5
    endloop
  endfacet
  facet normal -0 0 1
    outer loop
      vertex -3.62613 -23.5643 6.5
      vertex -0.970942 -24.7607 6.5
      vertex -3.4176 -23.1212 6.5
    endloop
  endfacet
  facet normal 0 0 1
    outer loop
      vertex -0.74851 -25.6631 6.5
      vertex -3.15517 -27.2924 6.5
      vertex -2.84298 -27.6697 6.5
    endloop
  endfacet
  facet normal -0 0 1
    outer loop
      vertex -3.77747 -24.0301 6.5
      vertex -0.970942 -24.7607 6.5
      vertex -3.62613 -23.5643 6.5
    endloop
  endfacet
  facet normal 0 0 1
    outer loop
      vertex -0.74851 -25.6631 6.5
      vertex -3.4176 -26.8788 6.5
      vertex -3.15517 -27.2924 6.5
    endloop
  endfacet
  facet normal -0 0 1
    outer loop
      vertex -3.86925 -24.5112 6.5
      vertex -0.970942 -24.7607 6.5
      vertex -3.77747 -24.0301 6.5
    endloop
  endfacet
  facet normal 0 0 1
    outer loop
      vertex -0.970942 -25.2393 6.5
      vertex -3.62613 -26.4357 6.5
      vertex -3.4176 -26.8788 6.5
    endloop
  endfacet
  facet normal 0 0 1
    outer loop
      vertex -3.9 -25 6.5
      vertex -0.970942 -24.7607 6.5
      vertex -3.86925 -24.5112 6.5
    endloop
  endfacet
  facet normal 0 0 1
    outer loop
      vertex -0.970942 -25.2393 6.5
      vertex -3.77747 -25.9699 6.5
      vertex -3.62613 -26.4357 6.5
    endloop
  endfacet
  facet normal 0 0 1
    outer loop
      vertex -0.970942 -24.7607 6.5
      vertex -3.9 -25 6.5
      vertex -0.970942 -25.2393 6.5
    endloop
  endfacet
  facet normal 0 0 1
    outer loop
      vertex -0.970942 -25.2393 6.5
      vertex -3.86925 -25.4888 6.5
      vertex -3.77747 -25.9699 6.5
    endloop
  endfacet
  facet normal 0 0 1
    outer loop
      vertex -0.970942 -25.2393 6.5
      vertex -3.9 -25 6.5
      vertex -3.86925 -25.4888 6.5
    endloop
  endfacet
  facet normal -0.844373 -0.535756 0
    outer loop
      vertex -3.15517 -27.2924 1.5
      vertex -3.4176 -26.8788 6.5
      vertex -3.4176 -26.8788 1.5
    endloop
  endfacet
  facet normal -0.844373 -0.535756 0
    outer loop
      vertex -3.4176 -26.8788 6.5
      vertex -3.15517 -27.2924 1.5
      vertex -3.15517 -27.2924 6.5
    endloop
  endfacet
  facet normal 0.125366 0.992111 -0
    outer loop
      vertex 0.730786 -21.1691 1.5
      vertex 0.244883 -21.1077 6.5
      vertex 0.730786 -21.1691 6.5
    endloop
  endfacet
  facet normal 0.125366 0.992111 0
    outer loop
      vertex 0.244883 -21.1077 6.5
      vertex 0.730786 -21.1691 1.5
      vertex 0.244883 -21.1077 1.5
    endloop
  endfacet
  facet normal 0 1 -0
    outer loop
      vertex 0.244883 -21.1077 1.5
      vertex -0.244883 -21.1077 6.5
      vertex 0.244883 -21.1077 6.5
    endloop
  endfacet
  facet normal 0 1 0
    outer loop
      vertex -0.244883 -21.1077 6.5
      vertex 0.244883 -21.1077 1.5
      vertex -0.244883 -21.1077 1.5
    endloop
  endfacet
  facet normal 0 -1 0
    outer loop
      vertex -0.244883 -28.8923 1.5
      vertex 0.244883 -28.8923 6.5
      vertex -0.244883 -28.8923 6.5
    endloop
  endfacet
  facet normal 0 -1 -0
    outer loop
      vertex 0.244883 -28.8923 6.5
      vertex -0.244883 -28.8923 1.5
      vertex 0.244883 -28.8923 1.5
    endloop
  endfacet
  facet normal -0.982285 0.187392 0
    outer loop
      vertex -3.86925 -24.5112 1.5
      vertex -3.77747 -24.0301 6.5
      vertex -3.77747 -24.0301 1.5
    endloop
  endfacet
  facet normal -0.982285 0.187392 0
    outer loop
      vertex -3.77747 -24.0301 6.5
      vertex -3.86925 -24.5112 1.5
      vertex -3.86925 -24.5112 6.5
    endloop
  endfacet
  facet normal 0.844373 -0.535756 0
    outer loop
      vertex 3.15517 -27.2924 6.5
      vertex 3.4176 -26.8788 1.5
      vertex 3.4176 -26.8788 6.5
    endloop
  endfacet
  facet normal 0.844373 -0.535756 0
    outer loop
      vertex 3.4176 -26.8788 1.5
      vertex 3.15517 -27.2924 6.5
      vertex 3.15517 -27.2924 1.5
    endloop
  endfacet
  facet normal -0.904809 0.425818 0
    outer loop
      vertex -3.62613 -23.5643 1.5
      vertex -3.4176 -23.1212 6.5
      vertex -3.4176 -23.1212 1.5
    endloop
  endfacet
  facet normal -0.904809 0.425818 0
    outer loop
      vertex -3.4176 -23.1212 6.5
      vertex -3.62613 -23.5643 1.5
      vertex -3.62613 -23.5643 6.5
    endloop
  endfacet
  facet normal 0.770453 -0.637497 0
    outer loop
      vertex 2.84298 -27.6697 6.5
      vertex 3.15517 -27.2924 1.5
      vertex 3.15517 -27.2924 6.5
    endloop
  endfacet
  facet normal 0.770453 -0.637497 0
    outer loop
      vertex 3.15517 -27.2924 1.5
      vertex 2.84298 -27.6697 6.5
      vertex 2.84298 -27.6697 1.5
    endloop
  endfacet
  facet normal -0.368136 -0.929772 0
    outer loop
      vertex -1.66054 -28.5288 1.5
      vertex -1.20517 -28.7091 6.5
      vertex -1.66054 -28.5288 6.5
    endloop
  endfacet
  facet normal -0.368136 -0.929772 -0
    outer loop
      vertex -1.20517 -28.7091 6.5
      vertex -1.66054 -28.5288 1.5
      vertex -1.20517 -28.7091 1.5
    endloop
  endfacet
  facet normal -0.770453 0.637497 0
    outer loop
      vertex -3.15517 -22.7076 1.5
      vertex -2.84298 -22.3303 6.5
      vertex -2.84298 -22.3303 1.5
    endloop
  endfacet
  facet normal -0.770453 0.637497 0
    outer loop
      vertex -2.84298 -22.3303 6.5
      vertex -3.15517 -22.7076 1.5
      vertex -3.15517 -22.7076 6.5
    endloop
  endfacet
  facet normal 0 1 -0
    outer loop
      vertex 0.244883 28.8923 1.5
      vertex -0.244883 28.8923 6.5
      vertex 0.244883 28.8923 6.5
    endloop
  endfacet
  facet normal 0 1 0
    outer loop
      vertex -0.244883 28.8923 6.5
      vertex 0.244883 28.8923 1.5
      vertex -0.244883 28.8923 1.5
    endloop
  endfacet
  facet normal 0.982285 0.187392 0
    outer loop
      vertex 3.86925 25.4888 6.5
      vertex 3.77747 25.9699 1.5
      vertex 3.77747 25.9699 6.5
    endloop
  endfacet
  facet normal 0.982285 0.187392 0
    outer loop
      vertex 3.77747 25.9699 1.5
      vertex 3.86925 25.4888 6.5
      vertex 3.86925 25.4888 1.5
    endloop
  endfacet
  facet normal 0.998027 0.0627851 0
    outer loop
      vertex 3.9 25 6.5
      vertex 3.86925 25.4888 1.5
      vertex 3.86925 25.4888 6.5
    endloop
  endfacet
  facet normal 0.998027 0.0627851 0
    outer loop
      vertex 3.86925 25.4888 1.5
      vertex 3.9 25 6.5
      vertex 3.9 25 1.5
    endloop
  endfacet
  facet normal 0.951061 0.309003 0
    outer loop
      vertex 3.77747 25.9699 6.5
      vertex 3.62613 26.4357 1.5
      vertex 3.62613 26.4357 6.5
    endloop
  endfacet
  facet normal 0.951061 0.309003 0
    outer loop
      vertex 3.62613 26.4357 1.5
      vertex 3.77747 25.9699 6.5
      vertex 3.77747 25.9699 1.5
    endloop
  endfacet
  facet normal -0.368136 -0.929772 0
    outer loop
      vertex -1.66054 21.4712 1.5
      vertex -1.20517 21.2909 6.5
      vertex -1.66054 21.4712 6.5
    endloop
  endfacet
  facet normal -0.368136 -0.929772 -0
    outer loop
      vertex -1.20517 21.2909 6.5
      vertex -1.66054 21.4712 1.5
      vertex -1.20517 21.2909 1.5
    endloop
  endfacet
  facet normal -0.587815 -0.808996 0
    outer loop
      vertex -2.48595 21.995 1.5
      vertex -2.08972 21.7071 6.5
      vertex -2.48595 21.995 6.5
    endloop
  endfacet
  facet normal -0.587815 -0.808996 -0
    outer loop
      vertex -2.08972 21.7071 6.5
      vertex -2.48595 21.995 1.5
      vertex -2.08972 21.7071 1.5
    endloop
  endfacet
  facet normal 0.248688 0.968584 -0
    outer loop
      vertex 1.20517 28.7091 1.5
      vertex 0.730786 28.8309 6.5
      vertex 1.20517 28.7091 6.5
    endloop
  endfacet
  facet normal 0.248688 0.968584 0
    outer loop
      vertex 0.730786 28.8309 6.5
      vertex 1.20517 28.7091 1.5
      vertex 0.730786 28.8309 1.5
    endloop
  endfacet
  facet normal 0.481685 -0.876344 0
    outer loop
      vertex 1.66054 21.4712 1.5
      vertex 2.08972 21.7071 6.5
      vertex 1.66054 21.4712 6.5
    endloop
  endfacet
  facet normal 0.481685 -0.876344 0
    outer loop
      vertex 2.08972 21.7071 6.5
      vertex 1.66054 21.4712 1.5
      vertex 2.08972 21.7071 1.5
    endloop
  endfacet
  facet normal 0.904809 0.425818 0
    outer loop
      vertex 3.62613 26.4357 6.5
      vertex 3.4176 26.8788 1.5
      vertex 3.4176 26.8788 6.5
    endloop
  endfacet
  facet normal 0.904809 0.425818 0
    outer loop
      vertex 3.4176 26.8788 1.5
      vertex 3.62613 26.4357 6.5
      vertex 3.62613 26.4357 1.5
    endloop
  endfacet
  facet normal -0.951061 -0.309003 0
    outer loop
      vertex -3.62613 23.5643 1.5
      vertex -3.77747 24.0301 6.5
      vertex -3.77747 24.0301 1.5
    endloop
  endfacet
  facet normal -0.951061 -0.309003 0
    outer loop
      vertex -3.77747 24.0301 6.5
      vertex -3.62613 23.5643 1.5
      vertex -3.62613 23.5643 6.5
    endloop
  endfacet
  facet normal 0.844373 -0.535756 0
    outer loop
      vertex 3.15517 22.7076 6.5
      vertex 3.4176 23.1212 1.5
      vertex 3.4176 23.1212 6.5
    endloop
  endfacet
  facet normal 0.844373 -0.535756 0
    outer loop
      vertex 3.4176 23.1212 1.5
      vertex 3.15517 22.7076 6.5
      vertex 3.15517 22.7076 1.5
    endloop
  endfacet
  facet normal 0.951061 -0.309003 0
    outer loop
      vertex 3.62613 23.5643 6.5
      vertex 3.77747 24.0301 1.5
      vertex 3.77747 24.0301 6.5
    endloop
  endfacet
  facet normal 0.951061 -0.309003 0
    outer loop
      vertex 3.77747 24.0301 1.5
      vertex 3.62613 23.5643 6.5
      vertex 3.62613 23.5643 1.5
    endloop
  endfacet
  facet normal -0.248688 0.968584 0
    outer loop
      vertex -0.730786 28.8309 1.5
      vertex -1.20517 28.7091 6.5
      vertex -0.730786 28.8309 6.5
    endloop
  endfacet
  facet normal -0.248688 0.968584 0
    outer loop
      vertex -1.20517 28.7091 6.5
      vertex -0.730786 28.8309 1.5
      vertex -1.20517 28.7091 1.5
    endloop
  endfacet
  facet normal -0.844373 -0.535756 0
    outer loop
      vertex -3.15517 22.7076 1.5
      vertex -3.4176 23.1212 6.5
      vertex -3.4176 23.1212 1.5
    endloop
  endfacet
  facet normal -0.844373 -0.535756 0
    outer loop
      vertex -3.4176 23.1212 6.5
      vertex -3.15517 22.7076 1.5
      vertex -3.15517 22.7076 6.5
    endloop
  endfacet
  facet normal -0.982285 -0.187392 0
    outer loop
      vertex -3.77747 24.0301 1.5
      vertex -3.86925 24.5112 6.5
      vertex -3.86925 24.5112 1.5
    endloop
  endfacet
  facet normal -0.982285 -0.187392 0
    outer loop
      vertex -3.86925 24.5112 6.5
      vertex -3.77747 24.0301 1.5
      vertex -3.77747 24.0301 6.5
    endloop
  endfacet
  facet normal 0.368136 -0.929772 0
    outer loop
      vertex 1.20517 21.2909 1.5
      vertex 1.66054 21.4712 6.5
      vertex 1.20517 21.2909 6.5
    endloop
  endfacet
  facet normal 0.368136 -0.929772 0
    outer loop
      vertex 1.66054 21.4712 6.5
      vertex 1.20517 21.2909 1.5
      vertex 1.66054 21.4712 1.5
    endloop
  endfacet
  facet normal 0.125366 0.992111 -0
    outer loop
      vertex 0.730786 28.8309 1.5
      vertex 0.244883 28.8923 6.5
      vertex 0.730786 28.8309 6.5
    endloop
  endfacet
  facet normal 0.125366 0.992111 0
    outer loop
      vertex 0.244883 28.8923 6.5
      vertex 0.730786 28.8309 1.5
      vertex 0.244883 28.8923 1.5
    endloop
  endfacet
  facet normal 0.481685 0.876344 -0
    outer loop
      vertex 2.08972 28.2929 1.5
      vertex 1.66054 28.5288 6.5
      vertex 2.08972 28.2929 6.5
    endloop
  endfacet
  facet normal 0.481685 0.876344 0
    outer loop
      vertex 1.66054 28.5288 6.5
      vertex 2.08972 28.2929 1.5
      vertex 1.66054 28.5288 1.5
    endloop
  endfacet
  facet normal 0.844373 0.535756 0
    outer loop
      vertex 3.4176 26.8788 6.5
      vertex 3.15517 27.2924 1.5
      vertex 3.15517 27.2924 6.5
    endloop
  endfacet
  facet normal 0.844373 0.535756 0
    outer loop
      vertex 3.15517 27.2924 1.5
      vertex 3.4176 26.8788 6.5
      vertex 3.4176 26.8788 1.5
    endloop
  endfacet
  facet normal 0.684576 0.728942 -0
    outer loop
      vertex 2.84298 27.6697 1.5
      vertex 2.48595 28.005 6.5
      vertex 2.84298 27.6697 6.5
    endloop
  endfacet
  facet normal 0.684576 0.728942 0
    outer loop
      vertex 2.48595 28.005 6.5
      vertex 2.84298 27.6697 1.5
      vertex 2.48595 28.005 1.5
    endloop
  endfacet
  facet normal -0.481685 0.876344 0
    outer loop
      vertex -1.66054 28.5288 1.5
      vertex -2.08972 28.2929 6.5
      vertex -1.66054 28.5288 6.5
    endloop
  endfacet
  facet normal -0.481685 0.876344 0
    outer loop
      vertex -2.08972 28.2929 6.5
      vertex -1.66054 28.5288 1.5
      vertex -2.08972 28.2929 1.5
    endloop
  endfacet
  facet normal -0.587815 0.808996 0
    outer loop
      vertex -2.08972 28.2929 1.5
      vertex -2.48595 28.005 6.5
      vertex -2.08972 28.2929 6.5
    endloop
  endfacet
  facet normal -0.587815 0.808996 0
    outer loop
      vertex -2.48595 28.005 6.5
      vertex -2.08972 28.2929 1.5
      vertex -2.48595 28.005 1.5
    endloop
  endfacet
  facet normal -0.770453 -0.637497 0
    outer loop
      vertex -2.84298 22.3303 1.5
      vertex -3.15517 22.7076 6.5
      vertex -3.15517 22.7076 1.5
    endloop
  endfacet
  facet normal -0.770453 -0.637497 0
    outer loop
      vertex -3.15517 22.7076 6.5
      vertex -2.84298 22.3303 1.5
      vertex -2.84298 22.3303 6.5
    endloop
  endfacet
  facet normal 0.770453 0.637497 0
    outer loop
      vertex 3.15517 27.2924 6.5
      vertex 2.84298 27.6697 1.5
      vertex 2.84298 27.6697 6.5
    endloop
  endfacet
  facet normal 0.770453 0.637497 0
    outer loop
      vertex 2.84298 27.6697 1.5
      vertex 3.15517 27.2924 6.5
      vertex 3.15517 27.2924 1.5
    endloop
  endfacet
  facet normal 0.982285 -0.187392 0
    outer loop
      vertex 3.77747 24.0301 6.5
      vertex 3.86925 24.5112 1.5
      vertex 3.86925 24.5112 6.5
    endloop
  endfacet
  facet normal 0.982285 -0.187392 0
    outer loop
      vertex 3.86925 24.5112 1.5
      vertex 3.77747 24.0301 6.5
      vertex 3.77747 24.0301 1.5
    endloop
  endfacet
  facet normal -0.998027 0.0627851 0
    outer loop
      vertex -3.9 25 1.5
      vertex -3.86925 25.4888 6.5
      vertex -3.86925 25.4888 1.5
    endloop
  endfacet
  facet normal -0.998027 0.0627851 0
    outer loop
      vertex -3.86925 25.4888 6.5
      vertex -3.9 25 1.5
      vertex -3.9 25 6.5
    endloop
  endfacet
  facet normal 0.998027 -0.0627851 0
    outer loop
      vertex 3.86925 24.5112 6.5
      vertex 3.9 25 1.5
      vertex 3.9 25 6.5
    endloop
  endfacet
  facet normal 0.998027 -0.0627851 0
    outer loop
      vertex 3.9 25 1.5
      vertex 3.86925 24.5112 6.5
      vertex 3.86925 24.5112 1.5
    endloop
  endfacet
  facet normal -0.904809 -0.425818 0
    outer loop
      vertex -3.4176 23.1212 1.5
      vertex -3.62613 23.5643 6.5
      vertex -3.62613 23.5643 1.5
    endloop
  endfacet
  facet normal -0.904809 -0.425818 0
    outer loop
      vertex -3.62613 23.5643 6.5
      vertex -3.4176 23.1212 1.5
      vertex -3.4176 23.1212 6.5
    endloop
  endfacet
  facet normal 0.248688 -0.968584 0
    outer loop
      vertex 0.730786 21.1691 1.5
      vertex 1.20517 21.2909 6.5
      vertex 0.730786 21.1691 6.5
    endloop
  endfacet
  facet normal 0.248688 -0.968584 0
    outer loop
      vertex 1.20517 21.2909 6.5
      vertex 0.730786 21.1691 1.5
      vertex 1.20517 21.2909 1.5
    endloop
  endfacet
  facet normal 0.368136 0.929772 -0
    outer loop
      vertex 1.66054 28.5288 1.5
      vertex 1.20517 28.7091 6.5
      vertex 1.66054 28.5288 6.5
    endloop
  endfacet
  facet normal 0.368136 0.929772 0
    outer loop
      vertex 1.20517 28.7091 6.5
      vertex 1.66054 28.5288 1.5
      vertex 1.20517 28.7091 1.5
    endloop
  endfacet
  facet normal -0.904809 0.425818 0
    outer loop
      vertex -3.62613 26.4357 1.5
      vertex -3.4176 26.8788 6.5
      vertex -3.4176 26.8788 1.5
    endloop
  endfacet
  facet normal -0.904809 0.425818 0
    outer loop
      vertex -3.4176 26.8788 6.5
      vertex -3.62613 26.4357 1.5
      vertex -3.62613 26.4357 6.5
    endloop
  endfacet
  facet normal 0.904809 -0.425818 0
    outer loop
      vertex 3.4176 23.1212 6.5
      vertex 3.62613 23.5643 1.5
      vertex 3.62613 23.5643 6.5
    endloop
  endfacet
  facet normal 0.904809 -0.425818 0
    outer loop
      vertex 3.62613 23.5643 1.5
      vertex 3.4176 23.1212 6.5
      vertex 3.4176 23.1212 1.5
    endloop
  endfacet
  facet normal -0.684576 -0.728942 0
    outer loop
      vertex -2.84298 22.3303 1.5
      vertex -2.48595 21.995 6.5
      vertex -2.84298 22.3303 6.5
    endloop
  endfacet
  facet normal -0.684576 -0.728942 -0
    outer loop
      vertex -2.48595 21.995 6.5
      vertex -2.84298 22.3303 1.5
      vertex -2.48595 21.995 1.5
    endloop
  endfacet
  facet normal -0.248688 -0.968584 0
    outer loop
      vertex -1.20517 21.2909 1.5
      vertex -0.730786 21.1691 6.5
      vertex -1.20517 21.2909 6.5
    endloop
  endfacet
  facet normal -0.248688 -0.968584 -0
    outer loop
      vertex -0.730786 21.1691 6.5
      vertex -1.20517 21.2909 1.5
      vertex -0.730786 21.1691 1.5
    endloop
  endfacet
  facet normal 0.587815 0.808996 -0
    outer loop
      vertex 2.48595 28.005 1.5
      vertex 2.08972 28.2929 6.5
      vertex 2.48595 28.005 6.5
    endloop
  endfacet
  facet normal 0.587815 0.808996 0
    outer loop
      vertex 2.08972 28.2929 6.5
      vertex 2.48595 28.005 1.5
      vertex 2.08972 28.2929 1.5
    endloop
  endfacet
  facet normal -0.684576 0.728942 0
    outer loop
      vertex -2.48595 28.005 1.5
      vertex -2.84298 27.6697 6.5
      vertex -2.48595 28.005 6.5
    endloop
  endfacet
  facet normal -0.684576 0.728942 0
    outer loop
      vertex -2.84298 27.6697 6.5
      vertex -2.48595 28.005 1.5
      vertex -2.84298 27.6697 1.5
    endloop
  endfacet
  facet normal 0.587815 -0.808996 0
    outer loop
      vertex 2.08972 21.7071 1.5
      vertex 2.48595 21.995 6.5
      vertex 2.08972 21.7071 6.5
    endloop
  endfacet
  facet normal 0.587815 -0.808996 0
    outer loop
      vertex 2.48595 21.995 6.5
      vertex 2.08972 21.7071 1.5
      vertex 2.48595 21.995 1.5
    endloop
  endfacet
  facet normal -0.368136 0.929772 0
    outer loop
      vertex -1.20517 28.7091 1.5
      vertex -1.66054 28.5288 6.5
      vertex -1.20517 28.7091 6.5
    endloop
  endfacet
  facet normal -0.368136 0.929772 0
    outer loop
      vertex -1.66054 28.5288 6.5
      vertex -1.20517 28.7091 1.5
      vertex -1.66054 28.5288 1.5
    endloop
  endfacet
  facet normal 0 -1 0
    outer loop
      vertex -0.244883 21.1077 1.5
      vertex 0.244883 21.1077 6.5
      vertex -0.244883 21.1077 6.5
    endloop
  endfacet
  facet normal 0 -1 -0
    outer loop
      vertex 0.244883 21.1077 6.5
      vertex -0.244883 21.1077 1.5
      vertex 0.244883 21.1077 1.5
    endloop
  endfacet
  facet normal -0.481685 -0.876344 0
    outer loop
      vertex -2.08972 21.7071 1.5
      vertex -1.66054 21.4712 6.5
      vertex -2.08972 21.7071 6.5
    endloop
  endfacet
  facet normal -0.481685 -0.876344 -0
    outer loop
      vertex -1.66054 21.4712 6.5
      vertex -2.08972 21.7071 1.5
      vertex -1.66054 21.4712 1.5
    endloop
  endfacet
  facet normal 0.125366 -0.992111 0
    outer loop
      vertex 0.244883 21.1077 1.5
      vertex 0.730786 21.1691 6.5
      vertex 0.244883 21.1077 6.5
    endloop
  endfacet
  facet normal 0.125366 -0.992111 0
    outer loop
      vertex 0.730786 21.1691 6.5
      vertex 0.244883 21.1077 1.5
      vertex 0.730786 21.1691 1.5
    endloop
  endfacet
  facet normal -0.998027 -0.0627851 0
    outer loop
      vertex -3.86925 24.5112 1.5
      vertex -3.9 25 6.5
      vertex -3.9 25 1.5
    endloop
  endfacet
  facet normal -0.998027 -0.0627851 0
    outer loop
      vertex -3.9 25 6.5
      vertex -3.86925 24.5112 1.5
      vertex -3.86925 24.5112 6.5
    endloop
  endfacet
  facet normal -0.770453 0.637497 0
    outer loop
      vertex -3.15517 27.2924 1.5
      vertex -2.84298 27.6697 6.5
      vertex -2.84298 27.6697 1.5
    endloop
  endfacet
  facet normal -0.770453 0.637497 0
    outer loop
      vertex -2.84298 27.6697 6.5
      vertex -3.15517 27.2924 1.5
      vertex -3.15517 27.2924 6.5
    endloop
  endfacet
  facet normal -0.982285 0.187392 0
    outer loop
      vertex -3.86925 25.4888 1.5
      vertex -3.77747 25.9699 6.5
      vertex -3.77747 25.9699 1.5
    endloop
  endfacet
  facet normal -0.982285 0.187392 0
    outer loop
      vertex -3.77747 25.9699 6.5
      vertex -3.86925 25.4888 1.5
      vertex -3.86925 25.4888 6.5
    endloop
  endfacet
  facet normal -0.844373 0.535756 0
    outer loop
      vertex -3.4176 26.8788 1.5
      vertex -3.15517 27.2924 6.5
      vertex -3.15517 27.2924 1.5
    endloop
  endfacet
  facet normal -0.844373 0.535756 0
    outer loop
      vertex -3.15517 27.2924 6.5
      vertex -3.4176 26.8788 1.5
      vertex -3.4176 26.8788 6.5
    endloop
  endfacet
  facet normal -0.125366 0.992111 0
    outer loop
      vertex -0.244883 28.8923 1.5
      vertex -0.730786 28.8309 6.5
      vertex -0.244883 28.8923 6.5
    endloop
  endfacet
  facet normal -0.125366 0.992111 0
    outer loop
      vertex -0.730786 28.8309 6.5
      vertex -0.244883 28.8923 1.5
      vertex -0.730786 28.8309 1.5
    endloop
  endfacet
  facet normal -0.125366 -0.992111 0
    outer loop
      vertex -0.730786 21.1691 1.5
      vertex -0.244883 21.1077 6.5
      vertex -0.730786 21.1691 6.5
    endloop
  endfacet
  facet normal -0.125366 -0.992111 -0
    outer loop
      vertex -0.244883 21.1077 6.5
      vertex -0.730786 21.1691 1.5
      vertex -0.244883 21.1077 1.5
    endloop
  endfacet
  facet normal 0.684576 -0.728942 0
    outer loop
      vertex 2.48595 21.995 1.5
      vertex 2.84298 22.3303 6.5
      vertex 2.48595 21.995 6.5
    endloop
  endfacet
  facet normal 0.684576 -0.728942 0
    outer loop
      vertex 2.84298 22.3303 6.5
      vertex 2.48595 21.995 1.5
      vertex 2.84298 22.3303 1.5
    endloop
  endfacet
  facet normal 0.770453 -0.637497 0
    outer loop
      vertex 2.84298 22.3303 6.5
      vertex 3.15517 22.7076 1.5
      vertex 3.15517 22.7076 6.5
    endloop
  endfacet
  facet normal 0.770453 -0.637497 0
    outer loop
      vertex 3.15517 22.7076 1.5
      vertex 2.84298 22.3303 6.5
      vertex 2.84298 22.3303 1.5
    endloop
  endfacet
  facet normal -0.951061 0.309003 0
    outer loop
      vertex -3.77747 25.9699 1.5
      vertex -3.62613 26.4357 6.5
      vertex -3.62613 26.4357 1.5
    endloop
  endfacet
  facet normal -0.951061 0.309003 0
    outer loop
      vertex -3.62613 26.4357 6.5
      vertex -3.77747 25.9699 1.5
      vertex -3.77747 25.9699 6.5
    endloop
  endfacet
  facet normal 0 0 1
    outer loop
      vertex 1 25 6.5
      vertex 3.9 25 6.5
      vertex 3.86925 25.4888 6.5
    endloop
  endfacet
  facet normal 0 0 1
    outer loop
      vertex 1 25 6.5
      vertex 3.86925 25.4888 6.5
      vertex 3.77747 25.9699 6.5
    endloop
  endfacet
  facet normal 0 0 1
    outer loop
      vertex 3.9 25 6.5
      vertex 1 25 6.5
      vertex 3.86925 24.5112 6.5
    endloop
  endfacet
  facet normal 0 0 1
    outer loop
      vertex 0.885455 25.4647 6.5
      vertex 3.77747 25.9699 6.5
      vertex 3.62613 26.4357 6.5
    endloop
  endfacet
  facet normal 0 0 1
    outer loop
      vertex 3.86925 24.5112 6.5
      vertex 1 25 6.5
      vertex 3.77747 24.0301 6.5
    endloop
  endfacet
  facet normal 0 0 1
    outer loop
      vertex 0.885455 25.4647 6.5
      vertex 3.62613 26.4357 6.5
      vertex 3.4176 26.8788 6.5
    endloop
  endfacet
  facet normal -0 0 1
    outer loop
      vertex 0.885455 24.5353 6.5
      vertex 3.77747 24.0301 6.5
      vertex 1 25 6.5
    endloop
  endfacet
  facet normal 0 0 1
    outer loop
      vertex 0.885455 25.4647 6.5
      vertex 3.4176 26.8788 6.5
      vertex 3.15517 27.2924 6.5
    endloop
  endfacet
  facet normal 0 0 1
    outer loop
      vertex 3.77747 24.0301 6.5
      vertex 0.885455 24.5353 6.5
      vertex 3.62613 23.5643 6.5
    endloop
  endfacet
  facet normal 0 0 1
    outer loop
      vertex 0.885455 25.4647 6.5
      vertex 3.15517 27.2924 6.5
      vertex 2.84298 27.6697 6.5
    endloop
  endfacet
  facet normal 0 0 1
    outer loop
      vertex 3.62613 23.5643 6.5
      vertex 0.885455 24.5353 6.5
      vertex 3.4176 23.1212 6.5
    endloop
  endfacet
  facet normal 0 0 1
    outer loop
      vertex 0.568065 25.823 6.5
      vertex 2.84298 27.6697 6.5
      vertex 2.48595 28.005 6.5
    endloop
  endfacet
  facet normal 0 0 1
    outer loop
      vertex 3.4176 23.1212 6.5
      vertex 0.885455 24.5353 6.5
      vertex 3.15517 22.7076 6.5
    endloop
  endfacet
  facet normal 0 0 1
    outer loop
      vertex 0.568065 25.823 6.5
      vertex 2.48595 28.005 6.5
      vertex 2.08972 28.2929 6.5
    endloop
  endfacet
  facet normal 0 0 1
    outer loop
      vertex 3.15517 22.7076 6.5
      vertex 0.885455 24.5353 6.5
      vertex 2.84298 22.3303 6.5
    endloop
  endfacet
  facet normal 0 0 1
    outer loop
      vertex 0.568065 25.823 6.5
      vertex 2.08972 28.2929 6.5
      vertex 1.66054 28.5288 6.5
    endloop
  endfacet
  facet normal -0 0 1
    outer loop
      vertex 0.568065 24.177 6.5
      vertex 2.84298 22.3303 6.5
      vertex 0.885455 24.5353 6.5
    endloop
  endfacet
  facet normal 0 0 1
    outer loop
      vertex 0.568065 25.823 6.5
      vertex 1.66054 28.5288 6.5
      vertex 1.20517 28.7091 6.5
    endloop
  endfacet
  facet normal 0 0 1
    outer loop
      vertex 2.84298 22.3303 6.5
      vertex 0.568065 24.177 6.5
      vertex 2.48595 21.995 6.5
    endloop
  endfacet
  facet normal 0 0 1
    outer loop
      vertex 2.48595 21.995 6.5
      vertex 0.568065 24.177 6.5
      vertex 2.08972 21.7071 6.5
    endloop
  endfacet
  facet normal 0 0 1
    outer loop
      vertex 3.77747 25.9699 6.5
      vertex 0.885455 25.4647 6.5
      vertex 1 25 6.5
    endloop
  endfacet
  facet normal 0 0 1
    outer loop
      vertex 0.120536 25.9927 6.5
      vertex 1.20517 28.7091 6.5
      vertex 0.730786 28.8309 6.5
    endloop
  endfacet
  facet normal 0 0 1
    outer loop
      vertex 2.84298 27.6697 6.5
      vertex 0.568065 25.823 6.5
      vertex 0.885455 25.4647 6.5
    endloop
  endfacet
  facet normal 0 0 1
    outer loop
      vertex 0.120536 25.9927 6.5
      vertex 0.730786 28.8309 6.5
      vertex 0.244883 28.8923 6.5
    endloop
  endfacet
  facet normal 0 0 1
    outer loop
      vertex 1.20517 28.7091 6.5
      vertex 0.120536 25.9927 6.5
      vertex 0.568065 25.823 6.5
    endloop
  endfacet
  facet normal -0 0 1
    outer loop
      vertex -0.244883 28.8923 6.5
      vertex 0.120536 25.9927 6.5
      vertex 0.244883 28.8923 6.5
    endloop
  endfacet
  facet normal 0 0 1
    outer loop
      vertex -0.244883 28.8923 6.5
      vertex -0.354605 25.935 6.5
      vertex 0.120536 25.9927 6.5
    endloop
  endfacet
  facet normal -0 0 1
    outer loop
      vertex -0.730786 28.8309 6.5
      vertex -0.354605 25.935 6.5
      vertex -0.244883 28.8923 6.5
    endloop
  endfacet
  facet normal -0 0 1
    outer loop
      vertex -1.20517 28.7091 6.5
      vertex -0.354605 25.935 6.5
      vertex -0.730786 28.8309 6.5
    endloop
  endfacet
  facet normal -0 0 1
    outer loop
      vertex -1.66054 28.5288 6.5
      vertex -0.354605 25.935 6.5
      vertex -1.20517 28.7091 6.5
    endloop
  endfacet
  facet normal 0 0 1
    outer loop
      vertex -0.354605 25.935 6.5
      vertex -2.08972 28.2929 6.5
      vertex -0.74851 25.6631 6.5
    endloop
  endfacet
  facet normal -0 0 1
    outer loop
      vertex -2.08972 28.2929 6.5
      vertex -0.354605 25.935 6.5
      vertex -1.66054 28.5288 6.5
    endloop
  endfacet
  facet normal 0 0 1
    outer loop
      vertex 2.08972 21.7071 6.5
      vertex 0.568065 24.177 6.5
      vertex 1.66054 21.4712 6.5
    endloop
  endfacet
  facet normal 0 0 1
    outer loop
      vertex 1.66054 21.4712 6.5
      vertex 0.568065 24.177 6.5
      vertex 1.20517 21.2909 6.5
    endloop
  endfacet
  facet normal -0 0 1
    outer loop
      vertex 0.120536 24.0073 6.5
      vertex 1.20517 21.2909 6.5
      vertex 0.568065 24.177 6.5
    endloop
  endfacet
  facet normal 0 0 1
    outer loop
      vertex 1.20517 21.2909 6.5
      vertex 0.120536 24.0073 6.5
      vertex 0.730786 21.1691 6.5
    endloop
  endfacet
  facet normal 0 0 1
    outer loop
      vertex 0.730786 21.1691 6.5
      vertex 0.120536 24.0073 6.5
      vertex 0.244883 21.1077 6.5
    endloop
  endfacet
  facet normal 0 0 1
    outer loop
      vertex 0.120536 24.0073 6.5
      vertex -0.244883 21.1077 6.5
      vertex 0.244883 21.1077 6.5
    endloop
  endfacet
  facet normal 0 0 1
    outer loop
      vertex -0.354605 24.065 6.5
      vertex -0.244883 21.1077 6.5
      vertex 0.120536 24.0073 6.5
    endloop
  endfacet
  facet normal 0 0 1
    outer loop
      vertex -0.354605 24.065 6.5
      vertex -0.730786 21.1691 6.5
      vertex -0.244883 21.1077 6.5
    endloop
  endfacet
  facet normal 0 0 1
    outer loop
      vertex -2.08972 21.7071 6.5
      vertex -0.354605 24.065 6.5
      vertex -0.74851 24.3369 6.5
    endloop
  endfacet
  facet normal 0 0 1
    outer loop
      vertex -3.4176 23.1212 6.5
      vertex -0.74851 24.3369 6.5
      vertex -0.970942 24.7607 6.5
    endloop
  endfacet
  facet normal 0 0 1
    outer loop
      vertex -0.354605 24.065 6.5
      vertex -1.20517 21.2909 6.5
      vertex -0.730786 21.1691 6.5
    endloop
  endfacet
  facet normal -0 0 1
    outer loop
      vertex -2.48595 28.005 6.5
      vertex -0.74851 25.6631 6.5
      vertex -2.08972 28.2929 6.5
    endloop
  endfacet
  facet normal -0 0 1
    outer loop
      vertex -2.84298 27.6697 6.5
      vertex -0.74851 25.6631 6.5
      vertex -2.48595 28.005 6.5
    endloop
  endfacet
  facet normal 0 0 1
    outer loop
      vertex -0.354605 24.065 6.5
      vertex -1.66054 21.4712 6.5
      vertex -1.20517 21.2909 6.5
    endloop
  endfacet
  facet normal -0 0 1
    outer loop
      vertex -3.15517 27.2924 6.5
      vertex -0.74851 25.6631 6.5
      vertex -2.84298 27.6697 6.5
    endloop
  endfacet
  facet normal 0 0 1
    outer loop
      vertex -0.354605 24.065 6.5
      vertex -2.08972 21.7071 6.5
      vertex -1.66054 21.4712 6.5
    endloop
  endfacet
  facet normal -0 0 1
    outer loop
      vertex -3.4176 26.8788 6.5
      vertex -0.74851 25.6631 6.5
      vertex -3.15517 27.2924 6.5
    endloop
  endfacet
  facet normal 0 0 1
    outer loop
      vertex -0.74851 24.3369 6.5
      vertex -2.48595 21.995 6.5
      vertex -2.08972 21.7071 6.5
    endloop
  endfacet
  facet normal 0 0 1
    outer loop
      vertex -0.74851 25.6631 6.5
      vertex -3.4176 26.8788 6.5
      vertex -0.970942 25.2393 6.5
    endloop
  endfacet
  facet normal 0 0 1
    outer loop
      vertex -0.74851 24.3369 6.5
      vertex -2.84298 22.3303 6.5
      vertex -2.48595 21.995 6.5
    endloop
  endfacet
  facet normal -0 0 1
    outer loop
      vertex -3.62613 26.4357 6.5
      vertex -0.970942 25.2393 6.5
      vertex -3.4176 26.8788 6.5
    endloop
  endfacet
  facet normal 0 0 1
    outer loop
      vertex -0.74851 24.3369 6.5
      vertex -3.15517 22.7076 6.5
      vertex -2.84298 22.3303 6.5
    endloop
  endfacet
  facet normal -0 0 1
    outer loop
      vertex -3.77747 25.9699 6.5
      vertex -0.970942 25.2393 6.5
      vertex -3.62613 26.4357 6.5
    endloop
  endfacet
  facet normal 0 0 1
    outer loop
      vertex -0.74851 24.3369 6.5
      vertex -3.4176 23.1212 6.5
      vertex -3.15517 22.7076 6.5
    endloop
  endfacet
  facet normal -0 0 1
    outer loop
      vertex -3.86925 25.4888 6.5
      vertex -0.970942 25.2393 6.5
      vertex -3.77747 25.9699 6.5
    endloop
  endfacet
  facet normal 0 0 1
    outer loop
      vertex -0.970942 24.7607 6.5
      vertex -3.62613 23.5643 6.5
      vertex -3.4176 23.1212 6.5
    endloop
  endfacet
  facet normal 0 0 1
    outer loop
      vertex -3.9 25 6.5
      vertex -0.970942 25.2393 6.5
      vertex -3.86925 25.4888 6.5
    endloop
  endfacet
  facet normal 0 0 1
    outer loop
      vertex -0.970942 24.7607 6.5
      vertex -3.77747 24.0301 6.5
      vertex -3.62613 23.5643 6.5
    endloop
  endfacet
  facet normal 0 0 1
    outer loop
      vertex -0.970942 25.2393 6.5
      vertex -3.9 25 6.5
      vertex -0.970942 24.7607 6.5
    endloop
  endfacet
  facet normal 0 0 1
    outer loop
      vertex -0.970942 24.7607 6.5
      vertex -3.86925 24.5112 6.5
      vertex -3.77747 24.0301 6.5
    endloop
  endfacet
  facet normal 0 0 1
    outer loop
      vertex -0.970942 24.7607 6.5
      vertex -3.9 25 6.5
      vertex -3.86925 24.5112 6.5
    endloop
  endfacet
  facet normal 1 -0 0
    outer loop
      vertex 20 -12.5 5.7
      vertex 20 12.5 0
      vertex 20 12.5 5.7
    endloop
  endfacet
  facet normal 1 0 0
    outer loop
      vertex 20 12.5 0
      vertex 20 -12.5 5.7
      vertex 20 -12.5 0
    endloop
  endfacet
  facet normal 0 0 1
    outer loop
      vertex 5.9 2.36714 5.7
      vertex -4.43193 6.67702 5.7
      vertex 5.9 -2.36714 5.7
    endloop
  endfacet
  facet normal 0 0 1
    outer loop
      vertex 5.9 -2.36714 5.7
      vertex -4.11454 -7.03528 5.7
      vertex -4 -7.5 5.7
    endloop
  endfacet
  facet normal 0 0 1
    outer loop
      vertex -4.43193 -6.67702 5.7
      vertex 5.9 -2.36714 5.7
      vertex -4.43193 6.67702 5.7
    endloop
  endfacet
  facet normal 0 0 1
    outer loop
      vertex 5.9 -2.36714 5.7
      vertex -4.43193 -6.67702 5.7
      vertex -4.11454 -7.03528 5.7
    endloop
  endfacet
  facet normal -0 0 1
    outer loop
      vertex -4.87946 6.50729 5.7
      vertex -4.43193 -6.67702 5.7
      vertex -4.43193 6.67702 5.7
    endloop
  endfacet
  facet normal 0 0 1
    outer loop
      vertex -4.87946 6.50729 5.7
      vertex -4.87946 -6.50729 5.7
      vertex -4.43193 -6.67702 5.7
    endloop
  endfacet
  facet normal 0 0 1
    outer loop
      vertex -5.3546 6.56498 5.7
      vertex -4.87946 -6.50729 5.7
      vertex -4.87946 6.50729 5.7
    endloop
  endfacet
  facet normal 0 0 1
    outer loop
      vertex -5.3546 6.56498 5.7
      vertex -5.3546 -6.56498 5.7
      vertex -4.87946 -6.50729 5.7
    endloop
  endfacet
  facet normal 0 0 1
    outer loop
      vertex -5.74851 6.83688 5.7
      vertex -5.3546 -6.56498 5.7
      vertex -5.3546 6.56498 5.7
    endloop
  endfacet
  facet normal 0 0 1
    outer loop
      vertex -5.74851 6.83688 5.7
      vertex -5.74851 -6.83688 5.7
      vertex -5.3546 -6.56498 5.7
    endloop
  endfacet
  facet normal 0 0 1
    outer loop
      vertex -5.97094 7.26068 5.7
      vertex -5.74851 -6.83688 5.7
      vertex -5.74851 6.83688 5.7
    endloop
  endfacet
  facet normal 0 0 1
    outer loop
      vertex -5.74851 -6.83688 5.7
      vertex -5.97094 7.26068 5.7
      vertex -5.97094 -7.26068 5.7
    endloop
  endfacet
  facet normal -0 0 1
    outer loop
      vertex 15.8855 -7.03528 5.7
      vertex 20 -12.5 5.7
      vertex 15.8855 7.03528 5.7
    endloop
  endfacet
  facet normal 0 0 1
    outer loop
      vertex 20 -12.5 5.7
      vertex 15.8855 -7.03528 5.7
      vertex 16 -7.5 5.7
    endloop
  endfacet
  facet normal 0 0 1
    outer loop
      vertex 14.1 2.36714 5.7
      vertex 15.8855 7.03528 5.7
      vertex 15.5681 6.67702 5.7
    endloop
  endfacet
  facet normal 0 0 1
    outer loop
      vertex 15.8855 7.03528 5.7
      vertex 14.1 2.36714 5.7
      vertex 15.8855 -7.03528 5.7
    endloop
  endfacet
  facet normal 0 0 1
    outer loop
      vertex 14.1 2.36714 5.7
      vertex 15.5681 6.67702 5.7
      vertex 15.1205 6.50729 5.7
    endloop
  endfacet
  facet normal -0 0 1
    outer loop
      vertex 14.1 -2.36714 5.7
      vertex 15.8855 -7.03528 5.7
      vertex 14.1 2.36714 5.7
    endloop
  endfacet
  facet normal 0 0 1
    outer loop
      vertex 14.1 2.36714 5.7
      vertex 15.1205 6.50729 5.7
      vertex 14.6454 6.56498 5.7
    endloop
  endfacet
  facet normal 0 0 1
    outer loop
      vertex 15.8855 -7.03528 5.7
      vertex 14.1 -2.36714 5.7
      vertex 15.5681 -6.67702 5.7
    endloop
  endfacet
  facet normal 0 0 1
    outer loop
      vertex 14.1 2.36714 5.7
      vertex 14.6454 6.56498 5.7
      vertex 14.2515 6.83688 5.7
    endloop
  endfacet
  facet normal 0 0 1
    outer loop
      vertex 15.5681 -6.67702 5.7
      vertex 14.1 -2.36714 5.7
      vertex 15.1205 -6.50729 5.7
    endloop
  endfacet
  facet normal 0 0 1
    outer loop
      vertex 15.1205 -6.50729 5.7
      vertex 14.1 -2.36714 5.7
      vertex 14.6454 -6.56498 5.7
    endloop
  endfacet
  facet normal 0 0 1
    outer loop
      vertex 10 4.73427 5.7
      vertex 14.2515 6.83688 5.7
      vertex 14.0291 7.26068 5.7
    endloop
  endfacet
  facet normal 0 0 1
    outer loop
      vertex 14.2515 6.83688 5.7
      vertex 10 4.73427 5.7
      vertex 14.1 2.36714 5.7
    endloop
  endfacet
  facet normal 0 0 1
    outer loop
      vertex 15.8855 7.03528 5.7
      vertex 20 12.5 5.7
      vertex 16 7.5 5.7
    endloop
  endfacet
  facet normal 0 0 1
    outer loop
      vertex 20 12.5 5.7
      vertex 15.8855 7.96472 5.7
      vertex 16 7.5 5.7
    endloop
  endfacet
  facet normal 0 0 1
    outer loop
      vertex 20 12.5 5.7
      vertex 15.5681 8.32298 5.7
      vertex 15.8855 7.96472 5.7
    endloop
  endfacet
  facet normal 0 0 1
    outer loop
      vertex 20 12.5 5.7
      vertex 15.1205 8.49271 5.7
      vertex 15.5681 8.32298 5.7
    endloop
  endfacet
  facet normal 0 0 1
    outer loop
      vertex 20 12.5 5.7
      vertex 14.6454 8.43502 5.7
      vertex 15.1205 8.49271 5.7
    endloop
  endfacet
  facet normal 0 0 1
    outer loop
      vertex -4.43193 8.32298 5.7
      vertex 14.6454 8.43502 5.7
      vertex 20 12.5 5.7
    endloop
  endfacet
  facet normal 0 0 1
    outer loop
      vertex 14.0291 7.73932 5.7
      vertex 10 4.73427 5.7
      vertex 14.0291 7.26068 5.7
    endloop
  endfacet
  facet normal 0 0 1
    outer loop
      vertex 14.2515 8.16312 5.7
      vertex 10 4.73427 5.7
      vertex 14.0291 7.73932 5.7
    endloop
  endfacet
  facet normal -0 0 1
    outer loop
      vertex -4.11454 7.96472 5.7
      vertex 10 4.73427 5.7
      vertex 14.2515 8.16312 5.7
    endloop
  endfacet
  facet normal 0 0 1
    outer loop
      vertex 14.6454 8.43502 5.7
      vertex -4.43193 8.32298 5.7
      vertex 14.2515 8.16312 5.7
    endloop
  endfacet
  facet normal -0 0 1
    outer loop
      vertex -4.11454 7.03528 5.7
      vertex 5.9 2.36714 5.7
      vertex -4 7.5 5.7
    endloop
  endfacet
  facet normal 0 0 1
    outer loop
      vertex 10 4.73427 5.7
      vertex -4.11454 7.96472 5.7
      vertex 5.9 2.36714 5.7
    endloop
  endfacet
  facet normal 0 0 1
    outer loop
      vertex 5.9 2.36714 5.7
      vertex -4.11454 7.96472 5.7
      vertex -4 7.5 5.7
    endloop
  endfacet
  facet normal 0 0 1
    outer loop
      vertex 14.2515 8.16312 5.7
      vertex -4.43193 8.32298 5.7
      vertex -4.11454 7.96472 5.7
    endloop
  endfacet
  facet normal -0 0 1
    outer loop
      vertex -10 12.5 5.7
      vertex -4.43193 8.32298 5.7
      vertex 20 12.5 5.7
    endloop
  endfacet
  facet normal 0 0 1
    outer loop
      vertex -4.43193 8.32298 5.7
      vertex -10 12.5 5.7
      vertex -4.87946 8.49271 5.7
    endloop
  endfacet
  facet normal 0 0 1
    outer loop
      vertex -10 12.5 5.7
      vertex -5.97094 7.26068 5.7
      vertex -5.97094 7.73932 5.7
    endloop
  endfacet
  facet normal 0 0 1
    outer loop
      vertex -5.97094 7.26068 5.7
      vertex -10 12.5 5.7
      vertex -5.97094 -7.26068 5.7
    endloop
  endfacet
  facet normal 0 0 1
    outer loop
      vertex -10 -12.5 5.7
      vertex -5.97094 -7.26068 5.7
      vertex -10 12.5 5.7
    endloop
  endfacet
  facet normal 0 0 1
    outer loop
      vertex -5.74851 8.16312 5.7
      vertex -10 12.5 5.7
      vertex -5.97094 7.73932 5.7
    endloop
  endfacet
  facet normal 0 0 1
    outer loop
      vertex -5.3546 8.43502 5.7
      vertex -10 12.5 5.7
      vertex -5.74851 8.16312 5.7
    endloop
  endfacet
  facet normal 0 0 1
    outer loop
      vertex -4.87946 8.49271 5.7
      vertex -10 12.5 5.7
      vertex -5.3546 8.43502 5.7
    endloop
  endfacet
  facet normal 0 0 1
    outer loop
      vertex 20 12.5 5.7
      vertex 15.8855 7.03528 5.7
      vertex 20 -12.5 5.7
    endloop
  endfacet
  facet normal -0 0 1
    outer loop
      vertex 15.8855 -7.96472 5.7
      vertex 20 -12.5 5.7
      vertex 16 -7.5 5.7
    endloop
  endfacet
  facet normal -0 0 1
    outer loop
      vertex 15.5681 -8.32298 5.7
      vertex 20 -12.5 5.7
      vertex 15.8855 -7.96472 5.7
    endloop
  endfacet
  facet normal -0 0 1
    outer loop
      vertex 15.1205 -8.49271 5.7
      vertex 20 -12.5 5.7
      vertex 15.5681 -8.32298 5.7
    endloop
  endfacet
  facet normal 0 0 1
    outer loop
      vertex 14.6454 -8.43502 5.7
      vertex 20 -12.5 5.7
      vertex 15.1205 -8.49271 5.7
    endloop
  endfacet
  facet normal -0 0 1
    outer loop
      vertex -4.43193 -8.32298 5.7
      vertex 14.6454 -8.43502 5.7
      vertex 14.2515 -8.16312 5.7
    endloop
  endfacet
  facet normal 0 0 1
    outer loop
      vertex 10 -4.73427 5.7
      vertex 14.2515 -8.16312 5.7
      vertex 14.0291 -7.73932 5.7
    endloop
  endfacet
  facet normal 0 0 1
    outer loop
      vertex -4.11454 -7.96472 5.7
      vertex 10 -4.73427 5.7
      vertex 5.9 -2.36714 5.7
    endloop
  endfacet
  facet normal 0 0 1
    outer loop
      vertex 10 -4.73427 5.7
      vertex -4.11454 -7.96472 5.7
      vertex 14.2515 -8.16312 5.7
    endloop
  endfacet
  facet normal -0 0 1
    outer loop
      vertex -4.43193 6.67702 5.7
      vertex 5.9 2.36714 5.7
      vertex -4.11454 7.03528 5.7
    endloop
  endfacet
  facet normal 0 0 1
    outer loop
      vertex -4.11454 -7.96472 5.7
      vertex 5.9 -2.36714 5.7
      vertex -4 -7.5 5.7
    endloop
  endfacet
  facet normal 0 0 1
    outer loop
      vertex -4.43193 -8.32298 5.7
      vertex 14.2515 -8.16312 5.7
      vertex -4.11454 -7.96472 5.7
    endloop
  endfacet
  facet normal 0 0 1
    outer loop
      vertex 14.6454 -8.43502 5.7
      vertex -4.43193 -8.32298 5.7
      vertex 20 -12.5 5.7
    endloop
  endfacet
  facet normal 0 0 1
    outer loop
      vertex -10 -12.5 5.7
      vertex -4.43193 -8.32298 5.7
      vertex -4.87946 -8.49271 5.7
    endloop
  endfacet
  facet normal 0 0 1
    outer loop
      vertex -10 -12.5 5.7
      vertex -4.87946 -8.49271 5.7
      vertex -5.3546 -8.43502 5.7
    endloop
  endfacet
  facet normal 0 0 1
    outer loop
      vertex -4.43193 -8.32298 5.7
      vertex -10 -12.5 5.7
      vertex 20 -12.5 5.7
    endloop
  endfacet
  facet normal 0 0 1
    outer loop
      vertex -5.74851 -8.16312 5.7
      vertex -10 -12.5 5.7
      vertex -5.3546 -8.43502 5.7
    endloop
  endfacet
  facet normal 0 0 1
    outer loop
      vertex -5.97094 -7.73932 5.7
      vertex -10 -12.5 5.7
      vertex -5.74851 -8.16312 5.7
    endloop
  endfacet
  facet normal 0 0 1
    outer loop
      vertex -5.97094 -7.26068 5.7
      vertex -10 -12.5 5.7
      vertex -5.97094 -7.73932 5.7
    endloop
  endfacet
  facet normal 0 0 1
    outer loop
      vertex 14.6454 -6.56498 5.7
      vertex 14.1 -2.36714 5.7
      vertex 14.2515 -6.83688 5.7
    endloop
  endfacet
  facet normal -0 0 1
    outer loop
      vertex 10 -4.73427 5.7
      vertex 14.2515 -6.83688 5.7
      vertex 14.1 -2.36714 5.7
    endloop
  endfacet
  facet normal 0 0 1
    outer loop
      vertex 14.0291 -7.26068 5.7
      vertex 10 -4.73427 5.7
      vertex 14.0291 -7.73932 5.7
    endloop
  endfacet
  facet normal 0 0 1
    outer loop
      vertex 14.2515 -6.83688 5.7
      vertex 10 -4.73427 5.7
      vertex 14.0291 -7.26068 5.7
    endloop
  endfacet
  facet normal -1 0 0
    outer loop
      vertex -10 -12.5 0
      vertex -10 12.5 5.7
      vertex -10 12.5 0
    endloop
  endfacet
  facet normal -1 -0 0
    outer loop
      vertex -10 12.5 5.7
      vertex -10 -12.5 0
      vertex -10 -12.5 5.7
    endloop
  endfacet
  facet normal 0 1 0
    outer loop
      vertex 20 12.5 5.7
      vertex -7.26824 12.5 4.21329
      vertex -10 12.5 5.7
    endloop
  endfacet
  facet normal 0 1 -0
    outer loop
      vertex 9.8 12.5 1.5
      vertex -7.26824 12.5 4.21329
      vertex 20 12.5 5.7
    endloop
  endfacet
  facet normal 0 1 0
    outer loop
      vertex -7.26824 12.5 4.21329
      vertex 9.8 12.5 1.5
      vertex -6.89324 12.5 3.94084
    endloop
  endfacet
  facet normal 0 1 0
    outer loop
      vertex -6.89324 12.5 3.94084
      vertex 9.8 12.5 1.5
      vertex -6.75 12.5 3.5
    endloop
  endfacet
  facet normal 0 1 0
    outer loop
      vertex -6.75 12.5 3.5
      vertex 9.8 12.5 1.5
      vertex -6.89324 12.5 3.05916
    endloop
  endfacet
  facet normal 0 1 0
    outer loop
      vertex -9.8 12.5 1.5
      vertex -7.26824 12.5 2.78671
      vertex 9.8 12.5 1.5
    endloop
  endfacet
  facet normal 0 1 0
    outer loop
      vertex -6.89324 12.5 3.05916
      vertex 9.8 12.5 1.5
      vertex -7.26824 12.5 2.78671
    endloop
  endfacet
  facet normal 0 1 -0
    outer loop
      vertex 20 12.5 0
      vertex 9.8 12.5 1.5
      vertex 20 12.5 5.7
    endloop
  endfacet
  facet normal 0 1 0
    outer loop
      vertex 9.8 12.5 1.5
      vertex 20 12.5 0
      vertex 9.8 12.5 0
    endloop
  endfacet
  facet normal 0 1 -0
    outer loop
      vertex -7.73176 12.5 4.21329
      vertex -10 12.5 5.7
      vertex -7.26824 12.5 4.21329
    endloop
  endfacet
  facet normal 0 1 -0
    outer loop
      vertex -8.10676 12.5 3.94084
      vertex -10 12.5 5.7
      vertex -7.73176 12.5 4.21329
    endloop
  endfacet
  facet normal 0 1 -0
    outer loop
      vertex -8.25 12.5 3.5
      vertex -10 12.5 5.7
      vertex -8.10676 12.5 3.94084
    endloop
  endfacet
  facet normal 0 1 0
    outer loop
      vertex -9.8 12.5 1.5
      vertex -8.25 12.5 3.5
      vertex -8.10676 12.5 3.05916
    endloop
  endfacet
  facet normal 0 1 0
    outer loop
      vertex -7.26824 12.5 2.78671
      vertex -9.8 12.5 1.5
      vertex -7.73176 12.5 2.78671
    endloop
  endfacet
  facet normal 0 1 0
    outer loop
      vertex -9.8 12.5 1.5
      vertex -8.10676 12.5 3.05916
      vertex -7.73176 12.5 2.78671
    endloop
  endfacet
  facet normal 0 1 0
    outer loop
      vertex -8.25 12.5 3.5
      vertex -9.8 12.5 1.5
      vertex -10 12.5 5.7
    endloop
  endfacet
  facet normal 0 1 0
    outer loop
      vertex -10 12.5 0
      vertex -9.8 12.5 1.5
      vertex -9.8 12.5 0
    endloop
  endfacet
  facet normal 0 1 0
    outer loop
      vertex -9.8 12.5 1.5
      vertex -10 12.5 0
      vertex -10 12.5 5.7
    endloop
  endfacet
  facet normal 0 -1 0
    outer loop
      vertex -7.26824 -12.5 4.21329
      vertex -10 -12.5 5.7
      vertex -7.73176 -12.5 4.21329
    endloop
  endfacet
  facet normal 0 -1 0
    outer loop
      vertex -10 -12.5 5.7
      vertex -8.10676 -12.5 3.94084
      vertex -7.73176 -12.5 4.21329
    endloop
  endfacet
  facet normal 0 -1 0
    outer loop
      vertex -10 -12.5 5.7
      vertex -8.25 -12.5 3.5
      vertex -8.10676 -12.5 3.94084
    endloop
  endfacet
  facet normal 0 -1 0
    outer loop
      vertex -9.8 -12.5 1.5
      vertex -8.25 -12.5 3.5
      vertex -10 -12.5 5.7
    endloop
  endfacet
  facet normal 0 -1 -0
    outer loop
      vertex -7.73176 -12.5 2.78671
      vertex -9.8 -12.5 1.5
      vertex -7.26824 -12.5 2.78671
    endloop
  endfacet
  facet normal 0 -1 -0
    outer loop
      vertex -8.10676 -12.5 3.05916
      vertex -9.8 -12.5 1.5
      vertex -7.73176 -12.5 2.78671
    endloop
  endfacet
  facet normal 0 -1 -0
    outer loop
      vertex -8.25 -12.5 3.5
      vertex -9.8 -12.5 1.5
      vertex -8.10676 -12.5 3.05916
    endloop
  endfacet
  facet normal 0 -1 0
    outer loop
      vertex -10 -12.5 0
      vertex -9.8 -12.5 1.5
      vertex -10 -12.5 5.7
    endloop
  endfacet
  facet normal 0 -1 -0
    outer loop
      vertex -9.8 -12.5 1.5
      vertex -10 -12.5 0
      vertex -9.8 -12.5 0
    endloop
  endfacet
  facet normal 0 -1 0
    outer loop
      vertex -10 -12.5 5.7
      vertex -7.26824 -12.5 4.21329
      vertex 20 -12.5 5.7
    endloop
  endfacet
  facet normal 0 -1 0
    outer loop
      vertex 9.8 -12.5 1.5
      vertex -7.26824 -12.5 4.21329
      vertex -6.89324 -12.5 3.94084
    endloop
  endfacet
  facet normal 0 -1 0
    outer loop
      vertex 9.8 -12.5 1.5
      vertex -6.89324 -12.5 3.94084
      vertex -6.75 -12.5 3.5
    endloop
  endfacet
  facet normal 0 -1 0
    outer loop
      vertex 9.8 -12.5 1.5
      vertex -6.75 -12.5 3.5
      vertex -6.89324 -12.5 3.05916
    endloop
  endfacet
  facet normal 0 -1 0
    outer loop
      vertex 9.8 -12.5 1.5
      vertex -6.89324 -12.5 3.05916
      vertex -7.26824 -12.5 2.78671
    endloop
  endfacet
  facet normal 0 -1 0
    outer loop
      vertex 9.8 -12.5 1.5
      vertex -7.26824 -12.5 2.78671
      vertex -9.8 -12.5 1.5
    endloop
  endfacet
  facet normal 0 -1 0
    outer loop
      vertex -7.26824 -12.5 4.21329
      vertex 9.8 -12.5 1.5
      vertex 20 -12.5 5.7
    endloop
  endfacet
  facet normal 0 -1 0
    outer loop
      vertex 20 -12.5 0
      vertex 9.8 -12.5 1.5
      vertex 9.8 -12.5 0
    endloop
  endfacet
  facet normal 0 -1 0
    outer loop
      vertex 9.8 -12.5 1.5
      vertex 20 -12.5 0
      vertex 20 -12.5 5.7
    endloop
  endfacet
  facet normal -1 0 0
    outer loop
      vertex 14.1 -2.36714 0
      vertex 14.1 2.36714 5.7
      vertex 14.1 2.36714 0
    endloop
  endfacet
  facet normal -1 -0 0
    outer loop
      vertex 14.1 2.36714 5.7
      vertex 14.1 -2.36714 0
      vertex 14.1 -2.36714 5.7
    endloop
  endfacet
  facet normal 1 -0 0
    outer loop
      vertex 5.9 -2.36714 5.7
      vertex 5.9 2.36714 0
      vertex 5.9 2.36714 5.7
    endloop
  endfacet
  facet normal 1 0 0
    outer loop
      vertex 5.9 2.36714 0
      vertex 5.9 -2.36714 5.7
      vertex 5.9 -2.36714 0
    endloop
  endfacet
  facet normal -0.499999 0.866026 0
    outer loop
      vertex 14.1 -2.36714 0
      vertex 10 -4.73427 5.7
      vertex 14.1 -2.36714 5.7
    endloop
  endfacet
  facet normal -0.499999 0.866026 0
    outer loop
      vertex 10 -4.73427 5.7
      vertex 14.1 -2.36714 0
      vertex 10 -4.73427 0
    endloop
  endfacet
  facet normal 0.499999 -0.866026 0
    outer loop
      vertex 5.9 2.36714 0
      vertex 10 4.73427 5.7
      vertex 5.9 2.36714 5.7
    endloop
  endfacet
  facet normal 0.499999 -0.866026 0
    outer loop
      vertex 10 4.73427 5.7
      vertex 5.9 2.36714 0
      vertex 10 4.73427 0
    endloop
  endfacet
  facet normal 0.499999 0.866026 -0
    outer loop
      vertex 10 -4.73427 0
      vertex 5.9 -2.36714 5.7
      vertex 10 -4.73427 5.7
    endloop
  endfacet
  facet normal 0.499999 0.866026 0
    outer loop
      vertex 5.9 -2.36714 5.7
      vertex 10 -4.73427 0
      vertex 5.9 -2.36714 0
    endloop
  endfacet
  facet normal -0.499999 -0.866026 0
    outer loop
      vertex 10 4.73427 0
      vertex 14.1 2.36714 5.7
      vertex 10 4.73427 5.7
    endloop
  endfacet
  facet normal -0.499999 -0.866026 -0
    outer loop
      vertex 14.1 2.36714 5.7
      vertex 10 4.73427 0
      vertex 14.1 2.36714 0
    endloop
  endfacet
  facet normal -0.58778 0 -0.809021
    outer loop
      vertex -7.26824 -12.5 4.21329
      vertex -6.89324 12.5 3.94084
      vertex -6.89324 -12.5 3.94084
    endloop
  endfacet
  facet normal -0.58778 0 -0.809021
    outer loop
      vertex -6.89324 12.5 3.94084
      vertex -7.26824 -12.5 4.21329
      vertex -7.26824 12.5 4.21329
    endloop
  endfacet
  facet normal -0.951055 0 -0.309022
    outer loop
      vertex -6.75 -12.5 3.5
      vertex -6.89324 12.5 3.94084
      vertex -6.75 12.5 3.5
    endloop
  endfacet
  facet normal -0.951055 -0 -0.309022
    outer loop
      vertex -6.89324 12.5 3.94084
      vertex -6.75 -12.5 3.5
      vertex -6.89324 -12.5 3.94084
    endloop
  endfacet
  facet normal 0 0 -1
    outer loop
      vertex -7.73176 -12.5 4.21329
      vertex -7.26824 12.5 4.21329
      vertex -7.26824 -12.5 4.21329
    endloop
  endfacet
  facet normal -0 0 -1
    outer loop
      vertex -7.26824 12.5 4.21329
      vertex -7.73176 -12.5 4.21329
      vertex -7.73176 12.5 4.21329
    endloop
  endfacet
  facet normal 0.951055 -0 0.309022
    outer loop
      vertex -8.25 -12.5 3.5
      vertex -8.10676 12.5 3.05916
      vertex -8.25 12.5 3.5
    endloop
  endfacet
  facet normal 0.951055 0 0.309022
    outer loop
      vertex -8.10676 12.5 3.05916
      vertex -8.25 -12.5 3.5
      vertex -8.10676 -12.5 3.05916
    endloop
  endfacet
  facet normal -0.951055 0 0.309022
    outer loop
      vertex -6.89324 -12.5 3.05916
      vertex -6.75 12.5 3.5
      vertex -6.89324 12.5 3.05916
    endloop
  endfacet
  facet normal -0.951055 0 0.309022
    outer loop
      vertex -6.75 12.5 3.5
      vertex -6.89324 -12.5 3.05916
      vertex -6.75 -12.5 3.5
    endloop
  endfacet
  facet normal 0.951055 0 -0.309022
    outer loop
      vertex -8.10676 -12.5 3.94084
      vertex -8.25 12.5 3.5
      vertex -8.10676 12.5 3.94084
    endloop
  endfacet
  facet normal 0.951055 0 -0.309022
    outer loop
      vertex -8.25 12.5 3.5
      vertex -8.10676 -12.5 3.94084
      vertex -8.25 -12.5 3.5
    endloop
  endfacet
  facet normal 0.58778 0 -0.809021
    outer loop
      vertex -8.10676 -12.5 3.94084
      vertex -7.73176 12.5 4.21329
      vertex -7.73176 -12.5 4.21329
    endloop
  endfacet
  facet normal 0.58778 0 -0.809021
    outer loop
      vertex -7.73176 12.5 4.21329
      vertex -8.10676 -12.5 3.94084
      vertex -8.10676 12.5 3.94084
    endloop
  endfacet
  facet normal -0.58778 0 0.809021
    outer loop
      vertex -7.26824 12.5 2.78671
      vertex -6.89324 -12.5 3.05916
      vertex -6.89324 12.5 3.05916
    endloop
  endfacet
  facet normal -0.58778 0 0.809021
    outer loop
      vertex -6.89324 -12.5 3.05916
      vertex -7.26824 12.5 2.78671
      vertex -7.26824 -12.5 2.78671
    endloop
  endfacet
  facet normal -0 0 1
    outer loop
      vertex -7.73176 12.5 2.78671
      vertex -7.26824 -12.5 2.78671
      vertex -7.26824 12.5 2.78671
    endloop
  endfacet
  facet normal 0 0 1
    outer loop
      vertex -7.26824 -12.5 2.78671
      vertex -7.73176 12.5 2.78671
      vertex -7.73176 -12.5 2.78671
    endloop
  endfacet
  facet normal 0.58778 0 0.809021
    outer loop
      vertex -8.10676 12.5 3.05916
      vertex -7.73176 -12.5 2.78671
      vertex -7.73176 12.5 2.78671
    endloop
  endfacet
  facet normal 0.58778 0 0.809021
    outer loop
      vertex -7.73176 -12.5 2.78671
      vertex -8.10676 12.5 3.05916
      vertex -8.10676 -12.5 3.05916
    endloop
  endfacet
  facet normal -0.748511 -0.663122 0
    outer loop
      vertex -4.11454 -7.03528 2
      vertex -4.43193 -6.67702 5.7
      vertex -4.43193 -6.67702 2
    endloop
  endfacet
  facet normal -0.748511 -0.663122 0
    outer loop
      vertex -4.43193 -6.67702 5.7
      vertex -4.11454 -7.03528 2
      vertex -4.11454 -7.03528 5.7
    endloop
  endfacet
  facet normal -0.970943 -0.239309 0
    outer loop
      vertex -4 -7.5 2
      vertex -4.11454 -7.03528 5.7
      vertex -4.11454 -7.03528 2
    endloop
  endfacet
  facet normal -0.970943 -0.239309 0
    outer loop
      vertex -4.11454 -7.03528 5.7
      vertex -4 -7.5 2
      vertex -4 -7.5 5.7
    endloop
  endfacet
  facet normal -0.354613 -0.935013 0
    outer loop
      vertex -4.87946 -6.50729 2
      vertex -4.43193 -6.67702 5.7
      vertex -4.87946 -6.50729 5.7
    endloop
  endfacet
  facet normal -0.354613 -0.935013 -0
    outer loop
      vertex -4.43193 -6.67702 5.7
      vertex -4.87946 -6.50729 2
      vertex -4.43193 -6.67702 2
    endloop
  endfacet
  facet normal -0.748511 0.663122 0
    outer loop
      vertex -4.43193 -8.32298 2
      vertex -4.11454 -7.96472 5.7
      vertex -4.11454 -7.96472 2
    endloop
  endfacet
  facet normal -0.748511 0.663122 0
    outer loop
      vertex -4.11454 -7.96472 5.7
      vertex -4.43193 -8.32298 2
      vertex -4.43193 -8.32298 5.7
    endloop
  endfacet
  facet normal 1 -0 0
    outer loop
      vertex -5.97094 -7.73932 5.7
      vertex -5.97094 -7.26068 2
      vertex -5.97094 -7.26068 5.7
    endloop
  endfacet
  facet normal 1 0 0
    outer loop
      vertex -5.97094 -7.26068 2
      vertex -5.97094 -7.73932 5.7
      vertex -5.97094 -7.73932 2
    endloop
  endfacet
  facet normal 0.56807 -0.82298 0
    outer loop
      vertex -5.74851 -6.83688 2
      vertex -5.3546 -6.56498 5.7
      vertex -5.74851 -6.83688 5.7
    endloop
  endfacet
  facet normal 0.56807 -0.82298 0
    outer loop
      vertex -5.3546 -6.56498 5.7
      vertex -5.74851 -6.83688 2
      vertex -5.3546 -6.56498 2
    endloop
  endfacet
  facet normal -0.970943 0.239309 0
    outer loop
      vertex -4.11454 -7.96472 2
      vertex -4 -7.5 5.7
      vertex -4 -7.5 2
    endloop
  endfacet
  facet normal -0.970943 0.239309 0
    outer loop
      vertex -4 -7.5 5.7
      vertex -4.11454 -7.96472 2
      vertex -4.11454 -7.96472 5.7
    endloop
  endfacet
  facet normal -0.354613 0.935013 0
    outer loop
      vertex -4.43193 -8.32298 2
      vertex -4.87946 -8.49271 5.7
      vertex -4.43193 -8.32298 5.7
    endloop
  endfacet
  facet normal -0.354613 0.935013 0
    outer loop
      vertex -4.87946 -8.49271 5.7
      vertex -4.43193 -8.32298 2
      vertex -4.87946 -8.49271 2
    endloop
  endfacet
  facet normal 0.120532 -0.992709 0
    outer loop
      vertex -5.3546 -6.56498 2
      vertex -4.87946 -6.50729 5.7
      vertex -5.3546 -6.56498 5.7
    endloop
  endfacet
  facet normal 0.120532 -0.992709 0
    outer loop
      vertex -4.87946 -6.50729 5.7
      vertex -5.3546 -6.56498 2
      vertex -4.87946 -6.50729 2
    endloop
  endfacet
  facet normal 0.885454 -0.464727 0
    outer loop
      vertex -5.97094 -7.26068 5.7
      vertex -5.74851 -6.83688 2
      vertex -5.74851 -6.83688 5.7
    endloop
  endfacet
  facet normal 0.885454 -0.464727 0
    outer loop
      vertex -5.74851 -6.83688 2
      vertex -5.97094 -7.26068 5.7
      vertex -5.97094 -7.26068 2
    endloop
  endfacet
  facet normal 0.120532 0.992709 -0
    outer loop
      vertex -4.87946 -8.49271 2
      vertex -5.3546 -8.43502 5.7
      vertex -4.87946 -8.49271 5.7
    endloop
  endfacet
  facet normal 0.120532 0.992709 0
    outer loop
      vertex -5.3546 -8.43502 5.7
      vertex -4.87946 -8.49271 2
      vertex -5.3546 -8.43502 2
    endloop
  endfacet
  facet normal 0.56807 0.82298 -0
    outer loop
      vertex -5.3546 -8.43502 2
      vertex -5.74851 -8.16312 5.7
      vertex -5.3546 -8.43502 5.7
    endloop
  endfacet
  facet normal 0.56807 0.82298 0
    outer loop
      vertex -5.74851 -8.16312 5.7
      vertex -5.3546 -8.43502 2
      vertex -5.74851 -8.16312 2
    endloop
  endfacet
  facet normal 0.885454 0.464727 0
    outer loop
      vertex -5.74851 -8.16312 5.7
      vertex -5.97094 -7.73932 2
      vertex -5.97094 -7.73932 5.7
    endloop
  endfacet
  facet normal 0.885454 0.464727 0
    outer loop
      vertex -5.97094 -7.73932 2
      vertex -5.74851 -8.16312 5.7
      vertex -5.74851 -8.16312 2
    endloop
  endfacet
  facet normal -0.748511 -0.663122 0
    outer loop
      vertex -4.11454 7.96472 2
      vertex -4.43193 8.32298 5.7
      vertex -4.43193 8.32298 2
    endloop
  endfacet
  facet normal -0.748511 -0.663122 0
    outer loop
      vertex -4.43193 8.32298 5.7
      vertex -4.11454 7.96472 2
      vertex -4.11454 7.96472 5.7
    endloop
  endfacet
  facet normal -0.970943 -0.239309 0
    outer loop
      vertex -4 7.5 2
      vertex -4.11454 7.96472 5.7
      vertex -4.11454 7.96472 2
    endloop
  endfacet
  facet normal -0.970943 -0.239309 0
    outer loop
      vertex -4.11454 7.96472 5.7
      vertex -4 7.5 2
      vertex -4 7.5 5.7
    endloop
  endfacet
  facet normal -0.354613 -0.935013 0
    outer loop
      vertex -4.87946 8.49271 2
      vertex -4.43193 8.32298 5.7
      vertex -4.87946 8.49271 5.7
    endloop
  endfacet
  facet normal -0.354613 -0.935013 -0
    outer loop
      vertex -4.43193 8.32298 5.7
      vertex -4.87946 8.49271 2
      vertex -4.43193 8.32298 2
    endloop
  endfacet
  facet normal -0.748511 0.663122 0
    outer loop
      vertex -4.43193 6.67702 2
      vertex -4.11454 7.03528 5.7
      vertex -4.11454 7.03528 2
    endloop
  endfacet
  facet normal -0.748511 0.663122 0
    outer loop
      vertex -4.11454 7.03528 5.7
      vertex -4.43193 6.67702 2
      vertex -4.43193 6.67702 5.7
    endloop
  endfacet
  facet normal 1 -0 0
    outer loop
      vertex -5.97094 7.26068 5.7
      vertex -5.97094 7.73932 2
      vertex -5.97094 7.73932 5.7
    endloop
  endfacet
  facet normal 1 0 0
    outer loop
      vertex -5.97094 7.73932 2
      vertex -5.97094 7.26068 5.7
      vertex -5.97094 7.26068 2
    endloop
  endfacet
  facet normal 0.56807 -0.82298 0
    outer loop
      vertex -5.74851 8.16312 2
      vertex -5.3546 8.43502 5.7
      vertex -5.74851 8.16312 5.7
    endloop
  endfacet
  facet normal 0.56807 -0.82298 0
    outer loop
      vertex -5.3546 8.43502 5.7
      vertex -5.74851 8.16312 2
      vertex -5.3546 8.43502 2
    endloop
  endfacet
  facet normal -0.970943 0.239309 0
    outer loop
      vertex -4.11454 7.03528 2
      vertex -4 7.5 5.7
      vertex -4 7.5 2
    endloop
  endfacet
  facet normal -0.970943 0.239309 0
    outer loop
      vertex -4 7.5 5.7
      vertex -4.11454 7.03528 2
      vertex -4.11454 7.03528 5.7
    endloop
  endfacet
  facet normal -0.354613 0.935013 0
    outer loop
      vertex -4.43193 6.67702 2
      vertex -4.87946 6.50729 5.7
      vertex -4.43193 6.67702 5.7
    endloop
  endfacet
  facet normal -0.354613 0.935013 0
    outer loop
      vertex -4.87946 6.50729 5.7
      vertex -4.43193 6.67702 2
      vertex -4.87946 6.50729 2
    endloop
  endfacet
  facet normal 0.120532 -0.992709 0
    outer loop
      vertex -5.3546 8.43502 2
      vertex -4.87946 8.49271 5.7
      vertex -5.3546 8.43502 5.7
    endloop
  endfacet
  facet normal 0.120532 -0.992709 0
    outer loop
      vertex -4.87946 8.49271 5.7
      vertex -5.3546 8.43502 2
      vertex -4.87946 8.49271 2
    endloop
  endfacet
  facet normal 0.885454 -0.464727 0
    outer loop
      vertex -5.97094 7.73932 5.7
      vertex -5.74851 8.16312 2
      vertex -5.74851 8.16312 5.7
    endloop
  endfacet
  facet normal 0.885454 -0.464727 0
    outer loop
      vertex -5.74851 8.16312 2
      vertex -5.97094 7.73932 5.7
      vertex -5.97094 7.73932 2
    endloop
  endfacet
  facet normal 0.120532 0.992709 -0
    outer loop
      vertex -4.87946 6.50729 2
      vertex -5.3546 6.56498 5.7
      vertex -4.87946 6.50729 5.7
    endloop
  endfacet
  facet normal 0.120532 0.992709 0
    outer loop
      vertex -5.3546 6.56498 5.7
      vertex -4.87946 6.50729 2
      vertex -5.3546 6.56498 2
    endloop
  endfacet
  facet normal 0.56807 0.82298 -0
    outer loop
      vertex -5.3546 6.56498 2
      vertex -5.74851 6.83688 5.7
      vertex -5.3546 6.56498 5.7
    endloop
  endfacet
  facet normal 0.56807 0.82298 0
    outer loop
      vertex -5.74851 6.83688 5.7
      vertex -5.3546 6.56498 2
      vertex -5.74851 6.83688 2
    endloop
  endfacet
  facet normal 0.885454 0.464727 0
    outer loop
      vertex -5.74851 6.83688 5.7
      vertex -5.97094 7.26068 2
      vertex -5.97094 7.26068 5.7
    endloop
  endfacet
  facet normal 0.885454 0.464727 0
    outer loop
      vertex -5.97094 7.26068 2
      vertex -5.74851 6.83688 5.7
      vertex -5.74851 6.83688 2
    endloop
  endfacet
  facet normal -0.748501 -0.663134 0
    outer loop
      vertex 15.8855 -7.03528 2
      vertex 15.5681 -6.67702 5.7
      vertex 15.5681 -6.67702 2
    endloop
  endfacet
  facet normal -0.748501 -0.663134 0
    outer loop
      vertex 15.5681 -6.67702 5.7
      vertex 15.8855 -7.03528 2
      vertex 15.8855 -7.03528 5.7
    endloop
  endfacet
  facet normal -0.970963 -0.239231 0
    outer loop
      vertex 16 -7.5 2
      vertex 15.8855 -7.03528 5.7
      vertex 15.8855 -7.03528 2
    endloop
  endfacet
  facet normal -0.970963 -0.239231 0
    outer loop
      vertex 15.8855 -7.03528 5.7
      vertex 16 -7.5 2
      vertex 16 -7.5 5.7
    endloop
  endfacet
  facet normal -0.748501 0.663134 0
    outer loop
      vertex 15.5681 -8.32298 2
      vertex 15.8855 -7.96472 5.7
      vertex 15.8855 -7.96472 2
    endloop
  endfacet
  facet normal -0.748501 0.663134 0
    outer loop
      vertex 15.8855 -7.96472 5.7
      vertex 15.5681 -8.32298 2
      vertex 15.5681 -8.32298 5.7
    endloop
  endfacet
  facet normal -0.354564 0.935032 0
    outer loop
      vertex 15.5681 -8.32298 2
      vertex 15.1205 -8.49271 5.7
      vertex 15.5681 -8.32298 5.7
    endloop
  endfacet
  facet normal -0.354564 0.935032 0
    outer loop
      vertex 15.1205 -8.49271 5.7
      vertex 15.5681 -8.32298 2
      vertex 15.1205 -8.49271 2
    endloop
  endfacet
  facet normal 1 -0 0
    outer loop
      vertex 14.0291 -7.73932 5.7
      vertex 14.0291 -7.26068 2
      vertex 14.0291 -7.26068 5.7
    endloop
  endfacet
  facet normal 1 0 0
    outer loop
      vertex 14.0291 -7.26068 2
      vertex 14.0291 -7.73932 5.7
      vertex 14.0291 -7.73932 2
    endloop
  endfacet
  facet normal 0.56808 -0.822974 0
    outer loop
      vertex 14.2515 -6.83688 2
      vertex 14.6454 -6.56498 5.7
      vertex 14.2515 -6.83688 5.7
    endloop
  endfacet
  facet normal 0.56808 -0.822974 0
    outer loop
      vertex 14.6454 -6.56498 5.7
      vertex 14.2515 -6.83688 2
      vertex 14.6454 -6.56498 2
    endloop
  endfacet
  facet normal -0.970963 0.239231 0
    outer loop
      vertex 15.8855 -7.96472 2
      vertex 16 -7.5 5.7
      vertex 16 -7.5 2
    endloop
  endfacet
  facet normal -0.970963 0.239231 0
    outer loop
      vertex 16 -7.5 5.7
      vertex 15.8855 -7.96472 2
      vertex 15.8855 -7.96472 5.7
    endloop
  endfacet
  facet normal 0.120542 -0.992708 0
    outer loop
      vertex 14.6454 -6.56498 2
      vertex 15.1205 -6.50729 5.7
      vertex 14.6454 -6.56498 5.7
    endloop
  endfacet
  facet normal 0.120542 -0.992708 0
    outer loop
      vertex 15.1205 -6.50729 5.7
      vertex 14.6454 -6.56498 2
      vertex 15.1205 -6.50729 2
    endloop
  endfacet
  facet normal 0.88548 -0.464678 0
    outer loop
      vertex 14.0291 -7.26068 5.7
      vertex 14.2515 -6.83688 2
      vertex 14.2515 -6.83688 5.7
    endloop
  endfacet
  facet normal 0.88548 -0.464678 0
    outer loop
      vertex 14.2515 -6.83688 2
      vertex 14.0291 -7.26068 5.7
      vertex 14.0291 -7.26068 2
    endloop
  endfacet
  facet normal 0.120542 0.992708 -0
    outer loop
      vertex 15.1205 -8.49271 2
      vertex 14.6454 -8.43502 5.7
      vertex 15.1205 -8.49271 5.7
    endloop
  endfacet
  facet normal 0.120542 0.992708 0
    outer loop
      vertex 14.6454 -8.43502 5.7
      vertex 15.1205 -8.49271 2
      vertex 14.6454 -8.43502 2
    endloop
  endfacet
  facet normal -0.354564 -0.935032 0
    outer loop
      vertex 15.1205 -6.50729 2
      vertex 15.5681 -6.67702 5.7
      vertex 15.1205 -6.50729 5.7
    endloop
  endfacet
  facet normal -0.354564 -0.935032 -0
    outer loop
      vertex 15.5681 -6.67702 5.7
      vertex 15.1205 -6.50729 2
      vertex 15.5681 -6.67702 2
    endloop
  endfacet
  facet normal 0.56808 0.822974 -0
    outer loop
      vertex 14.6454 -8.43502 2
      vertex 14.2515 -8.16312 5.7
      vertex 14.6454 -8.43502 5.7
    endloop
  endfacet
  facet normal 0.56808 0.822974 0
    outer loop
      vertex 14.2515 -8.16312 5.7
      vertex 14.6454 -8.43502 2
      vertex 14.2515 -8.16312 2
    endloop
  endfacet
  facet normal 0.88548 0.464678 0
    outer loop
      vertex 14.2515 -8.16312 5.7
      vertex 14.0291 -7.73932 2
      vertex 14.0291 -7.73932 5.7
    endloop
  endfacet
  facet normal 0.88548 0.464678 0
    outer loop
      vertex 14.0291 -7.73932 2
      vertex 14.2515 -8.16312 5.7
      vertex 14.2515 -8.16312 2
    endloop
  endfacet
  facet normal -0.748501 -0.663134 0
    outer loop
      vertex 15.8855 7.96472 2
      vertex 15.5681 8.32298 5.7
      vertex 15.5681 8.32298 2
    endloop
  endfacet
  facet normal -0.748501 -0.663134 0
    outer loop
      vertex 15.5681 8.32298 5.7
      vertex 15.8855 7.96472 2
      vertex 15.8855 7.96472 5.7
    endloop
  endfacet
  facet normal -0.970963 -0.239231 0
    outer loop
      vertex 16 7.5 2
      vertex 15.8855 7.96472 5.7
      vertex 15.8855 7.96472 2
    endloop
  endfacet
  facet normal -0.970963 -0.239231 0
    outer loop
      vertex 15.8855 7.96472 5.7
      vertex 16 7.5 2
      vertex 16 7.5 5.7
    endloop
  endfacet
  facet normal -0.748501 0.663134 0
    outer loop
      vertex 15.5681 6.67702 2
      vertex 15.8855 7.03528 5.7
      vertex 15.8855 7.03528 2
    endloop
  endfacet
  facet normal -0.748501 0.663134 0
    outer loop
      vertex 15.8855 7.03528 5.7
      vertex 15.5681 6.67702 2
      vertex 15.5681 6.67702 5.7
    endloop
  endfacet
  facet normal 1 -0 0
    outer loop
      vertex 14.0291 7.26068 5.7
      vertex 14.0291 7.73932 2
      vertex 14.0291 7.73932 5.7
    endloop
  endfacet
  facet normal 1 0 0
    outer loop
      vertex 14.0291 7.73932 2
      vertex 14.0291 7.26068 5.7
      vertex 14.0291 7.26068 2
    endloop
  endfacet
  facet normal 0.56808 -0.822974 0
    outer loop
      vertex 14.2515 8.16312 2
      vertex 14.6454 8.43502 5.7
      vertex 14.2515 8.16312 5.7
    endloop
  endfacet
  facet normal 0.56808 -0.822974 0
    outer loop
      vertex 14.6454 8.43502 5.7
      vertex 14.2515 8.16312 2
      vertex 14.6454 8.43502 2
    endloop
  endfacet
  facet normal -0.970963 0.239231 0
    outer loop
      vertex 15.8855 7.03528 2
      vertex 16 7.5 5.7
      vertex 16 7.5 2
    endloop
  endfacet
  facet normal -0.970963 0.239231 0
    outer loop
      vertex 16 7.5 5.7
      vertex 15.8855 7.03528 2
      vertex 15.8855 7.03528 5.7
    endloop
  endfacet
  facet normal -0.354564 0.935032 0
    outer loop
      vertex 15.5681 6.67702 2
      vertex 15.1205 6.50729 5.7
      vertex 15.5681 6.67702 5.7
    endloop
  endfacet
  facet normal -0.354564 0.935032 0
    outer loop
      vertex 15.1205 6.50729 5.7
      vertex 15.5681 6.67702 2
      vertex 15.1205 6.50729 2
    endloop
  endfacet
  facet normal 0.120542 -0.992708 0
    outer loop
      vertex 14.6454 8.43502 2
      vertex 15.1205 8.49271 5.7
      vertex 14.6454 8.43502 5.7
    endloop
  endfacet
  facet normal 0.120542 -0.992708 0
    outer loop
      vertex 15.1205 8.49271 5.7
      vertex 14.6454 8.43502 2
      vertex 15.1205 8.49271 2
    endloop
  endfacet
  facet normal 0.88548 -0.464678 0
    outer loop
      vertex 14.0291 7.73932 5.7
      vertex 14.2515 8.16312 2
      vertex 14.2515 8.16312 5.7
    endloop
  endfacet
  facet normal 0.88548 -0.464678 0
    outer loop
      vertex 14.2515 8.16312 2
      vertex 14.0291 7.73932 5.7
      vertex 14.0291 7.73932 2
    endloop
  endfacet
  facet normal 0.120542 0.992708 -0
    outer loop
      vertex 15.1205 6.50729 2
      vertex 14.6454 6.56498 5.7
      vertex 15.1205 6.50729 5.7
    endloop
  endfacet
  facet normal 0.120542 0.992708 0
    outer loop
      vertex 14.6454 6.56498 5.7
      vertex 15.1205 6.50729 2
      vertex 14.6454 6.56498 2
    endloop
  endfacet
  facet normal -0.354564 -0.935032 0
    outer loop
      vertex 15.1205 8.49271 2
      vertex 15.5681 8.32298 5.7
      vertex 15.1205 8.49271 5.7
    endloop
  endfacet
  facet normal -0.354564 -0.935032 -0
    outer loop
      vertex 15.5681 8.32298 5.7
      vertex 15.1205 8.49271 2
      vertex 15.5681 8.32298 2
    endloop
  endfacet
  facet normal 0.56808 0.822974 -0
    outer loop
      vertex 14.6454 6.56498 2
      vertex 14.2515 6.83688 5.7
      vertex 14.6454 6.56498 5.7
    endloop
  endfacet
  facet normal 0.56808 0.822974 0
    outer loop
      vertex 14.2515 6.83688 5.7
      vertex 14.6454 6.56498 2
      vertex 14.2515 6.83688 2
    endloop
  endfacet
  facet normal 0.88548 0.464678 0
    outer loop
      vertex 14.2515 6.83688 5.7
      vertex 14.0291 7.26068 2
      vertex 14.0291 7.26068 5.7
    endloop
  endfacet
  facet normal 0.88548 0.464678 0
    outer loop
      vertex 14.0291 7.26068 2
      vertex 14.2515 6.83688 5.7
      vertex 14.2515 6.83688 2
    endloop
  endfacet
  facet normal -0.748548 -0.66308 0
    outer loop
      vertex 0.885455 25.4647 2
      vertex 0.568065 25.823 6.5
      vertex 0.568065 25.823 2
    endloop
  endfacet
  facet normal -0.748548 -0.66308 0
    outer loop
      vertex 0.568065 25.823 6.5
      vertex 0.885455 25.4647 2
      vertex 0.885455 25.4647 6.5
    endloop
  endfacet
  facet normal -0.970939 -0.239329 0
    outer loop
      vertex 1 25 2
      vertex 0.885455 25.4647 6.5
      vertex 0.885455 25.4647 2
    endloop
  endfacet
  facet normal -0.970939 -0.239329 0
    outer loop
      vertex 0.885455 25.4647 6.5
      vertex 1 25 2
      vertex 1 25 6.5
    endloop
  endfacet
  facet normal -0.970939 0.239329 0
    outer loop
      vertex 0.885455 24.5353 2
      vertex 1 25 6.5
      vertex 1 25 2
    endloop
  endfacet
  facet normal -0.970939 0.239329 0
    outer loop
      vertex 1 25 6.5
      vertex 0.885455 24.5353 2
      vertex 0.885455 24.5353 6.5
    endloop
  endfacet
  facet normal -0.354559 -0.935034 0
    outer loop
      vertex 0.120536 25.9927 2
      vertex 0.568065 25.823 6.5
      vertex 0.120536 25.9927 6.5
    endloop
  endfacet
  facet normal -0.354559 -0.935034 -0
    outer loop
      vertex 0.568065 25.823 6.5
      vertex 0.120536 25.9927 2
      vertex 0.568065 25.823 2
    endloop
  endfacet
  facet normal 0.120552 0.992707 -0
    outer loop
      vertex 0.120536 24.0073 2
      vertex -0.354605 24.065 6.5
      vertex 0.120536 24.0073 6.5
    endloop
  endfacet
  facet normal 0.120552 0.992707 0
    outer loop
      vertex -0.354605 24.065 6.5
      vertex 0.120536 24.0073 2
      vertex -0.354605 24.065 2
    endloop
  endfacet
  facet normal 1 -0 0
    outer loop
      vertex -0.970942 24.7607 6.5
      vertex -0.970942 25.2393 2
      vertex -0.970942 25.2393 6.5
    endloop
  endfacet
  facet normal 1 0 0
    outer loop
      vertex -0.970942 25.2393 2
      vertex -0.970942 24.7607 6.5
      vertex -0.970942 24.7607 2
    endloop
  endfacet
  facet normal -0.354559 0.935034 0
    outer loop
      vertex 0.568065 24.177 2
      vertex 0.120536 24.0073 6.5
      vertex 0.568065 24.177 6.5
    endloop
  endfacet
  facet normal -0.354559 0.935034 0
    outer loop
      vertex 0.120536 24.0073 6.5
      vertex 0.568065 24.177 2
      vertex 0.120536 24.0073 2
    endloop
  endfacet
  facet normal 0.568075 -0.822977 0
    outer loop
      vertex -0.74851 25.6631 2
      vertex -0.354605 25.935 6.5
      vertex -0.74851 25.6631 6.5
    endloop
  endfacet
  facet normal 0.568075 -0.822977 0
    outer loop
      vertex -0.354605 25.935 6.5
      vertex -0.74851 25.6631 2
      vertex -0.354605 25.935 2
    endloop
  endfacet
  facet normal -0.748548 0.66308 0
    outer loop
      vertex 0.568065 24.177 2
      vertex 0.885455 24.5353 6.5
      vertex 0.885455 24.5353 2
    endloop
  endfacet
  facet normal -0.748548 0.66308 0
    outer loop
      vertex 0.885455 24.5353 6.5
      vertex 0.568065 24.177 2
      vertex 0.568065 24.177 6.5
    endloop
  endfacet
  facet normal 0.120552 -0.992707 0
    outer loop
      vertex -0.354605 25.935 2
      vertex 0.120536 25.9927 6.5
      vertex -0.354605 25.935 6.5
    endloop
  endfacet
  facet normal 0.120552 -0.992707 0
    outer loop
      vertex 0.120536 25.9927 6.5
      vertex -0.354605 25.935 2
      vertex 0.120536 25.9927 2
    endloop
  endfacet
  facet normal 0.885452 -0.464731 0
    outer loop
      vertex -0.970942 25.2393 6.5
      vertex -0.74851 25.6631 2
      vertex -0.74851 25.6631 6.5
    endloop
  endfacet
  facet normal 0.885452 -0.464731 0
    outer loop
      vertex -0.74851 25.6631 2
      vertex -0.970942 25.2393 6.5
      vertex -0.970942 25.2393 2
    endloop
  endfacet
  facet normal 0.568075 0.822977 -0
    outer loop
      vertex -0.354605 24.065 2
      vertex -0.74851 24.3369 6.5
      vertex -0.354605 24.065 6.5
    endloop
  endfacet
  facet normal 0.568075 0.822977 0
    outer loop
      vertex -0.74851 24.3369 6.5
      vertex -0.354605 24.065 2
      vertex -0.74851 24.3369 2
    endloop
  endfacet
  facet normal 0.885452 0.464731 0
    outer loop
      vertex -0.74851 24.3369 6.5
      vertex -0.970942 24.7607 2
      vertex -0.970942 24.7607 6.5
    endloop
  endfacet
  facet normal 0.885452 0.464731 0
    outer loop
      vertex -0.970942 24.7607 2
      vertex -0.74851 24.3369 6.5
      vertex -0.74851 24.3369 2
    endloop
  endfacet
  facet normal -0.748548 -0.66308 0
    outer loop
      vertex 0.885455 -24.5353 2
      vertex 0.568065 -24.177 6.5
      vertex 0.568065 -24.177 2
    endloop
  endfacet
  facet normal -0.748548 -0.66308 0
    outer loop
      vertex 0.568065 -24.177 6.5
      vertex 0.885455 -24.5353 2
      vertex 0.885455 -24.5353 6.5
    endloop
  endfacet
  facet normal -0.970939 -0.239329 0
    outer loop
      vertex 1 -25 2
      vertex 0.885455 -24.5353 6.5
      vertex 0.885455 -24.5353 2
    endloop
  endfacet
  facet normal -0.970939 -0.239329 0
    outer loop
      vertex 0.885455 -24.5353 6.5
      vertex 1 -25 2
      vertex 1 -25 6.5
    endloop
  endfacet
  facet normal -0.970939 0.239329 0
    outer loop
      vertex 0.885455 -25.4647 2
      vertex 1 -25 6.5
      vertex 1 -25 2
    endloop
  endfacet
  facet normal -0.970939 0.239329 0
    outer loop
      vertex 1 -25 6.5
      vertex 0.885455 -25.4647 2
      vertex 0.885455 -25.4647 6.5
    endloop
  endfacet
  facet normal -0.354559 -0.935034 0
    outer loop
      vertex 0.120536 -24.0073 2
      vertex 0.568065 -24.177 6.5
      vertex 0.120536 -24.0073 6.5
    endloop
  endfacet
  facet normal -0.354559 -0.935034 -0
    outer loop
      vertex 0.568065 -24.177 6.5
      vertex 0.120536 -24.0073 2
      vertex 0.568065 -24.177 2
    endloop
  endfacet
  facet normal 0.120552 0.992707 -0
    outer loop
      vertex 0.120536 -25.9927 2
      vertex -0.354605 -25.935 6.5
      vertex 0.120536 -25.9927 6.5
    endloop
  endfacet
  facet normal 0.120552 0.992707 0
    outer loop
      vertex -0.354605 -25.935 6.5
      vertex 0.120536 -25.9927 2
      vertex -0.354605 -25.935 2
    endloop
  endfacet
  facet normal 1 -0 0
    outer loop
      vertex -0.970942 -25.2393 6.5
      vertex -0.970942 -24.7607 2
      vertex -0.970942 -24.7607 6.5
    endloop
  endfacet
  facet normal 1 0 0
    outer loop
      vertex -0.970942 -24.7607 2
      vertex -0.970942 -25.2393 6.5
      vertex -0.970942 -25.2393 2
    endloop
  endfacet
  facet normal -0.354559 0.935034 0
    outer loop
      vertex 0.568065 -25.823 2
      vertex 0.120536 -25.9927 6.5
      vertex 0.568065 -25.823 6.5
    endloop
  endfacet
  facet normal -0.354559 0.935034 0
    outer loop
      vertex 0.120536 -25.9927 6.5
      vertex 0.568065 -25.823 2
      vertex 0.120536 -25.9927 2
    endloop
  endfacet
  facet normal 0.568075 -0.822977 0
    outer loop
      vertex -0.74851 -24.3369 2
      vertex -0.354605 -24.065 6.5
      vertex -0.74851 -24.3369 6.5
    endloop
  endfacet
  facet normal 0.568075 -0.822977 0
    outer loop
      vertex -0.354605 -24.065 6.5
      vertex -0.74851 -24.3369 2
      vertex -0.354605 -24.065 2
    endloop
  endfacet
  facet normal -0.748548 0.66308 0
    outer loop
      vertex 0.568065 -25.823 2
      vertex 0.885455 -25.4647 6.5
      vertex 0.885455 -25.4647 2
    endloop
  endfacet
  facet normal -0.748548 0.66308 0
    outer loop
      vertex 0.885455 -25.4647 6.5
      vertex 0.568065 -25.823 2
      vertex 0.568065 -25.823 6.5
    endloop
  endfacet
  facet normal 0.120552 -0.992707 0
    outer loop
      vertex -0.354605 -24.065 2
      vertex 0.120536 -24.0073 6.5
      vertex -0.354605 -24.065 6.5
    endloop
  endfacet
  facet normal 0.120552 -0.992707 0
    outer loop
      vertex 0.120536 -24.0073 6.5
      vertex -0.354605 -24.065 2
      vertex 0.120536 -24.0073 2
    endloop
  endfacet
  facet normal 0.885452 -0.464731 0
    outer loop
      vertex -0.970942 -24.7607 6.5
      vertex -0.74851 -24.3369 2
      vertex -0.74851 -24.3369 6.5
    endloop
  endfacet
  facet normal 0.885452 -0.464731 0
    outer loop
      vertex -0.74851 -24.3369 2
      vertex -0.970942 -24.7607 6.5
      vertex -0.970942 -24.7607 2
    endloop
  endfacet
  facet normal 0.568075 0.822977 -0
    outer loop
      vertex -0.354605 -25.935 2
      vertex -0.74851 -25.6631 6.5
      vertex -0.354605 -25.935 6.5
    endloop
  endfacet
  facet normal 0.568075 0.822977 0
    outer loop
      vertex -0.74851 -25.6631 6.5
      vertex -0.354605 -25.935 2
      vertex -0.74851 -25.6631 2
    endloop
  endfacet
  facet normal 0.885452 0.464731 0
    outer loop
      vertex -0.74851 -25.6631 6.5
      vertex -0.970942 -25.2393 2
      vertex -0.970942 -25.2393 6.5
    endloop
  endfacet
  facet normal 0.885452 0.464731 0
    outer loop
      vertex -0.970942 -25.2393 2
      vertex -0.74851 -25.6631 6.5
      vertex -0.74851 -25.6631 2
    endloop
  endfacet
  facet normal 0.889198 0.107973 -0.444599
    outer loop
      vertex -6 -7.5 2
      vertex -5.97094 -7.73932 2
      vertex -6.94188 -7.97863 0
    endloop
  endfacet
  facet normal 0.21436 -0.869702 -0.444599
    outer loop
      vertex -5.24107 -5.51458 0
      vertex -5.12054 -6.50729 2
      vertex -5.3546 -6.56498 2
    endloop
  endfacet
  facet normal 0.21436 0.869702 -0.444599
    outer loop
      vertex -5.12054 -8.49271 2
      vertex -5.24107 -9.48542 0
      vertex -5.3546 -8.43502 2
    endloop
  endfacet
  facet normal -0.889198 -0.107973 -0.444599
    outer loop
      vertex -3 -7.5 0
      vertex -4 -7.5 2
      vertex -4.02906 -7.26068 2
    endloop
  endfacet
  facet normal -0.889198 -0.107975 -0.444599
    outer loop
      vertex -3.05812 -7.02137 0
      vertex -3 -7.5 0
      vertex -4.02906 -7.26068 2
    endloop
  endfacet
  facet normal -0.416289 -0.793119 -0.444595
    outer loop
      vertex -4.29079 -5.62997 0
      vertex -4.43193 -6.67702 2
      vertex -4.64539 -6.56498 2
    endloop
  endfacet
  facet normal -0.593986 -0.670455 -0.444602
    outer loop
      vertex -3.50298 -6.17375 0
      vertex -4.25149 -6.83688 2
      vertex -4.43193 -6.67702 2
    endloop
  endfacet
  facet normal 0.416289 -0.793119 -0.444597
    outer loop
      vertex -5.3546 -6.56498 2
      vertex -5.56806 -6.67702 2
      vertex -5.70921 -5.62997 0
    endloop
  endfacet
  facet normal -0.737172 0.50883 -0.444601
    outer loop
      vertex -3.22909 -8.42945 0
      vertex -3.50298 -8.82625 0
      vertex -4.25149 -8.16312 2
    endloop
  endfacet
  facet normal 0.593977 -0.670463 -0.444602
    outer loop
      vertex -6.13613 -5.85403 0
      vertex -5.56806 -6.67702 2
      vertex -6.49702 -6.17375 0
    endloop
  endfacet
  facet normal -0.416259 0.793133 -0.4446
    outer loop
      vertex -3.86387 -9.14597 0
      vertex -4.29079 -9.37003 0
      vertex -4.43193 -8.32298 2
    endloop
  endfacet
  facet normal -0.416259 -0.793133 -0.4446
    outer loop
      vertex -4.29079 -5.62997 0
      vertex -3.86387 -5.85403 0
      vertex -4.43193 -6.67702 2
    endloop
  endfacet
  facet normal -0.837524 0.317625 -0.444598
    outer loop
      vertex -3.05812 -7.97863 0
      vertex -3.22909 -8.42945 0
      vertex -4.02906 -7.73932 2
    endloop
  endfacet
  facet normal 0.737164 -0.508844 -0.444598
    outer loop
      vertex -5.74851 -6.83688 2
      vertex -5.88546 -7.03528 2
      vertex -6.77091 -6.57055 0
    endloop
  endfacet
  facet normal 0.214369 -0.8697 -0.444598
    outer loop
      vertex -5.24107 -5.51458 0
      vertex -5.3546 -6.56498 2
      vertex -5.70921 -5.62997 0
    endloop
  endfacet
  facet normal -0.837524 -0.317625 -0.444598
    outer loop
      vertex -3.22909 -6.57055 0
      vertex -3.05812 -7.02137 0
      vertex -4.02906 -7.26068 2
    endloop
  endfacet
  facet normal -0.837526 -0.317621 -0.444598
    outer loop
      vertex -3.22909 -6.57055 0
      vertex -4.02906 -7.26068 2
      vertex -4.11454 -7.03528 2
    endloop
  endfacet
  facet normal -0.737164 0.508844 -0.444598
    outer loop
      vertex -4.11454 -7.96472 2
      vertex -3.22909 -8.42945 0
      vertex -4.25149 -8.16312 2
    endloop
  endfacet
  facet normal -0.214369 -0.869701 -0.444597
    outer loop
      vertex -4.29079 -5.62997 0
      vertex -4.64539 -6.56498 2
      vertex -4.75893 -5.51458 0
    endloop
  endfacet
  facet normal 0.837524 0.317625 -0.444598
    outer loop
      vertex -5.97094 -7.73932 2
      vertex -6.77091 -8.42945 0
      vertex -6.94188 -7.97863 0
    endloop
  endfacet
  facet normal 0 -0.895729 -0.4446
    outer loop
      vertex -5.24107 -5.51458 0
      vertex -4.87946 -6.50729 2
      vertex -5.12054 -6.50729 2
    endloop
  endfacet
  facet normal 0 -0.895729 -0.4446
    outer loop
      vertex -4.87946 -6.50729 2
      vertex -5.24107 -5.51458 0
      vertex -4.75893 -5.51458 0
    endloop
  endfacet
  facet normal -0.416289 0.793119 -0.444595
    outer loop
      vertex -4.43193 -8.32298 2
      vertex -4.29079 -9.37003 0
      vertex -4.64539 -8.43502 2
    endloop
  endfacet
  facet normal 0.837526 0.317621 -0.444598
    outer loop
      vertex -5.97094 -7.73932 2
      vertex -5.88546 -7.96472 2
      vertex -6.77091 -8.42945 0
    endloop
  endfacet
  facet normal -0.593978 0.670464 -0.4446
    outer loop
      vertex -3.50298 -8.82625 0
      vertex -3.86387 -9.14597 0
      vertex -4.43193 -8.32298 2
    endloop
  endfacet
  facet normal -0.214351 -0.869704 -0.4446
    outer loop
      vertex -4.75893 -5.51458 0
      vertex -4.64539 -6.56498 2
      vertex -4.87946 -6.50729 2
    endloop
  endfacet
  facet normal 0.737172 0.50883 -0.444601
    outer loop
      vertex -5.74851 -8.16312 2
      vertex -6.49702 -8.82625 0
      vertex -6.77091 -8.42945 0
    endloop
  endfacet
  facet normal 0.593968 0.670472 -0.4446
    outer loop
      vertex -5.74851 -8.16312 2
      vertex -5.56806 -8.32298 2
      vertex -6.49702 -8.82625 0
    endloop
  endfacet
  facet normal 0.416259 0.793132 -0.444602
    outer loop
      vertex -5.56806 -8.32298 2
      vertex -5.70921 -9.37003 0
      vertex -6.13613 -9.14597 0
    endloop
  endfacet
  facet normal 0.837524 -0.317625 -0.444598
    outer loop
      vertex -6.77091 -6.57055 0
      vertex -5.97094 -7.26068 2
      vertex -6.94188 -7.02137 0
    endloop
  endfacet
  facet normal 0.889198 0.107975 -0.444599
    outer loop
      vertex -6 -7.5 2
      vertex -6.94188 -7.97863 0
      vertex -7 -7.5 0
    endloop
  endfacet
  facet normal -0.737164 -0.508844 -0.444598
    outer loop
      vertex -3.22909 -6.57055 0
      vertex -4.11454 -7.03528 2
      vertex -4.25149 -6.83688 2
    endloop
  endfacet
  facet normal 0.593977 0.670463 -0.444602
    outer loop
      vertex -5.56806 -8.32298 2
      vertex -6.13613 -9.14597 0
      vertex -6.49702 -8.82625 0
    endloop
  endfacet
  facet normal -0.214369 0.869701 -0.444597
    outer loop
      vertex -4.64539 -8.43502 2
      vertex -4.29079 -9.37003 0
      vertex -4.75893 -9.48542 0
    endloop
  endfacet
  facet normal 0 0.895729 -0.4446
    outer loop
      vertex -4.75893 -9.48542 0
      vertex -5.12054 -8.49271 2
      vertex -4.87946 -8.49271 2
    endloop
  endfacet
  facet normal 0 0.895729 -0.4446
    outer loop
      vertex -5.12054 -8.49271 2
      vertex -4.75893 -9.48542 0
      vertex -5.24107 -9.48542 0
    endloop
  endfacet
  facet normal -0.593978 -0.670464 -0.4446
    outer loop
      vertex -3.86387 -5.85403 0
      vertex -3.50298 -6.17375 0
      vertex -4.43193 -6.67702 2
    endloop
  endfacet
  facet normal -0.889198 0.107975 -0.444599
    outer loop
      vertex -3 -7.5 0
      vertex -3.05812 -7.97863 0
      vertex -4.02906 -7.73932 2
    endloop
  endfacet
  facet normal -0.889198 0.107973 -0.444599
    outer loop
      vertex -4 -7.5 2
      vertex -3 -7.5 0
      vertex -4.02906 -7.73932 2
    endloop
  endfacet
  facet normal 0.737172 -0.50883 -0.444601
    outer loop
      vertex -6.49702 -6.17375 0
      vertex -5.74851 -6.83688 2
      vertex -6.77091 -6.57055 0
    endloop
  endfacet
  facet normal -0.737172 -0.50883 -0.444601
    outer loop
      vertex -3.50298 -6.17375 0
      vertex -3.22909 -6.57055 0
      vertex -4.25149 -6.83688 2
    endloop
  endfacet
  facet normal -0.593986 0.670455 -0.444602
    outer loop
      vertex -4.25149 -8.16312 2
      vertex -3.50298 -8.82625 0
      vertex -4.43193 -8.32298 2
    endloop
  endfacet
  facet normal 0.737164 0.508844 -0.444598
    outer loop
      vertex -5.88546 -7.96472 2
      vertex -5.74851 -8.16312 2
      vertex -6.77091 -8.42945 0
    endloop
  endfacet
  facet normal 0.889198 -0.107973 -0.444599
    outer loop
      vertex -7 -7.5 0
      vertex -5.97094 -7.26068 2
      vertex -6 -7.5 2
    endloop
  endfacet
  facet normal 0.889198 -0.107975 -0.444599
    outer loop
      vertex -5.97094 -7.26068 2
      vertex -7 -7.5 0
      vertex -6.94188 -7.02137 0
    endloop
  endfacet
  facet normal 0.416289 0.793119 -0.444597
    outer loop
      vertex -5.56806 -8.32298 2
      vertex -5.3546 -8.43502 2
      vertex -5.70921 -9.37003 0
    endloop
  endfacet
  facet normal 0.214369 0.8697 -0.444598
    outer loop
      vertex -5.3546 -8.43502 2
      vertex -5.24107 -9.48542 0
      vertex -5.70921 -9.37003 0
    endloop
  endfacet
  facet normal -0.214351 0.869704 -0.4446
    outer loop
      vertex -4.64539 -8.43502 2
      vertex -4.75893 -9.48542 0
      vertex -4.87946 -8.49271 2
    endloop
  endfacet
  facet normal -0.837526 0.317621 -0.444598
    outer loop
      vertex -4.02906 -7.73932 2
      vertex -3.22909 -8.42945 0
      vertex -4.11454 -7.96472 2
    endloop
  endfacet
  facet normal 0.837526 -0.317621 -0.444598
    outer loop
      vertex -5.88546 -7.03528 2
      vertex -5.97094 -7.26068 2
      vertex -6.77091 -6.57055 0
    endloop
  endfacet
  facet normal 0 -0 -1
    outer loop
      vertex -5.12054 -6.50729 2
      vertex -4.87946 -6.50729 2
      vertex -5.3546 -6.56498 2
    endloop
  endfacet
  facet normal -0 -0 -1
    outer loop
      vertex -4.64539 -6.56498 2
      vertex -4.43193 -6.67702 2
      vertex -4.87946 -6.50729 2
    endloop
  endfacet
  facet normal 0 -0 -1
    outer loop
      vertex -5.97094 -7.26068 2
      vertex -5.97094 -7.73932 2
      vertex -6 -7.5 2
    endloop
  endfacet
  facet normal 0 0 -1
    outer loop
      vertex -5.3546 -8.43502 2
      vertex -5.56806 -8.32298 2
      vertex -5.74851 -8.16312 2
    endloop
  endfacet
  facet normal 0 0 -1
    outer loop
      vertex -4.87946 -8.49271 2
      vertex -5.12054 -8.49271 2
      vertex -5.3546 -8.43502 2
    endloop
  endfacet
  facet normal 0 0 -1
    outer loop
      vertex -4 -7.5 2
      vertex -4.02906 -7.73932 2
      vertex -4.11454 -7.96472 2
    endloop
  endfacet
  facet normal -0 -0 -1
    outer loop
      vertex -4.02906 -7.26068 2
      vertex -4 -7.5 2
      vertex -4.11454 -7.03528 2
    endloop
  endfacet
  facet normal 0 -0 -1
    outer loop
      vertex -5.88546 -7.03528 2
      vertex -5.74851 -6.83688 2
      vertex -5.97094 -7.26068 2
    endloop
  endfacet
  facet normal -0 -0 -1
    outer loop
      vertex -4.25149 -6.83688 2
      vertex -4.11454 -7.03528 2
      vertex -4.43193 -6.67702 2
    endloop
  endfacet
  facet normal 0 0 -1
    outer loop
      vertex -4.43193 -8.32298 2
      vertex -4.64539 -8.43502 2
      vertex -4.87946 -8.49271 2
    endloop
  endfacet
  facet normal 0 -0 -1
    outer loop
      vertex -5.56806 -6.67702 2
      vertex -5.3546 -6.56498 2
      vertex -5.74851 -6.83688 2
    endloop
  endfacet
  facet normal 0 0 -1
    outer loop
      vertex -4.11454 -7.96472 2
      vertex -4.25149 -8.16312 2
      vertex -4.43193 -8.32298 2
    endloop
  endfacet
  facet normal 0 0 -1
    outer loop
      vertex -5.74851 -8.16312 2
      vertex -5.88546 -7.96472 2
      vertex -5.97094 -7.73932 2
    endloop
  endfacet
  facet normal 0.593968 -0.670472 -0.4446
    outer loop
      vertex -5.56806 -6.67702 2
      vertex -5.74851 -6.83688 2
      vertex -6.49702 -6.17375 0
    endloop
  endfacet
  facet normal 0.416259 -0.793132 -0.444602
    outer loop
      vertex -5.70921 -5.62997 0
      vertex -5.56806 -6.67702 2
      vertex -6.13613 -5.85403 0
    endloop
  endfacet
  facet normal 0.889198 0.107973 -0.444599
    outer loop
      vertex -5.97094 7.26068 2
      vertex -7 7.5 0
      vertex -6 7.5 2
    endloop
  endfacet
  facet normal 0.889198 0.107975 -0.444599
    outer loop
      vertex -7 7.5 0
      vertex -5.97094 7.26068 2
      vertex -6.94188 7.02137 0
    endloop
  endfacet
  facet normal 0.593968 0.670472 -0.4446
    outer loop
      vertex -5.74851 6.83688 2
      vertex -5.56806 6.67702 2
      vertex -6.49702 6.17375 0
    endloop
  endfacet
  facet normal -0.889198 -0.107973 -0.444599
    outer loop
      vertex -3 7.5 0
      vertex -4 7.5 2
      vertex -4.02906 7.73932 2
    endloop
  endfacet
  facet normal -0.889198 -0.107975 -0.444599
    outer loop
      vertex -3.05812 7.97863 0
      vertex -3 7.5 0
      vertex -4.02906 7.73932 2
    endloop
  endfacet
  facet normal 0.593977 0.670463 -0.444602
    outer loop
      vertex -5.56806 6.67702 2
      vertex -6.13613 5.85403 0
      vertex -6.49702 6.17375 0
    endloop
  endfacet
  facet normal 0.214369 -0.8697 -0.444598
    outer loop
      vertex -5.24107 9.48542 0
      vertex -5.3546 8.43502 2
      vertex -5.70921 9.37003 0
    endloop
  endfacet
  facet normal -0.416289 -0.793119 -0.444595
    outer loop
      vertex -4.29079 9.37003 0
      vertex -4.43193 8.32298 2
      vertex -4.64539 8.43502 2
    endloop
  endfacet
  facet normal -0.737164 0.508844 -0.444598
    outer loop
      vertex -4.11454 7.03528 2
      vertex -3.22909 6.57055 0
      vertex -4.25149 6.83688 2
    endloop
  endfacet
  facet normal 0.837524 -0.317625 -0.444598
    outer loop
      vertex -6.77091 8.42945 0
      vertex -5.97094 7.73932 2
      vertex -6.94188 7.97863 0
    endloop
  endfacet
  facet normal -0.214369 0.869701 -0.444597
    outer loop
      vertex -4.64539 6.56498 2
      vertex -4.29079 5.62997 0
      vertex -4.75893 5.51458 0
    endloop
  endfacet
  facet normal 0.737172 -0.50883 -0.444601
    outer loop
      vertex -6.49702 8.82625 0
      vertex -5.74851 8.16312 2
      vertex -6.77091 8.42945 0
    endloop
  endfacet
  facet normal 0.737164 0.508844 -0.444598
    outer loop
      vertex -5.88546 7.03528 2
      vertex -5.74851 6.83688 2
      vertex -6.77091 6.57055 0
    endloop
  endfacet
  facet normal 0.21436 -0.869702 -0.444599
    outer loop
      vertex -5.24107 9.48542 0
      vertex -5.12054 8.49271 2
      vertex -5.3546 8.43502 2
    endloop
  endfacet
  facet normal -0.416259 -0.793133 -0.4446
    outer loop
      vertex -4.29079 9.37003 0
      vertex -3.86387 9.14597 0
      vertex -4.43193 8.32298 2
    endloop
  endfacet
  facet normal -0.416289 0.793119 -0.444595
    outer loop
      vertex -4.43193 6.67702 2
      vertex -4.29079 5.62997 0
      vertex -4.64539 6.56498 2
    endloop
  endfacet
  facet normal -0.593986 0.670455 -0.444602
    outer loop
      vertex -4.25149 6.83688 2
      vertex -3.50298 6.17375 0
      vertex -4.43193 6.67702 2
    endloop
  endfacet
  facet normal -0.837524 -0.317625 -0.444598
    outer loop
      vertex -3.22909 8.42945 0
      vertex -3.05812 7.97863 0
      vertex -4.02906 7.73932 2
    endloop
  endfacet
  facet normal -0.737172 0.50883 -0.444601
    outer loop
      vertex -3.22909 6.57055 0
      vertex -3.50298 6.17375 0
      vertex -4.25149 6.83688 2
    endloop
  endfacet
  facet normal -0.214351 -0.869704 -0.4446
    outer loop
      vertex -4.75893 9.48542 0
      vertex -4.64539 8.43502 2
      vertex -4.87946 8.49271 2
    endloop
  endfacet
  facet normal 0.214369 0.8697 -0.444598
    outer loop
      vertex -5.3546 6.56498 2
      vertex -5.24107 5.51458 0
      vertex -5.70921 5.62997 0
    endloop
  endfacet
  facet normal -0.737172 -0.50883 -0.444601
    outer loop
      vertex -3.50298 8.82625 0
      vertex -3.22909 8.42945 0
      vertex -4.25149 8.16312 2
    endloop
  endfacet
  facet normal -0.593978 0.670464 -0.4446
    outer loop
      vertex -3.50298 6.17375 0
      vertex -3.86387 5.85403 0
      vertex -4.43193 6.67702 2
    endloop
  endfacet
  facet normal -0.837524 0.317625 -0.444598
    outer loop
      vertex -3.05812 7.02137 0
      vertex -3.22909 6.57055 0
      vertex -4.02906 7.26068 2
    endloop
  endfacet
  facet normal 0.837526 0.317621 -0.444598
    outer loop
      vertex -5.97094 7.26068 2
      vertex -5.88546 7.03528 2
      vertex -6.77091 6.57055 0
    endloop
  endfacet
  facet normal 0.889198 -0.107973 -0.444599
    outer loop
      vertex -5.97094 7.73932 2
      vertex -6 7.5 2
      vertex -6.94188 7.97863 0
    endloop
  endfacet
  facet normal 0.416259 -0.793132 -0.444602
    outer loop
      vertex -5.70921 9.37003 0
      vertex -5.56806 8.32298 2
      vertex -6.13613 9.14597 0
    endloop
  endfacet
  facet normal -0.593978 -0.670464 -0.4446
    outer loop
      vertex -3.86387 9.14597 0
      vertex -3.50298 8.82625 0
      vertex -4.43193 8.32298 2
    endloop
  endfacet
  facet normal 0.837526 -0.317621 -0.444598
    outer loop
      vertex -5.88546 7.96472 2
      vertex -5.97094 7.73932 2
      vertex -6.77091 8.42945 0
    endloop
  endfacet
  facet normal -0.889198 0.107975 -0.444599
    outer loop
      vertex -3 7.5 0
      vertex -3.05812 7.02137 0
      vertex -4.02906 7.26068 2
    endloop
  endfacet
  facet normal -0.889198 0.107973 -0.444599
    outer loop
      vertex -4 7.5 2
      vertex -3 7.5 0
      vertex -4.02906 7.26068 2
    endloop
  endfacet
  facet normal 0.416289 0.793119 -0.444597
    outer loop
      vertex -5.56806 6.67702 2
      vertex -5.3546 6.56498 2
      vertex -5.70921 5.62997 0
    endloop
  endfacet
  facet normal -0.416259 0.793133 -0.4446
    outer loop
      vertex -3.86387 5.85403 0
      vertex -4.29079 5.62997 0
      vertex -4.43193 6.67702 2
    endloop
  endfacet
  facet normal 0.737164 -0.508844 -0.444598
    outer loop
      vertex -5.74851 8.16312 2
      vertex -5.88546 7.96472 2
      vertex -6.77091 8.42945 0
    endloop
  endfacet
  facet normal 0.593977 -0.670463 -0.444602
    outer loop
      vertex -6.13613 9.14597 0
      vertex -5.56806 8.32298 2
      vertex -6.49702 8.82625 0
    endloop
  endfacet
  facet normal -0.214369 -0.869701 -0.444597
    outer loop
      vertex -4.29079 9.37003 0
      vertex -4.64539 8.43502 2
      vertex -4.75893 9.48542 0
    endloop
  endfacet
  facet normal 0.737172 0.50883 -0.444601
    outer loop
      vertex -5.74851 6.83688 2
      vertex -6.49702 6.17375 0
      vertex -6.77091 6.57055 0
    endloop
  endfacet
  facet normal -0.593986 -0.670455 -0.444602
    outer loop
      vertex -3.50298 8.82625 0
      vertex -4.25149 8.16312 2
      vertex -4.43193 8.32298 2
    endloop
  endfacet
  facet normal 0.416289 -0.793119 -0.444597
    outer loop
      vertex -5.3546 8.43502 2
      vertex -5.56806 8.32298 2
      vertex -5.70921 9.37003 0
    endloop
  endfacet
  facet normal -0.837526 0.317621 -0.444598
    outer loop
      vertex -4.02906 7.26068 2
      vertex -3.22909 6.57055 0
      vertex -4.11454 7.03528 2
    endloop
  endfacet
  facet normal 0.593968 -0.670472 -0.4446
    outer loop
      vertex -5.56806 8.32298 2
      vertex -5.74851 8.16312 2
      vertex -6.49702 8.82625 0
    endloop
  endfacet
  facet normal 0.21436 0.869702 -0.444599
    outer loop
      vertex -5.12054 6.50729 2
      vertex -5.24107 5.51458 0
      vertex -5.3546 6.56498 2
    endloop
  endfacet
  facet normal -0.737164 -0.508844 -0.444598
    outer loop
      vertex -3.22909 8.42945 0
      vertex -4.11454 7.96472 2
      vertex -4.25149 8.16312 2
    endloop
  endfacet
  facet normal 0.837524 0.317625 -0.444598
    outer loop
      vertex -5.97094 7.26068 2
      vertex -6.77091 6.57055 0
      vertex -6.94188 7.02137 0
    endloop
  endfacet
  facet normal 0.416259 0.793132 -0.444602
    outer loop
      vertex -5.56806 6.67702 2
      vertex -5.70921 5.62997 0
      vertex -6.13613 5.85403 0
    endloop
  endfacet
  facet normal 0.889198 -0.107975 -0.444599
    outer loop
      vertex -6.94188 7.97863 0
      vertex -6 7.5 2
      vertex -7 7.5 0
    endloop
  endfacet
  facet normal 0 -0.895729 -0.4446
    outer loop
      vertex -5.24107 9.48542 0
      vertex -4.87946 8.49271 2
      vertex -5.12054 8.49271 2
    endloop
  endfacet
  facet normal 0 -0.895729 -0.4446
    outer loop
      vertex -4.87946 8.49271 2
      vertex -5.24107 9.48542 0
      vertex -4.75893 9.48542 0
    endloop
  endfacet
  facet normal 0 0.895729 -0.4446
    outer loop
      vertex -4.75893 5.51458 0
      vertex -5.12054 6.50729 2
      vertex -4.87946 6.50729 2
    endloop
  endfacet
  facet normal 0 0.895729 -0.4446
    outer loop
      vertex -5.12054 6.50729 2
      vertex -4.75893 5.51458 0
      vertex -5.24107 5.51458 0
    endloop
  endfacet
  facet normal -0.837526 -0.317621 -0.444598
    outer loop
      vertex -3.22909 8.42945 0
      vertex -4.02906 7.73932 2
      vertex -4.11454 7.96472 2
    endloop
  endfacet
  facet normal -0.214351 0.869704 -0.4446
    outer loop
      vertex -4.64539 6.56498 2
      vertex -4.75893 5.51458 0
      vertex -4.87946 6.50729 2
    endloop
  endfacet
  facet normal -0 -0 -1
    outer loop
      vertex -4.64539 8.43502 2
      vertex -4.43193 8.32298 2
      vertex -4.87946 8.49271 2
    endloop
  endfacet
  facet normal -0 -0 -1
    outer loop
      vertex -4.25149 8.16312 2
      vertex -4.11454 7.96472 2
      vertex -4.43193 8.32298 2
    endloop
  endfacet
  facet normal 0 0 -1
    outer loop
      vertex -4.11454 7.03528 2
      vertex -4.25149 6.83688 2
      vertex -4.43193 6.67702 2
    endloop
  endfacet
  facet normal 0 0 -1
    outer loop
      vertex -5.3546 6.56498 2
      vertex -5.56806 6.67702 2
      vertex -5.74851 6.83688 2
    endloop
  endfacet
  facet normal 0 -0 -1
    outer loop
      vertex -5.88546 7.96472 2
      vertex -5.74851 8.16312 2
      vertex -5.97094 7.73932 2
    endloop
  endfacet
  facet normal 0 -0 -1
    outer loop
      vertex -5.56806 8.32298 2
      vertex -5.3546 8.43502 2
      vertex -5.74851 8.16312 2
    endloop
  endfacet
  facet normal 0 -0 -1
    outer loop
      vertex -5.97094 7.73932 2
      vertex -5.97094 7.26068 2
      vertex -6 7.5 2
    endloop
  endfacet
  facet normal -0 -0 -1
    outer loop
      vertex -4.02906 7.73932 2
      vertex -4 7.5 2
      vertex -4.11454 7.96472 2
    endloop
  endfacet
  facet normal 0 0 -1
    outer loop
      vertex -5.74851 6.83688 2
      vertex -5.88546 7.03528 2
      vertex -5.97094 7.26068 2
    endloop
  endfacet
  facet normal 0 0 -1
    outer loop
      vertex -4.87946 6.50729 2
      vertex -5.12054 6.50729 2
      vertex -5.3546 6.56498 2
    endloop
  endfacet
  facet normal 0 0 -1
    outer loop
      vertex -4.43193 6.67702 2
      vertex -4.64539 6.56498 2
      vertex -4.87946 6.50729 2
    endloop
  endfacet
  facet normal 0 -0 -1
    outer loop
      vertex -5.12054 8.49271 2
      vertex -4.87946 8.49271 2
      vertex -5.3546 8.43502 2
    endloop
  endfacet
  facet normal 0 0 -1
    outer loop
      vertex -4 7.5 2
      vertex -4.02906 7.26068 2
      vertex -4.11454 7.03528 2
    endloop
  endfacet
  facet normal 0.889184 0.10812 -0.444592
    outer loop
      vertex 14 -7.5 2
      vertex 14.0291 -7.73932 2
      vertex 13 -7.5 0
    endloop
  endfacet
  facet normal -0.889202 0.107939 -0.444601
    outer loop
      vertex 17 -7.5 0
      vertex 16.9419 -7.97863 0
      vertex 16 -7.5 2
    endloop
  endfacet
  facet normal -0.837498 -0.31767 -0.444616
    outer loop
      vertex 16.7709 -6.57055 0
      vertex 16.9419 -7.02137 0
      vertex 15.9709 -7.26068 2
    endloop
  endfacet
  facet normal -0.593973 -0.670477 -0.444586
    outer loop
      vertex 16.1361 -5.85403 0
      vertex 16.497 -6.17375 0
      vertex 15.5681 -6.67702 2
    endloop
  endfacet
  facet normal 0.737164 -0.508844 -0.444598
    outer loop
      vertex 13.503 -6.17375 0
      vertex 14.2515 -6.83688 2
      vertex 13.2291 -6.57055 0
    endloop
  endfacet
  facet normal 0.416276 0.793129 -0.444591
    outer loop
      vertex 14.4319 -8.32298 2
      vertex 14.2908 -9.37003 0
      vertex 13.8639 -9.14597 0
    endloop
  endfacet
  facet normal -0.837639 -0.317366 -0.444567
    outer loop
      vertex 16.7709 -6.57055 0
      vertex 15.9709 -7.26068 2
      vertex 15.8855 -7.03528 2
    endloop
  endfacet
  facet normal 0.837498 -0.31767 -0.444616
    outer loop
      vertex 13.2291 -6.57055 0
      vertex 14.0291 -7.26068 2
      vertex 13.0581 -7.02137 0
    endloop
  endfacet
  facet normal 0 0.895729 -0.4446
    outer loop
      vertex 15.2411 -9.48542 0
      vertex 14.8795 -8.49271 2
      vertex 15.1205 -8.49271 2
    endloop
  endfacet
  facet normal 0 0.895729 -0.4446
    outer loop
      vertex 14.8795 -8.49271 2
      vertex 15.2411 -9.48542 0
      vertex 14.7589 -9.48542 0
    endloop
  endfacet
  facet normal 0.889193 0.107937 -0.444618
    outer loop
      vertex 14.0291 -7.73932 2
      vertex 13.0581 -7.97863 0
      vertex 13 -7.5 0
    endloop
  endfacet
  facet normal -0.416276 0.793129 -0.444591
    outer loop
      vertex 16.1361 -9.14597 0
      vertex 15.7092 -9.37003 0
      vertex 15.5681 -8.32298 2
    endloop
  endfacet
  facet normal 0.737086 0.508976 -0.444576
    outer loop
      vertex 14.1145 -7.96472 2
      vertex 14.2515 -8.16312 2
      vertex 13.2291 -8.42945 0
    endloop
  endfacet
  facet normal 0.837639 0.317366 -0.444567
    outer loop
      vertex 14.0291 -7.73932 2
      vertex 14.1145 -7.96472 2
      vertex 13.2291 -8.42945 0
    endloop
  endfacet
  facet normal -0.594059 0.670388 -0.444604
    outer loop
      vertex 15.7485 -8.16312 2
      vertex 16.497 -8.82625 0
      vertex 15.5681 -8.32298 2
    endloop
  endfacet
  facet normal 0.416227 -0.79315 -0.444599
    outer loop
      vertex 14.6454 -6.56498 2
      vertex 14.4319 -6.67702 2
      vertex 14.2908 -5.62997 0
    endloop
  endfacet
  facet normal -0.593973 0.670477 -0.444586
    outer loop
      vertex 16.497 -8.82625 0
      vertex 16.1361 -9.14597 0
      vertex 15.5681 -8.32298 2
    endloop
  endfacet
  facet normal 0.837639 -0.317366 -0.444567
    outer loop
      vertex 14.1145 -7.03528 2
      vertex 14.0291 -7.26068 2
      vertex 13.2291 -6.57055 0
    endloop
  endfacet
  facet normal 0.416276 -0.793129 -0.444591
    outer loop
      vertex 14.2908 -5.62997 0
      vertex 14.4319 -6.67702 2
      vertex 13.8639 -5.85403 0
    endloop
  endfacet
  facet normal 0.214325 -0.869707 -0.444607
    outer loop
      vertex 14.7589 -5.51458 0
      vertex 14.8795 -6.50729 2
      vertex 14.6454 -6.56498 2
    endloop
  endfacet
  facet normal -0.737086 0.508976 -0.444576
    outer loop
      vertex 15.8855 -7.96472 2
      vertex 16.7709 -8.42945 0
      vertex 15.7485 -8.16312 2
    endloop
  endfacet
  facet normal -0.214386 -0.869696 -0.444598
    outer loop
      vertex 15.7092 -5.62997 0
      vertex 15.3546 -6.56498 2
      vertex 15.2411 -5.51458 0
    endloop
  endfacet
  facet normal -0.594059 -0.670388 -0.444604
    outer loop
      vertex 16.497 -6.17375 0
      vertex 15.7485 -6.83688 2
      vertex 15.5681 -6.67702 2
    endloop
  endfacet
  facet normal -0.737086 -0.508976 -0.444576
    outer loop
      vertex 16.7709 -6.57055 0
      vertex 15.8855 -7.03528 2
      vertex 15.7485 -6.83688 2
    endloop
  endfacet
  facet normal 0.416227 0.79315 -0.444599
    outer loop
      vertex 14.4319 -8.32298 2
      vertex 14.6454 -8.43502 2
      vertex 14.2908 -9.37003 0
    endloop
  endfacet
  facet normal 0.837498 0.31767 -0.444616
    outer loop
      vertex 14.0291 -7.73932 2
      vertex 13.2291 -8.42945 0
      vertex 13.0581 -7.97863 0
    endloop
  endfacet
  facet normal 0.214386 0.869696 -0.444598
    outer loop
      vertex 14.6454 -8.43502 2
      vertex 14.7589 -9.48542 0
      vertex 14.2908 -9.37003 0
    endloop
  endfacet
  facet normal 0.214386 -0.869696 -0.444598
    outer loop
      vertex 14.7589 -5.51458 0
      vertex 14.6454 -6.56498 2
      vertex 14.2908 -5.62997 0
    endloop
  endfacet
  facet normal -0.214325 -0.869707 -0.444607
    outer loop
      vertex 15.2411 -5.51458 0
      vertex 15.3546 -6.56498 2
      vertex 15.1205 -6.50729 2
    endloop
  endfacet
  facet normal 0.593973 -0.670477 -0.444586
    outer loop
      vertex 13.8639 -5.85403 0
      vertex 14.4319 -6.67702 2
      vertex 13.503 -6.17375 0
    endloop
  endfacet
  facet normal -0.737164 0.508844 -0.444598
    outer loop
      vertex 16.7709 -8.42945 0
      vertex 16.497 -8.82625 0
      vertex 15.7485 -8.16312 2
    endloop
  endfacet
  facet normal -0.416227 0.79315 -0.444599
    outer loop
      vertex 15.5681 -8.32298 2
      vertex 15.7092 -9.37003 0
      vertex 15.3546 -8.43502 2
    endloop
  endfacet
  facet normal 0.889193 -0.107937 -0.444618
    outer loop
      vertex 13.0581 -7.02137 0
      vertex 14.0291 -7.26068 2
      vertex 13 -7.5 0
    endloop
  endfacet
  facet normal 0.737086 -0.508976 -0.444576
    outer loop
      vertex 14.2515 -6.83688 2
      vertex 14.1145 -7.03528 2
      vertex 13.2291 -6.57055 0
    endloop
  endfacet
  facet normal -0.889193 -0.107937 -0.444618
    outer loop
      vertex 17 -7.5 0
      vertex 15.9709 -7.26068 2
      vertex 16.9419 -7.02137 0
    endloop
  endfacet
  facet normal -0.889184 -0.10812 -0.444592
    outer loop
      vertex 15.9709 -7.26068 2
      vertex 17 -7.5 0
      vertex 16 -7.5 2
    endloop
  endfacet
  facet normal -0.737164 -0.508844 -0.444598
    outer loop
      vertex 16.497 -6.17375 0
      vertex 16.7709 -6.57055 0
      vertex 15.7485 -6.83688 2
    endloop
  endfacet
  facet normal -0.214325 0.869707 -0.444607
    outer loop
      vertex 15.3546 -8.43502 2
      vertex 15.2411 -9.48542 0
      vertex 15.1205 -8.49271 2
    endloop
  endfacet
  facet normal -0.214386 0.869696 -0.444598
    outer loop
      vertex 15.3546 -8.43502 2
      vertex 15.7092 -9.37003 0
      vertex 15.2411 -9.48542 0
    endloop
  endfacet
  facet normal -0.837498 0.31767 -0.444616
    outer loop
      vertex 16.9419 -7.97863 0
      vertex 16.7709 -8.42945 0
      vertex 15.9709 -7.73932 2
    endloop
  endfacet
  facet normal -0.889167 0.108118 -0.444627
    outer loop
      vertex 16 -7.5 2
      vertex 16.9419 -7.97863 0
      vertex 15.9709 -7.73932 2
    endloop
  endfacet
  facet normal 0.889184 -0.10812 -0.444592
    outer loop
      vertex 14.0291 -7.26068 2
      vertex 14 -7.5 2
      vertex 13 -7.5 0
    endloop
  endfacet
  facet normal -0.416276 -0.793129 -0.444591
    outer loop
      vertex 15.7092 -5.62997 0
      vertex 16.1361 -5.85403 0
      vertex 15.5681 -6.67702 2
    endloop
  endfacet
  facet normal 0.214325 0.869707 -0.444607
    outer loop
      vertex 14.8795 -8.49271 2
      vertex 14.7589 -9.48542 0
      vertex 14.6454 -8.43502 2
    endloop
  endfacet
  facet normal 0.594059 -0.670388 -0.444604
    outer loop
      vertex 14.4319 -6.67702 2
      vertex 14.2515 -6.83688 2
      vertex 13.503 -6.17375 0
    endloop
  endfacet
  facet normal 0.594059 0.670388 -0.444604
    outer loop
      vertex 14.2515 -8.16312 2
      vertex 14.4319 -8.32298 2
      vertex 13.503 -8.82625 0
    endloop
  endfacet
  facet normal 0 -0.895729 -0.4446
    outer loop
      vertex 14.7589 -5.51458 0
      vertex 15.1205 -6.50729 2
      vertex 14.8795 -6.50729 2
    endloop
  endfacet
  facet normal 0 -0.895729 -0.4446
    outer loop
      vertex 15.1205 -6.50729 2
      vertex 14.7589 -5.51458 0
      vertex 15.2411 -5.51458 0
    endloop
  endfacet
  facet normal 0.737164 0.508844 -0.444598
    outer loop
      vertex 14.2515 -8.16312 2
      vertex 13.503 -8.82625 0
      vertex 13.2291 -8.42945 0
    endloop
  endfacet
  facet normal 0.593973 0.670477 -0.444586
    outer loop
      vertex 14.4319 -8.32298 2
      vertex 13.8639 -9.14597 0
      vertex 13.503 -8.82625 0
    endloop
  endfacet
  facet normal -0.837639 0.317366 -0.444567
    outer loop
      vertex 15.9709 -7.73932 2
      vertex 16.7709 -8.42945 0
      vertex 15.8855 -7.96472 2
    endloop
  endfacet
  facet normal -0.416227 -0.79315 -0.444599
    outer loop
      vertex 15.7092 -5.62997 0
      vertex 15.5681 -6.67702 2
      vertex 15.3546 -6.56498 2
    endloop
  endfacet
  facet normal 0 -0 -1
    outer loop
      vertex 14.0291 -7.26068 2
      vertex 14.0291 -7.73932 2
      vertex 14 -7.5 2
    endloop
  endfacet
  facet normal -0 -0 -1
    outer loop
      vertex 15.3546 -6.56498 2
      vertex 15.5681 -6.67702 2
      vertex 15.1205 -6.50729 2
    endloop
  endfacet
  facet normal 0 0 -1
    outer loop
      vertex 16 -7.5 2
      vertex 15.9709 -7.73932 2
      vertex 15.8855 -7.96472 2
    endloop
  endfacet
  facet normal -0 -0 -1
    outer loop
      vertex 15.9709 -7.26068 2
      vertex 16 -7.5 2
      vertex 15.8855 -7.03528 2
    endloop
  endfacet
  facet normal 0 0 -1
    outer loop
      vertex 15.1205 -8.49271 2
      vertex 14.8795 -8.49271 2
      vertex 14.6454 -8.43502 2
    endloop
  endfacet
  facet normal 0 0 -1
    outer loop
      vertex 14.2515 -8.16312 2
      vertex 14.1145 -7.96472 2
      vertex 14.0291 -7.73932 2
    endloop
  endfacet
  facet normal 0 0 -1
    outer loop
      vertex 15.5681 -8.32298 2
      vertex 15.3546 -8.43502 2
      vertex 15.1205 -8.49271 2
    endloop
  endfacet
  facet normal 0 0 -1
    outer loop
      vertex 15.8855 -7.96472 2
      vertex 15.7485 -8.16312 2
      vertex 15.5681 -8.32298 2
    endloop
  endfacet
  facet normal 0 -0 -1
    outer loop
      vertex 14.4319 -6.67702 2
      vertex 14.6454 -6.56498 2
      vertex 14.2515 -6.83688 2
    endloop
  endfacet
  facet normal 0 -0 -1
    outer loop
      vertex 14.8795 -6.50729 2
      vertex 15.1205 -6.50729 2
      vertex 14.6454 -6.56498 2
    endloop
  endfacet
  facet normal 0 -0 -1
    outer loop
      vertex 14.1145 -7.03528 2
      vertex 14.2515 -6.83688 2
      vertex 14.0291 -7.26068 2
    endloop
  endfacet
  facet normal -0 -0 -1
    outer loop
      vertex 15.7485 -6.83688 2
      vertex 15.8855 -7.03528 2
      vertex 15.5681 -6.67702 2
    endloop
  endfacet
  facet normal 0 0 -1
    outer loop
      vertex 14.6454 -8.43502 2
      vertex 14.4319 -8.32298 2
      vertex 14.2515 -8.16312 2
    endloop
  endfacet
  facet normal -0.889202 -0.107939 -0.444601
    outer loop
      vertex 16.9419 7.97863 0
      vertex 17 7.5 0
      vertex 16 7.5 2
    endloop
  endfacet
  facet normal 0.416276 -0.793129 -0.444591
    outer loop
      vertex 14.2908 9.37003 0
      vertex 14.4319 8.32298 2
      vertex 13.8639 9.14597 0
    endloop
  endfacet
  facet normal -0.737086 0.508976 -0.444576
    outer loop
      vertex 15.8855 7.03528 2
      vertex 16.7709 6.57055 0
      vertex 15.7485 6.83688 2
    endloop
  endfacet
  facet normal -0.737086 -0.508976 -0.444576
    outer loop
      vertex 16.7709 8.42945 0
      vertex 15.8855 7.96472 2
      vertex 15.7485 8.16312 2
    endloop
  endfacet
  facet normal -0.737164 0.508844 -0.444598
    outer loop
      vertex 16.7709 6.57055 0
      vertex 16.497 6.17375 0
      vertex 15.7485 6.83688 2
    endloop
  endfacet
  facet normal 0.594059 0.670388 -0.444604
    outer loop
      vertex 14.2515 6.83688 2
      vertex 14.4319 6.67702 2
      vertex 13.503 6.17375 0
    endloop
  endfacet
  facet normal -0.837498 -0.31767 -0.444616
    outer loop
      vertex 16.7709 8.42945 0
      vertex 16.9419 7.97863 0
      vertex 15.9709 7.73932 2
    endloop
  endfacet
  facet normal -0.593973 -0.670477 -0.444586
    outer loop
      vertex 16.1361 9.14597 0
      vertex 16.497 8.82625 0
      vertex 15.5681 8.32298 2
    endloop
  endfacet
  facet normal -0.214386 0.869696 -0.444598
    outer loop
      vertex 15.3546 6.56498 2
      vertex 15.7092 5.62997 0
      vertex 15.2411 5.51458 0
    endloop
  endfacet
  facet normal 0.737086 -0.508976 -0.444576
    outer loop
      vertex 14.2515 8.16312 2
      vertex 14.1145 7.96472 2
      vertex 13.2291 8.42945 0
    endloop
  endfacet
  facet normal -0.837498 0.31767 -0.444616
    outer loop
      vertex 16.9419 7.02137 0
      vertex 16.7709 6.57055 0
      vertex 15.9709 7.26068 2
    endloop
  endfacet
  facet normal 0.416276 0.793129 -0.444591
    outer loop
      vertex 14.4319 6.67702 2
      vertex 14.2908 5.62997 0
      vertex 13.8639 5.85403 0
    endloop
  endfacet
  facet normal 0.214325 0.869707 -0.444607
    outer loop
      vertex 14.8795 6.50729 2
      vertex 14.7589 5.51458 0
      vertex 14.6454 6.56498 2
    endloop
  endfacet
  facet normal -0.594059 0.670388 -0.444604
    outer loop
      vertex 15.7485 6.83688 2
      vertex 16.497 6.17375 0
      vertex 15.5681 6.67702 2
    endloop
  endfacet
  facet normal 0.214386 -0.869696 -0.444598
    outer loop
      vertex 14.7589 9.48542 0
      vertex 14.6454 8.43502 2
      vertex 14.2908 9.37003 0
    endloop
  endfacet
  facet normal 0.737164 -0.508844 -0.444598
    outer loop
      vertex 13.503 8.82625 0
      vertex 14.2515 8.16312 2
      vertex 13.2291 8.42945 0
    endloop
  endfacet
  facet normal 0.593973 -0.670477 -0.444586
    outer loop
      vertex 13.8639 9.14597 0
      vertex 14.4319 8.32298 2
      vertex 13.503 8.82625 0
    endloop
  endfacet
  facet normal -0.416276 0.793129 -0.444591
    outer loop
      vertex 16.1361 5.85403 0
      vertex 15.7092 5.62997 0
      vertex 15.5681 6.67702 2
    endloop
  endfacet
  facet normal 0.214386 0.869696 -0.444598
    outer loop
      vertex 14.6454 6.56498 2
      vertex 14.7589 5.51458 0
      vertex 14.2908 5.62997 0
    endloop
  endfacet
  facet normal 0.837639 -0.317366 -0.444567
    outer loop
      vertex 14.1145 7.96472 2
      vertex 14.0291 7.73932 2
      vertex 13.2291 8.42945 0
    endloop
  endfacet
  facet normal 0.889193 0.107937 -0.444618
    outer loop
      vertex 14.0291 7.26068 2
      vertex 13.0581 7.02137 0
      vertex 13 7.5 0
    endloop
  endfacet
  facet normal 0.889193 -0.107937 -0.444618
    outer loop
      vertex 13.0581 7.97863 0
      vertex 14.0291 7.73932 2
      vertex 13 7.5 0
    endloop
  endfacet
  facet normal -0.214325 -0.869707 -0.444607
    outer loop
      vertex 15.2411 9.48542 0
      vertex 15.3546 8.43502 2
      vertex 15.1205 8.49271 2
    endloop
  endfacet
  facet normal -0.593973 0.670477 -0.444586
    outer loop
      vertex 16.497 6.17375 0
      vertex 16.1361 5.85403 0
      vertex 15.5681 6.67702 2
    endloop
  endfacet
  facet normal 0.837498 -0.31767 -0.444616
    outer loop
      vertex 13.2291 8.42945 0
      vertex 14.0291 7.73932 2
      vertex 13.0581 7.97863 0
    endloop
  endfacet
  facet normal 0.837498 0.31767 -0.444616
    outer loop
      vertex 14.0291 7.26068 2
      vertex 13.2291 6.57055 0
      vertex 13.0581 7.02137 0
    endloop
  endfacet
  facet normal 0.416227 -0.79315 -0.444599
    outer loop
      vertex 14.6454 8.43502 2
      vertex 14.4319 8.32298 2
      vertex 14.2908 9.37003 0
    endloop
  endfacet
  facet normal 0.416227 0.79315 -0.444599
    outer loop
      vertex 14.4319 6.67702 2
      vertex 14.6454 6.56498 2
      vertex 14.2908 5.62997 0
    endloop
  endfacet
  facet normal -0.594059 -0.670388 -0.444604
    outer loop
      vertex 16.497 8.82625 0
      vertex 15.7485 8.16312 2
      vertex 15.5681 8.32298 2
    endloop
  endfacet
  facet normal 0.214325 -0.869707 -0.444607
    outer loop
      vertex 14.7589 9.48542 0
      vertex 14.8795 8.49271 2
      vertex 14.6454 8.43502 2
    endloop
  endfacet
  facet normal 0 -0.895729 -0.4446
    outer loop
      vertex 14.7589 9.48542 0
      vertex 15.1205 8.49271 2
      vertex 14.8795 8.49271 2
    endloop
  endfacet
  facet normal 0 -0.895729 -0.4446
    outer loop
      vertex 15.1205 8.49271 2
      vertex 14.7589 9.48542 0
      vertex 15.2411 9.48542 0
    endloop
  endfacet
  facet normal 0.837639 0.317366 -0.444567
    outer loop
      vertex 14.0291 7.26068 2
      vertex 14.1145 7.03528 2
      vertex 13.2291 6.57055 0
    endloop
  endfacet
  facet normal -0.889167 -0.108118 -0.444627
    outer loop
      vertex 16.9419 7.97863 0
      vertex 16 7.5 2
      vertex 15.9709 7.73932 2
    endloop
  endfacet
  facet normal -0.737164 -0.508844 -0.444598
    outer loop
      vertex 16.497 8.82625 0
      vertex 16.7709 8.42945 0
      vertex 15.7485 8.16312 2
    endloop
  endfacet
  facet normal -0.416227 0.79315 -0.444599
    outer loop
      vertex 15.5681 6.67702 2
      vertex 15.7092 5.62997 0
      vertex 15.3546 6.56498 2
    endloop
  endfacet
  facet normal 0.594059 -0.670388 -0.444604
    outer loop
      vertex 14.4319 8.32298 2
      vertex 14.2515 8.16312 2
      vertex 13.503 8.82625 0
    endloop
  endfacet
  facet normal -0.416227 -0.79315 -0.444599
    outer loop
      vertex 15.7092 9.37003 0
      vertex 15.5681 8.32298 2
      vertex 15.3546 8.43502 2
    endloop
  endfacet
  facet normal -0.837639 0.317366 -0.444567
    outer loop
      vertex 15.9709 7.26068 2
      vertex 16.7709 6.57055 0
      vertex 15.8855 7.03528 2
    endloop
  endfacet
  facet normal 0.593973 0.670477 -0.444586
    outer loop
      vertex 14.4319 6.67702 2
      vertex 13.8639 5.85403 0
      vertex 13.503 6.17375 0
    endloop
  endfacet
  facet normal -0.214386 -0.869696 -0.444598
    outer loop
      vertex 15.7092 9.37003 0
      vertex 15.3546 8.43502 2
      vertex 15.2411 9.48542 0
    endloop
  endfacet
  facet normal 0.737086 0.508976 -0.444576
    outer loop
      vertex 14.1145 7.03528 2
      vertex 14.2515 6.83688 2
      vertex 13.2291 6.57055 0
    endloop
  endfacet
  facet normal 0 0.895729 -0.4446
    outer loop
      vertex 15.2411 5.51458 0
      vertex 14.8795 6.50729 2
      vertex 15.1205 6.50729 2
    endloop
  endfacet
  facet normal 0 0.895729 -0.4446
    outer loop
      vertex 14.8795 6.50729 2
      vertex 15.2411 5.51458 0
      vertex 14.7589 5.51458 0
    endloop
  endfacet
  facet normal -0.416276 -0.793129 -0.444591
    outer loop
      vertex 15.7092 9.37003 0
      vertex 16.1361 9.14597 0
      vertex 15.5681 8.32298 2
    endloop
  endfacet
  facet normal -0.837639 -0.317366 -0.444567
    outer loop
      vertex 16.7709 8.42945 0
      vertex 15.9709 7.73932 2
      vertex 15.8855 7.96472 2
    endloop
  endfacet
  facet normal 0.737164 0.508844 -0.444598
    outer loop
      vertex 14.2515 6.83688 2
      vertex 13.503 6.17375 0
      vertex 13.2291 6.57055 0
    endloop
  endfacet
  facet normal -0.889184 0.10812 -0.444592
    outer loop
      vertex 17 7.5 0
      vertex 15.9709 7.26068 2
      vertex 16 7.5 2
    endloop
  endfacet
  facet normal -0.889193 0.107937 -0.444618
    outer loop
      vertex 15.9709 7.26068 2
      vertex 17 7.5 0
      vertex 16.9419 7.02137 0
    endloop
  endfacet
  facet normal 0.889184 -0.10812 -0.444592
    outer loop
      vertex 14.0291 7.73932 2
      vertex 14 7.5 2
      vertex 13 7.5 0
    endloop
  endfacet
  facet normal 0.889184 0.10812 -0.444592
    outer loop
      vertex 14 7.5 2
      vertex 14.0291 7.26068 2
      vertex 13 7.5 0
    endloop
  endfacet
  facet normal -0.214325 0.869707 -0.444607
    outer loop
      vertex 15.3546 6.56498 2
      vertex 15.2411 5.51458 0
      vertex 15.1205 6.50729 2
    endloop
  endfacet
  facet normal 0 0 -1
    outer loop
      vertex 14.2515 6.83688 2
      vertex 14.1145 7.03528 2
      vertex 14.0291 7.26068 2
    endloop
  endfacet
  facet normal 0 0 -1
    outer loop
      vertex 14.6454 6.56498 2
      vertex 14.4319 6.67702 2
      vertex 14.2515 6.83688 2
    endloop
  endfacet
  facet normal 0 0 -1
    outer loop
      vertex 15.8855 7.03528 2
      vertex 15.7485 6.83688 2
      vertex 15.5681 6.67702 2
    endloop
  endfacet
  facet normal 0 -0 -1
    outer loop
      vertex 14.4319 8.32298 2
      vertex 14.6454 8.43502 2
      vertex 14.2515 8.16312 2
    endloop
  endfacet
  facet normal 0 -0 -1
    outer loop
      vertex 14.8795 8.49271 2
      vertex 15.1205 8.49271 2
      vertex 14.6454 8.43502 2
    endloop
  endfacet
  facet normal -0 -0 -1
    outer loop
      vertex 15.7485 8.16312 2
      vertex 15.8855 7.96472 2
      vertex 15.5681 8.32298 2
    endloop
  endfacet
  facet normal 0 0 -1
    outer loop
      vertex 15.5681 6.67702 2
      vertex 15.3546 6.56498 2
      vertex 15.1205 6.50729 2
    endloop
  endfacet
  facet normal 0 -0 -1
    outer loop
      vertex 14.0291 7.73932 2
      vertex 14.0291 7.26068 2
      vertex 14 7.5 2
    endloop
  endfacet
  facet normal 0 0 -1
    outer loop
      vertex 16 7.5 2
      vertex 15.9709 7.26068 2
      vertex 15.8855 7.03528 2
    endloop
  endfacet
  facet normal -0 -0 -1
    outer loop
      vertex 15.9709 7.73932 2
      vertex 16 7.5 2
      vertex 15.8855 7.96472 2
    endloop
  endfacet
  facet normal -0 -0 -1
    outer loop
      vertex 15.3546 8.43502 2
      vertex 15.5681 8.32298 2
      vertex 15.1205 8.49271 2
    endloop
  endfacet
  facet normal 0 0 -1
    outer loop
      vertex 15.1205 6.50729 2
      vertex 14.8795 6.50729 2
      vertex 14.6454 6.56498 2
    endloop
  endfacet
  facet normal 0 -0 -1
    outer loop
      vertex 14.1145 7.96472 2
      vertex 14.2515 8.16312 2
      vertex 14.0291 7.73932 2
    endloop
  endfacet
  facet normal -0.889197 -0.107982 -0.444599
    outer loop
      vertex 1.94188 25.4786 0
      vertex 2 25 0
      vertex 1 25 2
    endloop
  endfacet
  facet normal 0.416171 -0.793179 -0.444599
    outer loop
      vertex -0.709209 26.87 0
      vertex -0.568065 25.823 2
      vertex -1.13613 26.646 0
    endloop
  endfacet
  facet normal -0.214388 -0.869697 -0.444595
    outer loop
      vertex 0.241073 26.9854 0
      vertex 0.354605 25.935 2
      vertex 0.120536 25.9927 2
    endloop
  endfacet
  facet normal -0.837521 -0.317637 -0.444596
    outer loop
      vertex 1.77091 25.9294 0
      vertex 1.94188 25.4786 0
      vertex 0.970942 25.2393 2
    endloop
  endfacet
  facet normal -0.594061 -0.67039 -0.444598
    outer loop
      vertex 1.13613 26.646 0
      vertex 1.49702 26.3262 0
      vertex 0.568065 25.823 2
    endloop
  endfacet
  facet normal 0.837518 -0.317644 -0.444597
    outer loop
      vertex -0.885455 25.4647 2
      vertex -0.970942 25.2393 2
      vertex -1.77091 25.9294 0
    endloop
  endfacet
  facet normal 0.416171 0.793179 -0.444599
    outer loop
      vertex -0.568065 24.177 2
      vertex -0.709209 23.13 0
      vertex -1.13613 23.354 0
    endloop
  endfacet
  facet normal 0.837518 0.317644 -0.444597
    outer loop
      vertex -0.970942 24.7607 2
      vertex -0.885455 24.5353 2
      vertex -1.77091 24.0706 0
    endloop
  endfacet
  facet normal 0.737174 -0.508832 -0.444594
    outer loop
      vertex -0.74851 25.6631 2
      vertex -0.885455 25.4647 2
      vertex -1.77091 25.9294 0
    endloop
  endfacet
  facet normal -0.837518 0.317644 -0.444597
    outer loop
      vertex 0.970942 24.7607 2
      vertex 1.77091 24.0706 0
      vertex 0.885455 24.5353 2
    endloop
  endfacet
  facet normal -0.214389 0.869697 -0.444595
    outer loop
      vertex 0.354605 24.065 2
      vertex 0.709209 23.13 0
      vertex 0.241073 23.0146 0
    endloop
  endfacet
  facet normal -0.594061 0.67039 -0.444598
    outer loop
      vertex 0.74851 24.3369 2
      vertex 1.49702 23.6738 0
      vertex 0.568065 24.177 2
    endloop
  endfacet
  facet normal 0.214389 -0.869697 -0.444595
    outer loop
      vertex -0.241073 26.9854 0
      vertex -0.354605 25.935 2
      vertex -0.709209 26.87 0
    endloop
  endfacet
  facet normal 0.594061 -0.67039 -0.444598
    outer loop
      vertex -1.13613 26.646 0
      vertex -0.568065 25.823 2
      vertex -1.49702 26.3262 0
    endloop
  endfacet
  facet normal 0.737174 -0.508832 -0.444594
    outer loop
      vertex -1.49702 26.3262 0
      vertex -0.74851 25.6631 2
      vertex -1.77091 25.9294 0
    endloop
  endfacet
  facet normal -0.737174 0.508832 -0.444594
    outer loop
      vertex 0.885455 24.5353 2
      vertex 1.77091 24.0706 0
      vertex 0.74851 24.3369 2
    endloop
  endfacet
  facet normal 0.737174 0.508832 -0.444594
    outer loop
      vertex -0.885455 24.5353 2
      vertex -0.74851 24.3369 2
      vertex -1.77091 24.0706 0
    endloop
  endfacet
  facet normal 0.214389 0.869697 -0.444595
    outer loop
      vertex -0.354605 24.065 2
      vertex -0.241073 23.0146 0
      vertex -0.709209 23.13 0
    endloop
  endfacet
  facet normal -0.837521 0.317637 -0.444596
    outer loop
      vertex 1.94188 24.5214 0
      vertex 1.77091 24.0706 0
      vertex 0.970942 24.7607 2
    endloop
  endfacet
  facet normal 0.214388 -0.869697 -0.444595
    outer loop
      vertex -0.241073 26.9854 0
      vertex -0.120536 25.9927 2
      vertex -0.354605 25.935 2
    endloop
  endfacet
  facet normal -0.594061 0.67039 -0.444598
    outer loop
      vertex 1.49702 23.6738 0
      vertex 1.13613 23.354 0
      vertex 0.568065 24.177 2
    endloop
  endfacet
  facet normal -0.737174 0.508832 -0.444594
    outer loop
      vertex 1.77091 24.0706 0
      vertex 1.49702 23.6738 0
      vertex 0.74851 24.3369 2
    endloop
  endfacet
  facet normal -0.737174 -0.508832 -0.444594
    outer loop
      vertex 1.77091 25.9294 0
      vertex 0.885455 25.4647 2
      vertex 0.74851 25.6631 2
    endloop
  endfacet
  facet normal 0.214388 0.869697 -0.444595
    outer loop
      vertex -0.120536 24.0073 2
      vertex -0.241073 23.0146 0
      vertex -0.354605 24.065 2
    endloop
  endfacet
  facet normal 0.889197 -0.107982 -0.444599
    outer loop
      vertex -1.94188 25.4786 0
      vertex -1 25 2
      vertex -2 25 0
    endloop
  endfacet
  facet normal 0.889198 0.107975 -0.444599
    outer loop
      vertex -0.970942 24.7607 2
      vertex -2 25 0
      vertex -1 25 2
    endloop
  endfacet
  facet normal 0.889198 0.107982 -0.444598
    outer loop
      vertex -2 25 0
      vertex -0.970942 24.7607 2
      vertex -1.94188 24.5214 0
    endloop
  endfacet
  facet normal -0.416172 -0.793179 -0.444599
    outer loop
      vertex 0.709209 26.87 0
      vertex 0.568065 25.823 2
      vertex 0.354605 25.935 2
    endloop
  endfacet
  facet normal 0.416172 -0.793179 -0.444599
    outer loop
      vertex -0.354605 25.935 2
      vertex -0.568065 25.823 2
      vertex -0.709209 26.87 0
    endloop
  endfacet
  facet normal 0.594061 0.67039 -0.444598
    outer loop
      vertex -0.568065 24.177 2
      vertex -1.13613 23.354 0
      vertex -1.49702 23.6738 0
    endloop
  endfacet
  facet normal -0.594061 -0.67039 -0.444598
    outer loop
      vertex 1.49702 26.3262 0
      vertex 0.74851 25.6631 2
      vertex 0.568065 25.823 2
    endloop
  endfacet
  facet normal 0.837521 0.317637 -0.444596
    outer loop
      vertex -0.970942 24.7607 2
      vertex -1.77091 24.0706 0
      vertex -1.94188 24.5214 0
    endloop
  endfacet
  facet normal 0 -0.895731 -0.444596
    outer loop
      vertex -0.241073 26.9854 0
      vertex 0.120536 25.9927 2
      vertex -0.120536 25.9927 2
    endloop
  endfacet
  facet normal 0 -0.895731 -0.444596
    outer loop
      vertex 0.120536 25.9927 2
      vertex -0.241073 26.9854 0
      vertex 0.241073 26.9854 0
    endloop
  endfacet
  facet normal -0.889199 -0.107975 -0.444598
    outer loop
      vertex 1.94188 25.4786 0
      vertex 1 25 2
      vertex 0.970942 25.2393 2
    endloop
  endfacet
  facet normal -0.737174 -0.508832 -0.444594
    outer loop
      vertex 1.49702 26.3262 0
      vertex 1.77091 25.9294 0
      vertex 0.74851 25.6631 2
    endloop
  endfacet
  facet normal -0.416171 0.793179 -0.444599
    outer loop
      vertex 1.13613 23.354 0
      vertex 0.709209 23.13 0
      vertex 0.568065 24.177 2
    endloop
  endfacet
  facet normal 0.416172 0.793179 -0.444599
    outer loop
      vertex -0.568065 24.177 2
      vertex -0.354605 24.065 2
      vertex -0.709209 23.13 0
    endloop
  endfacet
  facet normal 0.594061 0.67039 -0.444598
    outer loop
      vertex -0.74851 24.3369 2
      vertex -0.568065 24.177 2
      vertex -1.49702 23.6738 0
    endloop
  endfacet
  facet normal -0.416172 0.793179 -0.444599
    outer loop
      vertex 0.568065 24.177 2
      vertex 0.709209 23.13 0
      vertex 0.354605 24.065 2
    endloop
  endfacet
  facet normal 0.594061 -0.67039 -0.444598
    outer loop
      vertex -0.568065 25.823 2
      vertex -0.74851 25.6631 2
      vertex -1.49702 26.3262 0
    endloop
  endfacet
  facet normal 0.837521 -0.317637 -0.444596
    outer loop
      vertex -1.77091 25.9294 0
      vertex -0.970942 25.2393 2
      vertex -1.94188 25.4786 0
    endloop
  endfacet
  facet normal 0.889199 -0.107975 -0.444598
    outer loop
      vertex -0.970942 25.2393 2
      vertex -1 25 2
      vertex -1.94188 25.4786 0
    endloop
  endfacet
  facet normal -0.214388 0.869697 -0.444595
    outer loop
      vertex 0.354605 24.065 2
      vertex 0.241073 23.0146 0
      vertex 0.120536 24.0073 2
    endloop
  endfacet
  facet normal 0 0.895731 -0.444596
    outer loop
      vertex 0.241073 23.0146 0
      vertex -0.120536 24.0073 2
      vertex 0.120536 24.0073 2
    endloop
  endfacet
  facet normal 0 0.895731 -0.444596
    outer loop
      vertex -0.120536 24.0073 2
      vertex 0.241073 23.0146 0
      vertex -0.241073 23.0146 0
    endloop
  endfacet
  facet normal -0.416171 -0.793179 -0.444599
    outer loop
      vertex 0.709209 26.87 0
      vertex 1.13613 26.646 0
      vertex 0.568065 25.823 2
    endloop
  endfacet
  facet normal -0.837518 -0.317644 -0.444597
    outer loop
      vertex 1.77091 25.9294 0
      vertex 0.970942 25.2393 2
      vertex 0.885455 25.4647 2
    endloop
  endfacet
  facet normal 0.737174 0.508832 -0.444594
    outer loop
      vertex -0.74851 24.3369 2
      vertex -1.49702 23.6738 0
      vertex -1.77091 24.0706 0
    endloop
  endfacet
  facet normal -0.889198 0.107975 -0.444599
    outer loop
      vertex 2 25 0
      vertex 0.970942 24.7607 2
      vertex 1 25 2
    endloop
  endfacet
  facet normal -0.889198 0.107982 -0.444598
    outer loop
      vertex 0.970942 24.7607 2
      vertex 2 25 0
      vertex 1.94188 24.5214 0
    endloop
  endfacet
  facet normal -0.214389 -0.869697 -0.444595
    outer loop
      vertex 0.709209 26.87 0
      vertex 0.354605 25.935 2
      vertex 0.241073 26.9854 0
    endloop
  endfacet
  facet normal 0 -0 -1
    outer loop
      vertex -0.885455 25.4647 2
      vertex -0.74851 25.6631 2
      vertex -0.970942 25.2393 2
    endloop
  endfacet
  facet normal 0 -0 -1
    outer loop
      vertex -0.568065 25.823 2
      vertex -0.354605 25.935 2
      vertex -0.74851 25.6631 2
    endloop
  endfacet
  facet normal 0 -0 -1
    outer loop
      vertex -0.120536 25.9927 2
      vertex 0.120536 25.9927 2
      vertex -0.354605 25.935 2
    endloop
  endfacet
  facet normal -0 -0 -1
    outer loop
      vertex 0.354605 25.935 2
      vertex 0.568065 25.823 2
      vertex 0.120536 25.9927 2
    endloop
  endfacet
  facet normal 0 0 -1
    outer loop
      vertex 0.885455 24.5353 2
      vertex 0.74851 24.3369 2
      vertex 0.568065 24.177 2
    endloop
  endfacet
  facet normal 0 0 -1
    outer loop
      vertex 1 25 2
      vertex 0.970942 24.7607 2
      vertex 0.885455 24.5353 2
    endloop
  endfacet
  facet normal -0 -0 -1
    outer loop
      vertex 0.970942 25.2393 2
      vertex 1 25 2
      vertex 0.885455 25.4647 2
    endloop
  endfacet
  facet normal 0 0 -1
    outer loop
      vertex 0.568065 24.177 2
      vertex 0.354605 24.065 2
      vertex 0.120536 24.0073 2
    endloop
  endfacet
  facet normal 0 -0 -1
    outer loop
      vertex -0.970942 25.2393 2
      vertex -0.970942 24.7607 2
      vertex -1 25 2
    endloop
  endfacet
  facet normal 0 0 -1
    outer loop
      vertex -0.74851 24.3369 2
      vertex -0.885455 24.5353 2
      vertex -0.970942 24.7607 2
    endloop
  endfacet
  facet normal 0 0 -1
    outer loop
      vertex -0.354605 24.065 2
      vertex -0.568065 24.177 2
      vertex -0.74851 24.3369 2
    endloop
  endfacet
  facet normal 0 0 -1
    outer loop
      vertex 0.120536 24.0073 2
      vertex -0.120536 24.0073 2
      vertex -0.354605 24.065 2
    endloop
  endfacet
  facet normal -0 -0 -1
    outer loop
      vertex 0.74851 25.6631 2
      vertex 0.885455 25.4647 2
      vertex 0.568065 25.823 2
    endloop
  endfacet
  facet normal -0.737174 -0.508832 -0.444594
    outer loop
      vertex 1.77091 -24.0706 0
      vertex 0.885455 -24.5353 2
      vertex 0.74851 -24.3369 2
    endloop
  endfacet
  facet normal -0.214389 0.869697 -0.444595
    outer loop
      vertex 0.354605 -25.935 2
      vertex 0.709209 -26.87 0
      vertex 0.241073 -26.9854 0
    endloop
  endfacet
  facet normal 0.594061 -0.67039 -0.444598
    outer loop
      vertex -0.568065 -24.177 2
      vertex -0.74851 -24.3369 2
      vertex -1.49702 -23.6738 0
    endloop
  endfacet
  facet normal 0.214388 0.869697 -0.444595
    outer loop
      vertex -0.120536 -25.9927 2
      vertex -0.241073 -26.9854 0
      vertex -0.354605 -25.935 2
    endloop
  endfacet
  facet normal 0.594061 -0.67039 -0.444598
    outer loop
      vertex -1.13613 -23.354 0
      vertex -0.568065 -24.177 2
      vertex -1.49702 -23.6738 0
    endloop
  endfacet
  facet normal 0.214389 0.869697 -0.444595
    outer loop
      vertex -0.354605 -25.935 2
      vertex -0.241073 -26.9854 0
      vertex -0.709209 -26.87 0
    endloop
  endfacet
  facet normal 0.737174 -0.508832 -0.444594
    outer loop
      vertex -1.49702 -23.6738 0
      vertex -0.74851 -24.3369 2
      vertex -1.77091 -24.0706 0
    endloop
  endfacet
  facet normal -0.416171 0.793179 -0.444599
    outer loop
      vertex 1.13613 -26.646 0
      vertex 0.709209 -26.87 0
      vertex 0.568065 -25.823 2
    endloop
  endfacet
  facet normal -0.889199 0.107975 -0.444598
    outer loop
      vertex 1 -25 2
      vertex 1.94188 -25.4786 0
      vertex 0.970942 -25.2393 2
    endloop
  endfacet
  facet normal -0.889198 -0.107982 -0.444598
    outer loop
      vertex 2 -25 0
      vertex 0.970942 -24.7607 2
      vertex 1.94188 -24.5214 0
    endloop
  endfacet
  facet normal -0.889198 -0.107975 -0.444599
    outer loop
      vertex 0.970942 -24.7607 2
      vertex 2 -25 0
      vertex 1 -25 2
    endloop
  endfacet
  facet normal -0.837521 -0.317637 -0.444596
    outer loop
      vertex 1.77091 -24.0706 0
      vertex 1.94188 -24.5214 0
      vertex 0.970942 -24.7607 2
    endloop
  endfacet
  facet normal -0.594061 0.67039 -0.444598
    outer loop
      vertex 1.49702 -26.3262 0
      vertex 1.13613 -26.646 0
      vertex 0.568065 -25.823 2
    endloop
  endfacet
  facet normal -0.837521 0.317637 -0.444596
    outer loop
      vertex 1.94188 -25.4786 0
      vertex 1.77091 -25.9294 0
      vertex 0.970942 -25.2393 2
    endloop
  endfacet
  facet normal 0.737174 0.508832 -0.444594
    outer loop
      vertex -0.74851 -25.6631 2
      vertex -1.49702 -26.3262 0
      vertex -1.77091 -25.9294 0
    endloop
  endfacet
  facet normal -0.416171 -0.793179 -0.444599
    outer loop
      vertex 0.709209 -23.13 0
      vertex 1.13613 -23.354 0
      vertex 0.568065 -24.177 2
    endloop
  endfacet
  facet normal 0.889198 -0.107975 -0.444599
    outer loop
      vertex -2 -25 0
      vertex -0.970942 -24.7607 2
      vertex -1 -25 2
    endloop
  endfacet
  facet normal 0.889198 -0.107982 -0.444598
    outer loop
      vertex -0.970942 -24.7607 2
      vertex -2 -25 0
      vertex -1.94188 -24.5214 0
    endloop
  endfacet
  facet normal -0.416172 -0.793179 -0.444599
    outer loop
      vertex 0.709209 -23.13 0
      vertex 0.568065 -24.177 2
      vertex 0.354605 -24.065 2
    endloop
  endfacet
  facet normal -0.889197 0.107982 -0.444599
    outer loop
      vertex 2 -25 0
      vertex 1.94188 -25.4786 0
      vertex 1 -25 2
    endloop
  endfacet
  facet normal -0.837518 0.317644 -0.444597
    outer loop
      vertex 0.970942 -25.2393 2
      vertex 1.77091 -25.9294 0
      vertex 0.885455 -25.4647 2
    endloop
  endfacet
  facet normal 0.416171 0.793179 -0.444599
    outer loop
      vertex -0.568065 -25.823 2
      vertex -0.709209 -26.87 0
      vertex -1.13613 -26.646 0
    endloop
  endfacet
  facet normal 0.416171 -0.793179 -0.444599
    outer loop
      vertex -0.709209 -23.13 0
      vertex -0.568065 -24.177 2
      vertex -1.13613 -23.354 0
    endloop
  endfacet
  facet normal -0.214389 -0.869697 -0.444595
    outer loop
      vertex 0.709209 -23.13 0
      vertex 0.354605 -24.065 2
      vertex 0.241073 -23.0146 0
    endloop
  endfacet
  facet normal -0.737174 0.508832 -0.444594
    outer loop
      vertex 1.77091 -25.9294 0
      vertex 1.49702 -26.3262 0
      vertex 0.74851 -25.6631 2
    endloop
  endfacet
  facet normal 0.214389 -0.869697 -0.444595
    outer loop
      vertex -0.241073 -23.0146 0
      vertex -0.354605 -24.065 2
      vertex -0.709209 -23.13 0
    endloop
  endfacet
  facet normal -0.837518 -0.317644 -0.444597
    outer loop
      vertex 1.77091 -24.0706 0
      vertex 0.970942 -24.7607 2
      vertex 0.885455 -24.5353 2
    endloop
  endfacet
  facet normal 0.837521 -0.317637 -0.444596
    outer loop
      vertex -1.77091 -24.0706 0
      vertex -0.970942 -24.7607 2
      vertex -1.94188 -24.5214 0
    endloop
  endfacet
  facet normal -0.737174 -0.508832 -0.444594
    outer loop
      vertex 1.49702 -23.6738 0
      vertex 1.77091 -24.0706 0
      vertex 0.74851 -24.3369 2
    endloop
  endfacet
  facet normal 0.594061 0.67039 -0.444598
    outer loop
      vertex -0.568065 -25.823 2
      vertex -1.13613 -26.646 0
      vertex -1.49702 -26.3262 0
    endloop
  endfacet
  facet normal 0.889199 0.107975 -0.444598
    outer loop
      vertex -1 -25 2
      vertex -0.970942 -25.2393 2
      vertex -1.94188 -25.4786 0
    endloop
  endfacet
  facet normal -0.594061 -0.67039 -0.444598
    outer loop
      vertex 1.49702 -23.6738 0
      vertex 0.74851 -24.3369 2
      vertex 0.568065 -24.177 2
    endloop
  endfacet
  facet normal -0.594061 -0.67039 -0.444598
    outer loop
      vertex 1.13613 -23.354 0
      vertex 1.49702 -23.6738 0
      vertex 0.568065 -24.177 2
    endloop
  endfacet
  facet normal 0.837521 0.317637 -0.444596
    outer loop
      vertex -0.970942 -25.2393 2
      vertex -1.77091 -25.9294 0
      vertex -1.94188 -25.4786 0
    endloop
  endfacet
  facet normal -0.737174 0.508832 -0.444594
    outer loop
      vertex 0.885455 -25.4647 2
      vertex 1.77091 -25.9294 0
      vertex 0.74851 -25.6631 2
    endloop
  endfacet
  facet normal -0.214388 -0.869697 -0.444595
    outer loop
      vertex 0.241073 -23.0146 0
      vertex 0.354605 -24.065 2
      vertex 0.120536 -24.0073 2
    endloop
  endfacet
  facet normal -0.594061 0.67039 -0.444598
    outer loop
      vertex 0.74851 -25.6631 2
      vertex 1.49702 -26.3262 0
      vertex 0.568065 -25.823 2
    endloop
  endfacet
  facet normal 0.837518 0.317644 -0.444597
    outer loop
      vertex -0.970942 -25.2393 2
      vertex -0.885455 -25.4647 2
      vertex -1.77091 -25.9294 0
    endloop
  endfacet
  facet normal 0.737174 -0.508832 -0.444594
    outer loop
      vertex -0.74851 -24.3369 2
      vertex -0.885455 -24.5353 2
      vertex -1.77091 -24.0706 0
    endloop
  endfacet
  facet normal 0.416172 -0.793179 -0.444599
    outer loop
      vertex -0.354605 -24.065 2
      vertex -0.568065 -24.177 2
      vertex -0.709209 -23.13 0
    endloop
  endfacet
  facet normal 0.837518 -0.317644 -0.444597
    outer loop
      vertex -0.885455 -24.5353 2
      vertex -0.970942 -24.7607 2
      vertex -1.77091 -24.0706 0
    endloop
  endfacet
  facet normal -0.416172 0.793179 -0.444599
    outer loop
      vertex 0.568065 -25.823 2
      vertex 0.709209 -26.87 0
      vertex 0.354605 -25.935 2
    endloop
  endfacet
  facet normal 0.737174 0.508832 -0.444594
    outer loop
      vertex -0.885455 -25.4647 2
      vertex -0.74851 -25.6631 2
      vertex -1.77091 -25.9294 0
    endloop
  endfacet
  facet normal 0 -0.895731 -0.444596
    outer loop
      vertex -0.241073 -23.0146 0
      vertex 0.120536 -24.0073 2
      vertex -0.120536 -24.0073 2
    endloop
  endfacet
  facet normal 0 -0.895731 -0.444596
    outer loop
      vertex 0.120536 -24.0073 2
      vertex -0.241073 -23.0146 0
      vertex 0.241073 -23.0146 0
    endloop
  endfacet
  facet normal -0 -0 -1
    outer loop
      vertex 0.74851 -24.3369 2
      vertex 0.885455 -24.5353 2
      vertex 0.568065 -24.177 2
    endloop
  endfacet
  facet normal -0 -0 -1
    outer loop
      vertex 0.970942 -24.7607 2
      vertex 1 -25 2
      vertex 0.885455 -24.5353 2
    endloop
  endfacet
  facet normal 0 -0 -1
    outer loop
      vertex -0.568065 -24.177 2
      vertex -0.354605 -24.065 2
      vertex -0.74851 -24.3369 2
    endloop
  endfacet
  facet normal 0 -0 -1
    outer loop
      vertex -0.120536 -24.0073 2
      vertex 0.120536 -24.0073 2
      vertex -0.354605 -24.065 2
    endloop
  endfacet
  facet normal 0 0 -1
    outer loop
      vertex 0.120536 -25.9927 2
      vertex -0.120536 -25.9927 2
      vertex -0.354605 -25.935 2
    endloop
  endfacet
  facet normal 0 0 -1
    outer loop
      vertex -0.354605 -25.935 2
      vertex -0.568065 -25.823 2
      vertex -0.74851 -25.6631 2
    endloop
  endfacet
  facet normal 0 -0 -1
    outer loop
      vertex -0.970942 -24.7607 2
      vertex -0.970942 -25.2393 2
      vertex -1 -25 2
    endloop
  endfacet
  facet normal 0 -0 -1
    outer loop
      vertex -0.885455 -24.5353 2
      vertex -0.74851 -24.3369 2
      vertex -0.970942 -24.7607 2
    endloop
  endfacet
  facet normal -0 -0 -1
    outer loop
      vertex 0.354605 -24.065 2
      vertex 0.568065 -24.177 2
      vertex 0.120536 -24.0073 2
    endloop
  endfacet
  facet normal 0 0 -1
    outer loop
      vertex 1 -25 2
      vertex 0.970942 -25.2393 2
      vertex 0.885455 -25.4647 2
    endloop
  endfacet
  facet normal 0 0 -1
    outer loop
      vertex -0.74851 -25.6631 2
      vertex -0.885455 -25.4647 2
      vertex -0.970942 -25.2393 2
    endloop
  endfacet
  facet normal 0 0 -1
    outer loop
      vertex 0.885455 -25.4647 2
      vertex 0.74851 -25.6631 2
      vertex 0.568065 -25.823 2
    endloop
  endfacet
  facet normal 0 0 -1
    outer loop
      vertex 0.568065 -25.823 2
      vertex 0.354605 -25.935 2
      vertex 0.120536 -25.9927 2
    endloop
  endfacet
  facet normal 0.214388 -0.869697 -0.444595
    outer loop
      vertex -0.241073 -23.0146 0
      vertex -0.120536 -24.0073 2
      vertex -0.354605 -24.065 2
    endloop
  endfacet
  facet normal 0.889197 0.107982 -0.444599
    outer loop
      vertex -1 -25 2
      vertex -1.94188 -25.4786 0
      vertex -2 -25 0
    endloop
  endfacet
  facet normal 0.594061 0.67039 -0.444598
    outer loop
      vertex -0.74851 -25.6631 2
      vertex -0.568065 -25.823 2
      vertex -1.49702 -26.3262 0
    endloop
  endfacet
  facet normal 0.416172 0.793179 -0.444599
    outer loop
      vertex -0.568065 -25.823 2
      vertex -0.354605 -25.935 2
      vertex -0.709209 -26.87 0
    endloop
  endfacet
  facet normal -0.214388 0.869697 -0.444595
    outer loop
      vertex 0.354605 -25.935 2
      vertex 0.241073 -26.9854 0
      vertex 0.120536 -25.9927 2
    endloop
  endfacet
  facet normal 0 0.895731 -0.444596
    outer loop
      vertex 0.241073 -26.9854 0
      vertex -0.120536 -25.9927 2
      vertex 0.120536 -25.9927 2
    endloop
  endfacet
  facet normal 0 0.895731 -0.444596
    outer loop
      vertex -0.120536 -25.9927 2
      vertex 0.241073 -26.9854 0
      vertex -0.241073 -26.9854 0
    endloop
  endfacet
endsolid OpenSCAD_Model
