solid OpenSCAD_Model
  facet normal 0.951059 -0.309008 0
    outer loop
      vertex 10.049 -4.4741 -1
      vertex 10.7596 -2.28703 -7
      vertex 10.7596 -2.28703 -1
    endloop
  endfacet
  facet normal 0.951059 -0.309008 0
    outer loop
      vertex 10.7596 -2.28703 -7
      vertex 10.049 -4.4741 -1
      vertex 10.049 -4.4741 -7
    endloop
  endfacet
  facet normal 0.994523 -0.104522 0
    outer loop
      vertex 10.7596 -2.28703 -1
      vertex 10.8901 -1.04533 -7
      vertex 10.8901 -1.04533 -1
    endloop
  endfacet
  facet normal 0.994523 -0.104522 0
    outer loop
      vertex 10.8901 -1.04533 -7
      vertex 10.7596 -2.28703 -1
      vertex 10.7596 -2.28703 -7
    endloop
  endfacet
  facet normal 0.951059 0.309008 0
    outer loop
      vertex 10.7596 2.28703 -1
      vertex 10.049 4.4741 -7
      vertex 10.049 4.4741 -1
    endloop
  endfacet
  facet normal 0.951059 0.309008 0
    outer loop
      vertex 10.049 4.4741 -7
      vertex 10.7596 2.28703 -1
      vertex 10.7596 2.28703 -7
    endloop
  endfacet
  facet normal -0.587785 0.809017 0
    outer loop
      vertex -6.35034 8.90847 -7
      vertex -7.36044 8.17459 -1
      vertex -6.35034 8.90847 -1
    endloop
  endfacet
  facet normal -0.587785 0.809017 0
    outer loop
      vertex -7.36044 8.17459 -1
      vertex -6.35034 8.90847 -7
      vertex -7.36044 8.17459 -7
    endloop
  endfacet
  facet normal 0.207903 0.978149 -0
    outer loop
      vertex 3.39919 10.4616 -7
      vertex 1.14981 10.9397 -1
      vertex 3.39919 10.4616 -1
    endloop
  endfacet
  facet normal 0.207903 0.978149 0
    outer loop
      vertex 1.14981 10.9397 -1
      vertex 3.39919 10.4616 -7
      vertex 1.14981 10.9397 -7
    endloop
  endfacet
  facet normal -0.86595 0.500131 0
    outer loop
      vertex -10.049 4.4741 -7
      vertex -10.0048 4.55063 -1
      vertex -10.0048 4.55063 -7
    endloop
  endfacet
  facet normal -0.86595 0.500131 0
    outer loop
      vertex -10.0048 4.55063 -1
      vertex -10.049 4.4741 -7
      vertex -10.049 4.4741 -1
    endloop
  endfacet
  facet normal -0.866048 0.499961 0
    outer loop
      vertex -8.94337 6.38911 -7
      vertex -8.89919 6.46564 -1
      vertex -8.89919 6.46564 -7
    endloop
  endfacet
  facet normal -0.866048 0.499961 0
    outer loop
      vertex -8.89919 6.46564 -1
      vertex -8.94337 6.38911 -7
      vertex -8.94337 6.38911 -1
    endloop
  endfacet
  facet normal 0.207903 -0.978149 0
    outer loop
      vertex 1.14981 -10.9397 -7
      vertex 3.39919 -10.4616 -1
      vertex 1.14981 -10.9397 -1
    endloop
  endfacet
  facet normal 0.207903 -0.978149 0
    outer loop
      vertex 3.39919 -10.4616 -1
      vertex 1.14981 -10.9397 -7
      vertex 3.39919 -10.4616 -7
    endloop
  endfacet
  facet normal -0.207903 0.978149 0
    outer loop
      vertex -1.14981 10.9397 -7
      vertex -3.39919 10.4616 -1
      vertex -1.14981 10.9397 -1
    endloop
  endfacet
  facet normal -0.207903 0.978149 0
    outer loop
      vertex -3.39919 10.4616 -1
      vertex -1.14981 10.9397 -7
      vertex -3.39919 10.4616 -7
    endloop
  endfacet
  facet normal 0.587785 -0.809017 0
    outer loop
      vertex 6.35034 -8.90847 -7
      vertex 7.36044 -8.17459 -1
      vertex 6.35034 -8.90847 -1
    endloop
  endfacet
  facet normal 0.587785 -0.809017 0
    outer loop
      vertex 7.36044 -8.17459 -1
      vertex 6.35034 -8.90847 -7
      vertex 7.36044 -8.17459 -7
    endloop
  endfacet
  facet normal 0.406725 -0.913551 0
    outer loop
      vertex 3.39919 -10.4616 -7
      vertex 4.53979 -9.95379 -1
      vertex 3.39919 -10.4616 -1
    endloop
  endfacet
  facet normal 0.406725 -0.913551 0
    outer loop
      vertex 4.53979 -9.95379 -1
      vertex 3.39919 -10.4616 -7
      vertex 4.53979 -9.95379 -7
    endloop
  endfacet
  facet normal -0.951059 -0.309008 0
    outer loop
      vertex -10.049 -4.4741 -7
      vertex -10.7596 -2.28703 -1
      vertex -10.7596 -2.28703 -7
    endloop
  endfacet
  facet normal -0.951059 -0.309008 0
    outer loop
      vertex -10.7596 -2.28703 -1
      vertex -10.049 -4.4741 -7
      vertex -10.049 -4.4741 -1
    endloop
  endfacet
  facet normal -0.406725 0.913551 0
    outer loop
      vertex -3.39919 10.4616 -7
      vertex -4.53979 9.95379 -1
      vertex -3.39919 10.4616 -1
    endloop
  endfacet
  facet normal -0.406725 0.913551 0
    outer loop
      vertex -4.53979 9.95379 -1
      vertex -3.39919 10.4616 -7
      vertex -4.53979 9.95379 -7
    endloop
  endfacet
  facet normal -0.86595 -0.500131 0
    outer loop
      vertex -10.0048 -4.55063 -7
      vertex -10.049 -4.4741 -1
      vertex -10.049 -4.4741 -7
    endloop
  endfacet
  facet normal -0.86595 -0.500131 0
    outer loop
      vertex -10.049 -4.4741 -1
      vertex -10.0048 -4.55063 -7
      vertex -10.0048 -4.55063 -1
    endloop
  endfacet
  facet normal -0.866048 -0.499961 0
    outer loop
      vertex -8.89919 -6.46564 -7
      vertex -8.94337 -6.38911 -1
      vertex -8.94337 -6.38911 -7
    endloop
  endfacet
  facet normal -0.866048 -0.499961 0
    outer loop
      vertex -8.94337 -6.38911 -1
      vertex -8.89919 -6.46564 -7
      vertex -8.89919 -6.46564 -1
    endloop
  endfacet
  facet normal 0.587785 0.809017 -0
    outer loop
      vertex 7.36044 8.17459 -7
      vertex 6.35034 8.90847 -1
      vertex 7.36044 8.17459 -1
    endloop
  endfacet
  facet normal 0.587785 0.809017 0
    outer loop
      vertex 6.35034 8.90847 -1
      vertex 7.36044 8.17459 -7
      vertex 6.35034 8.90847 -7
    endloop
  endfacet
  facet normal -0.207903 -0.978149 0
    outer loop
      vertex -3.39919 -10.4616 -7
      vertex -1.14981 -10.9397 -1
      vertex -3.39919 -10.4616 -1
    endloop
  endfacet
  facet normal -0.207903 -0.978149 -0
    outer loop
      vertex -1.14981 -10.9397 -1
      vertex -3.39919 -10.4616 -7
      vertex -1.14981 -10.9397 -7
    endloop
  endfacet
  facet normal 0.994523 0.104522 0
    outer loop
      vertex 10.8901 1.04533 -1
      vertex 10.7596 2.28703 -7
      vertex 10.7596 2.28703 -1
    endloop
  endfacet
  facet normal 0.994523 0.104522 0
    outer loop
      vertex 10.7596 2.28703 -7
      vertex 10.8901 1.04533 -1
      vertex 10.8901 1.04533 -7
    endloop
  endfacet
  facet normal -0.743144 -0.669132 0
    outer loop
      vertex -7.36044 -8.17459 -7
      vertex -8.89919 -6.46564 -1
      vertex -8.89919 -6.46564 -7
    endloop
  endfacet
  facet normal -0.743144 -0.669132 0
    outer loop
      vertex -8.89919 -6.46564 -1
      vertex -7.36044 -8.17459 -7
      vertex -7.36044 -8.17459 -1
    endloop
  endfacet
  facet normal 0 -1 0
    outer loop
      vertex 1.06144 -10.9397 -7
      vertex 1.14981 -10.9397 -1
      vertex 1.06144 -10.9397 -1
    endloop
  endfacet
  facet normal 0 -1 -0
    outer loop
      vertex 1.14981 -10.9397 -1
      vertex 1.06144 -10.9397 -7
      vertex 1.14981 -10.9397 -7
    endloop
  endfacet
  facet normal 0 -1 0
    outer loop
      vertex -1.14981 -10.9397 -7
      vertex -1.06144 -10.9397 -1
      vertex -1.14981 -10.9397 -1
    endloop
  endfacet
  facet normal 0 -1 -0
    outer loop
      vertex -1.06144 -10.9397 -1
      vertex -1.14981 -10.9397 -7
      vertex -1.06144 -10.9397 -7
    endloop
  endfacet
  facet normal 0.866048 0.499961 0
    outer loop
      vertex 8.94337 6.38911 -1
      vertex 8.89919 6.46564 -7
      vertex 8.89919 6.46564 -1
    endloop
  endfacet
  facet normal 0.866048 0.499961 0
    outer loop
      vertex 8.89919 6.46564 -7
      vertex 8.94337 6.38911 -1
      vertex 8.94337 6.38911 -7
    endloop
  endfacet
  facet normal 0.86595 0.500131 0
    outer loop
      vertex 10.049 4.4741 -1
      vertex 10.0048 4.55063 -7
      vertex 10.0048 4.55063 -1
    endloop
  endfacet
  facet normal 0.86595 0.500131 0
    outer loop
      vertex 10.0048 4.55063 -7
      vertex 10.049 4.4741 -1
      vertex 10.049 4.4741 -7
    endloop
  endfacet
  facet normal -0.587785 -0.809017 0
    outer loop
      vertex -7.36044 -8.17459 -7
      vertex -6.35034 -8.90847 -1
      vertex -7.36044 -8.17459 -1
    endloop
  endfacet
  facet normal -0.587785 -0.809017 -0
    outer loop
      vertex -6.35034 -8.90847 -1
      vertex -7.36044 -8.17459 -7
      vertex -6.35034 -8.90847 -7
    endloop
  endfacet
  facet normal 0.406725 0.913551 -0
    outer loop
      vertex 4.53979 9.95379 -7
      vertex 3.39919 10.4616 -1
      vertex 4.53979 9.95379 -1
    endloop
  endfacet
  facet normal 0.406725 0.913551 0
    outer loop
      vertex 3.39919 10.4616 -1
      vertex 4.53979 9.95379 -7
      vertex 3.39919 10.4616 -7
    endloop
  endfacet
  facet normal -0.406725 -0.913551 0
    outer loop
      vertex -4.53979 -9.95379 -7
      vertex -3.39919 -10.4616 -1
      vertex -4.53979 -9.95379 -1
    endloop
  endfacet
  facet normal -0.406725 -0.913551 -0
    outer loop
      vertex -3.39919 -10.4616 -1
      vertex -4.53979 -9.95379 -7
      vertex -3.39919 -10.4616 -7
    endloop
  endfacet
  facet normal 0.743144 0.669132 0
    outer loop
      vertex 8.89919 6.46564 -1
      vertex 7.36044 8.17459 -7
      vertex 7.36044 8.17459 -1
    endloop
  endfacet
  facet normal 0.743144 0.669132 0
    outer loop
      vertex 7.36044 8.17459 -7
      vertex 8.89919 6.46564 -1
      vertex 8.89919 6.46564 -7
    endloop
  endfacet
  facet normal 0.743144 -0.669132 0
    outer loop
      vertex 7.36044 -8.17459 -1
      vertex 8.89919 -6.46564 -7
      vertex 8.89919 -6.46564 -1
    endloop
  endfacet
  facet normal 0.743144 -0.669132 0
    outer loop
      vertex 8.89919 -6.46564 -7
      vertex 7.36044 -8.17459 -1
      vertex 7.36044 -8.17459 -7
    endloop
  endfacet
  facet normal -0.994523 -0.104522 0
    outer loop
      vertex -10.7596 -2.28703 -7
      vertex -10.8901 -1.04533 -1
      vertex -10.8901 -1.04533 -7
    endloop
  endfacet
  facet normal -0.994523 -0.104522 0
    outer loop
      vertex -10.8901 -1.04533 -1
      vertex -10.7596 -2.28703 -7
      vertex -10.7596 -2.28703 -1
    endloop
  endfacet
  facet normal 0.866048 -0.499961 0
    outer loop
      vertex 8.89919 -6.46564 -1
      vertex 8.94337 -6.38911 -7
      vertex 8.94337 -6.38911 -1
    endloop
  endfacet
  facet normal 0.866048 -0.499961 0
    outer loop
      vertex 8.94337 -6.38911 -7
      vertex 8.89919 -6.46564 -1
      vertex 8.89919 -6.46564 -7
    endloop
  endfacet
  facet normal 0.86595 -0.500131 0
    outer loop
      vertex 10.0048 -4.55063 -1
      vertex 10.049 -4.4741 -7
      vertex 10.049 -4.4741 -1
    endloop
  endfacet
  facet normal 0.86595 -0.500131 0
    outer loop
      vertex 10.049 -4.4741 -7
      vertex 10.0048 -4.55063 -1
      vertex 10.0048 -4.55063 -7
    endloop
  endfacet
  facet normal 0 1 -0
    outer loop
      vertex -1.06144 10.9397 -7
      vertex -1.14981 10.9397 -1
      vertex -1.06144 10.9397 -1
    endloop
  endfacet
  facet normal 0 1 0
    outer loop
      vertex -1.14981 10.9397 -1
      vertex -1.06144 10.9397 -7
      vertex -1.14981 10.9397 -7
    endloop
  endfacet
  facet normal 0 1 -0
    outer loop
      vertex 1.14981 10.9397 -7
      vertex 1.06144 10.9397 -1
      vertex 1.14981 10.9397 -1
    endloop
  endfacet
  facet normal 0 1 0
    outer loop
      vertex 1.06144 10.9397 -1
      vertex 1.14981 10.9397 -7
      vertex 1.06144 10.9397 -7
    endloop
  endfacet
  facet normal -0.951059 0.309008 0
    outer loop
      vertex -10.7596 2.28703 -7
      vertex -10.049 4.4741 -1
      vertex -10.049 4.4741 -7
    endloop
  endfacet
  facet normal -0.951059 0.309008 0
    outer loop
      vertex -10.049 4.4741 -1
      vertex -10.7596 2.28703 -7
      vertex -10.7596 2.28703 -1
    endloop
  endfacet
  facet normal -0.743144 0.669132 0
    outer loop
      vertex -8.89919 6.46564 -7
      vertex -7.36044 8.17459 -1
      vertex -7.36044 8.17459 -7
    endloop
  endfacet
  facet normal -0.743144 0.669132 0
    outer loop
      vertex -7.36044 8.17459 -1
      vertex -8.89919 6.46564 -7
      vertex -8.89919 6.46564 -1
    endloop
  endfacet
  facet normal -0.994523 0.104522 0
    outer loop
      vertex -10.8901 1.04533 -7
      vertex -10.7596 2.28703 -1
      vertex -10.7596 2.28703 -7
    endloop
  endfacet
  facet normal -0.994523 0.104522 0
    outer loop
      vertex -10.7596 2.28703 -1
      vertex -10.8901 1.04533 -7
      vertex -10.8901 1.04533 -1
    endloop
  endfacet
  facet normal 0.890449 -0.0935947 0.445355
    outer loop
      vertex 10.4066 -0.888231 0
      vertex 10.2705 -2.18307 0
      vertex 10.6742 -0.975153 -0.553311
    endloop
  endfacet
  facet normal -0.775464 0.447667 0.445252
    outer loop
      vertex -8.94337 6.38911 -1
      vertex -8.49468 6.17174 0
      vertex -8.89919 6.46564 -1
    endloop
  endfacet
  facet normal -0.775449 0.447695 0.445251
    outer loop
      vertex -8.49468 6.17174 0
      vertex -8.94337 6.38911 -1
      vertex -8.62222 6.03244 -0.0820588
    endloop
  endfacet
  facet normal -0.775516 0.4479 0.444928
    outer loop
      vertex -10.0048 4.55063 -1
      vertex -10.049 4.4741 -1
      vertex -9.98315 4.54603 -0.957633
    endloop
  endfacet
  facet normal 0.851575 -0.276685 0.44527
    outer loop
      vertex 10.2705 -2.18307 0
      vertex 10.049 -4.4741 -1
      vertex 10.7596 -2.28703 -1
    endloop
  endfacet
  facet normal -0.364194 -0.817993 0.445253
    outer loop
      vertex -4.47817 -9.6639 -0.417023
      vertex -3.24468 -9.98609 0
      vertex -4.43409 -9.45653 0
    endloop
  endfacet
  facet normal -0.364192 -0.818002 0.445239
    outer loop
      vertex -3.24468 -9.98609 0
      vertex -4.47817 -9.6639 -0.417023
      vertex -3.39919 -10.4616 -1
    endloop
  endfacet
  facet normal 0.186162 0.875862 0.445207
    outer loop
      vertex 1.14981 10.9397 -1
      vertex 1.09755 10.4425 0
      vertex 3.39919 10.4616 -1
    endloop
  endfacet
  facet normal -0.890449 -0.0935947 0.445355
    outer loop
      vertex -10.4066 -0.888231 0
      vertex -10.6742 -0.975153 -0.553311
      vertex -10.2705 -2.18307 0
    endloop
  endfacet
  facet normal 0.186176 0.875843 0.445238
    outer loop
      vertex 3.39919 10.4616 -1
      vertex 1.09755 10.4425 0
      vertex 3.24468 9.98609 0
    endloop
  endfacet
  facet normal -0.186176 -0.875843 0.445238
    outer loop
      vertex -3.24468 -9.98609 0
      vertex -3.39919 -10.4616 -1
      vertex -1.09755 -10.4425 0
    endloop
  endfacet
  facet normal 0.851589 -0.276677 0.445248
    outer loop
      vertex 10.2705 -2.18307 0
      vertex 9.59223 -4.27073 0
      vertex 10.049 -4.4741 -1
    endloop
  endfacet
  facet normal -0.890556 -0.0935955 0.44514
    outer loop
      vertex -10.7596 -2.28703 -1
      vertex -10.6742 -0.975153 -0.553311
      vertex -10.8901 -1.04533 -1
    endloop
  endfacet
  facet normal -0.890485 -0.0936448 0.445272
    outer loop
      vertex -10.6742 -0.975153 -0.553311
      vertex -10.7596 -2.28703 -1
      vertex -10.2705 -2.18307 0
    endloop
  endfacet
  facet normal 0.186162 -0.875862 0.445207
    outer loop
      vertex 3.39919 -10.4616 -1
      vertex 1.09755 -10.4425 0
      vertex 1.14981 -10.9397 -1
    endloop
  endfacet
  facet normal 0.890485 -0.0936448 0.445272
    outer loop
      vertex 10.7596 -2.28703 -1
      vertex 10.6742 -0.975153 -0.553311
      vertex 10.2705 -2.18307 0
    endloop
  endfacet
  facet normal 0.890556 -0.0935955 0.44514
    outer loop
      vertex 10.6742 -0.975153 -0.553311
      vertex 10.7596 -2.28703 -1
      vertex 10.8901 -1.04533 -1
    endloop
  endfacet
  facet normal -0.665415 0.599142 0.445255
    outer loop
      vertex -7.02587 7.80302 0
      vertex -8.89919 6.46564 -1
      vertex -8.49468 6.17174 0
    endloop
  endfacet
  facet normal -0.851589 0.276677 0.445248
    outer loop
      vertex -10.049 4.4741 -1
      vertex -10.2705 2.18307 0
      vertex -9.59223 4.27073 0
    endloop
  endfacet
  facet normal 0.775464 0.447667 0.445252
    outer loop
      vertex 8.49468 6.17174 0
      vertex 8.94337 6.38911 -1
      vertex 8.89919 6.46564 -1
    endloop
  endfacet
  facet normal 0.775449 0.447695 0.445251
    outer loop
      vertex 8.94337 6.38911 -1
      vertex 8.49468 6.17174 0
      vertex 8.62222 6.03244 -0.0820588
    endloop
  endfacet
  facet normal 0.775516 0.4479 0.444928
    outer loop
      vertex 10.0048 4.55063 -1
      vertex 9.98315 4.54603 -0.957633
      vertex 10.049 4.4741 -1
    endloop
  endfacet
  facet normal -0.665415 0.599144 0.445252
    outer loop
      vertex -7.36044 8.17459 -1
      vertex -8.89919 6.46564 -1
      vertex -7.02587 7.80302 0
    endloop
  endfacet
  facet normal 0.364194 0.817993 0.445253
    outer loop
      vertex 4.47817 9.6639 -0.417023
      vertex 3.24468 9.98609 0
      vertex 4.43409 9.45653 0
    endloop
  endfacet
  facet normal 0.364192 0.818002 0.445239
    outer loop
      vertex 3.24468 9.98609 0
      vertex 4.47817 9.6639 -0.417023
      vertex 3.39919 10.4616 -1
    endloop
  endfacet
  facet normal -0.186162 0.875862 0.445207
    outer loop
      vertex -1.14981 10.9397 -1
      vertex -3.39919 10.4616 -1
      vertex -1.09755 10.4425 0
    endloop
  endfacet
  facet normal -0.526304 -0.724397 0.445256
    outer loop
      vertex -7.02587 -7.80302 0
      vertex -6.1301 -8.71016 -0.417023
      vertex -5.97255 -8.5683 0
    endloop
  endfacet
  facet normal -0.526307 -0.724398 0.445251
    outer loop
      vertex -6.1301 -8.71016 -0.417023
      vertex -7.02587 -7.80302 0
      vertex -7.36044 -8.17459 -1
    endloop
  endfacet
  facet normal -0.775466 0.447664 0.445251
    outer loop
      vertex -9.59223 4.27073 0
      vertex -9.98315 4.54603 -0.957633
      vertex -10.049 4.4741 -1
    endloop
  endfacet
  facet normal -0.775448 0.447694 0.445253
    outer loop
      vertex -9.98315 4.54603 -0.957633
      vertex -9.59223 4.27073 0
      vertex -9.49339 4.44193 0
    endloop
  endfacet
  facet normal -0.775444 0.447673 0.445282
    outer loop
      vertex -8.49468 6.17174 0
      vertex -8.62222 6.03244 -0.0820588
      vertex -8.59351 6.00055 0
    endloop
  endfacet
  facet normal -0.665415 -0.599144 0.445252
    outer loop
      vertex -7.02587 -7.80302 0
      vertex -8.89919 -6.46564 -1
      vertex -7.36044 -8.17459 -1
    endloop
  endfacet
  facet normal -0.851575 0.276685 0.44527
    outer loop
      vertex -10.049 4.4741 -1
      vertex -10.7596 2.28703 -1
      vertex -10.2705 2.18307 0
    endloop
  endfacet
  facet normal 0.526304 -0.724397 0.445256
    outer loop
      vertex 6.1301 -8.71016 -0.417023
      vertex 7.02587 -7.80302 0
      vertex 5.97255 -8.5683 0
    endloop
  endfacet
  facet normal 0.526307 -0.724398 0.445251
    outer loop
      vertex 7.02587 -7.80302 0
      vertex 6.1301 -8.71016 -0.417023
      vertex 7.36044 -8.17459 -1
    endloop
  endfacet
  facet normal -0.364194 0.817993 0.445253
    outer loop
      vertex -3.24468 9.98609 0
      vertex -4.47817 9.6639 -0.417023
      vertex -4.43409 9.45653 0
    endloop
  endfacet
  facet normal -0.364192 0.818002 0.445239
    outer loop
      vertex -4.47817 9.6639 -0.417023
      vertex -3.24468 9.98609 0
      vertex -3.39919 10.4616 -1
    endloop
  endfacet
  facet normal 0.665415 0.599144 0.445252
    outer loop
      vertex 7.36044 8.17459 -1
      vertex 7.02587 7.80302 0
      vertex 8.89919 6.46564 -1
    endloop
  endfacet
  facet normal 0.665415 0.599142 0.445255
    outer loop
      vertex 8.89919 6.46564 -1
      vertex 7.02587 7.80302 0
      vertex 8.49468 6.17174 0
    endloop
  endfacet
  facet normal 0.364194 -0.817993 0.445253
    outer loop
      vertex 3.24468 -9.98609 0
      vertex 4.47817 -9.6639 -0.417023
      vertex 4.43409 -9.45653 0
    endloop
  endfacet
  facet normal 0.364192 -0.818002 0.445239
    outer loop
      vertex 4.47817 -9.6639 -0.417023
      vertex 3.24468 -9.98609 0
      vertex 3.39919 -10.4616 -1
    endloop
  endfacet
  facet normal 0.851589 0.276677 0.445248
    outer loop
      vertex 10.049 4.4741 -1
      vertex 9.59223 4.27073 0
      vertex 10.2705 2.18307 0
    endloop
  endfacet
  facet normal 0.775516 -0.4479 0.444928
    outer loop
      vertex 10.049 -4.4741 -1
      vertex 9.98315 -4.54603 -0.957633
      vertex 10.0048 -4.55063 -1
    endloop
  endfacet
  facet normal 0.775449 -0.447695 0.445251
    outer loop
      vertex 8.49468 -6.17174 0
      vertex 8.94337 -6.38911 -1
      vertex 8.62222 -6.03244 -0.0820588
    endloop
  endfacet
  facet normal 0.775464 -0.447667 0.445252
    outer loop
      vertex 8.94337 -6.38911 -1
      vertex 8.49468 -6.17174 0
      vertex 8.89919 -6.46564 -1
    endloop
  endfacet
  facet normal 0.775448 -0.447694 0.445253
    outer loop
      vertex 9.98315 -4.54603 -0.957633
      vertex 9.59223 -4.27073 0
      vertex 9.49339 -4.44193 0
    endloop
  endfacet
  facet normal 0.775466 -0.447664 0.445251
    outer loop
      vertex 9.59223 -4.27073 0
      vertex 9.98315 -4.54603 -0.957633
      vertex 10.049 -4.4741 -1
    endloop
  endfacet
  facet normal 0.775444 -0.447673 0.445282
    outer loop
      vertex 8.59351 -6.00055 0
      vertex 8.49468 -6.17174 0
      vertex 8.62222 -6.03244 -0.0820588
    endloop
  endfacet
  facet normal 0.526304 0.724397 0.445256
    outer loop
      vertex 7.02587 7.80302 0
      vertex 6.1301 8.71016 -0.417023
      vertex 5.97255 8.5683 0
    endloop
  endfacet
  facet normal 0.526307 0.724398 0.445251
    outer loop
      vertex 6.1301 8.71016 -0.417023
      vertex 7.02587 7.80302 0
      vertex 7.36044 8.17459 -1
    endloop
  endfacet
  facet normal 0.526307 0.7244 0.445248
    outer loop
      vertex 6.35034 8.90847 -1
      vertex 6.1301 8.71016 -0.417023
      vertex 7.36044 8.17459 -1
    endloop
  endfacet
  facet normal -0.890556 0.0935955 0.44514
    outer loop
      vertex -10.6742 0.975153 -0.553311
      vertex -10.7596 2.28703 -1
      vertex -10.8901 1.04533 -1
    endloop
  endfacet
  facet normal -0.890485 0.0936448 0.445272
    outer loop
      vertex -10.7596 2.28703 -1
      vertex -10.6742 0.975153 -0.553311
      vertex -10.2705 2.18307 0
    endloop
  endfacet
  facet normal 0.364184 -0.817999 0.44525
    outer loop
      vertex 4.47817 -9.6639 -0.417023
      vertex 3.39919 -10.4616 -1
      vertex 4.53979 -9.95379 -1
    endloop
  endfacet
  facet normal 0.364184 0.817999 0.44525
    outer loop
      vertex 4.53979 9.95379 -1
      vertex 3.39919 10.4616 -1
      vertex 4.47817 9.6639 -0.417023
    endloop
  endfacet
  facet normal 0 0.895428 0.445207
    outer loop
      vertex -1.06144 10.9397 -1
      vertex -1.09755 10.4425 0
      vertex -0.899875 10.4425 0
    endloop
  endfacet
  facet normal 0 0.895428 0.445207
    outer loop
      vertex -1.09755 10.4425 0
      vertex -1.06144 10.9397 -1
      vertex -1.14981 10.9397 -1
    endloop
  endfacet
  facet normal -0 0.895428 0.445207
    outer loop
      vertex 1.06144 10.9397 -1
      vertex 1.09755 10.4425 0
      vertex 1.14981 10.9397 -1
    endloop
  endfacet
  facet normal 0 0.895428 0.445207
    outer loop
      vertex 1.09755 10.4425 0
      vertex 1.06144 10.9397 -1
      vertex 0.899875 10.4425 0
    endloop
  endfacet
  facet normal -0.851575 -0.276685 0.44527
    outer loop
      vertex -10.2705 -2.18307 0
      vertex -10.7596 -2.28703 -1
      vertex -10.049 -4.4741 -1
    endloop
  endfacet
  facet normal -0.186176 0.875843 0.445238
    outer loop
      vertex -1.09755 10.4425 0
      vertex -3.39919 10.4616 -1
      vertex -3.24468 9.98609 0
    endloop
  endfacet
  facet normal -0.890449 0.0935947 0.445355
    outer loop
      vertex -10.2705 2.18307 0
      vertex -10.6742 0.975153 -0.553311
      vertex -10.4066 0.888231 0
    endloop
  endfacet
  facet normal -0.364184 0.817999 0.44525
    outer loop
      vertex -3.39919 10.4616 -1
      vertex -4.53979 9.95379 -1
      vertex -4.47817 9.6639 -0.417023
    endloop
  endfacet
  facet normal -0.526307 0.7244 0.445248
    outer loop
      vertex -6.35034 8.90847 -1
      vertex -7.36044 8.17459 -1
      vertex -6.1301 8.71016 -0.417023
    endloop
  endfacet
  facet normal -0.526304 0.724397 0.445256
    outer loop
      vertex -6.1301 8.71016 -0.417023
      vertex -7.02587 7.80302 0
      vertex -5.97255 8.5683 0
    endloop
  endfacet
  facet normal -0.526307 0.724398 0.445251
    outer loop
      vertex -7.02587 7.80302 0
      vertex -6.1301 8.71016 -0.417023
      vertex -7.36044 8.17459 -1
    endloop
  endfacet
  facet normal 0.890449 0.0935947 0.445355
    outer loop
      vertex 10.6742 0.975153 -0.553311
      vertex 10.2705 2.18307 0
      vertex 10.4066 0.888231 0
    endloop
  endfacet
  facet normal 0.186176 -0.875843 0.445238
    outer loop
      vertex 3.24468 -9.98609 0
      vertex 1.09755 -10.4425 0
      vertex 3.39919 -10.4616 -1
    endloop
  endfacet
  facet normal 0.775448 0.447694 0.445253
    outer loop
      vertex 9.59223 4.27073 0
      vertex 9.98315 4.54603 -0.957633
      vertex 9.49339 4.44193 0
    endloop
  endfacet
  facet normal 0.775466 0.447664 0.445251
    outer loop
      vertex 9.98315 4.54603 -0.957633
      vertex 9.59223 4.27073 0
      vertex 10.049 4.4741 -1
    endloop
  endfacet
  facet normal 0.775444 0.447673 0.445282
    outer loop
      vertex 8.62222 6.03244 -0.0820588
      vertex 8.49468 6.17174 0
      vertex 8.59351 6.00055 0
    endloop
  endfacet
  facet normal 0.890485 0.0936448 0.445272
    outer loop
      vertex 10.6742 0.975153 -0.553311
      vertex 10.7596 2.28703 -1
      vertex 10.2705 2.18307 0
    endloop
  endfacet
  facet normal 0.890556 0.0935955 0.44514
    outer loop
      vertex 10.7596 2.28703 -1
      vertex 10.6742 0.975153 -0.553311
      vertex 10.8901 1.04533 -1
    endloop
  endfacet
  facet normal 0.851575 0.276685 0.44527
    outer loop
      vertex 10.7596 2.28703 -1
      vertex 10.049 4.4741 -1
      vertex 10.2705 2.18307 0
    endloop
  endfacet
  facet normal -0.775466 -0.447664 0.445251
    outer loop
      vertex -9.98315 -4.54603 -0.957633
      vertex -9.59223 -4.27073 0
      vertex -10.049 -4.4741 -1
    endloop
  endfacet
  facet normal -0.775448 -0.447694 0.445253
    outer loop
      vertex -9.59223 -4.27073 0
      vertex -9.98315 -4.54603 -0.957633
      vertex -9.49339 -4.44193 0
    endloop
  endfacet
  facet normal -0.775444 -0.447673 0.445282
    outer loop
      vertex -8.59351 -6.00055 0
      vertex -8.62222 -6.03244 -0.0820588
      vertex -8.49468 -6.17174 0
    endloop
  endfacet
  facet normal 0.665415 -0.599144 0.445252
    outer loop
      vertex 8.89919 -6.46564 -1
      vertex 7.02587 -7.80302 0
      vertex 7.36044 -8.17459 -1
    endloop
  endfacet
  facet normal -0.851589 -0.276677 0.445248
    outer loop
      vertex -9.59223 -4.27073 0
      vertex -10.2705 -2.18307 0
      vertex -10.049 -4.4741 -1
    endloop
  endfacet
  facet normal -0.364184 -0.817999 0.44525
    outer loop
      vertex -4.47817 -9.6639 -0.417023
      vertex -4.53979 -9.95379 -1
      vertex -3.39919 -10.4616 -1
    endloop
  endfacet
  facet normal 0.526307 -0.7244 0.445248
    outer loop
      vertex 7.36044 -8.17459 -1
      vertex 6.1301 -8.71016 -0.417023
      vertex 6.35034 -8.90847 -1
    endloop
  endfacet
  facet normal -0.775516 -0.4479 0.444928
    outer loop
      vertex -9.98315 -4.54603 -0.957633
      vertex -10.049 -4.4741 -1
      vertex -10.0048 -4.55063 -1
    endloop
  endfacet
  facet normal -0.775449 -0.447695 0.445251
    outer loop
      vertex -8.94337 -6.38911 -1
      vertex -8.49468 -6.17174 0
      vertex -8.62222 -6.03244 -0.0820588
    endloop
  endfacet
  facet normal -0.775464 -0.447667 0.445252
    outer loop
      vertex -8.49468 -6.17174 0
      vertex -8.94337 -6.38911 -1
      vertex -8.89919 -6.46564 -1
    endloop
  endfacet
  facet normal -0.665415 -0.599142 0.445255
    outer loop
      vertex -8.49468 -6.17174 0
      vertex -8.89919 -6.46564 -1
      vertex -7.02587 -7.80302 0
    endloop
  endfacet
  facet normal -0.526307 -0.7244 0.445248
    outer loop
      vertex -6.1301 -8.71016 -0.417023
      vertex -7.36044 -8.17459 -1
      vertex -6.35034 -8.90847 -1
    endloop
  endfacet
  facet normal 0.665415 -0.599142 0.445255
    outer loop
      vertex 8.49468 -6.17174 0
      vertex 7.02587 -7.80302 0
      vertex 8.89919 -6.46564 -1
    endloop
  endfacet
  facet normal 0 0 1
    outer loop
      vertex 3.24468 9.98609 0
      vertex 4.42968 9.43579 0
      vertex 4.43409 9.45653 0
    endloop
  endfacet
  facet normal 0 0 1
    outer loop
      vertex 1.46783 4.51752 0
      vertex 4.42968 9.43579 0
      vertex 3.24468 9.98609 0
    endloop
  endfacet
  facet normal 0 0 1
    outer loop
      vertex 4.42968 9.43579 0
      vertex 3.17837 3.52994 0
      vertex 4.33934 1.932 0
    endloop
  endfacet
  facet normal 0 0 1
    outer loop
      vertex 4.42968 9.43579 0
      vertex 1.46783 4.51752 0
      vertex 3.17837 3.52994 0
    endloop
  endfacet
  facet normal -0 0 1
    outer loop
      vertex 0.881678 10.3865 0
      vertex 3.24468 9.98609 0
      vertex 1.09755 10.4425 0
    endloop
  endfacet
  facet normal 0 0 1
    outer loop
      vertex 0.881678 10.3865 0
      vertex 1.09755 10.4425 0
      vertex 0.899875 10.4425 0
    endloop
  endfacet
  facet normal 0 0 1
    outer loop
      vertex 3.24468 9.98609 0
      vertex 0.881678 10.3865 0
      vertex 1.46783 4.51752 0
    endloop
  endfacet
  facet normal 0 0 1
    outer loop
      vertex 0.881678 10.3865 0
      vertex -0.49651 4.72398 0
      vertex 1.46783 4.51752 0
    endloop
  endfacet
  facet normal -0 0 1
    outer loop
      vertex -0.881678 10.3865 0
      vertex -0.49651 4.72398 0
      vertex 0.881678 10.3865 0
    endloop
  endfacet
  facet normal -0 0 1
    outer loop
      vertex -1.09755 10.4425 0
      vertex -0.881678 10.3865 0
      vertex -0.899875 10.4425 0
    endloop
  endfacet
  facet normal 0 0 1
    outer loop
      vertex -3.24468 9.98609 0
      vertex -0.881678 10.3865 0
      vertex -1.09755 10.4425 0
    endloop
  endfacet
  facet normal 0 0 1
    outer loop
      vertex -0.881678 10.3865 0
      vertex -3.24468 9.98609 0
      vertex -0.49651 4.72398 0
    endloop
  endfacet
  facet normal 0 0 1
    outer loop
      vertex -0.49651 4.72398 0
      vertex -3.24468 9.98609 0
      vertex -2.375 4.11362 0
    endloop
  endfacet
  facet normal -0 0 1
    outer loop
      vertex -4.42968 9.43579 0
      vertex -2.375 4.11362 0
      vertex -3.24468 9.98609 0
    endloop
  endfacet
  facet normal -0 0 1
    outer loop
      vertex -5.95679 8.55411 0
      vertex -2.375 4.11362 0
      vertex -4.42968 9.43579 0
    endloop
  endfacet
  facet normal 0 -0 1
    outer loop
      vertex -4.42968 9.43579 0
      vertex -3.24468 9.98609 0
      vertex -4.43409 9.45653 0
    endloop
  endfacet
  facet normal 0 0 1
    outer loop
      vertex 8.55411 -5.95679 0
      vertex 3.17837 -3.52994 0
      vertex 7.02587 -7.80302 0
    endloop
  endfacet
  facet normal 0 0 1
    outer loop
      vertex 7.02587 -7.80302 0
      vertex 3.17837 -3.52994 0
      vertex 5.95679 -8.55411 0
    endloop
  endfacet
  facet normal 0 0 1
    outer loop
      vertex 7.02587 7.80302 0
      vertex 8.55411 5.95679 0
      vertex 8.49468 6.17174 0
    endloop
  endfacet
  facet normal 0 0 1
    outer loop
      vertex 8.49468 6.17174 0
      vertex 8.55411 5.95679 0
      vertex 8.59351 6.00055 0
    endloop
  endfacet
  facet normal 0 0 1
    outer loop
      vertex 9.43579 4.42968 0
      vertex 10.3865 0.881678 0
      vertex 10.2705 2.18307 0
    endloop
  endfacet
  facet normal 0 0 1
    outer loop
      vertex 10.2705 2.18307 0
      vertex 10.3865 0.881678 0
      vertex 10.4066 0.888231 0
    endloop
  endfacet
  facet normal 0 0 1
    outer loop
      vertex 10.3865 -0.881678 0
      vertex 10.2705 -2.18307 0
      vertex 10.4066 -0.888231 0
    endloop
  endfacet
  facet normal 0 0 1
    outer loop
      vertex 10.3865 0.881678 0
      vertex 9.43579 4.42968 0
      vertex 10.3865 -0.881678 0
    endloop
  endfacet
  facet normal 0 0 1
    outer loop
      vertex 9.43579 4.42968 0
      vertex 10.2705 2.18307 0
      vertex 9.59223 4.27073 0
    endloop
  endfacet
  facet normal 0 0 1
    outer loop
      vertex 9.43579 -4.42968 0
      vertex 10.3865 -0.881678 0
      vertex 9.43579 4.42968 0
    endloop
  endfacet
  facet normal -0 0 1
    outer loop
      vertex 9.43579 4.42968 0
      vertex 9.59223 4.27073 0
      vertex 9.49339 4.44193 0
    endloop
  endfacet
  facet normal 0 0 1
    outer loop
      vertex 10.3865 -0.881678 0
      vertex 9.43579 -4.42968 0
      vertex 10.2705 -2.18307 0
    endloop
  endfacet
  facet normal 0 0 1
    outer loop
      vertex 10.2705 -2.18307 0
      vertex 9.43579 -4.42968 0
      vertex 9.59223 -4.27073 0
    endloop
  endfacet
  facet normal 0 0 1
    outer loop
      vertex 9.59223 -4.27073 0
      vertex 9.43579 -4.42968 0
      vertex 9.49339 -4.44193 0
    endloop
  endfacet
  facet normal 0 0 1
    outer loop
      vertex 8.55411 5.95679 0
      vertex 9.43579 -4.42968 0
      vertex 9.43579 4.42968 0
    endloop
  endfacet
  facet normal 0 0 1
    outer loop
      vertex 9.43579 -4.42968 0
      vertex 8.55411 5.95679 0
      vertex 8.55411 -5.95679 0
    endloop
  endfacet
  facet normal 0 0 1
    outer loop
      vertex 8.55411 -5.95679 0
      vertex 8.49468 -6.17174 0
      vertex 8.59351 -6.00055 0
    endloop
  endfacet
  facet normal 0 0 1
    outer loop
      vertex 8.55411 5.95679 0
      vertex 4.75 0 0
      vertex 8.55411 -5.95679 0
    endloop
  endfacet
  facet normal 0 0 1
    outer loop
      vertex 8.55411 5.95679 0
      vertex 7.02587 7.80302 0
      vertex 4.33934 1.932 0
    endloop
  endfacet
  facet normal -0 0 1
    outer loop
      vertex 4.33934 -1.932 0
      vertex 8.55411 -5.95679 0
      vertex 4.75 0 0
    endloop
  endfacet
  facet normal -0 0 1
    outer loop
      vertex 5.95679 8.55411 0
      vertex 7.02587 7.80302 0
      vertex 5.97255 8.5683 0
    endloop
  endfacet
  facet normal 0 0 1
    outer loop
      vertex 8.55411 -5.95679 0
      vertex 7.02587 -7.80302 0
      vertex 8.49468 -6.17174 0
    endloop
  endfacet
  facet normal 0 0 1
    outer loop
      vertex 7.02587 7.80302 0
      vertex 5.95679 8.55411 0
      vertex 4.33934 1.932 0
    endloop
  endfacet
  facet normal -0 0 1
    outer loop
      vertex 3.17837 -3.52994 0
      vertex 8.55411 -5.95679 0
      vertex 4.33934 -1.932 0
    endloop
  endfacet
  facet normal 0 0 1
    outer loop
      vertex 7.02587 -7.80302 0
      vertex 5.95679 -8.55411 0
      vertex 5.97255 -8.5683 0
    endloop
  endfacet
  facet normal 0 0 1
    outer loop
      vertex 4.33934 1.932 0
      vertex 5.95679 8.55411 0
      vertex 4.42968 9.43579 0
    endloop
  endfacet
  facet normal 0 0 1
    outer loop
      vertex 8.55411 5.95679 0
      vertex 4.33934 1.932 0
      vertex 4.75 0 0
    endloop
  endfacet
  facet normal 0 0 1
    outer loop
      vertex 4.42968 -9.43579 0
      vertex 3.24468 -9.98609 0
      vertex 4.43409 -9.45653 0
    endloop
  endfacet
  facet normal 0 0 1
    outer loop
      vertex 5.95679 -8.55411 0
      vertex 3.17837 -3.52994 0
      vertex 4.42968 -9.43579 0
    endloop
  endfacet
  facet normal -0 0 1
    outer loop
      vertex 1.46783 -4.51752 0
      vertex 4.42968 -9.43579 0
      vertex 3.17837 -3.52994 0
    endloop
  endfacet
  facet normal 0 0 1
    outer loop
      vertex 4.42968 -9.43579 0
      vertex 1.46783 -4.51752 0
      vertex 3.24468 -9.98609 0
    endloop
  endfacet
  facet normal 0 0 1
    outer loop
      vertex 0.881678 -10.3865 0
      vertex 3.24468 -9.98609 0
      vertex 1.46783 -4.51752 0
    endloop
  endfacet
  facet normal 0 0 1
    outer loop
      vertex 3.24468 -9.98609 0
      vertex 0.881678 -10.3865 0
      vertex 1.09755 -10.4425 0
    endloop
  endfacet
  facet normal 0 0 1
    outer loop
      vertex 1.09755 -10.4425 0
      vertex 0.881678 -10.3865 0
      vertex 0.899875 -10.4425 0
    endloop
  endfacet
  facet normal -0 0 1
    outer loop
      vertex -0.49651 -4.72398 0
      vertex 0.881678 -10.3865 0
      vertex 1.46783 -4.51752 0
    endloop
  endfacet
  facet normal 0 0 1
    outer loop
      vertex -0.49651 -4.72398 0
      vertex -0.881678 -10.3865 0
      vertex 0.881678 -10.3865 0
    endloop
  endfacet
  facet normal -0 0 1
    outer loop
      vertex -3.24468 -9.98609 0
      vertex -0.881678 -10.3865 0
      vertex -0.49651 -4.72398 0
    endloop
  endfacet
  facet normal 0 0 1
    outer loop
      vertex -0.881678 -10.3865 0
      vertex -1.09755 -10.4425 0
      vertex -0.899875 -10.4425 0
    endloop
  endfacet
  facet normal 0 0 1
    outer loop
      vertex -3.24468 -9.98609 0
      vertex -0.49651 -4.72398 0
      vertex -2.375 -4.11362 0
    endloop
  endfacet
  facet normal 0 0 1
    outer loop
      vertex -0.881678 -10.3865 0
      vertex -3.24468 -9.98609 0
      vertex -1.09755 -10.4425 0
    endloop
  endfacet
  facet normal 0 0 1
    outer loop
      vertex -7.02587 -7.80302 0
      vertex -2.375 -4.11362 0
      vertex -3.84283 -2.79198 0
    endloop
  endfacet
  facet normal 0 0 1
    outer loop
      vertex -2.375 -4.11362 0
      vertex -4.42968 -9.43579 0
      vertex -3.24468 -9.98609 0
    endloop
  endfacet
  facet normal 0 0 1
    outer loop
      vertex -3.24468 -9.98609 0
      vertex -4.42968 -9.43579 0
      vertex -4.43409 -9.45653 0
    endloop
  endfacet
  facet normal 0 0 1
    outer loop
      vertex -10.3865 0.881678 0
      vertex -4.6462 0.98758 0
      vertex -10.2705 2.18307 0
    endloop
  endfacet
  facet normal 0 0 1
    outer loop
      vertex -4.6462 -0.98758 0
      vertex -9.43579 -4.42968 0
      vertex -8.55411 -5.95679 0
    endloop
  endfacet
  facet normal 0 0 1
    outer loop
      vertex -9.59223 4.27073 0
      vertex -9.43579 4.42968 0
      vertex -9.49339 4.44193 0
    endloop
  endfacet
  facet normal -0 0 1
    outer loop
      vertex -10.3865 -0.881678 0
      vertex -4.6462 -0.98758 0
      vertex -10.3865 0.881678 0
    endloop
  endfacet
  facet normal 0 0 1
    outer loop
      vertex -9.43579 4.42968 0
      vertex -9.59223 4.27073 0
      vertex -10.2705 2.18307 0
    endloop
  endfacet
  facet normal 0 -0 1
    outer loop
      vertex -10.2705 -2.18307 0
      vertex -4.6462 -0.98758 0
      vertex -10.3865 -0.881678 0
    endloop
  endfacet
  facet normal 0 0 1
    outer loop
      vertex -4.6462 0.98758 0
      vertex -10.3865 0.881678 0
      vertex -4.6462 -0.98758 0
    endloop
  endfacet
  facet normal 0 0 1
    outer loop
      vertex -4.6462 -0.98758 0
      vertex -10.2705 -2.18307 0
      vertex -9.43579 -4.42968 0
    endloop
  endfacet
  facet normal -0 -0 1
    outer loop
      vertex -9.59223 -4.27073 0
      vertex -9.43579 -4.42968 0
      vertex -10.2705 -2.18307 0
    endloop
  endfacet
  facet normal 0 -0 1
    outer loop
      vertex -10.3865 0.881678 0
      vertex -10.2705 2.18307 0
      vertex -10.4066 0.888231 0
    endloop
  endfacet
  facet normal 0 0 1
    outer loop
      vertex -7.02587 -7.80302 0
      vertex -8.55411 -5.95679 0
      vertex -8.49468 -6.17174 0
    endloop
  endfacet
  facet normal 0 0 1
    outer loop
      vertex -8.49468 -6.17174 0
      vertex -8.55411 -5.95679 0
      vertex -8.59351 -6.00055 0
    endloop
  endfacet
  facet normal 0 0 1
    outer loop
      vertex -9.43579 -4.42968 0
      vertex -9.59223 -4.27073 0
      vertex -9.49339 -4.44193 0
    endloop
  endfacet
  facet normal 0 0 1
    outer loop
      vertex -10.2705 -2.18307 0
      vertex -10.3865 -0.881678 0
      vertex -10.4066 -0.888231 0
    endloop
  endfacet
  facet normal 0 0 1
    outer loop
      vertex -8.55411 -5.95679 0
      vertex -3.84283 -2.79198 0
      vertex -4.6462 -0.98758 0
    endloop
  endfacet
  facet normal -0 0 1
    outer loop
      vertex -9.43579 4.42968 0
      vertex -3.84283 2.79198 0
      vertex -8.55411 5.95679 0
    endloop
  endfacet
  facet normal 0 0 1
    outer loop
      vertex -2.375 -4.11362 0
      vertex -5.95679 -8.55411 0
      vertex -4.42968 -9.43579 0
    endloop
  endfacet
  facet normal 0 0 1
    outer loop
      vertex -7.02587 7.80302 0
      vertex -5.95679 8.55411 0
      vertex -5.97255 8.5683 0
    endloop
  endfacet
  facet normal -0 0 1
    outer loop
      vertex -10.2705 2.18307 0
      vertex -4.6462 0.98758 0
      vertex -9.43579 4.42968 0
    endloop
  endfacet
  facet normal 0 0 1
    outer loop
      vertex -3.84283 2.79198 0
      vertex -9.43579 4.42968 0
      vertex -4.6462 0.98758 0
    endloop
  endfacet
  facet normal -0 0 1
    outer loop
      vertex -8.55411 -5.95679 0
      vertex -7.02587 -7.80302 0
      vertex -3.84283 -2.79198 0
    endloop
  endfacet
  facet normal 0 0 1
    outer loop
      vertex -8.55411 5.95679 0
      vertex -7.02587 7.80302 0
      vertex -8.49468 6.17174 0
    endloop
  endfacet
  facet normal 0 0 1
    outer loop
      vertex -2.375 -4.11362 0
      vertex -7.02587 -7.80302 0
      vertex -5.95679 -8.55411 0
    endloop
  endfacet
  facet normal 0 0 1
    outer loop
      vertex -5.95679 -8.55411 0
      vertex -7.02587 -7.80302 0
      vertex -5.97255 -8.5683 0
    endloop
  endfacet
  facet normal 0 -0 1
    outer loop
      vertex -8.55411 5.95679 0
      vertex -8.49468 6.17174 0
      vertex -8.59351 6.00055 0
    endloop
  endfacet
  facet normal -0 0 1
    outer loop
      vertex -7.02587 7.80302 0
      vertex -2.375 4.11362 0
      vertex -5.95679 8.55411 0
    endloop
  endfacet
  facet normal -0 0 1
    outer loop
      vertex -8.55411 5.95679 0
      vertex -3.84283 2.79198 0
      vertex -7.02587 7.80302 0
    endloop
  endfacet
  facet normal 0 0 1
    outer loop
      vertex -2.375 4.11362 0
      vertex -7.02587 7.80302 0
      vertex -3.84283 2.79198 0
    endloop
  endfacet
  facet normal -0.186162 -0.875862 0.445207
    outer loop
      vertex -1.09755 -10.4425 0
      vertex -3.39919 -10.4616 -1
      vertex -1.14981 -10.9397 -1
    endloop
  endfacet
  facet normal 0 -0.895428 0.445207
    outer loop
      vertex 1.06144 -10.9397 -1
      vertex 1.09755 -10.4425 0
      vertex 0.899875 -10.4425 0
    endloop
  endfacet
  facet normal 0 -0.895428 0.445207
    outer loop
      vertex 1.09755 -10.4425 0
      vertex 1.06144 -10.9397 -1
      vertex 1.14981 -10.9397 -1
    endloop
  endfacet
  facet normal 0 -0.895428 0.445207
    outer loop
      vertex -1.06144 -10.9397 -1
      vertex -1.09755 -10.4425 0
      vertex -1.14981 -10.9397 -1
    endloop
  endfacet
  facet normal 0 -0.895428 0.445207
    outer loop
      vertex -1.09755 -10.4425 0
      vertex -1.06144 -10.9397 -1
      vertex -0.899875 -10.4425 0
    endloop
  endfacet
  facet normal 0.186176 0.875843 -0.445238
    outer loop
      vertex 3.24468 9.98609 -8
      vertex 1.09755 10.4425 -8
      vertex 3.39919 10.4616 -7
    endloop
  endfacet
  facet normal 0.77545 -0.447692 -0.445252
    outer loop
      vertex 8.94337 -6.38911 -7
      vertex 8.49468 -6.17174 -8
      vertex 8.62222 -6.03244 -7.91794
    endloop
  endfacet
  facet normal 0.775464 -0.447667 -0.445252
    outer loop
      vertex 8.49468 -6.17174 -8
      vertex 8.94337 -6.38911 -7
      vertex 8.89919 -6.46564 -7
    endloop
  endfacet
  facet normal 0.775527 -0.447906 -0.444903
    outer loop
      vertex 10.0048 -4.55063 -7
      vertex 9.98315 -4.54603 -7.04237
      vertex 10.049 -4.4741 -7
    endloop
  endfacet
  facet normal 0.526308 0.724397 -0.445251
    outer loop
      vertex 7.02587 7.80302 -8
      vertex 6.1301 8.71016 -7.58298
      vertex 7.36044 8.17459 -7
    endloop
  endfacet
  facet normal 0.526303 0.724396 -0.445259
    outer loop
      vertex 6.1301 8.71016 -7.58298
      vertex 7.02587 7.80302 -8
      vertex 5.97255 8.5683 -8
    endloop
  endfacet
  facet normal 0.890449 -0.0935947 -0.445355
    outer loop
      vertex 10.6742 -0.975153 -7.44669
      vertex 10.2705 -2.18307 -8
      vertex 10.4066 -0.888231 -8
    endloop
  endfacet
  facet normal 0.890556 -0.0935956 -0.44514
    outer loop
      vertex 10.7596 -2.28703 -7
      vertex 10.6742 -0.975153 -7.44669
      vertex 10.8901 -1.04533 -7
    endloop
  endfacet
  facet normal 0.890485 -0.0936452 -0.445272
    outer loop
      vertex 10.6742 -0.975153 -7.44669
      vertex 10.7596 -2.28703 -7
      vertex 10.2705 -2.18307 -8
    endloop
  endfacet
  facet normal -0.851589 0.276677 -0.445248
    outer loop
      vertex -9.59223 4.27073 -8
      vertex -10.2705 2.18307 -8
      vertex -10.049 4.4741 -7
    endloop
  endfacet
  facet normal -0.526307 0.724401 -0.445246
    outer loop
      vertex -6.1301 8.71016 -7.58298
      vertex -7.36044 8.17459 -7
      vertex -6.35034 8.90847 -7
    endloop
  endfacet
  facet normal 0.364194 0.817992 -0.445256
    outer loop
      vertex 3.24468 9.98609 -8
      vertex 4.47817 9.6639 -7.58298
      vertex 4.43409 9.45653 -8
    endloop
  endfacet
  facet normal 0.364191 0.818002 -0.445239
    outer loop
      vertex 4.47817 9.6639 -7.58298
      vertex 3.24468 9.98609 -8
      vertex 3.39919 10.4616 -7
    endloop
  endfacet
  facet normal 0.665415 0.599142 -0.445255
    outer loop
      vertex 8.49468 6.17174 -8
      vertex 7.02587 7.80302 -8
      vertex 8.89919 6.46564 -7
    endloop
  endfacet
  facet normal -0.186162 0.875862 -0.445207
    outer loop
      vertex -1.09755 10.4425 -8
      vertex -3.39919 10.4616 -7
      vertex -1.14981 10.9397 -7
    endloop
  endfacet
  facet normal -0.851575 0.276685 -0.44527
    outer loop
      vertex -10.2705 2.18307 -8
      vertex -10.7596 2.28703 -7
      vertex -10.049 4.4741 -7
    endloop
  endfacet
  facet normal -0.526308 -0.724397 -0.445251
    outer loop
      vertex -7.02587 -7.80302 -8
      vertex -6.1301 -8.71016 -7.58298
      vertex -7.36044 -8.17459 -7
    endloop
  endfacet
  facet normal -0.526303 -0.724396 -0.445259
    outer loop
      vertex -6.1301 -8.71016 -7.58298
      vertex -7.02587 -7.80302 -8
      vertex -5.97255 -8.5683 -8
    endloop
  endfacet
  facet normal -0.665415 -0.599144 -0.445252
    outer loop
      vertex -7.36044 -8.17459 -7
      vertex -8.89919 -6.46564 -7
      vertex -7.02587 -7.80302 -8
    endloop
  endfacet
  facet normal 0.665415 -0.599142 -0.445255
    outer loop
      vertex 8.89919 -6.46564 -7
      vertex 7.02587 -7.80302 -8
      vertex 8.49468 -6.17174 -8
    endloop
  endfacet
  facet normal 0 0.895428 -0.445207
    outer loop
      vertex 1.09755 10.4425 -8
      vertex 1.06144 10.9397 -7
      vertex 1.14981 10.9397 -7
    endloop
  endfacet
  facet normal 0 0.895428 -0.445207
    outer loop
      vertex 1.06144 10.9397 -7
      vertex 1.09755 10.4425 -8
      vertex 0.899875 10.4425 -8
    endloop
  endfacet
  facet normal 0 0.895428 -0.445207
    outer loop
      vertex -1.09755 10.4425 -8
      vertex -1.06144 10.9397 -7
      vertex -0.899875 10.4425 -8
    endloop
  endfacet
  facet normal 0 0.895428 -0.445207
    outer loop
      vertex -1.06144 10.9397 -7
      vertex -1.09755 10.4425 -8
      vertex -1.14981 10.9397 -7
    endloop
  endfacet
  facet normal 0.851589 -0.276677 -0.445248
    outer loop
      vertex 10.049 -4.4741 -7
      vertex 9.59223 -4.27073 -8
      vertex 10.2705 -2.18307 -8
    endloop
  endfacet
  facet normal 0.851575 0.276685 -0.44527
    outer loop
      vertex 10.2705 2.18307 -8
      vertex 10.049 4.4741 -7
      vertex 10.7596 2.28703 -7
    endloop
  endfacet
  facet normal -0.890449 -0.0935947 -0.445355
    outer loop
      vertex -10.2705 -2.18307 -8
      vertex -10.6742 -0.975153 -7.44669
      vertex -10.4066 -0.888231 -8
    endloop
  endfacet
  facet normal -0.186162 -0.875862 -0.445207
    outer loop
      vertex -1.14981 -10.9397 -7
      vertex -3.39919 -10.4616 -7
      vertex -1.09755 -10.4425 -8
    endloop
  endfacet
  facet normal 0.851575 -0.276685 -0.44527
    outer loop
      vertex 10.7596 -2.28703 -7
      vertex 10.049 -4.4741 -7
      vertex 10.2705 -2.18307 -8
    endloop
  endfacet
  facet normal 0.186162 -0.875862 -0.445207
    outer loop
      vertex 1.14981 -10.9397 -7
      vertex 1.09755 -10.4425 -8
      vertex 3.39919 -10.4616 -7
    endloop
  endfacet
  facet normal 0.775464 0.447667 -0.445252
    outer loop
      vertex 8.94337 6.38911 -7
      vertex 8.49468 6.17174 -8
      vertex 8.89919 6.46564 -7
    endloop
  endfacet
  facet normal 0.77545 0.447692 -0.445252
    outer loop
      vertex 8.49468 6.17174 -8
      vertex 8.94337 6.38911 -7
      vertex 8.62222 6.03244 -7.91794
    endloop
  endfacet
  facet normal 0.775527 0.447906 -0.444903
    outer loop
      vertex 10.049 4.4741 -7
      vertex 9.98315 4.54603 -7.04237
      vertex 10.0048 4.55063 -7
    endloop
  endfacet
  facet normal -0.665415 0.599142 -0.445255
    outer loop
      vertex -8.49468 6.17174 -8
      vertex -8.89919 6.46564 -7
      vertex -7.02587 7.80302 -8
    endloop
  endfacet
  facet normal -0.665415 0.599144 -0.445252
    outer loop
      vertex -7.02587 7.80302 -8
      vertex -8.89919 6.46564 -7
      vertex -7.36044 8.17459 -7
    endloop
  endfacet
  facet normal 0.665415 -0.599144 -0.445252
    outer loop
      vertex 7.36044 -8.17459 -7
      vertex 7.02587 -7.80302 -8
      vertex 8.89919 -6.46564 -7
    endloop
  endfacet
  facet normal -0.775448 0.447694 -0.445254
    outer loop
      vertex -9.59223 4.27073 -8
      vertex -9.98315 4.54603 -7.04237
      vertex -9.49339 4.44193 -8
    endloop
  endfacet
  facet normal -0.775473 0.447652 -0.445252
    outer loop
      vertex -9.98315 4.54603 -7.04237
      vertex -9.59223 4.27073 -8
      vertex -10.049 4.4741 -7
    endloop
  endfacet
  facet normal -0.775446 0.447674 -0.445276
    outer loop
      vertex -8.59351 6.00055 -8
      vertex -8.62222 6.03244 -7.91794
      vertex -8.49468 6.17174 -8
    endloop
  endfacet
  facet normal -0.890485 0.0936452 -0.445272
    outer loop
      vertex -10.6742 0.975153 -7.44669
      vertex -10.7596 2.28703 -7
      vertex -10.2705 2.18307 -8
    endloop
  endfacet
  facet normal -0.890556 0.0935956 -0.44514
    outer loop
      vertex -10.7596 2.28703 -7
      vertex -10.6742 0.975153 -7.44669
      vertex -10.8901 1.04533 -7
    endloop
  endfacet
  facet normal -0.890449 0.0935947 -0.445355
    outer loop
      vertex -10.4066 0.888231 -8
      vertex -10.6742 0.975153 -7.44669
      vertex -10.2705 2.18307 -8
    endloop
  endfacet
  facet normal -0.775527 -0.447906 -0.444903
    outer loop
      vertex -10.0048 -4.55063 -7
      vertex -10.049 -4.4741 -7
      vertex -9.98315 -4.54603 -7.04237
    endloop
  endfacet
  facet normal -0.77545 -0.447692 -0.445252
    outer loop
      vertex -8.49468 -6.17174 -8
      vertex -8.94337 -6.38911 -7
      vertex -8.62222 -6.03244 -7.91794
    endloop
  endfacet
  facet normal -0.775464 -0.447667 -0.445252
    outer loop
      vertex -8.94337 -6.38911 -7
      vertex -8.49468 -6.17174 -8
      vertex -8.89919 -6.46564 -7
    endloop
  endfacet
  facet normal 0.526307 0.724401 -0.445246
    outer loop
      vertex 7.36044 8.17459 -7
      vertex 6.1301 8.71016 -7.58298
      vertex 6.35034 8.90847 -7
    endloop
  endfacet
  facet normal 0.364184 0.818 -0.445249
    outer loop
      vertex 4.47817 9.6639 -7.58298
      vertex 3.39919 10.4616 -7
      vertex 4.53979 9.95379 -7
    endloop
  endfacet
  facet normal 0.775473 -0.447652 -0.445252
    outer loop
      vertex 9.98315 -4.54603 -7.04237
      vertex 9.59223 -4.27073 -8
      vertex 10.049 -4.4741 -7
    endloop
  endfacet
  facet normal 0.775448 -0.447694 -0.445254
    outer loop
      vertex 9.59223 -4.27073 -8
      vertex 9.98315 -4.54603 -7.04237
      vertex 9.49339 -4.44193 -8
    endloop
  endfacet
  facet normal 0.775446 -0.447674 -0.445276
    outer loop
      vertex 8.62222 -6.03244 -7.91794
      vertex 8.49468 -6.17174 -8
      vertex 8.59351 -6.00055 -8
    endloop
  endfacet
  facet normal -0.364194 -0.817992 -0.445256
    outer loop
      vertex -3.24468 -9.98609 -8
      vertex -4.47817 -9.6639 -7.58298
      vertex -4.43409 -9.45653 -8
    endloop
  endfacet
  facet normal -0.364191 -0.818002 -0.445239
    outer loop
      vertex -4.47817 -9.6639 -7.58298
      vertex -3.24468 -9.98609 -8
      vertex -3.39919 -10.4616 -7
    endloop
  endfacet
  facet normal 0.364184 -0.818 -0.445249
    outer loop
      vertex 4.53979 -9.95379 -7
      vertex 3.39919 -10.4616 -7
      vertex 4.47817 -9.6639 -7.58298
    endloop
  endfacet
  facet normal 0.775446 0.447674 -0.445276
    outer loop
      vertex 8.59351 6.00055 -8
      vertex 8.49468 6.17174 -8
      vertex 8.62222 6.03244 -7.91794
    endloop
  endfacet
  facet normal 0.775473 0.447652 -0.445252
    outer loop
      vertex 9.59223 4.27073 -8
      vertex 9.98315 4.54603 -7.04237
      vertex 10.049 4.4741 -7
    endloop
  endfacet
  facet normal 0.775448 0.447694 -0.445254
    outer loop
      vertex 9.98315 4.54603 -7.04237
      vertex 9.59223 4.27073 -8
      vertex 9.49339 4.44193 -8
    endloop
  endfacet
  facet normal 0.526303 -0.724396 -0.445259
    outer loop
      vertex 7.02587 -7.80302 -8
      vertex 6.1301 -8.71016 -7.58298
      vertex 5.97255 -8.5683 -8
    endloop
  endfacet
  facet normal 0.526308 -0.724397 -0.445251
    outer loop
      vertex 6.1301 -8.71016 -7.58298
      vertex 7.02587 -7.80302 -8
      vertex 7.36044 -8.17459 -7
    endloop
  endfacet
  facet normal 0.665415 0.599144 -0.445252
    outer loop
      vertex 8.89919 6.46564 -7
      vertex 7.02587 7.80302 -8
      vertex 7.36044 8.17459 -7
    endloop
  endfacet
  facet normal -0.364184 0.818 -0.445249
    outer loop
      vertex -4.47817 9.6639 -7.58298
      vertex -4.53979 9.95379 -7
      vertex -3.39919 10.4616 -7
    endloop
  endfacet
  facet normal 0.890556 0.0935956 -0.44514
    outer loop
      vertex 10.6742 0.975153 -7.44669
      vertex 10.7596 2.28703 -7
      vertex 10.8901 1.04533 -7
    endloop
  endfacet
  facet normal 0.890485 0.0936452 -0.445272
    outer loop
      vertex 10.7596 2.28703 -7
      vertex 10.6742 0.975153 -7.44669
      vertex 10.2705 2.18307 -8
    endloop
  endfacet
  facet normal 0.890449 0.0935947 -0.445355
    outer loop
      vertex 10.4066 0.888231 -8
      vertex 10.2705 2.18307 -8
      vertex 10.6742 0.975153 -7.44669
    endloop
  endfacet
  facet normal -0.186176 0.875843 -0.445238
    outer loop
      vertex -3.24468 9.98609 -8
      vertex -3.39919 10.4616 -7
      vertex -1.09755 10.4425 -8
    endloop
  endfacet
  facet normal 0.364191 -0.818002 -0.445239
    outer loop
      vertex 3.24468 -9.98609 -8
      vertex 4.47817 -9.6639 -7.58298
      vertex 3.39919 -10.4616 -7
    endloop
  endfacet
  facet normal 0.364194 -0.817992 -0.445256
    outer loop
      vertex 4.47817 -9.6639 -7.58298
      vertex 3.24468 -9.98609 -8
      vertex 4.43409 -9.45653 -8
    endloop
  endfacet
  facet normal -0.526303 0.724396 -0.445259
    outer loop
      vertex -7.02587 7.80302 -8
      vertex -6.1301 8.71016 -7.58298
      vertex -5.97255 8.5683 -8
    endloop
  endfacet
  facet normal -0.526308 0.724397 -0.445251
    outer loop
      vertex -6.1301 8.71016 -7.58298
      vertex -7.02587 7.80302 -8
      vertex -7.36044 8.17459 -7
    endloop
  endfacet
  facet normal -0.890485 -0.0936452 -0.445272
    outer loop
      vertex -10.7596 -2.28703 -7
      vertex -10.6742 -0.975153 -7.44669
      vertex -10.2705 -2.18307 -8
    endloop
  endfacet
  facet normal -0.890556 -0.0935956 -0.44514
    outer loop
      vertex -10.6742 -0.975153 -7.44669
      vertex -10.7596 -2.28703 -7
      vertex -10.8901 -1.04533 -7
    endloop
  endfacet
  facet normal -0.851575 -0.276685 -0.44527
    outer loop
      vertex -10.049 -4.4741 -7
      vertex -10.7596 -2.28703 -7
      vertex -10.2705 -2.18307 -8
    endloop
  endfacet
  facet normal -0.775527 0.447906 -0.444903
    outer loop
      vertex -9.98315 4.54603 -7.04237
      vertex -10.049 4.4741 -7
      vertex -10.0048 4.55063 -7
    endloop
  endfacet
  facet normal -0.775464 0.447667 -0.445252
    outer loop
      vertex -8.49468 6.17174 -8
      vertex -8.94337 6.38911 -7
      vertex -8.89919 6.46564 -7
    endloop
  endfacet
  facet normal -0.77545 0.447692 -0.445252
    outer loop
      vertex -8.94337 6.38911 -7
      vertex -8.49468 6.17174 -8
      vertex -8.62222 6.03244 -7.91794
    endloop
  endfacet
  facet normal -0.526307 -0.724401 -0.445246
    outer loop
      vertex -6.35034 -8.90847 -7
      vertex -7.36044 -8.17459 -7
      vertex -6.1301 -8.71016 -7.58298
    endloop
  endfacet
  facet normal -0.364184 -0.818 -0.445249
    outer loop
      vertex -3.39919 -10.4616 -7
      vertex -4.53979 -9.95379 -7
      vertex -4.47817 -9.6639 -7.58298
    endloop
  endfacet
  facet normal -0.851589 -0.276677 -0.445248
    outer loop
      vertex -10.049 -4.4741 -7
      vertex -10.2705 -2.18307 -8
      vertex -9.59223 -4.27073 -8
    endloop
  endfacet
  facet normal 0.186162 0.875862 -0.445207
    outer loop
      vertex 3.39919 10.4616 -7
      vertex 1.09755 10.4425 -8
      vertex 1.14981 10.9397 -7
    endloop
  endfacet
  facet normal 0.851589 0.276677 -0.445248
    outer loop
      vertex 10.2705 2.18307 -8
      vertex 9.59223 4.27073 -8
      vertex 10.049 4.4741 -7
    endloop
  endfacet
  facet normal -0 -0.895428 -0.445207
    outer loop
      vertex 1.09755 -10.4425 -8
      vertex 1.06144 -10.9397 -7
      vertex 0.899875 -10.4425 -8
    endloop
  endfacet
  facet normal 0 -0.895428 -0.445207
    outer loop
      vertex 1.06144 -10.9397 -7
      vertex 1.09755 -10.4425 -8
      vertex 1.14981 -10.9397 -7
    endloop
  endfacet
  facet normal 0 -0.895428 -0.445207
    outer loop
      vertex -1.09755 -10.4425 -8
      vertex -1.06144 -10.9397 -7
      vertex -1.14981 -10.9397 -7
    endloop
  endfacet
  facet normal 0 -0.895428 -0.445207
    outer loop
      vertex -1.06144 -10.9397 -7
      vertex -1.09755 -10.4425 -8
      vertex -0.899875 -10.4425 -8
    endloop
  endfacet
  facet normal 0.186176 -0.875843 -0.445238
    outer loop
      vertex 3.39919 -10.4616 -7
      vertex 1.09755 -10.4425 -8
      vertex 3.24468 -9.98609 -8
    endloop
  endfacet
  facet normal 0.526307 -0.724401 -0.445246
    outer loop
      vertex 6.35034 -8.90847 -7
      vertex 6.1301 -8.71016 -7.58298
      vertex 7.36044 -8.17459 -7
    endloop
  endfacet
  facet normal -0.364191 0.818002 -0.445239
    outer loop
      vertex -3.24468 9.98609 -8
      vertex -4.47817 9.6639 -7.58298
      vertex -3.39919 10.4616 -7
    endloop
  endfacet
  facet normal -0.364194 0.817992 -0.445256
    outer loop
      vertex -4.47817 9.6639 -7.58298
      vertex -3.24468 9.98609 -8
      vertex -4.43409 9.45653 -8
    endloop
  endfacet
  facet normal -0.186176 -0.875843 -0.445238
    outer loop
      vertex -1.09755 -10.4425 -8
      vertex -3.39919 -10.4616 -7
      vertex -3.24468 -9.98609 -8
    endloop
  endfacet
  facet normal 0 0 -1
    outer loop
      vertex 0 -2.5 -8
      vertex 4.42968 -9.43579 -8
      vertex 3.24468 -9.98609 -8
    endloop
  endfacet
  facet normal 0 0 -1
    outer loop
      vertex 3.24468 -9.98609 -8
      vertex 4.42968 -9.43579 -8
      vertex 4.43409 -9.45653 -8
    endloop
  endfacet
  facet normal 0 0 -1
    outer loop
      vertex 7.02587 -7.80302 -8
      vertex 8.55411 -5.95679 -8
      vertex 8.49468 -6.17174 -8
    endloop
  endfacet
  facet normal 0 0 -1
    outer loop
      vertex 8.49468 -6.17174 -8
      vertex 8.55411 -5.95679 -8
      vertex 8.59351 -6.00055 -8
    endloop
  endfacet
  facet normal 0 0 -1
    outer loop
      vertex 9.43579 -4.42968 -8
      vertex 10.3865 -0.881678 -8
      vertex 10.2705 -2.18307 -8
    endloop
  endfacet
  facet normal 0 0 -1
    outer loop
      vertex 10.2705 -2.18307 -8
      vertex 10.3865 -0.881678 -8
      vertex 10.4066 -0.888231 -8
    endloop
  endfacet
  facet normal 0 0 -1
    outer loop
      vertex 10.3865 0.881678 -8
      vertex 10.2705 2.18307 -8
      vertex 10.4066 0.888231 -8
    endloop
  endfacet
  facet normal -0 0 -1
    outer loop
      vertex 10.3865 -0.881678 -8
      vertex 9.43579 -4.42968 -8
      vertex 10.3865 0.881678 -8
    endloop
  endfacet
  facet normal 0 0 -1
    outer loop
      vertex 9.43579 -4.42968 -8
      vertex 10.2705 -2.18307 -8
      vertex 9.59223 -4.27073 -8
    endloop
  endfacet
  facet normal 0 0 -1
    outer loop
      vertex 9.43579 4.42968 -8
      vertex 10.3865 0.881678 -8
      vertex 9.43579 -4.42968 -8
    endloop
  endfacet
  facet normal 0 0 -1
    outer loop
      vertex 9.43579 -4.42968 -8
      vertex 9.59223 -4.27073 -8
      vertex 9.49339 -4.44193 -8
    endloop
  endfacet
  facet normal 0 0 -1
    outer loop
      vertex 10.3865 0.881678 -8
      vertex 9.43579 4.42968 -8
      vertex 10.2705 2.18307 -8
    endloop
  endfacet
  facet normal 0 0 -1
    outer loop
      vertex 10.2705 2.18307 -8
      vertex 9.43579 4.42968 -8
      vertex 9.59223 4.27073 -8
    endloop
  endfacet
  facet normal 0 0 -1
    outer loop
      vertex 9.59223 4.27073 -8
      vertex 9.43579 4.42968 -8
      vertex 9.49339 4.44193 -8
    endloop
  endfacet
  facet normal 0 0 -1
    outer loop
      vertex 8.55411 -5.95679 -8
      vertex 9.43579 4.42968 -8
      vertex 9.43579 -4.42968 -8
    endloop
  endfacet
  facet normal -0 0 -1
    outer loop
      vertex 9.43579 4.42968 -8
      vertex 8.55411 -5.95679 -8
      vertex 8.55411 5.95679 -8
    endloop
  endfacet
  facet normal 0 0 -1
    outer loop
      vertex 8.55411 5.95679 -8
      vertex 8.49468 6.17174 -8
      vertex 8.59351 6.00055 -8
    endloop
  endfacet
  facet normal -0 0 -1
    outer loop
      vertex 8.55411 -5.95679 -8
      vertex 5.95679 -8.55411 -8
      vertex 8.55411 5.95679 -8
    endloop
  endfacet
  facet normal 0 0 -1
    outer loop
      vertex 8.55411 -5.95679 -8
      vertex 7.02587 -7.80302 -8
      vertex 5.95679 -8.55411 -8
    endloop
  endfacet
  facet normal 0 0 -1
    outer loop
      vertex 5.95679 8.55411 -8
      vertex 8.55411 5.95679 -8
      vertex 5.95679 -8.55411 -8
    endloop
  endfacet
  facet normal 0 0 -1
    outer loop
      vertex 5.95679 -8.55411 -8
      vertex 7.02587 -7.80302 -8
      vertex 5.97255 -8.5683 -8
    endloop
  endfacet
  facet normal -0 -0 -1
    outer loop
      vertex 7.02587 7.80302 -8
      vertex 8.55411 5.95679 -8
      vertex 5.95679 8.55411 -8
    endloop
  endfacet
  facet normal 0 0 -1
    outer loop
      vertex 8.55411 5.95679 -8
      vertex 7.02587 7.80302 -8
      vertex 8.49468 6.17174 -8
    endloop
  endfacet
  facet normal 0 0 -1
    outer loop
      vertex 7.02587 7.80302 -8
      vertex 5.95679 8.55411 -8
      vertex 5.97255 8.5683 -8
    endloop
  endfacet
  facet normal 0 0 -1
    outer loop
      vertex 4.42968 -9.43579 -8
      vertex 5.95679 8.55411 -8
      vertex 5.95679 -8.55411 -8
    endloop
  endfacet
  facet normal -0 0 -1
    outer loop
      vertex 5.95679 8.55411 -8
      vertex 4.42968 -9.43579 -8
      vertex 4.42968 9.43579 -8
    endloop
  endfacet
  facet normal 0 0 -1
    outer loop
      vertex 4.42968 9.43579 -8
      vertex 3.24468 9.98609 -8
      vertex 4.43409 9.45653 -8
    endloop
  endfacet
  facet normal 0 0 -1
    outer loop
      vertex 4.42968 -9.43579 -8
      vertex 2.5 0 -8
      vertex 4.42968 9.43579 -8
    endloop
  endfacet
  facet normal 0 0 -1
    outer loop
      vertex 1.76777 1.76777 -8
      vertex 4.42968 9.43579 -8
      vertex 2.5 0 -8
    endloop
  endfacet
  facet normal 0 0 -1
    outer loop
      vertex 4.42968 -9.43579 -8
      vertex 1.76777 -1.76777 -8
      vertex 2.5 0 -8
    endloop
  endfacet
  facet normal 0 0 -1
    outer loop
      vertex 0.881678 -10.3865 -8
      vertex 3.24468 -9.98609 -8
      vertex 1.09755 -10.4425 -8
    endloop
  endfacet
  facet normal 0 0 -1
    outer loop
      vertex 0.881678 -10.3865 -8
      vertex 1.09755 -10.4425 -8
      vertex 0.899875 -10.4425 -8
    endloop
  endfacet
  facet normal -0 0 -1
    outer loop
      vertex 3.24468 -9.98609 -8
      vertex 0.881678 -10.3865 -8
      vertex 0 -2.5 -8
    endloop
  endfacet
  facet normal 0 0 -1
    outer loop
      vertex 4.42968 -9.43579 -8
      vertex 0 -2.5 -8
      vertex 1.76777 -1.76777 -8
    endloop
  endfacet
  facet normal 0 0 -1
    outer loop
      vertex -0.881678 -10.3865 -8
      vertex 0 -2.5 -8
      vertex 0.881678 -10.3865 -8
    endloop
  endfacet
  facet normal 0 0 -1
    outer loop
      vertex -1.09755 -10.4425 -8
      vertex -0.881678 -10.3865 -8
      vertex -0.899875 -10.4425 -8
    endloop
  endfacet
  facet normal 0 0 -1
    outer loop
      vertex -3.24468 -9.98609 -8
      vertex -0.881678 -10.3865 -8
      vertex -1.09755 -10.4425 -8
    endloop
  endfacet
  facet normal 0 0 -1
    outer loop
      vertex -0.881678 -10.3865 -8
      vertex -3.24468 -9.98609 -8
      vertex 0 -2.5 -8
    endloop
  endfacet
  facet normal 0 0 -1
    outer loop
      vertex -4.42968 -9.43579 -8
      vertex 0 -2.5 -8
      vertex -3.24468 -9.98609 -8
    endloop
  endfacet
  facet normal -0 0 -1
    outer loop
      vertex 0 -2.5 -8
      vertex -4.42968 -9.43579 -8
      vertex -1.76777 -1.76777 -8
    endloop
  endfacet
  facet normal 0 0 -1
    outer loop
      vertex -10.2705 -2.18307 -8
      vertex -2.5 0 -8
      vertex -9.43579 -4.42968 -8
    endloop
  endfacet
  facet normal 0 0 -1
    outer loop
      vertex -2.5 0 -8
      vertex -9.43579 4.42968 -8
      vertex -8.55411 5.95679 -8
    endloop
  endfacet
  facet normal 0 0 -1
    outer loop
      vertex -9.59223 -4.27073 -8
      vertex -9.43579 -4.42968 -8
      vertex -9.49339 -4.44193 -8
    endloop
  endfacet
  facet normal 0 0 -1
    outer loop
      vertex -10.3865 0.881678 -8
      vertex -2.5 0 -8
      vertex -10.3865 -0.881678 -8
    endloop
  endfacet
  facet normal 0 0 -1
    outer loop
      vertex -9.43579 -4.42968 -8
      vertex -9.59223 -4.27073 -8
      vertex -10.2705 -2.18307 -8
    endloop
  endfacet
  facet normal 0 -0 -1
    outer loop
      vertex -10.2705 2.18307 -8
      vertex -2.5 0 -8
      vertex -10.3865 0.881678 -8
    endloop
  endfacet
  facet normal 0 0 -1
    outer loop
      vertex -2.5 0 -8
      vertex -10.2705 -2.18307 -8
      vertex -10.3865 -0.881678 -8
    endloop
  endfacet
  facet normal 0 0 -1
    outer loop
      vertex -2.5 0 -8
      vertex -10.2705 2.18307 -8
      vertex -9.43579 4.42968 -8
    endloop
  endfacet
  facet normal 0 -0 -1
    outer loop
      vertex -9.59223 4.27073 -8
      vertex -9.43579 4.42968 -8
      vertex -10.2705 2.18307 -8
    endloop
  endfacet
  facet normal 0 -0 -1
    outer loop
      vertex -10.3865 -0.881678 -8
      vertex -10.2705 -2.18307 -8
      vertex -10.4066 -0.888231 -8
    endloop
  endfacet
  facet normal 0 0 -1
    outer loop
      vertex -8.55411 -5.95679 -8
      vertex -1.76777 -1.76777 -8
      vertex -7.02587 -7.80302 -8
    endloop
  endfacet
  facet normal 0 0 -1
    outer loop
      vertex -2.5 0 -8
      vertex -5.95679 8.55411 -8
      vertex -4.42968 9.43579 -8
    endloop
  endfacet
  facet normal 0 0 -1
    outer loop
      vertex -7.02587 -7.80302 -8
      vertex -5.95679 -8.55411 -8
      vertex -5.97255 -8.5683 -8
    endloop
  endfacet
  facet normal -0 0 -1
    outer loop
      vertex -1.76777 -1.76777 -8
      vertex -9.43579 -4.42968 -8
      vertex -2.5 0 -8
    endloop
  endfacet
  facet normal 0 0 -1
    outer loop
      vertex -9.43579 -4.42968 -8
      vertex -1.76777 -1.76777 -8
      vertex -8.55411 -5.95679 -8
    endloop
  endfacet
  facet normal 0 -0 -1
    outer loop
      vertex -7.02587 7.80302 -8
      vertex -2.5 0 -8
      vertex -8.55411 5.95679 -8
    endloop
  endfacet
  facet normal 0 0 -1
    outer loop
      vertex -8.55411 -5.95679 -8
      vertex -7.02587 -7.80302 -8
      vertex -8.49468 -6.17174 -8
    endloop
  endfacet
  facet normal 0 0 -1
    outer loop
      vertex -2.5 0 -8
      vertex -7.02587 7.80302 -8
      vertex -5.95679 8.55411 -8
    endloop
  endfacet
  facet normal -0 0 -1
    outer loop
      vertex -5.95679 8.55411 -8
      vertex -7.02587 7.80302 -8
      vertex -5.97255 8.5683 -8
    endloop
  endfacet
  facet normal 0 -0 -1
    outer loop
      vertex -8.55411 -5.95679 -8
      vertex -8.49468 -6.17174 -8
      vertex -8.59351 -6.00055 -8
    endloop
  endfacet
  facet normal 0 0 -1
    outer loop
      vertex 0 2.5 -8
      vertex -4.42968 9.43579 -8
      vertex -3.24468 9.98609 -8
    endloop
  endfacet
  facet normal 0 0 -1
    outer loop
      vertex -3.24468 9.98609 -8
      vertex -4.42968 9.43579 -8
      vertex -4.43409 9.45653 -8
    endloop
  endfacet
  facet normal 0 0 -1
    outer loop
      vertex -7.02587 7.80302 -8
      vertex -8.55411 5.95679 -8
      vertex -8.49468 6.17174 -8
    endloop
  endfacet
  facet normal 0 0 -1
    outer loop
      vertex -8.49468 6.17174 -8
      vertex -8.55411 5.95679 -8
      vertex -8.59351 6.00055 -8
    endloop
  endfacet
  facet normal -0 0 -1
    outer loop
      vertex -9.43579 4.42968 -8
      vertex -9.59223 4.27073 -8
      vertex -9.49339 4.44193 -8
    endloop
  endfacet
  facet normal 0 0 -1
    outer loop
      vertex -10.2705 2.18307 -8
      vertex -10.3865 0.881678 -8
      vertex -10.4066 0.888231 -8
    endloop
  endfacet
  facet normal 0 0 -1
    outer loop
      vertex 0 2.5 -8
      vertex 4.42968 9.43579 -8
      vertex 1.76777 1.76777 -8
    endloop
  endfacet
  facet normal -0 0 -1
    outer loop
      vertex 4.42968 9.43579 -8
      vertex 0 2.5 -8
      vertex 3.24468 9.98609 -8
    endloop
  endfacet
  facet normal 0 -0 -1
    outer loop
      vertex 0.881678 10.3865 -8
      vertex 3.24468 9.98609 -8
      vertex 0 2.5 -8
    endloop
  endfacet
  facet normal -0 0 -1
    outer loop
      vertex 1.09755 10.4425 -8
      vertex 0.881678 10.3865 -8
      vertex 0.899875 10.4425 -8
    endloop
  endfacet
  facet normal 0 0 -1
    outer loop
      vertex 3.24468 9.98609 -8
      vertex 0.881678 10.3865 -8
      vertex 1.09755 10.4425 -8
    endloop
  endfacet
  facet normal 0 0 -1
    outer loop
      vertex 0 2.5 -8
      vertex -0.881678 10.3865 -8
      vertex 0.881678 10.3865 -8
    endloop
  endfacet
  facet normal 0 0 -1
    outer loop
      vertex -3.24468 9.98609 -8
      vertex -0.881678 10.3865 -8
      vertex 0 2.5 -8
    endloop
  endfacet
  facet normal 0 0 -1
    outer loop
      vertex -0.881678 10.3865 -8
      vertex -1.09755 10.4425 -8
      vertex -0.899875 10.4425 -8
    endloop
  endfacet
  facet normal 0 0 -1
    outer loop
      vertex -4.42968 9.43579 -8
      vertex 0 2.5 -8
      vertex -1.76777 1.76777 -8
    endloop
  endfacet
  facet normal 0 0 -1
    outer loop
      vertex -4.42968 9.43579 -8
      vertex -1.76777 1.76777 -8
      vertex -2.5 0 -8
    endloop
  endfacet
  facet normal -0 0 -1
    outer loop
      vertex -0.881678 10.3865 -8
      vertex -3.24468 9.98609 -8
      vertex -1.09755 10.4425 -8
    endloop
  endfacet
  facet normal 0 0 -1
    outer loop
      vertex -5.95679 -8.55411 -8
      vertex -1.76777 -1.76777 -8
      vertex -4.42968 -9.43579 -8
    endloop
  endfacet
  facet normal 0 0 -1
    outer loop
      vertex -7.02587 -7.80302 -8
      vertex -1.76777 -1.76777 -8
      vertex -5.95679 -8.55411 -8
    endloop
  endfacet
  facet normal 0 -0 -1
    outer loop
      vertex -4.42968 -9.43579 -8
      vertex -3.24468 -9.98609 -8
      vertex -4.43409 -9.45653 -8
    endloop
  endfacet
  facet normal -0.775448 -0.447694 -0.445254
    outer loop
      vertex -9.98315 -4.54603 -7.04237
      vertex -9.59223 -4.27073 -8
      vertex -9.49339 -4.44193 -8
    endloop
  endfacet
  facet normal -0.775473 -0.447652 -0.445252
    outer loop
      vertex -9.59223 -4.27073 -8
      vertex -9.98315 -4.54603 -7.04237
      vertex -10.049 -4.4741 -7
    endloop
  endfacet
  facet normal -0.775446 -0.447674 -0.445276
    outer loop
      vertex -8.49468 -6.17174 -8
      vertex -8.62222 -6.03244 -7.91794
      vertex -8.59351 -6.00055 -8
    endloop
  endfacet
  facet normal -0.665415 -0.599142 -0.445255
    outer loop
      vertex -7.02587 -7.80302 -8
      vertex -8.89919 -6.46564 -7
      vertex -8.49468 -6.17174 -8
    endloop
  endfacet
  facet normal -0.208021 -0.978124 -6.02908e-05
    outer loop
      vertex 9.43579 -4.42968 0
      vertex 9.98315 -4.54603 -0.957633
      vertex 9.49339 -4.44193 0
    endloop
  endfacet
  facet normal -0.20792 -0.978146 0
    outer loop
      vertex 9.98315 -4.54603 -7.04237
      vertex 9.98315 -4.54603 -0.957633
      vertex 9.43579 -4.42968 0
    endloop
  endfacet
  facet normal -0.207832 -0.978165 -0
    outer loop
      vertex 9.98315 -4.54603 -0.957633
      vertex 9.98315 -4.54603 -7.04237
      vertex 10.0048 -4.55063 -1
    endloop
  endfacet
  facet normal -0.207832 -0.978165 -0
    outer loop
      vertex 10.0048 -4.55063 -1
      vertex 9.98315 -4.54603 -7.04237
      vertex 10.0048 -4.55063 -7
    endloop
  endfacet
  facet normal -0.20792 -0.978146 0
    outer loop
      vertex 9.43579 -4.42968 -8
      vertex 9.98315 -4.54603 -7.04237
      vertex 9.43579 -4.42968 0
    endloop
  endfacet
  facet normal -0.208021 -0.978124 6.0291e-05
    outer loop
      vertex 9.98315 -4.54603 -7.04237
      vertex 9.43579 -4.42968 -8
      vertex 9.49339 -4.44193 -8
    endloop
  endfacet
  facet normal 0.743159 0.669115 -2.40897e-05
    outer loop
      vertex 8.62222 -6.03244 -0.0820588
      vertex 8.55411 -5.95679 0
      vertex 8.59351 -6.00055 0
    endloop
  endfacet
  facet normal 0.743194 0.669076 4.07686e-05
    outer loop
      vertex 8.94337 -6.38911 -1
      vertex 8.55411 -5.95679 0
      vertex 8.62222 -6.03244 -0.0820588
    endloop
  endfacet
  facet normal 0.743147 0.669128 0
    outer loop
      vertex 8.55411 -5.95679 0
      vertex 8.94337 -6.38911 -1
      vertex 8.55411 -5.95679 -8
    endloop
  endfacet
  facet normal 0.743159 0.669115 2.40894e-05
    outer loop
      vertex 8.55411 -5.95679 -8
      vertex 8.62222 -6.03244 -7.91794
      vertex 8.59351 -6.00055 -8
    endloop
  endfacet
  facet normal 0.743147 0.669128 -0
    outer loop
      vertex 8.94337 -6.38911 -7
      vertex 8.55411 -5.95679 -8
      vertex 8.94337 -6.38911 -1
    endloop
  endfacet
  facet normal 0.743194 0.669076 -4.07691e-05
    outer loop
      vertex 8.55411 -5.95679 -8
      vertex 8.94337 -6.38911 -7
      vertex 8.62222 -6.03244 -7.91794
    endloop
  endfacet
  facet normal 0.866025 -0.500001 0
    outer loop
      vertex 8.55411 -5.95679 0
      vertex 9.43579 -4.42968 -8
      vertex 9.43579 -4.42968 0
    endloop
  endfacet
  facet normal 0.866025 -0.500001 0
    outer loop
      vertex 9.43579 -4.42968 -8
      vertex 8.55411 -5.95679 0
      vertex 8.55411 -5.95679 -8
    endloop
  endfacet
  facet normal -0.669121 -0.743153 8.94414e-06
    outer loop
      vertex 5.95679 -8.55411 0
      vertex 6.1301 -8.71016 -0.417023
      vertex 5.97255 -8.5683 0
    endloop
  endfacet
  facet normal -0.669133 -0.743143 0
    outer loop
      vertex 6.1301 -8.71016 -7.58298
      vertex 6.1301 -8.71016 -0.417023
      vertex 5.95679 -8.55411 0
    endloop
  endfacet
  facet normal -0.66914 -0.743136 0
    outer loop
      vertex 6.1301 -8.71016 -0.417023
      vertex 6.35034 -8.90847 -7
      vertex 6.35034 -8.90847 -1
    endloop
  endfacet
  facet normal -0.66914 -0.743136 -0
    outer loop
      vertex 6.1301 -8.71016 -0.417023
      vertex 6.1301 -8.71016 -7.58298
      vertex 6.35034 -8.90847 -7
    endloop
  endfacet
  facet normal -0.669133 -0.743143 0
    outer loop
      vertex 5.95679 -8.55411 -8
      vertex 6.1301 -8.71016 -7.58298
      vertex 5.95679 -8.55411 0
    endloop
  endfacet
  facet normal -0.669121 -0.743153 -8.94421e-06
    outer loop
      vertex 6.1301 -8.71016 -7.58298
      vertex 5.95679 -8.55411 -8
      vertex 5.97255 -8.5683 -8
    endloop
  endfacet
  facet normal 0.978132 0.207983 -3.19483e-05
    outer loop
      vertex 4.47817 -9.6639 -0.417023
      vertex 4.42968 -9.43579 0
      vertex 4.43409 -9.45653 0
    endloop
  endfacet
  facet normal 0.978144 0.207927 0
    outer loop
      vertex 4.42968 -9.43579 0
      vertex 4.47817 -9.6639 -0.417023
      vertex 4.42968 -9.43579 -8
    endloop
  endfacet
  facet normal 0.978144 0.207927 -0
    outer loop
      vertex 4.47817 -9.6639 -7.58298
      vertex 4.42968 -9.43579 -8
      vertex 4.47817 -9.6639 -0.417023
    endloop
  endfacet
  facet normal 0.978132 0.207983 3.19485e-05
    outer loop
      vertex 4.42968 -9.43579 -8
      vertex 4.47817 -9.6639 -7.58298
      vertex 4.43409 -9.45653 -8
    endloop
  endfacet
  facet normal 0.978146 0.207918 0
    outer loop
      vertex 4.53979 -9.95379 -1
      vertex 4.47817 -9.6639 -7.58298
      vertex 4.47817 -9.6639 -0.417023
    endloop
  endfacet
  facet normal 0.978146 0.207918 0
    outer loop
      vertex 4.47817 -9.6639 -7.58298
      vertex 4.53979 -9.95379 -1
      vertex 4.53979 -9.95379 -7
    endloop
  endfacet
  facet normal 0.500001 -0.866025 0
    outer loop
      vertex 4.42968 -9.43579 -8
      vertex 5.95679 -8.55411 0
      vertex 4.42968 -9.43579 0
    endloop
  endfacet
  facet normal 0.500001 -0.866025 0
    outer loop
      vertex 5.95679 -8.55411 0
      vertex 4.42968 -9.43579 -8
      vertex 5.95679 -8.55411 -8
    endloop
  endfacet
  facet normal -0.951049 -0.30904 1.55564e-06
    outer loop
      vertex 1.06144 -10.9397 -7
      vertex 0.881678 -10.3865 -8
      vertex 0.899875 -10.4425 -8
    endloop
  endfacet
  facet normal -0.951048 -0.309043 0
    outer loop
      vertex 0.881678 -10.3865 -8
      vertex 1.06144 -10.9397 -7
      vertex 0.881678 -10.3865 0
    endloop
  endfacet
  facet normal -0.951048 -0.309043 -0
    outer loop
      vertex 1.06144 -10.9397 -1
      vertex 0.881678 -10.3865 0
      vertex 1.06144 -10.9397 -7
    endloop
  endfacet
  facet normal -0.951049 -0.30904 -1.55564e-06
    outer loop
      vertex 0.881678 -10.3865 0
      vertex 1.06144 -10.9397 -1
      vertex 0.899875 -10.4425 0
    endloop
  endfacet
  facet normal 0.951049 -0.30904 -1.55564e-06
    outer loop
      vertex -1.06144 -10.9397 -1
      vertex -0.881678 -10.3865 0
      vertex -0.899875 -10.4425 0
    endloop
  endfacet
  facet normal 0.951048 -0.309043 0
    outer loop
      vertex -0.881678 -10.3865 0
      vertex -1.06144 -10.9397 -1
      vertex -0.881678 -10.3865 -8
    endloop
  endfacet
  facet normal 0.951048 -0.309043 0
    outer loop
      vertex -1.06144 -10.9397 -7
      vertex -0.881678 -10.3865 -8
      vertex -1.06144 -10.9397 -1
    endloop
  endfacet
  facet normal 0.951049 -0.30904 1.55564e-06
    outer loop
      vertex -0.881678 -10.3865 -8
      vertex -1.06144 -10.9397 -7
      vertex -0.899875 -10.4425 -8
    endloop
  endfacet
  facet normal 0 -1 0
    outer loop
      vertex -0.881678 -10.3865 -8
      vertex 0.881678 -10.3865 0
      vertex -0.881678 -10.3865 0
    endloop
  endfacet
  facet normal 0 -1 -0
    outer loop
      vertex 0.881678 -10.3865 0
      vertex -0.881678 -10.3865 -8
      vertex 0.881678 -10.3865 -8
    endloop
  endfacet
  facet normal -0.500001 -0.866025 0
    outer loop
      vertex -5.95679 -8.55411 -8
      vertex -4.42968 -9.43579 0
      vertex -5.95679 -8.55411 0
    endloop
  endfacet
  facet normal -0.500001 -0.866025 -0
    outer loop
      vertex -4.42968 -9.43579 0
      vertex -5.95679 -8.55411 -8
      vertex -4.42968 -9.43579 -8
    endloop
  endfacet
  facet normal -0.978132 0.207983 3.19485e-05
    outer loop
      vertex -4.47817 -9.6639 -7.58298
      vertex -4.42968 -9.43579 -8
      vertex -4.43409 -9.45653 -8
    endloop
  endfacet
  facet normal -0.978144 0.207927 0
    outer loop
      vertex -4.42968 -9.43579 -8
      vertex -4.47817 -9.6639 -7.58298
      vertex -4.42968 -9.43579 0
    endloop
  endfacet
  facet normal -0.978144 0.207927 0
    outer loop
      vertex -4.47817 -9.6639 -0.417023
      vertex -4.42968 -9.43579 0
      vertex -4.47817 -9.6639 -7.58298
    endloop
  endfacet
  facet normal -0.978132 0.207983 -3.19483e-05
    outer loop
      vertex -4.42968 -9.43579 0
      vertex -4.47817 -9.6639 -0.417023
      vertex -4.43409 -9.45653 0
    endloop
  endfacet
  facet normal -0.978146 0.207918 0
    outer loop
      vertex -4.53979 -9.95379 -7
      vertex -4.47817 -9.6639 -0.417023
      vertex -4.47817 -9.6639 -7.58298
    endloop
  endfacet
  facet normal -0.978146 0.207918 0
    outer loop
      vertex -4.47817 -9.6639 -0.417023
      vertex -4.53979 -9.95379 -7
      vertex -4.53979 -9.95379 -1
    endloop
  endfacet
  facet normal 0.669121 -0.743153 8.94414e-06
    outer loop
      vertex -6.1301 -8.71016 -0.417023
      vertex -5.95679 -8.55411 0
      vertex -5.97255 -8.5683 0
    endloop
  endfacet
  facet normal 0.66914 -0.743136 0
    outer loop
      vertex -6.35034 -8.90847 -7
      vertex -6.1301 -8.71016 -0.417023
      vertex -6.35034 -8.90847 -1
    endloop
  endfacet
  facet normal 0.66914 -0.743136 0
    outer loop
      vertex -6.1301 -8.71016 -7.58298
      vertex -6.1301 -8.71016 -0.417023
      vertex -6.35034 -8.90847 -7
    endloop
  endfacet
  facet normal 0.669133 -0.743143 0
    outer loop
      vertex -6.1301 -8.71016 -0.417023
      vertex -6.1301 -8.71016 -7.58298
      vertex -5.95679 -8.55411 0
    endloop
  endfacet
  facet normal 0.669121 -0.743153 -8.94421e-06
    outer loop
      vertex -5.95679 -8.55411 -8
      vertex -6.1301 -8.71016 -7.58298
      vertex -5.97255 -8.5683 -8
    endloop
  endfacet
  facet normal 0.669133 -0.743143 0
    outer loop
      vertex -6.1301 -8.71016 -7.58298
      vertex -5.95679 -8.55411 -8
      vertex -5.95679 -8.55411 0
    endloop
  endfacet
  facet normal 0.208021 -0.978124 -6.02908e-05
    outer loop
      vertex -9.98315 -4.54603 -0.957633
      vertex -9.43579 -4.42968 0
      vertex -9.49339 -4.44193 0
    endloop
  endfacet
  facet normal 0.207832 -0.978165 0
    outer loop
      vertex -9.98315 -4.54603 -7.04237
      vertex -9.98315 -4.54603 -0.957633
      vertex -10.0048 -4.55063 -1
    endloop
  endfacet
  facet normal 0.207832 -0.978165 0
    outer loop
      vertex -9.98315 -4.54603 -7.04237
      vertex -10.0048 -4.55063 -1
      vertex -10.0048 -4.55063 -7
    endloop
  endfacet
  facet normal 0.20792 -0.978146 0
    outer loop
      vertex -9.98315 -4.54603 -0.957633
      vertex -9.98315 -4.54603 -7.04237
      vertex -9.43579 -4.42968 0
    endloop
  endfacet
  facet normal 0.208021 -0.978124 6.0291e-05
    outer loop
      vertex -9.43579 -4.42968 -8
      vertex -9.98315 -4.54603 -7.04237
      vertex -9.49339 -4.44193 -8
    endloop
  endfacet
  facet normal 0.20792 -0.978146 0
    outer loop
      vertex -9.98315 -4.54603 -7.04237
      vertex -9.43579 -4.42968 -8
      vertex -9.43579 -4.42968 0
    endloop
  endfacet
  facet normal -0.866025 -0.500001 0
    outer loop
      vertex -8.55411 -5.95679 -8
      vertex -9.43579 -4.42968 0
      vertex -9.43579 -4.42968 -8
    endloop
  endfacet
  facet normal -0.866025 -0.500001 0
    outer loop
      vertex -9.43579 -4.42968 0
      vertex -8.55411 -5.95679 -8
      vertex -8.55411 -5.95679 0
    endloop
  endfacet
  facet normal -0.743159 0.669115 2.40894e-05
    outer loop
      vertex -8.62222 -6.03244 -7.91794
      vertex -8.55411 -5.95679 -8
      vertex -8.59351 -6.00055 -8
    endloop
  endfacet
  facet normal -0.743194 0.669076 -4.07691e-05
    outer loop
      vertex -8.94337 -6.38911 -7
      vertex -8.55411 -5.95679 -8
      vertex -8.62222 -6.03244 -7.91794
    endloop
  endfacet
  facet normal -0.743147 0.669128 0
    outer loop
      vertex -8.55411 -5.95679 -8
      vertex -8.94337 -6.38911 -7
      vertex -8.55411 -5.95679 0
    endloop
  endfacet
  facet normal -0.743159 0.669115 -2.40897e-05
    outer loop
      vertex -8.55411 -5.95679 0
      vertex -8.62222 -6.03244 -0.0820588
      vertex -8.59351 -6.00055 0
    endloop
  endfacet
  facet normal -0.743147 0.669128 0
    outer loop
      vertex -8.94337 -6.38911 -1
      vertex -8.55411 -5.95679 0
      vertex -8.94337 -6.38911 -7
    endloop
  endfacet
  facet normal -0.743194 0.669076 4.07686e-05
    outer loop
      vertex -8.55411 -5.95679 0
      vertex -8.94337 -6.38911 -1
      vertex -8.62222 -6.03244 -0.0820588
    endloop
  endfacet
  facet normal -1 0 0
    outer loop
      vertex -10.3865 -0.881678 -8
      vertex -10.3865 0.881678 0
      vertex -10.3865 0.881678 -8
    endloop
  endfacet
  facet normal -1 -0 0
    outer loop
      vertex -10.3865 0.881678 0
      vertex -10.3865 -0.881678 -8
      vertex -10.3865 -0.881678 0
    endloop
  endfacet
  facet normal -0.309963 0.950748 0.000551443
    outer loop
      vertex -10.3865 -0.881678 0
      vertex -10.6742 -0.975153 -0.553311
      vertex -10.4066 -0.888231 0
    endloop
  endfacet
  facet normal -0.309004 0.951061 0
    outer loop
      vertex -10.6742 -0.975153 -7.44669
      vertex -10.6742 -0.975153 -0.553311
      vertex -10.3865 -0.881678 0
    endloop
  endfacet
  facet normal -0.309124 0.951022 0
    outer loop
      vertex -10.6742 -0.975153 -0.553311
      vertex -10.6742 -0.975153 -7.44669
      vertex -10.8901 -1.04533 -1
    endloop
  endfacet
  facet normal -0.309124 0.951022 0
    outer loop
      vertex -10.8901 -1.04533 -1
      vertex -10.6742 -0.975153 -7.44669
      vertex -10.8901 -1.04533 -7
    endloop
  endfacet
  facet normal -0.309004 0.951061 0
    outer loop
      vertex -10.3865 -0.881678 -8
      vertex -10.6742 -0.975153 -7.44669
      vertex -10.3865 -0.881678 0
    endloop
  endfacet
  facet normal -0.309963 0.950748 -0.000551444
    outer loop
      vertex -10.6742 -0.975153 -7.44669
      vertex -10.3865 -0.881678 -8
      vertex -10.4066 -0.888231 -8
    endloop
  endfacet
  facet normal -0.309963 -0.950748 0.000551443
    outer loop
      vertex -10.6742 0.975153 -0.553311
      vertex -10.3865 0.881678 0
      vertex -10.4066 0.888231 0
    endloop
  endfacet
  facet normal -0.309124 -0.951022 0
    outer loop
      vertex -10.6742 0.975153 -7.44669
      vertex -10.6742 0.975153 -0.553311
      vertex -10.8901 1.04533 -1
    endloop
  endfacet
  facet normal -0.309124 -0.951022 0
    outer loop
      vertex -10.6742 0.975153 -7.44669
      vertex -10.8901 1.04533 -1
      vertex -10.8901 1.04533 -7
    endloop
  endfacet
  facet normal -0.309004 -0.951061 -0
    outer loop
      vertex -10.6742 0.975153 -0.553311
      vertex -10.6742 0.975153 -7.44669
      vertex -10.3865 0.881678 0
    endloop
  endfacet
  facet normal -0.309963 -0.950748 -0.000551444
    outer loop
      vertex -10.3865 0.881678 -8
      vertex -10.6742 0.975153 -7.44669
      vertex -10.4066 0.888231 -8
    endloop
  endfacet
  facet normal -0.309004 -0.951061 0
    outer loop
      vertex -10.6742 0.975153 -7.44669
      vertex -10.3865 0.881678 -8
      vertex -10.3865 0.881678 0
    endloop
  endfacet
  facet normal -0.743194 -0.669076 -4.07691e-05
    outer loop
      vertex -8.55411 5.95679 -8
      vertex -8.94337 6.38911 -7
      vertex -8.62222 6.03244 -7.91794
    endloop
  endfacet
  facet normal -0.743147 -0.669128 0
    outer loop
      vertex -8.94337 6.38911 -7
      vertex -8.55411 5.95679 -8
      vertex -8.94337 6.38911 -1
    endloop
  endfacet
  facet normal -0.743159 -0.669115 2.40894e-05
    outer loop
      vertex -8.55411 5.95679 -8
      vertex -8.62222 6.03244 -7.91794
      vertex -8.59351 6.00055 -8
    endloop
  endfacet
  facet normal -0.743147 -0.669128 -0
    outer loop
      vertex -8.55411 5.95679 0
      vertex -8.94337 6.38911 -1
      vertex -8.55411 5.95679 -8
    endloop
  endfacet
  facet normal -0.743194 -0.669076 4.07686e-05
    outer loop
      vertex -8.94337 6.38911 -1
      vertex -8.55411 5.95679 0
      vertex -8.62222 6.03244 -0.0820588
    endloop
  endfacet
  facet normal -0.743159 -0.669115 -2.40897e-05
    outer loop
      vertex -8.62222 6.03244 -0.0820588
      vertex -8.55411 5.95679 0
      vertex -8.59351 6.00055 0
    endloop
  endfacet
  facet normal -0.866025 0.500001 0
    outer loop
      vertex -9.43579 4.42968 -8
      vertex -8.55411 5.95679 0
      vertex -8.55411 5.95679 -8
    endloop
  endfacet
  facet normal -0.866025 0.500001 0
    outer loop
      vertex -8.55411 5.95679 0
      vertex -9.43579 4.42968 -8
      vertex -9.43579 4.42968 0
    endloop
  endfacet
  facet normal 0.208021 0.978124 -6.02908e-05
    outer loop
      vertex -9.43579 4.42968 0
      vertex -9.98315 4.54603 -0.957633
      vertex -9.49339 4.44193 0
    endloop
  endfacet
  facet normal 0.20792 0.978146 -0
    outer loop
      vertex -9.98315 4.54603 -7.04237
      vertex -9.98315 4.54603 -0.957633
      vertex -9.43579 4.42968 0
    endloop
  endfacet
  facet normal 0.207832 0.978165 0
    outer loop
      vertex -9.98315 4.54603 -0.957633
      vertex -9.98315 4.54603 -7.04237
      vertex -10.0048 4.55063 -1
    endloop
  endfacet
  facet normal 0.207832 0.978165 0
    outer loop
      vertex -10.0048 4.55063 -1
      vertex -9.98315 4.54603 -7.04237
      vertex -10.0048 4.55063 -7
    endloop
  endfacet
  facet normal 0.20792 0.978146 -0
    outer loop
      vertex -9.43579 4.42968 -8
      vertex -9.98315 4.54603 -7.04237
      vertex -9.43579 4.42968 0
    endloop
  endfacet
  facet normal 0.208021 0.978124 6.0291e-05
    outer loop
      vertex -9.98315 4.54603 -7.04237
      vertex -9.43579 4.42968 -8
      vertex -9.49339 4.44193 -8
    endloop
  endfacet
  facet normal -0.978146 -0.207918 0
    outer loop
      vertex -4.47817 9.6639 -7.58298
      vertex -4.53979 9.95379 -1
      vertex -4.53979 9.95379 -7
    endloop
  endfacet
  facet normal -0.978146 -0.207918 0
    outer loop
      vertex -4.47817 9.6639 -7.58298
      vertex -4.47817 9.6639 -0.417023
      vertex -4.53979 9.95379 -1
    endloop
  endfacet
  facet normal -0.978132 -0.207983 3.19485e-05
    outer loop
      vertex -4.42968 9.43579 -8
      vertex -4.47817 9.6639 -7.58298
      vertex -4.43409 9.45653 -8
    endloop
  endfacet
  facet normal -0.978144 -0.207927 0
    outer loop
      vertex -4.47817 9.6639 -7.58298
      vertex -4.42968 9.43579 -8
      vertex -4.47817 9.6639 -0.417023
    endloop
  endfacet
  facet normal -0.978144 -0.207927 -0
    outer loop
      vertex -4.42968 9.43579 0
      vertex -4.47817 9.6639 -0.417023
      vertex -4.42968 9.43579 -8
    endloop
  endfacet
  facet normal -0.978132 -0.207983 -3.19483e-05
    outer loop
      vertex -4.47817 9.6639 -0.417023
      vertex -4.42968 9.43579 0
      vertex -4.43409 9.45653 0
    endloop
  endfacet
  facet normal -0.500001 0.866025 0
    outer loop
      vertex -4.42968 9.43579 -8
      vertex -5.95679 8.55411 0
      vertex -4.42968 9.43579 0
    endloop
  endfacet
  facet normal -0.500001 0.866025 0
    outer loop
      vertex -5.95679 8.55411 0
      vertex -4.42968 9.43579 -8
      vertex -5.95679 8.55411 -8
    endloop
  endfacet
  facet normal 0.669121 0.743153 8.94414e-06
    outer loop
      vertex -5.95679 8.55411 0
      vertex -6.1301 8.71016 -0.417023
      vertex -5.97255 8.5683 0
    endloop
  endfacet
  facet normal 0.669133 0.743143 -0
    outer loop
      vertex -6.1301 8.71016 -7.58298
      vertex -6.1301 8.71016 -0.417023
      vertex -5.95679 8.55411 0
    endloop
  endfacet
  facet normal 0.66914 0.743136 0
    outer loop
      vertex -6.1301 8.71016 -0.417023
      vertex -6.35034 8.90847 -7
      vertex -6.35034 8.90847 -1
    endloop
  endfacet
  facet normal 0.66914 0.743136 0
    outer loop
      vertex -6.1301 8.71016 -0.417023
      vertex -6.1301 8.71016 -7.58298
      vertex -6.35034 8.90847 -7
    endloop
  endfacet
  facet normal 0.669133 0.743143 -0
    outer loop
      vertex -5.95679 8.55411 -8
      vertex -6.1301 8.71016 -7.58298
      vertex -5.95679 8.55411 0
    endloop
  endfacet
  facet normal 0.669121 0.743153 -8.94421e-06
    outer loop
      vertex -6.1301 8.71016 -7.58298
      vertex -5.95679 8.55411 -8
      vertex -5.97255 8.5683 -8
    endloop
  endfacet
  facet normal -0.951049 0.30904 1.55564e-06
    outer loop
      vertex 0.881678 10.3865 -8
      vertex 1.06144 10.9397 -7
      vertex 0.899875 10.4425 -8
    endloop
  endfacet
  facet normal -0.951048 0.309043 0
    outer loop
      vertex 1.06144 10.9397 -7
      vertex 0.881678 10.3865 -8
      vertex 1.06144 10.9397 -1
    endloop
  endfacet
  facet normal -0.951048 0.309043 0
    outer loop
      vertex 0.881678 10.3865 0
      vertex 1.06144 10.9397 -1
      vertex 0.881678 10.3865 -8
    endloop
  endfacet
  facet normal -0.951049 0.30904 -1.55564e-06
    outer loop
      vertex 1.06144 10.9397 -1
      vertex 0.881678 10.3865 0
      vertex 0.899875 10.4425 0
    endloop
  endfacet
  facet normal 0 1 -0
    outer loop
      vertex 0.881678 10.3865 -8
      vertex -0.881678 10.3865 0
      vertex 0.881678 10.3865 0
    endloop
  endfacet
  facet normal 0 1 0
    outer loop
      vertex -0.881678 10.3865 0
      vertex 0.881678 10.3865 -8
      vertex -0.881678 10.3865 -8
    endloop
  endfacet
  facet normal 0.951049 0.30904 -1.55564e-06
    outer loop
      vertex -0.881678 10.3865 0
      vertex -1.06144 10.9397 -1
      vertex -0.899875 10.4425 0
    endloop
  endfacet
  facet normal 0.951048 0.309043 0
    outer loop
      vertex -1.06144 10.9397 -1
      vertex -0.881678 10.3865 0
      vertex -1.06144 10.9397 -7
    endloop
  endfacet
  facet normal 0.951048 0.309043 -0
    outer loop
      vertex -0.881678 10.3865 -8
      vertex -1.06144 10.9397 -7
      vertex -0.881678 10.3865 0
    endloop
  endfacet
  facet normal 0.951049 0.30904 1.55564e-06
    outer loop
      vertex -1.06144 10.9397 -7
      vertex -0.881678 10.3865 -8
      vertex -0.899875 10.4425 -8
    endloop
  endfacet
  facet normal 0.978146 -0.207918 0
    outer loop
      vertex 4.47817 9.6639 -0.417023
      vertex 4.53979 9.95379 -7
      vertex 4.53979 9.95379 -1
    endloop
  endfacet
  facet normal 0.978146 -0.207918 0
    outer loop
      vertex 4.47817 9.6639 -0.417023
      vertex 4.47817 9.6639 -7.58298
      vertex 4.53979 9.95379 -7
    endloop
  endfacet
  facet normal 0.978132 -0.207983 -3.19483e-05
    outer loop
      vertex 4.42968 9.43579 0
      vertex 4.47817 9.6639 -0.417023
      vertex 4.43409 9.45653 0
    endloop
  endfacet
  facet normal 0.978144 -0.207927 0
    outer loop
      vertex 4.47817 9.6639 -0.417023
      vertex 4.42968 9.43579 0
      vertex 4.47817 9.6639 -7.58298
    endloop
  endfacet
  facet normal 0.978144 -0.207927 0
    outer loop
      vertex 4.42968 9.43579 -8
      vertex 4.47817 9.6639 -7.58298
      vertex 4.42968 9.43579 0
    endloop
  endfacet
  facet normal 0.978132 -0.207983 3.19485e-05
    outer loop
      vertex 4.47817 9.6639 -7.58298
      vertex 4.42968 9.43579 -8
      vertex 4.43409 9.45653 -8
    endloop
  endfacet
  facet normal -0.669121 0.743153 8.94414e-06
    outer loop
      vertex 6.1301 8.71016 -0.417023
      vertex 5.95679 8.55411 0
      vertex 5.97255 8.5683 0
    endloop
  endfacet
  facet normal -0.66914 0.743136 0
    outer loop
      vertex 6.35034 8.90847 -7
      vertex 6.1301 8.71016 -0.417023
      vertex 6.35034 8.90847 -1
    endloop
  endfacet
  facet normal -0.66914 0.743136 0
    outer loop
      vertex 6.1301 8.71016 -7.58298
      vertex 6.1301 8.71016 -0.417023
      vertex 6.35034 8.90847 -7
    endloop
  endfacet
  facet normal -0.669133 0.743143 0
    outer loop
      vertex 6.1301 8.71016 -0.417023
      vertex 6.1301 8.71016 -7.58298
      vertex 5.95679 8.55411 0
    endloop
  endfacet
  facet normal -0.669121 0.743153 -8.94421e-06
    outer loop
      vertex 5.95679 8.55411 -8
      vertex 6.1301 8.71016 -7.58298
      vertex 5.97255 8.5683 -8
    endloop
  endfacet
  facet normal -0.669133 0.743143 0
    outer loop
      vertex 6.1301 8.71016 -7.58298
      vertex 5.95679 8.55411 -8
      vertex 5.95679 8.55411 0
    endloop
  endfacet
  facet normal 0.500001 0.866025 -0
    outer loop
      vertex 5.95679 8.55411 -8
      vertex 4.42968 9.43579 0
      vertex 5.95679 8.55411 0
    endloop
  endfacet
  facet normal 0.500001 0.866025 0
    outer loop
      vertex 4.42968 9.43579 0
      vertex 5.95679 8.55411 -8
      vertex 4.42968 9.43579 -8
    endloop
  endfacet
  facet normal 0.743194 -0.669076 4.07686e-05
    outer loop
      vertex 8.55411 5.95679 0
      vertex 8.94337 6.38911 -1
      vertex 8.62222 6.03244 -0.0820588
    endloop
  endfacet
  facet normal 0.743147 -0.669128 0
    outer loop
      vertex 8.94337 6.38911 -1
      vertex 8.55411 5.95679 0
      vertex 8.94337 6.38911 -7
    endloop
  endfacet
  facet normal 0.743159 -0.669115 -2.40897e-05
    outer loop
      vertex 8.55411 5.95679 0
      vertex 8.62222 6.03244 -0.0820588
      vertex 8.59351 6.00055 0
    endloop
  endfacet
  facet normal 0.743147 -0.669128 0
    outer loop
      vertex 8.55411 5.95679 -8
      vertex 8.94337 6.38911 -7
      vertex 8.55411 5.95679 0
    endloop
  endfacet
  facet normal 0.743194 -0.669076 -4.07691e-05
    outer loop
      vertex 8.94337 6.38911 -7
      vertex 8.55411 5.95679 -8
      vertex 8.62222 6.03244 -7.91794
    endloop
  endfacet
  facet normal 0.743159 -0.669115 2.40894e-05
    outer loop
      vertex 8.62222 6.03244 -7.91794
      vertex 8.55411 5.95679 -8
      vertex 8.59351 6.00055 -8
    endloop
  endfacet
  facet normal -0.208021 0.978124 -6.02908e-05
    outer loop
      vertex 9.98315 4.54603 -0.957633
      vertex 9.43579 4.42968 0
      vertex 9.49339 4.44193 0
    endloop
  endfacet
  facet normal -0.207832 0.978165 0
    outer loop
      vertex 9.98315 4.54603 -7.04237
      vertex 9.98315 4.54603 -0.957633
      vertex 10.0048 4.55063 -1
    endloop
  endfacet
  facet normal -0.207832 0.978165 0
    outer loop
      vertex 9.98315 4.54603 -7.04237
      vertex 10.0048 4.55063 -1
      vertex 10.0048 4.55063 -7
    endloop
  endfacet
  facet normal -0.20792 0.978146 0
    outer loop
      vertex 9.98315 4.54603 -0.957633
      vertex 9.98315 4.54603 -7.04237
      vertex 9.43579 4.42968 0
    endloop
  endfacet
  facet normal -0.208021 0.978124 6.0291e-05
    outer loop
      vertex 9.43579 4.42968 -8
      vertex 9.98315 4.54603 -7.04237
      vertex 9.49339 4.44193 -8
    endloop
  endfacet
  facet normal -0.20792 0.978146 0
    outer loop
      vertex 9.98315 4.54603 -7.04237
      vertex 9.43579 4.42968 -8
      vertex 9.43579 4.42968 0
    endloop
  endfacet
  facet normal 0.866025 0.500001 0
    outer loop
      vertex 9.43579 4.42968 0
      vertex 8.55411 5.95679 -8
      vertex 8.55411 5.95679 0
    endloop
  endfacet
  facet normal 0.866025 0.500001 0
    outer loop
      vertex 8.55411 5.95679 -8
      vertex 9.43579 4.42968 0
      vertex 9.43579 4.42968 -8
    endloop
  endfacet
  facet normal 0.309963 -0.950748 0.000551443
    outer loop
      vertex 10.3865 0.881678 0
      vertex 10.6742 0.975153 -0.553311
      vertex 10.4066 0.888231 0
    endloop
  endfacet
  facet normal 0.309004 -0.951061 0
    outer loop
      vertex 10.6742 0.975153 -7.44669
      vertex 10.6742 0.975153 -0.553311
      vertex 10.3865 0.881678 0
    endloop
  endfacet
  facet normal 0.309124 -0.951022 0
    outer loop
      vertex 10.6742 0.975153 -0.553311
      vertex 10.6742 0.975153 -7.44669
      vertex 10.8901 1.04533 -1
    endloop
  endfacet
  facet normal 0.309124 -0.951022 0
    outer loop
      vertex 10.8901 1.04533 -1
      vertex 10.6742 0.975153 -7.44669
      vertex 10.8901 1.04533 -7
    endloop
  endfacet
  facet normal 0.309004 -0.951061 0
    outer loop
      vertex 10.3865 0.881678 -8
      vertex 10.6742 0.975153 -7.44669
      vertex 10.3865 0.881678 0
    endloop
  endfacet
  facet normal 0.309963 -0.950748 -0.000551444
    outer loop
      vertex 10.6742 0.975153 -7.44669
      vertex 10.3865 0.881678 -8
      vertex 10.4066 0.888231 -8
    endloop
  endfacet
  facet normal 0.309963 0.950748 0.000551443
    outer loop
      vertex 10.6742 -0.975153 -0.553311
      vertex 10.3865 -0.881678 0
      vertex 10.4066 -0.888231 0
    endloop
  endfacet
  facet normal 0.309124 0.951022 -0
    outer loop
      vertex 10.6742 -0.975153 -7.44669
      vertex 10.6742 -0.975153 -0.553311
      vertex 10.8901 -1.04533 -1
    endloop
  endfacet
  facet normal 0.309124 0.951022 0
    outer loop
      vertex 10.6742 -0.975153 -7.44669
      vertex 10.8901 -1.04533 -1
      vertex 10.8901 -1.04533 -7
    endloop
  endfacet
  facet normal 0.309004 0.951061 0
    outer loop
      vertex 10.6742 -0.975153 -0.553311
      vertex 10.6742 -0.975153 -7.44669
      vertex 10.3865 -0.881678 0
    endloop
  endfacet
  facet normal 0.309963 0.950748 -0.000551444
    outer loop
      vertex 10.3865 -0.881678 -8
      vertex 10.6742 -0.975153 -7.44669
      vertex 10.4066 -0.888231 -8
    endloop
  endfacet
  facet normal 0.309004 0.951061 0
    outer loop
      vertex 10.6742 -0.975153 -7.44669
      vertex 10.3865 -0.881678 -8
      vertex 10.3865 -0.881678 0
    endloop
  endfacet
  facet normal 1 -0 0
    outer loop
      vertex 10.3865 -0.881678 0
      vertex 10.3865 0.881678 -8
      vertex 10.3865 0.881678 0
    endloop
  endfacet
  facet normal 1 0 0
    outer loop
      vertex 10.3865 0.881678 -8
      vertex 10.3865 -0.881678 0
      vertex 10.3865 -0.881678 -8
    endloop
  endfacet
  facet normal 0.923886 -0.382667 0
    outer loop
      vertex -1.92168 1.39618 -2.37467
      vertex -1.76777 1.76777 -8
      vertex -1.76777 1.76777 -2.19765
    endloop
  endfacet
  facet normal 0.923879 -0.382685 -1.37609e-06
    outer loop
      vertex -2.2977 0.488392 -2.40097
      vertex -1.76777 1.76777 -8
      vertex -1.92168 1.39618 -2.37467
    endloop
  endfacet
  facet normal 0.923879 -0.382686 0
    outer loop
      vertex -2.5 0 -8
      vertex -2.2977 0.488392 -2.40097
      vertex -2.5 0 -2.19415
    endloop
  endfacet
  facet normal 0.92388 -0.382682 -4.29078e-07
    outer loop
      vertex -2.2977 0.488392 -2.40097
      vertex -2.5 0 -8
      vertex -1.76777 1.76777 -8
    endloop
  endfacet
  facet normal -0.38269 0.923877 -1.58672e-06
    outer loop
      vertex 1.63953 -1.82088 -2.29976
      vertex 1.76777 -1.76777 -8
      vertex 0.715943 -2.20345 -2.43316
    endloop
  endfacet
  facet normal -0.38263 0.923902 0
    outer loop
      vertex 1.76777 -1.76777 -8
      vertex 1.63953 -1.82088 -2.29976
      vertex 1.76777 -1.76777 -2.22561
    endloop
  endfacet
  facet normal -0.382682 0.92388 2.58118e-07
    outer loop
      vertex 0 -2.5 -8
      vertex 0.715943 -2.20345 -2.43316
      vertex 1.76777 -1.76777 -8
    endloop
  endfacet
  facet normal -0.38268 0.923881 0
    outer loop
      vertex 0.715943 -2.20345 -2.43316
      vertex 0 -2.5 -8
      vertex 0 -2.5 -2.20815
    endloop
  endfacet
  facet normal -0.92388 0.382682 0
    outer loop
      vertex 2.5 0 -8
      vertex 2.11074 -0.939761 -2.43951
      vertex 2.5 0 -2.25
    endloop
  endfacet
  facet normal -0.92388 0.382682 -8.95875e-08
    outer loop
      vertex 1.76777 -1.76777 -8
      vertex 2.11074 -0.939761 -2.43951
      vertex 2.5 0 -8
    endloop
  endfacet
  facet normal -0.923881 0.382681 0
    outer loop
      vertex 2.11074 -0.939761 -2.43951
      vertex 1.76777 -1.76777 -8
      vertex 1.76777 -1.76777 -2.22561
    endloop
  endfacet
  facet normal -0.923881 -0.382681 0
    outer loop
      vertex 1.76777 1.76777 -8
      vertex 2.11074 0.939761 -2.43951
      vertex 1.76777 1.76777 -2.22561
    endloop
  endfacet
  facet normal -0.92388 -0.382682 -8.95875e-08
    outer loop
      vertex 2.5 0 -8
      vertex 2.11074 0.939761 -2.43951
      vertex 1.76777 1.76777 -8
    endloop
  endfacet
  facet normal -0.92388 -0.382682 0
    outer loop
      vertex 2.11074 0.939761 -2.43951
      vertex 2.5 0 -8
      vertex 2.5 0 -2.25
    endloop
  endfacet
  facet normal 0.382678 -0.923882 0
    outer loop
      vertex -1.76777 1.76777 -2.19765
      vertex -1.76777 1.76777 -8
      vertex -1.16481 2.01752 -2.42037
    endloop
  endfacet
  facet normal 0.382682 -0.92388 -4.53655e-07
    outer loop
      vertex 0 2.5 -8
      vertex -1.16481 2.01752 -2.42037
      vertex -1.76777 1.76777 -8
    endloop
  endfacet
  facet normal 0.382682 -0.92388 -3.89025e-07
    outer loop
      vertex -1.16481 2.01752 -2.42037
      vertex 0 2.5 -8
      vertex -0.251798 2.3957 -2.3411
    endloop
  endfacet
  facet normal 0.382689 -0.923877 0
    outer loop
      vertex -0.251798 2.3957 -2.3411
      vertex 0 2.5 -8
      vertex 0 2.5 -2.20815
    endloop
  endfacet
  facet normal 0.382682 0.92388 -3.89025e-07
    outer loop
      vertex -0.251798 -2.3957 -2.3411
      vertex 0 -2.5 -8
      vertex -1.16481 -2.01752 -2.42037
    endloop
  endfacet
  facet normal 0.382689 0.923877 -0
    outer loop
      vertex 0 -2.5 -8
      vertex -0.251798 -2.3957 -2.3411
      vertex 0 -2.5 -2.20815
    endloop
  endfacet
  facet normal 0.382682 0.92388 -4.53655e-07
    outer loop
      vertex -1.76777 -1.76777 -8
      vertex -1.16481 -2.01752 -2.42037
      vertex 0 -2.5 -8
    endloop
  endfacet
  facet normal 0.382678 0.923882 0
    outer loop
      vertex -1.16481 -2.01752 -2.42037
      vertex -1.76777 -1.76777 -8
      vertex -1.76777 -1.76777 -2.19765
    endloop
  endfacet
  facet normal 0.923879 0.382686 0
    outer loop
      vertex -2.2977 -0.488392 -2.40097
      vertex -2.5 0 -8
      vertex -2.5 0 -2.19415
    endloop
  endfacet
  facet normal 0.923879 0.382685 -1.37609e-06
    outer loop
      vertex -1.76777 -1.76777 -8
      vertex -2.2977 -0.488392 -2.40097
      vertex -1.92168 -1.39618 -2.37467
    endloop
  endfacet
  facet normal 0.923886 0.382667 -0
    outer loop
      vertex -1.76777 -1.76777 -8
      vertex -1.92168 -1.39618 -2.37467
      vertex -1.76777 -1.76777 -2.19765
    endloop
  endfacet
  facet normal 0.92388 0.382682 -4.29078e-07
    outer loop
      vertex -2.2977 -0.488392 -2.40097
      vertex -1.76777 -1.76777 -8
      vertex -2.5 0 -8
    endloop
  endfacet
  facet normal -0.38268 -0.923881 -0
    outer loop
      vertex 0 2.5 -2.20815
      vertex 0 2.5 -8
      vertex 0.715943 2.20345 -2.43316
    endloop
  endfacet
  facet normal -0.382682 -0.92388 2.58118e-07
    outer loop
      vertex 1.76777 1.76777 -8
      vertex 0.715943 2.20345 -2.43316
      vertex 0 2.5 -8
    endloop
  endfacet
  facet normal -0.38269 -0.923877 -1.58672e-06
    outer loop
      vertex 0.715943 2.20345 -2.43316
      vertex 1.76777 1.76777 -8
      vertex 1.63953 1.82088 -2.29976
    endloop
  endfacet
  facet normal -0.38263 -0.923902 0
    outer loop
      vertex 1.63953 1.82088 -2.29976
      vertex 1.76777 1.76777 -8
      vertex 1.76777 1.76777 -2.22561
    endloop
  endfacet
  facet normal -0.699253 0.148629 0.699253
    outer loop
      vertex 2.11074 -0.939761 -2.43951
      vertex 4.75 0 0
      vertex 2.5 0 -2.25
    endloop
  endfacet
  facet normal -0.699253 0.148631 0.699252
    outer loop
      vertex 4.75 0 0
      vertex 2.11074 -0.939761 -2.43951
      vertex 4.33934 -1.932 0
    endloop
  endfacet
  facet normal 0.714875 3.02007e-07 0.699252
    outer loop
      vertex -4.6462 0.98758 0
      vertex -2.5 0 -2.19415
      vertex -2.2977 0.488392 -2.40097
    endloop
  endfacet
  facet normal 0.714875 -0 0.699252
    outer loop
      vertex -4.6462 -0.98758 0
      vertex -2.5 0 -2.19415
      vertex -4.6462 0.98758 0
    endloop
  endfacet
  facet normal 0.714875 -3.02007e-07 0.699252
    outer loop
      vertex -2.5 0 -2.19415
      vertex -4.6462 -0.98758 0
      vertex -2.2977 -0.488392 -2.40097
    endloop
  endfacet
  facet normal -0.0747246 0.710958 0.699253
    outer loop
      vertex 1.46783 -4.51752 0
      vertex 0 -2.5 -2.20815
      vertex -0.49651 -4.72398 0
    endloop
  endfacet
  facet normal -0.0747215 0.710959 0.699252
    outer loop
      vertex 0 -2.5 -2.20815
      vertex 1.46783 -4.51752 0
      vertex 0.715943 -2.20345 -2.43316
    endloop
  endfacet
  facet normal -0.0747147 0.710958 0.699255
    outer loop
      vertex -0.49651 -4.72398 0
      vertex 0 -2.5 -2.20815
      vertex -0.251798 -2.3957 -2.3411
    endloop
  endfacet
  facet normal 0.653069 0.29077 0.699252
    outer loop
      vertex -4.6462 -0.98758 0
      vertex -1.92168 -1.39618 -2.37467
      vertex -2.2977 -0.488392 -2.40097
    endloop
  endfacet
  facet normal 0.65307 0.290765 0.699253
    outer loop
      vertex -1.92168 -1.39618 -2.37467
      vertex -4.6462 -0.98758 0
      vertex -3.84283 -2.79198 0
    endloop
  endfacet
  facet normal -0.0747246 -0.710958 0.699253
    outer loop
      vertex -0.49651 4.72398 0
      vertex 0 2.5 -2.20815
      vertex 1.46783 4.51752 0
    endloop
  endfacet
  facet normal -0.0747147 -0.710958 0.699255
    outer loop
      vertex 0 2.5 -2.20815
      vertex -0.49651 4.72398 0
      vertex -0.251798 2.3957 -2.3411
    endloop
  endfacet
  facet normal -0.0747215 -0.710959 0.699252
    outer loop
      vertex 1.46783 4.51752 0
      vertex 0 2.5 -2.20815
      vertex 0.715943 2.20345 -2.43316
    endloop
  endfacet
  facet normal -0.578345 0.420195 0.699252
    outer loop
      vertex 1.76777 -1.76777 -2.22561
      vertex 4.33934 -1.932 0
      vertex 2.11074 -0.939761 -2.43951
    endloop
  endfacet
  facet normal -0.578346 0.420192 0.699253
    outer loop
      vertex 4.33934 -1.932 0
      vertex 1.76777 -1.76777 -2.22561
      vertex 3.17837 -3.52994 0
    endloop
  endfacet
  facet normal -0.57834 0.420198 0.699254
    outer loop
      vertex 3.17837 -3.52994 0
      vertex 1.76777 -1.76777 -2.22561
      vertex 1.63953 -1.82088 -2.29976
    endloop
  endfacet
  facet normal 0.65307 -0.290765 0.699253
    outer loop
      vertex -4.6462 0.98758 0
      vertex -1.92168 1.39618 -2.37467
      vertex -3.84283 2.79198 0
    endloop
  endfacet
  facet normal 0.653069 -0.29077 0.699252
    outer loop
      vertex -1.92168 1.39618 -2.37467
      vertex -4.6462 0.98758 0
      vertex -2.2977 0.488392 -2.40097
    endloop
  endfacet
  facet normal 0.47834 0.531259 0.699254
    outer loop
      vertex -1.76777 -1.76777 -2.19765
      vertex -2.375 -4.11362 0
      vertex -1.16481 -2.01752 -2.42037
    endloop
  endfacet
  facet normal 0.478353 0.531245 0.699255
    outer loop
      vertex -3.84283 -2.79198 0
      vertex -1.76777 -1.76777 -2.19765
      vertex -1.92168 -1.39618 -2.37467
    endloop
  endfacet
  facet normal 0.478345 0.531256 0.699252
    outer loop
      vertex -1.76777 -1.76777 -2.19765
      vertex -3.84283 -2.79198 0
      vertex -2.375 -4.11362 0
    endloop
  endfacet
  facet normal 0.220906 0.679887 0.699252
    outer loop
      vertex -2.375 -4.11362 0
      vertex -0.251798 -2.3957 -2.3411
      vertex -1.16481 -2.01752 -2.42037
    endloop
  endfacet
  facet normal 0.220909 0.679885 0.699253
    outer loop
      vertex -0.251798 -2.3957 -2.3411
      vertex -2.375 -4.11362 0
      vertex -0.49651 -4.72398 0
    endloop
  endfacet
  facet normal -0.699253 -0.148629 0.699253
    outer loop
      vertex 4.75 0 0
      vertex 2.11074 0.939761 -2.43951
      vertex 2.5 0 -2.25
    endloop
  endfacet
  facet normal -0.699253 -0.148631 0.699252
    outer loop
      vertex 2.11074 0.939761 -2.43951
      vertex 4.75 0 0
      vertex 4.33934 1.932 0
    endloop
  endfacet
  facet normal -0.578346 -0.420192 0.699253
    outer loop
      vertex 1.76777 1.76777 -2.22561
      vertex 4.33934 1.932 0
      vertex 3.17837 3.52994 0
    endloop
  endfacet
  facet normal -0.578345 -0.420195 0.699252
    outer loop
      vertex 4.33934 1.932 0
      vertex 1.76777 1.76777 -2.22561
      vertex 2.11074 0.939761 -2.43951
    endloop
  endfacet
  facet normal -0.57834 -0.420198 0.699254
    outer loop
      vertex 1.76777 1.76777 -2.22561
      vertex 3.17837 3.52994 0
      vertex 1.63953 1.82088 -2.29976
    endloop
  endfacet
  facet normal -0.357437 0.619099 0.699253
    outer loop
      vertex 1.63953 -1.82088 -2.29976
      vertex 1.46783 -4.51752 0
      vertex 3.17837 -3.52994 0
    endloop
  endfacet
  facet normal -0.357442 0.619098 0.699252
    outer loop
      vertex 1.46783 -4.51752 0
      vertex 1.63953 -1.82088 -2.29976
      vertex 0.715943 -2.20345 -2.43316
    endloop
  endfacet
  facet normal -0.357437 -0.619099 0.699253
    outer loop
      vertex 1.46783 4.51752 0
      vertex 1.63953 1.82088 -2.29976
      vertex 3.17837 3.52994 0
    endloop
  endfacet
  facet normal -0.357442 -0.619098 0.699252
    outer loop
      vertex 1.63953 1.82088 -2.29976
      vertex 1.46783 4.51752 0
      vertex 0.715943 2.20345 -2.43316
    endloop
  endfacet
  facet normal 0.220909 -0.679885 0.699253
    outer loop
      vertex -2.375 4.11362 0
      vertex -0.251798 2.3957 -2.3411
      vertex -0.49651 4.72398 0
    endloop
  endfacet
  facet normal 0.220906 -0.679887 0.699252
    outer loop
      vertex -0.251798 2.3957 -2.3411
      vertex -2.375 4.11362 0
      vertex -1.16481 2.01752 -2.42037
    endloop
  endfacet
  facet normal 0.47834 -0.531259 0.699254
    outer loop
      vertex -2.375 4.11362 0
      vertex -1.76777 1.76777 -2.19765
      vertex -1.16481 2.01752 -2.42037
    endloop
  endfacet
  facet normal 0.478345 -0.531256 0.699252
    outer loop
      vertex -3.84283 2.79198 0
      vertex -1.76777 1.76777 -2.19765
      vertex -2.375 4.11362 0
    endloop
  endfacet
  facet normal 0.478353 -0.531245 0.699255
    outer loop
      vertex -1.76777 1.76777 -2.19765
      vertex -3.84283 2.79198 0
      vertex -1.92168 1.39618 -2.37467
    endloop
  endfacet
  facet normal 0.951061 -0.309004 0
    outer loop
      vertex 10.049 45.5259 -1
      vertex 10.7596 47.713 -7
      vertex 10.7596 47.713 -1
    endloop
  endfacet
  facet normal 0.951061 -0.309004 0
    outer loop
      vertex 10.7596 47.713 -7
      vertex 10.049 45.5259 -1
      vertex 10.049 45.5259 -7
    endloop
  endfacet
  facet normal 0.994523 -0.104522 0
    outer loop
      vertex 10.7596 47.713 -1
      vertex 10.8901 48.9547 -7
      vertex 10.8901 48.9547 -1
    endloop
  endfacet
  facet normal 0.994523 -0.104522 0
    outer loop
      vertex 10.8901 48.9547 -7
      vertex 10.7596 47.713 -1
      vertex 10.7596 47.713 -7
    endloop
  endfacet
  facet normal 0.951061 0.309004 0
    outer loop
      vertex 10.7596 52.287 -1
      vertex 10.049 54.4741 -7
      vertex 10.049 54.4741 -1
    endloop
  endfacet
  facet normal 0.951061 0.309004 0
    outer loop
      vertex 10.049 54.4741 -7
      vertex 10.7596 52.287 -1
      vertex 10.7596 52.287 -7
    endloop
  endfacet
  facet normal -0.587795 0.80901 0
    outer loop
      vertex -6.35034 58.9085 -7
      vertex -7.36044 58.1746 -1
      vertex -6.35034 58.9085 -1
    endloop
  endfacet
  facet normal -0.587795 0.80901 0
    outer loop
      vertex -7.36044 58.1746 -1
      vertex -6.35034 58.9085 -7
      vertex -7.36044 58.1746 -7
    endloop
  endfacet
  facet normal 0.207903 0.978149 -0
    outer loop
      vertex 3.39919 60.4616 -7
      vertex 1.14981 60.9397 -1
      vertex 3.39919 60.4616 -1
    endloop
  endfacet
  facet normal 0.207903 0.978149 0
    outer loop
      vertex 1.14981 60.9397 -1
      vertex 3.39919 60.4616 -7
      vertex 1.14981 60.9397 -7
    endloop
  endfacet
  facet normal -0.865865 0.500278 0
    outer loop
      vertex -10.049 54.4741 -7
      vertex -10.0048 54.5506 -1
      vertex -10.0048 54.5506 -7
    endloop
  endfacet
  facet normal -0.865865 0.500278 0
    outer loop
      vertex -10.0048 54.5506 -1
      vertex -10.049 54.4741 -7
      vertex -10.049 54.4741 -1
    endloop
  endfacet
  facet normal -0.865963 0.500108 0
    outer loop
      vertex -8.94337 56.3891 -7
      vertex -8.89919 56.4656 -1
      vertex -8.89919 56.4656 -7
    endloop
  endfacet
  facet normal -0.865963 0.500108 0
    outer loop
      vertex -8.89919 56.4656 -1
      vertex -8.94337 56.3891 -7
      vertex -8.94337 56.3891 -1
    endloop
  endfacet
  facet normal 0.207903 -0.978149 0
    outer loop
      vertex 1.14981 39.0603 -7
      vertex 3.39919 39.5384 -1
      vertex 1.14981 39.0603 -1
    endloop
  endfacet
  facet normal 0.207903 -0.978149 0
    outer loop
      vertex 3.39919 39.5384 -1
      vertex 1.14981 39.0603 -7
      vertex 3.39919 39.5384 -7
    endloop
  endfacet
  facet normal -0.207903 0.978149 0
    outer loop
      vertex -1.14981 60.9397 -7
      vertex -3.39919 60.4616 -1
      vertex -1.14981 60.9397 -1
    endloop
  endfacet
  facet normal -0.207903 0.978149 0
    outer loop
      vertex -3.39919 60.4616 -1
      vertex -1.14981 60.9397 -7
      vertex -3.39919 60.4616 -7
    endloop
  endfacet
  facet normal 0.587795 -0.80901 0
    outer loop
      vertex 6.35034 41.0915 -7
      vertex 7.36044 41.8254 -1
      vertex 6.35034 41.0915 -1
    endloop
  endfacet
  facet normal 0.587795 -0.80901 0
    outer loop
      vertex 7.36044 41.8254 -1
      vertex 6.35034 41.0915 -7
      vertex 7.36044 41.8254 -7
    endloop
  endfacet
  facet normal 0.406718 -0.913554 0
    outer loop
      vertex 3.39919 39.5384 -7
      vertex 4.53979 40.0462 -1
      vertex 3.39919 39.5384 -1
    endloop
  endfacet
  facet normal 0.406718 -0.913554 0
    outer loop
      vertex 4.53979 40.0462 -1
      vertex 3.39919 39.5384 -7
      vertex 4.53979 40.0462 -7
    endloop
  endfacet
  facet normal -0.951061 -0.309004 0
    outer loop
      vertex -10.049 45.5259 -7
      vertex -10.7596 47.713 -1
      vertex -10.7596 47.713 -7
    endloop
  endfacet
  facet normal -0.951061 -0.309004 0
    outer loop
      vertex -10.7596 47.713 -1
      vertex -10.049 45.5259 -7
      vertex -10.049 45.5259 -1
    endloop
  endfacet
  facet normal -0.406718 0.913554 0
    outer loop
      vertex -3.39919 60.4616 -7
      vertex -4.53979 59.9538 -1
      vertex -3.39919 60.4616 -1
    endloop
  endfacet
  facet normal -0.406718 0.913554 0
    outer loop
      vertex -4.53979 59.9538 -1
      vertex -3.39919 60.4616 -7
      vertex -4.53979 59.9538 -7
    endloop
  endfacet
  facet normal -0.865865 -0.500278 0
    outer loop
      vertex -10.0048 45.4494 -7
      vertex -10.049 45.5259 -1
      vertex -10.049 45.5259 -7
    endloop
  endfacet
  facet normal -0.865865 -0.500278 0
    outer loop
      vertex -10.049 45.5259 -1
      vertex -10.0048 45.4494 -7
      vertex -10.0048 45.4494 -1
    endloop
  endfacet
  facet normal -0.865963 -0.500108 0
    outer loop
      vertex -8.89919 43.5344 -7
      vertex -8.94337 43.6109 -1
      vertex -8.94337 43.6109 -7
    endloop
  endfacet
  facet normal -0.865963 -0.500108 0
    outer loop
      vertex -8.94337 43.6109 -1
      vertex -8.89919 43.5344 -7
      vertex -8.89919 43.5344 -1
    endloop
  endfacet
  facet normal 0.587795 0.80901 -0
    outer loop
      vertex 7.36044 58.1746 -7
      vertex 6.35034 58.9085 -1
      vertex 7.36044 58.1746 -1
    endloop
  endfacet
  facet normal 0.587795 0.80901 0
    outer loop
      vertex 6.35034 58.9085 -1
      vertex 7.36044 58.1746 -7
      vertex 6.35034 58.9085 -7
    endloop
  endfacet
  facet normal -0.207903 -0.978149 0
    outer loop
      vertex -3.39919 39.5384 -7
      vertex -1.14981 39.0603 -1
      vertex -3.39919 39.5384 -1
    endloop
  endfacet
  facet normal -0.207903 -0.978149 -0
    outer loop
      vertex -1.14981 39.0603 -1
      vertex -3.39919 39.5384 -7
      vertex -1.14981 39.0603 -7
    endloop
  endfacet
  facet normal 0.994523 0.104522 0
    outer loop
      vertex 10.8901 51.0453 -1
      vertex 10.7596 52.287 -7
      vertex 10.7596 52.287 -1
    endloop
  endfacet
  facet normal 0.994523 0.104522 0
    outer loop
      vertex 10.7596 52.287 -7
      vertex 10.8901 51.0453 -1
      vertex 10.8901 51.0453 -7
    endloop
  endfacet
  facet normal -0.743154 -0.669121 0
    outer loop
      vertex -7.36044 41.8254 -7
      vertex -8.89919 43.5344 -1
      vertex -8.89919 43.5344 -7
    endloop
  endfacet
  facet normal -0.743154 -0.669121 0
    outer loop
      vertex -8.89919 43.5344 -1
      vertex -7.36044 41.8254 -7
      vertex -7.36044 41.8254 -1
    endloop
  endfacet
  facet normal 0 -1 0
    outer loop
      vertex 1.06144 39.0603 -7
      vertex 1.14981 39.0603 -1
      vertex 1.06144 39.0603 -1
    endloop
  endfacet
  facet normal 0 -1 -0
    outer loop
      vertex 1.14981 39.0603 -1
      vertex 1.06144 39.0603 -7
      vertex 1.14981 39.0603 -7
    endloop
  endfacet
  facet normal 0 -1 0
    outer loop
      vertex -1.14981 39.0603 -7
      vertex -1.06144 39.0603 -1
      vertex -1.14981 39.0603 -1
    endloop
  endfacet
  facet normal 0 -1 -0
    outer loop
      vertex -1.06144 39.0603 -1
      vertex -1.14981 39.0603 -7
      vertex -1.06144 39.0603 -7
    endloop
  endfacet
  facet normal 0.865963 0.500108 0
    outer loop
      vertex 8.94337 56.3891 -1
      vertex 8.89919 56.4656 -7
      vertex 8.89919 56.4656 -1
    endloop
  endfacet
  facet normal 0.865963 0.500108 0
    outer loop
      vertex 8.89919 56.4656 -7
      vertex 8.94337 56.3891 -1
      vertex 8.94337 56.3891 -7
    endloop
  endfacet
  facet normal 0.865865 0.500278 0
    outer loop
      vertex 10.049 54.4741 -1
      vertex 10.0048 54.5506 -7
      vertex 10.0048 54.5506 -1
    endloop
  endfacet
  facet normal 0.865865 0.500278 0
    outer loop
      vertex 10.0048 54.5506 -7
      vertex 10.049 54.4741 -1
      vertex 10.049 54.4741 -7
    endloop
  endfacet
  facet normal -0.587795 -0.80901 0
    outer loop
      vertex -7.36044 41.8254 -7
      vertex -6.35034 41.0915 -1
      vertex -7.36044 41.8254 -1
    endloop
  endfacet
  facet normal -0.587795 -0.80901 -0
    outer loop
      vertex -6.35034 41.0915 -1
      vertex -7.36044 41.8254 -7
      vertex -6.35034 41.0915 -7
    endloop
  endfacet
  facet normal 0.406718 0.913554 -0
    outer loop
      vertex 4.53979 59.9538 -7
      vertex 3.39919 60.4616 -1
      vertex 4.53979 59.9538 -1
    endloop
  endfacet
  facet normal 0.406718 0.913554 0
    outer loop
      vertex 3.39919 60.4616 -1
      vertex 4.53979 59.9538 -7
      vertex 3.39919 60.4616 -7
    endloop
  endfacet
  facet normal -0.406718 -0.913554 0
    outer loop
      vertex -4.53979 40.0462 -7
      vertex -3.39919 39.5384 -1
      vertex -4.53979 40.0462 -1
    endloop
  endfacet
  facet normal -0.406718 -0.913554 -0
    outer loop
      vertex -3.39919 39.5384 -1
      vertex -4.53979 40.0462 -7
      vertex -3.39919 39.5384 -7
    endloop
  endfacet
  facet normal 0.743154 0.669121 0
    outer loop
      vertex 8.89919 56.4656 -1
      vertex 7.36044 58.1746 -7
      vertex 7.36044 58.1746 -1
    endloop
  endfacet
  facet normal 0.743154 0.669121 0
    outer loop
      vertex 7.36044 58.1746 -7
      vertex 8.89919 56.4656 -1
      vertex 8.89919 56.4656 -7
    endloop
  endfacet
  facet normal 0.743154 -0.669121 0
    outer loop
      vertex 7.36044 41.8254 -1
      vertex 8.89919 43.5344 -7
      vertex 8.89919 43.5344 -1
    endloop
  endfacet
  facet normal 0.743154 -0.669121 0
    outer loop
      vertex 8.89919 43.5344 -7
      vertex 7.36044 41.8254 -1
      vertex 7.36044 41.8254 -7
    endloop
  endfacet
  facet normal -0.994523 -0.104522 0
    outer loop
      vertex -10.7596 47.713 -7
      vertex -10.8901 48.9547 -1
      vertex -10.8901 48.9547 -7
    endloop
  endfacet
  facet normal -0.994523 -0.104522 0
    outer loop
      vertex -10.8901 48.9547 -1
      vertex -10.7596 47.713 -7
      vertex -10.7596 47.713 -1
    endloop
  endfacet
  facet normal 0.865963 -0.500108 0
    outer loop
      vertex 8.89919 43.5344 -1
      vertex 8.94337 43.6109 -7
      vertex 8.94337 43.6109 -1
    endloop
  endfacet
  facet normal 0.865963 -0.500108 0
    outer loop
      vertex 8.94337 43.6109 -7
      vertex 8.89919 43.5344 -1
      vertex 8.89919 43.5344 -7
    endloop
  endfacet
  facet normal 0.865865 -0.500278 0
    outer loop
      vertex 10.0048 45.4494 -1
      vertex 10.049 45.5259 -7
      vertex 10.049 45.5259 -1
    endloop
  endfacet
  facet normal 0.865865 -0.500278 0
    outer loop
      vertex 10.049 45.5259 -7
      vertex 10.0048 45.4494 -1
      vertex 10.0048 45.4494 -7
    endloop
  endfacet
  facet normal 0 1 -0
    outer loop
      vertex -1.06144 60.9397 -7
      vertex -1.14981 60.9397 -1
      vertex -1.06144 60.9397 -1
    endloop
  endfacet
  facet normal 0 1 0
    outer loop
      vertex -1.14981 60.9397 -1
      vertex -1.06144 60.9397 -7
      vertex -1.14981 60.9397 -7
    endloop
  endfacet
  facet normal 0 1 -0
    outer loop
      vertex 1.14981 60.9397 -7
      vertex 1.06144 60.9397 -1
      vertex 1.14981 60.9397 -1
    endloop
  endfacet
  facet normal 0 1 0
    outer loop
      vertex 1.06144 60.9397 -1
      vertex 1.14981 60.9397 -7
      vertex 1.06144 60.9397 -7
    endloop
  endfacet
  facet normal -0.951061 0.309004 0
    outer loop
      vertex -10.7596 52.287 -7
      vertex -10.049 54.4741 -1
      vertex -10.049 54.4741 -7
    endloop
  endfacet
  facet normal -0.951061 0.309004 0
    outer loop
      vertex -10.049 54.4741 -1
      vertex -10.7596 52.287 -7
      vertex -10.7596 52.287 -1
    endloop
  endfacet
  facet normal -0.743154 0.669121 0
    outer loop
      vertex -8.89919 56.4656 -7
      vertex -7.36044 58.1746 -1
      vertex -7.36044 58.1746 -7
    endloop
  endfacet
  facet normal -0.743154 0.669121 0
    outer loop
      vertex -7.36044 58.1746 -1
      vertex -8.89919 56.4656 -7
      vertex -8.89919 56.4656 -1
    endloop
  endfacet
  facet normal -0.994523 0.104522 0
    outer loop
      vertex -10.8901 51.0453 -7
      vertex -10.7596 52.287 -1
      vertex -10.7596 52.287 -7
    endloop
  endfacet
  facet normal -0.994523 0.104522 0
    outer loop
      vertex -10.7596 52.287 -1
      vertex -10.8901 51.0453 -7
      vertex -10.8901 51.0453 -1
    endloop
  endfacet
  facet normal 0.890444 -0.0935898 0.445365
    outer loop
      vertex 10.4066 49.1118 0
      vertex 10.2705 47.8169 0
      vertex 10.6742 49.0248 -0.553311
    endloop
  endfacet
  facet normal -0.775385 0.447798 0.445259
    outer loop
      vertex -8.94337 56.3891 -1
      vertex -8.49468 56.1717 0
      vertex -8.89919 56.4656 -1
    endloop
  endfacet
  facet normal -0.775447 0.447687 0.445262
    outer loop
      vertex -8.49468 56.1717 0
      vertex -8.94337 56.3891 -1
      vertex -8.62222 56.0324 -0.0820588
    endloop
  endfacet
  facet normal -0.775448 0.448037 0.444908
    outer loop
      vertex -10.0048 54.5506 -1
      vertex -10.049 54.4741 -1
      vertex -9.98315 54.546 -0.957633
    endloop
  endfacet
  facet normal 0.851583 -0.276684 0.445256
    outer loop
      vertex 10.2705 47.8169 0
      vertex 10.049 45.5259 -1
      vertex 10.7596 47.713 -1
    endloop
  endfacet
  facet normal -0.364208 -0.817962 0.445298
    outer loop
      vertex -4.47817 40.3361 -0.417023
      vertex -3.24468 40.0139 0
      vertex -4.43409 40.5435 0
    endloop
  endfacet
  facet normal -0.364197 -0.818003 0.445232
    outer loop
      vertex -3.24468 40.0139 0
      vertex -4.47817 40.3361 -0.417023
      vertex -3.39919 39.5384 -1
    endloop
  endfacet
  facet normal 0.186162 0.875862 0.445207
    outer loop
      vertex 1.14981 60.9397 -1
      vertex 1.09755 60.4425 0
      vertex 3.39919 60.4616 -1
    endloop
  endfacet
  facet normal -0.890444 -0.0935898 0.445365
    outer loop
      vertex -10.4066 49.1118 0
      vertex -10.6742 49.0248 -0.553311
      vertex -10.2705 47.8169 0
    endloop
  endfacet
  facet normal 0.186173 0.875848 0.445231
    outer loop
      vertex 3.39919 60.4616 -1
      vertex 1.09755 60.4425 0
      vertex 3.24468 59.9861 0
    endloop
  endfacet
  facet normal -0.186173 -0.875848 0.445231
    outer loop
      vertex -3.24468 40.0139 0
      vertex -3.39919 39.5384 -1
      vertex -1.09755 39.5575 0
    endloop
  endfacet
  facet normal 0.851583 -0.276683 0.445255
    outer loop
      vertex 10.2705 47.8169 0
      vertex 9.59223 45.7293 0
      vertex 10.049 45.5259 -1
    endloop
  endfacet
  facet normal -0.890562 -0.0935962 0.445127
    outer loop
      vertex -10.7596 47.713 -1
      vertex -10.6742 49.0248 -0.553311
      vertex -10.8901 48.9547 -1
    endloop
  endfacet
  facet normal -0.890487 -0.0936487 0.445267
    outer loop
      vertex -10.6742 49.0248 -0.553311
      vertex -10.7596 47.713 -1
      vertex -10.2705 47.8169 0
    endloop
  endfacet
  facet normal 0.186162 -0.875862 0.445207
    outer loop
      vertex 3.39919 39.5384 -1
      vertex 1.09755 39.5575 0
      vertex 1.14981 39.0603 -1
    endloop
  endfacet
  facet normal 0.890487 -0.0936487 0.445267
    outer loop
      vertex 10.7596 47.713 -1
      vertex 10.6742 49.0248 -0.553311
      vertex 10.2705 47.8169 0
    endloop
  endfacet
  facet normal 0.890562 -0.0935962 0.445127
    outer loop
      vertex 10.6742 49.0248 -0.553311
      vertex 10.7596 47.713 -1
      vertex 10.8901 48.9547 -1
    endloop
  endfacet
  facet normal -0.665419 0.599138 0.445255
    outer loop
      vertex -7.02587 57.803 0
      vertex -8.89919 56.4656 -1
      vertex -8.49468 56.1717 0
    endloop
  endfacet
  facet normal -0.851583 0.276683 0.445255
    outer loop
      vertex -10.049 54.4741 -1
      vertex -10.2705 52.1831 0
      vertex -9.59223 54.2707 0
    endloop
  endfacet
  facet normal 0.775385 0.447798 0.445259
    outer loop
      vertex 8.49468 56.1717 0
      vertex 8.94337 56.3891 -1
      vertex 8.89919 56.4656 -1
    endloop
  endfacet
  facet normal 0.775447 0.447687 0.445262
    outer loop
      vertex 8.94337 56.3891 -1
      vertex 8.49468 56.1717 0
      vertex 8.62222 56.0324 -0.0820588
    endloop
  endfacet
  facet normal 0.775448 0.448037 0.444908
    outer loop
      vertex 10.0048 54.5506 -1
      vertex 9.98315 54.546 -0.957633
      vertex 10.049 54.4741 -1
    endloop
  endfacet
  facet normal -0.665419 0.59913 0.445266
    outer loop
      vertex -7.36044 58.1746 -1
      vertex -8.89919 56.4656 -1
      vertex -7.02587 57.803 0
    endloop
  endfacet
  facet normal 0.364208 0.817962 0.445298
    outer loop
      vertex 4.47817 59.6639 -0.417023
      vertex 3.24468 59.9861 0
      vertex 4.43409 59.4565 0
    endloop
  endfacet
  facet normal 0.364197 0.818003 0.445232
    outer loop
      vertex 3.24468 59.9861 0
      vertex 4.47817 59.6639 -0.417023
      vertex 3.39919 60.4616 -1
    endloop
  endfacet
  facet normal -0.186162 0.875862 0.445207
    outer loop
      vertex -1.14981 60.9397 -1
      vertex -3.39919 60.4616 -1
      vertex -1.09755 60.4425 0
    endloop
  endfacet
  facet normal -0.526296 -0.724368 0.445313
    outer loop
      vertex -7.02587 42.197 0
      vertex -6.1301 41.2898 -0.417023
      vertex -5.97255 41.4317 0
    endloop
  endfacet
  facet normal -0.526324 -0.724375 0.44527
    outer loop
      vertex -6.1301 41.2898 -0.417023
      vertex -7.02587 42.197 0
      vertex -7.36044 41.8254 -1
    endloop
  endfacet
  facet normal -0.775395 0.447783 0.445256
    outer loop
      vertex -9.59223 54.2707 0
      vertex -9.98315 54.546 -0.957633
      vertex -10.049 54.4741 -1
    endloop
  endfacet
  facet normal -0.775448 0.447694 0.445253
    outer loop
      vertex -9.98315 54.546 -0.957633
      vertex -9.59223 54.2707 0
      vertex -9.49339 54.4419 0
    endloop
  endfacet
  facet normal -0.7755 0.447941 0.444914
    outer loop
      vertex -8.49468 56.1717 0
      vertex -8.62222 56.0324 -0.0820588
      vertex -8.59351 56.0006 0
    endloop
  endfacet
  facet normal -0.665419 -0.59913 0.445266
    outer loop
      vertex -7.02587 42.197 0
      vertex -8.89919 43.5344 -1
      vertex -7.36044 41.8254 -1
    endloop
  endfacet
  facet normal -0.851583 0.276684 0.445256
    outer loop
      vertex -10.049 54.4741 -1
      vertex -10.7596 52.287 -1
      vertex -10.2705 52.1831 0
    endloop
  endfacet
  facet normal 0.526296 -0.724368 0.445313
    outer loop
      vertex 6.1301 41.2898 -0.417023
      vertex 7.02587 42.197 0
      vertex 5.97255 41.4317 0
    endloop
  endfacet
  facet normal 0.526324 -0.724375 0.44527
    outer loop
      vertex 7.02587 42.197 0
      vertex 6.1301 41.2898 -0.417023
      vertex 7.36044 41.8254 -1
    endloop
  endfacet
  facet normal -0.364208 0.817962 0.445298
    outer loop
      vertex -3.24468 59.9861 0
      vertex -4.47817 59.6639 -0.417023
      vertex -4.43409 59.4565 0
    endloop
  endfacet
  facet normal -0.364197 0.818003 0.445232
    outer loop
      vertex -4.47817 59.6639 -0.417023
      vertex -3.24468 59.9861 0
      vertex -3.39919 60.4616 -1
    endloop
  endfacet
  facet normal 0.665419 0.59913 0.445266
    outer loop
      vertex 7.36044 58.1746 -1
      vertex 7.02587 57.803 0
      vertex 8.89919 56.4656 -1
    endloop
  endfacet
  facet normal 0.665419 0.599138 0.445255
    outer loop
      vertex 8.89919 56.4656 -1
      vertex 7.02587 57.803 0
      vertex 8.49468 56.1717 0
    endloop
  endfacet
  facet normal 0.364208 -0.817962 0.445298
    outer loop
      vertex 3.24468 40.0139 0
      vertex 4.47817 40.3361 -0.417023
      vertex 4.43409 40.5435 0
    endloop
  endfacet
  facet normal 0.364197 -0.818003 0.445232
    outer loop
      vertex 4.47817 40.3361 -0.417023
      vertex 3.24468 40.0139 0
      vertex 3.39919 39.5384 -1
    endloop
  endfacet
  facet normal 0.851583 0.276683 0.445255
    outer loop
      vertex 10.049 54.4741 -1
      vertex 9.59223 54.2707 0
      vertex 10.2705 52.1831 0
    endloop
  endfacet
  facet normal 0.775448 -0.448037 0.444908
    outer loop
      vertex 10.049 45.5259 -1
      vertex 9.98315 45.454 -0.957633
      vertex 10.0048 45.4494 -1
    endloop
  endfacet
  facet normal 0.775447 -0.447687 0.445262
    outer loop
      vertex 8.49468 43.8283 0
      vertex 8.94337 43.6109 -1
      vertex 8.62222 43.9676 -0.0820588
    endloop
  endfacet
  facet normal 0.775385 -0.447798 0.445259
    outer loop
      vertex 8.94337 43.6109 -1
      vertex 8.49468 43.8283 0
      vertex 8.89919 43.5344 -1
    endloop
  endfacet
  facet normal 0.775448 -0.447694 0.445253
    outer loop
      vertex 9.98315 45.454 -0.957633
      vertex 9.59223 45.7293 0
      vertex 9.49339 45.5581 0
    endloop
  endfacet
  facet normal 0.775395 -0.447783 0.445256
    outer loop
      vertex 9.59223 45.7293 0
      vertex 9.98315 45.454 -0.957633
      vertex 10.049 45.5259 -1
    endloop
  endfacet
  facet normal 0.7755 -0.447941 0.444914
    outer loop
      vertex 8.59351 43.9994 0
      vertex 8.49468 43.8283 0
      vertex 8.62222 43.9676 -0.0820588
    endloop
  endfacet
  facet normal 0.526296 0.724368 0.445313
    outer loop
      vertex 7.02587 57.803 0
      vertex 6.1301 58.7102 -0.417023
      vertex 5.97255 58.5683 0
    endloop
  endfacet
  facet normal 0.526324 0.724375 0.44527
    outer loop
      vertex 6.1301 58.7102 -0.417023
      vertex 7.02587 57.803 0
      vertex 7.36044 58.1746 -1
    endloop
  endfacet
  facet normal 0.526319 0.724397 0.445239
    outer loop
      vertex 6.35034 58.9085 -1
      vertex 6.1301 58.7102 -0.417023
      vertex 7.36044 58.1746 -1
    endloop
  endfacet
  facet normal -0.890562 0.0935962 0.445127
    outer loop
      vertex -10.6742 50.9752 -0.553311
      vertex -10.7596 52.287 -1
      vertex -10.8901 51.0453 -1
    endloop
  endfacet
  facet normal -0.890487 0.0936487 0.445267
    outer loop
      vertex -10.7596 52.287 -1
      vertex -10.6742 50.9752 -0.553311
      vertex -10.2705 52.1831 0
    endloop
  endfacet
  facet normal 0.364175 -0.817996 0.445262
    outer loop
      vertex 4.47817 40.3361 -0.417023
      vertex 3.39919 39.5384 -1
      vertex 4.53979 40.0462 -1
    endloop
  endfacet
  facet normal 0.364175 0.817996 0.445262
    outer loop
      vertex 4.53979 59.9538 -1
      vertex 3.39919 60.4616 -1
      vertex 4.47817 59.6639 -0.417023
    endloop
  endfacet
  facet normal 0 0.895428 0.445207
    outer loop
      vertex -1.06144 60.9397 -1
      vertex -1.09755 60.4425 0
      vertex -0.899875 60.4425 0
    endloop
  endfacet
  facet normal 0 0.895428 0.445207
    outer loop
      vertex -1.09755 60.4425 0
      vertex -1.06144 60.9397 -1
      vertex -1.14981 60.9397 -1
    endloop
  endfacet
  facet normal -0 0.895428 0.445207
    outer loop
      vertex 1.06144 60.9397 -1
      vertex 1.09755 60.4425 0
      vertex 1.14981 60.9397 -1
    endloop
  endfacet
  facet normal 0 0.895428 0.445207
    outer loop
      vertex 1.09755 60.4425 0
      vertex 1.06144 60.9397 -1
      vertex 0.899875 60.4425 0
    endloop
  endfacet
  facet normal -0.851583 -0.276684 0.445256
    outer loop
      vertex -10.2705 47.8169 0
      vertex -10.7596 47.713 -1
      vertex -10.049 45.5259 -1
    endloop
  endfacet
  facet normal -0.186173 0.875848 0.445231
    outer loop
      vertex -1.09755 60.4425 0
      vertex -3.39919 60.4616 -1
      vertex -3.24468 59.9861 0
    endloop
  endfacet
  facet normal -0.890444 0.0935898 0.445365
    outer loop
      vertex -10.2705 52.1831 0
      vertex -10.6742 50.9752 -0.553311
      vertex -10.4066 50.8882 0
    endloop
  endfacet
  facet normal -0.364175 0.817996 0.445262
    outer loop
      vertex -3.39919 60.4616 -1
      vertex -4.53979 59.9538 -1
      vertex -4.47817 59.6639 -0.417023
    endloop
  endfacet
  facet normal -0.526319 0.724397 0.445239
    outer loop
      vertex -6.35034 58.9085 -1
      vertex -7.36044 58.1746 -1
      vertex -6.1301 58.7102 -0.417023
    endloop
  endfacet
  facet normal -0.526296 0.724368 0.445313
    outer loop
      vertex -6.1301 58.7102 -0.417023
      vertex -7.02587 57.803 0
      vertex -5.97255 58.5683 0
    endloop
  endfacet
  facet normal -0.526324 0.724375 0.44527
    outer loop
      vertex -7.02587 57.803 0
      vertex -6.1301 58.7102 -0.417023
      vertex -7.36044 58.1746 -1
    endloop
  endfacet
  facet normal 0.890444 0.0935898 0.445365
    outer loop
      vertex 10.6742 50.9752 -0.553311
      vertex 10.2705 52.1831 0
      vertex 10.4066 50.8882 0
    endloop
  endfacet
  facet normal 0.186173 -0.875848 0.445231
    outer loop
      vertex 3.24468 40.0139 0
      vertex 1.09755 39.5575 0
      vertex 3.39919 39.5384 -1
    endloop
  endfacet
  facet normal 0.775448 0.447694 0.445253
    outer loop
      vertex 9.59223 54.2707 0
      vertex 9.98315 54.546 -0.957633
      vertex 9.49339 54.4419 0
    endloop
  endfacet
  facet normal 0.775395 0.447783 0.445256
    outer loop
      vertex 9.98315 54.546 -0.957633
      vertex 9.59223 54.2707 0
      vertex 10.049 54.4741 -1
    endloop
  endfacet
  facet normal 0.7755 0.447941 0.444914
    outer loop
      vertex 8.62222 56.0324 -0.0820588
      vertex 8.49468 56.1717 0
      vertex 8.59351 56.0006 0
    endloop
  endfacet
  facet normal 0.890487 0.0936487 0.445267
    outer loop
      vertex 10.6742 50.9752 -0.553311
      vertex 10.7596 52.287 -1
      vertex 10.2705 52.1831 0
    endloop
  endfacet
  facet normal 0.890562 0.0935962 0.445127
    outer loop
      vertex 10.7596 52.287 -1
      vertex 10.6742 50.9752 -0.553311
      vertex 10.8901 51.0453 -1
    endloop
  endfacet
  facet normal 0.851583 0.276684 0.445256
    outer loop
      vertex 10.7596 52.287 -1
      vertex 10.049 54.4741 -1
      vertex 10.2705 52.1831 0
    endloop
  endfacet
  facet normal -0.775395 -0.447783 0.445256
    outer loop
      vertex -9.98315 45.454 -0.957633
      vertex -9.59223 45.7293 0
      vertex -10.049 45.5259 -1
    endloop
  endfacet
  facet normal -0.775448 -0.447694 0.445253
    outer loop
      vertex -9.59223 45.7293 0
      vertex -9.98315 45.454 -0.957633
      vertex -9.49339 45.5581 0
    endloop
  endfacet
  facet normal -0.7755 -0.447941 0.444914
    outer loop
      vertex -8.59351 43.9994 0
      vertex -8.62222 43.9676 -0.0820588
      vertex -8.49468 43.8283 0
    endloop
  endfacet
  facet normal 0.665419 -0.59913 0.445266
    outer loop
      vertex 8.89919 43.5344 -1
      vertex 7.02587 42.197 0
      vertex 7.36044 41.8254 -1
    endloop
  endfacet
  facet normal -0.851583 -0.276683 0.445255
    outer loop
      vertex -9.59223 45.7293 0
      vertex -10.2705 47.8169 0
      vertex -10.049 45.5259 -1
    endloop
  endfacet
  facet normal -0.364175 -0.817996 0.445262
    outer loop
      vertex -4.47817 40.3361 -0.417023
      vertex -4.53979 40.0462 -1
      vertex -3.39919 39.5384 -1
    endloop
  endfacet
  facet normal 0.526319 -0.724397 0.445239
    outer loop
      vertex 7.36044 41.8254 -1
      vertex 6.1301 41.2898 -0.417023
      vertex 6.35034 41.0915 -1
    endloop
  endfacet
  facet normal -0.775448 -0.448037 0.444908
    outer loop
      vertex -9.98315 45.454 -0.957633
      vertex -10.049 45.5259 -1
      vertex -10.0048 45.4494 -1
    endloop
  endfacet
  facet normal -0.775447 -0.447687 0.445262
    outer loop
      vertex -8.94337 43.6109 -1
      vertex -8.49468 43.8283 0
      vertex -8.62222 43.9676 -0.0820588
    endloop
  endfacet
  facet normal -0.775385 -0.447798 0.445259
    outer loop
      vertex -8.49468 43.8283 0
      vertex -8.94337 43.6109 -1
      vertex -8.89919 43.5344 -1
    endloop
  endfacet
  facet normal -0.665419 -0.599138 0.445255
    outer loop
      vertex -8.49468 43.8283 0
      vertex -8.89919 43.5344 -1
      vertex -7.02587 42.197 0
    endloop
  endfacet
  facet normal -0.526319 -0.724397 0.445239
    outer loop
      vertex -6.1301 41.2898 -0.417023
      vertex -7.36044 41.8254 -1
      vertex -6.35034 41.0915 -1
    endloop
  endfacet
  facet normal 0.665419 -0.599138 0.445255
    outer loop
      vertex 8.49468 43.8283 0
      vertex 7.02587 42.197 0
      vertex 8.89919 43.5344 -1
    endloop
  endfacet
  facet normal 0 0 1
    outer loop
      vertex 3.24468 59.9861 0
      vertex 4.42968 59.4358 0
      vertex 4.43409 59.4565 0
    endloop
  endfacet
  facet normal 0 0 1
    outer loop
      vertex 1.46783 54.5175 0
      vertex 4.42968 59.4358 0
      vertex 3.24468 59.9861 0
    endloop
  endfacet
  facet normal 0 0 1
    outer loop
      vertex 4.42968 59.4358 0
      vertex 3.17837 53.5299 0
      vertex 4.33934 51.932 0
    endloop
  endfacet
  facet normal 0 0 1
    outer loop
      vertex 4.42968 59.4358 0
      vertex 1.46783 54.5175 0
      vertex 3.17837 53.5299 0
    endloop
  endfacet
  facet normal -0 0 1
    outer loop
      vertex 0.881678 60.3865 0
      vertex 3.24468 59.9861 0
      vertex 1.09755 60.4425 0
    endloop
  endfacet
  facet normal 0 0 1
    outer loop
      vertex 0.881678 60.3865 0
      vertex 1.09755 60.4425 0
      vertex 0.899875 60.4425 0
    endloop
  endfacet
  facet normal 0 0 1
    outer loop
      vertex 3.24468 59.9861 0
      vertex 0.881678 60.3865 0
      vertex 1.46783 54.5175 0
    endloop
  endfacet
  facet normal 0 0 1
    outer loop
      vertex 0.881678 60.3865 0
      vertex -0.49651 54.724 0
      vertex 1.46783 54.5175 0
    endloop
  endfacet
  facet normal -0 0 1
    outer loop
      vertex -0.881678 60.3865 0
      vertex -0.49651 54.724 0
      vertex 0.881678 60.3865 0
    endloop
  endfacet
  facet normal -0 0 1
    outer loop
      vertex -1.09755 60.4425 0
      vertex -0.881678 60.3865 0
      vertex -0.899875 60.4425 0
    endloop
  endfacet
  facet normal 0 0 1
    outer loop
      vertex -3.24468 59.9861 0
      vertex -0.881678 60.3865 0
      vertex -1.09755 60.4425 0
    endloop
  endfacet
  facet normal 0 0 1
    outer loop
      vertex -0.881678 60.3865 0
      vertex -3.24468 59.9861 0
      vertex -0.49651 54.724 0
    endloop
  endfacet
  facet normal 0 0 1
    outer loop
      vertex -0.49651 54.724 0
      vertex -3.24468 59.9861 0
      vertex -2.375 54.1136 0
    endloop
  endfacet
  facet normal -0 0 1
    outer loop
      vertex -4.42968 59.4358 0
      vertex -2.375 54.1136 0
      vertex -3.24468 59.9861 0
    endloop
  endfacet
  facet normal -0 0 1
    outer loop
      vertex -5.95679 58.5541 0
      vertex -2.375 54.1136 0
      vertex -4.42968 59.4358 0
    endloop
  endfacet
  facet normal 0 -0 1
    outer loop
      vertex -4.42968 59.4358 0
      vertex -3.24468 59.9861 0
      vertex -4.43409 59.4565 0
    endloop
  endfacet
  facet normal 0 0 1
    outer loop
      vertex 8.55411 44.0432 0
      vertex 3.17837 46.4701 0
      vertex 7.02587 42.197 0
    endloop
  endfacet
  facet normal 0 0 1
    outer loop
      vertex 7.02587 42.197 0
      vertex 3.17837 46.4701 0
      vertex 5.95679 41.4459 0
    endloop
  endfacet
  facet normal 0 0 1
    outer loop
      vertex 7.02587 57.803 0
      vertex 8.55411 55.9568 0
      vertex 8.49468 56.1717 0
    endloop
  endfacet
  facet normal 0 0 1
    outer loop
      vertex 8.49468 56.1717 0
      vertex 8.55411 55.9568 0
      vertex 8.59351 56.0006 0
    endloop
  endfacet
  facet normal 0 0 1
    outer loop
      vertex 9.43579 54.4297 0
      vertex 10.3865 50.8817 0
      vertex 10.2705 52.1831 0
    endloop
  endfacet
  facet normal 0 0 1
    outer loop
      vertex 10.2705 52.1831 0
      vertex 10.3865 50.8817 0
      vertex 10.4066 50.8882 0
    endloop
  endfacet
  facet normal 0 0 1
    outer loop
      vertex 10.3865 49.1183 0
      vertex 10.2705 47.8169 0
      vertex 10.4066 49.1118 0
    endloop
  endfacet
  facet normal 0 0 1
    outer loop
      vertex 10.3865 50.8817 0
      vertex 9.43579 54.4297 0
      vertex 10.3865 49.1183 0
    endloop
  endfacet
  facet normal 0 0 1
    outer loop
      vertex 9.43579 54.4297 0
      vertex 10.2705 52.1831 0
      vertex 9.59223 54.2707 0
    endloop
  endfacet
  facet normal 0 0 1
    outer loop
      vertex 9.43579 45.5703 0
      vertex 10.3865 49.1183 0
      vertex 9.43579 54.4297 0
    endloop
  endfacet
  facet normal -0 0 1
    outer loop
      vertex 9.43579 54.4297 0
      vertex 9.59223 54.2707 0
      vertex 9.49339 54.4419 0
    endloop
  endfacet
  facet normal 0 0 1
    outer loop
      vertex 10.3865 49.1183 0
      vertex 9.43579 45.5703 0
      vertex 10.2705 47.8169 0
    endloop
  endfacet
  facet normal 0 0 1
    outer loop
      vertex 10.2705 47.8169 0
      vertex 9.43579 45.5703 0
      vertex 9.59223 45.7293 0
    endloop
  endfacet
  facet normal 0 0 1
    outer loop
      vertex 9.59223 45.7293 0
      vertex 9.43579 45.5703 0
      vertex 9.49339 45.5581 0
    endloop
  endfacet
  facet normal 0 0 1
    outer loop
      vertex 8.55411 55.9568 0
      vertex 9.43579 45.5703 0
      vertex 9.43579 54.4297 0
    endloop
  endfacet
  facet normal 0 0 1
    outer loop
      vertex 9.43579 45.5703 0
      vertex 8.55411 55.9568 0
      vertex 8.55411 44.0432 0
    endloop
  endfacet
  facet normal 0 0 1
    outer loop
      vertex 8.55411 44.0432 0
      vertex 8.49468 43.8283 0
      vertex 8.59351 43.9994 0
    endloop
  endfacet
  facet normal 0 0 1
    outer loop
      vertex 8.55411 55.9568 0
      vertex 4.75 50 0
      vertex 8.55411 44.0432 0
    endloop
  endfacet
  facet normal 0 0 1
    outer loop
      vertex 8.55411 55.9568 0
      vertex 7.02587 57.803 0
      vertex 4.33934 51.932 0
    endloop
  endfacet
  facet normal -0 0 1
    outer loop
      vertex 4.33934 48.068 0
      vertex 8.55411 44.0432 0
      vertex 4.75 50 0
    endloop
  endfacet
  facet normal -0 0 1
    outer loop
      vertex 5.95679 58.5541 0
      vertex 7.02587 57.803 0
      vertex 5.97255 58.5683 0
    endloop
  endfacet
  facet normal 0 0 1
    outer loop
      vertex 8.55411 44.0432 0
      vertex 7.02587 42.197 0
      vertex 8.49468 43.8283 0
    endloop
  endfacet
  facet normal 0 0 1
    outer loop
      vertex 7.02587 57.803 0
      vertex 5.95679 58.5541 0
      vertex 4.33934 51.932 0
    endloop
  endfacet
  facet normal -0 0 1
    outer loop
      vertex 3.17837 46.4701 0
      vertex 8.55411 44.0432 0
      vertex 4.33934 48.068 0
    endloop
  endfacet
  facet normal 0 0 1
    outer loop
      vertex 7.02587 42.197 0
      vertex 5.95679 41.4459 0
      vertex 5.97255 41.4317 0
    endloop
  endfacet
  facet normal 0 0 1
    outer loop
      vertex 4.33934 51.932 0
      vertex 5.95679 58.5541 0
      vertex 4.42968 59.4358 0
    endloop
  endfacet
  facet normal 0 0 1
    outer loop
      vertex 8.55411 55.9568 0
      vertex 4.33934 51.932 0
      vertex 4.75 50 0
    endloop
  endfacet
  facet normal 0 0 1
    outer loop
      vertex 4.42968 40.5642 0
      vertex 3.24468 40.0139 0
      vertex 4.43409 40.5435 0
    endloop
  endfacet
  facet normal 0 0 1
    outer loop
      vertex 5.95679 41.4459 0
      vertex 3.17837 46.4701 0
      vertex 4.42968 40.5642 0
    endloop
  endfacet
  facet normal -0 0 1
    outer loop
      vertex 1.46783 45.4825 0
      vertex 4.42968 40.5642 0
      vertex 3.17837 46.4701 0
    endloop
  endfacet
  facet normal 0 0 1
    outer loop
      vertex 4.42968 40.5642 0
      vertex 1.46783 45.4825 0
      vertex 3.24468 40.0139 0
    endloop
  endfacet
  facet normal 0 0 1
    outer loop
      vertex 0.881678 39.6135 0
      vertex 3.24468 40.0139 0
      vertex 1.46783 45.4825 0
    endloop
  endfacet
  facet normal 0 0 1
    outer loop
      vertex 3.24468 40.0139 0
      vertex 0.881678 39.6135 0
      vertex 1.09755 39.5575 0
    endloop
  endfacet
  facet normal 0 0 1
    outer loop
      vertex 1.09755 39.5575 0
      vertex 0.881678 39.6135 0
      vertex 0.899875 39.5575 0
    endloop
  endfacet
  facet normal -0 0 1
    outer loop
      vertex -0.49651 45.276 0
      vertex 0.881678 39.6135 0
      vertex 1.46783 45.4825 0
    endloop
  endfacet
  facet normal 0 0 1
    outer loop
      vertex -0.49651 45.276 0
      vertex -0.881678 39.6135 0
      vertex 0.881678 39.6135 0
    endloop
  endfacet
  facet normal -0 0 1
    outer loop
      vertex -3.24468 40.0139 0
      vertex -0.881678 39.6135 0
      vertex -0.49651 45.276 0
    endloop
  endfacet
  facet normal 0 0 1
    outer loop
      vertex -0.881678 39.6135 0
      vertex -1.09755 39.5575 0
      vertex -0.899875 39.5575 0
    endloop
  endfacet
  facet normal 0 0 1
    outer loop
      vertex -3.24468 40.0139 0
      vertex -0.49651 45.276 0
      vertex -2.375 45.8864 0
    endloop
  endfacet
  facet normal 0 0 1
    outer loop
      vertex -0.881678 39.6135 0
      vertex -3.24468 40.0139 0
      vertex -1.09755 39.5575 0
    endloop
  endfacet
  facet normal 0 0 1
    outer loop
      vertex -7.02587 42.197 0
      vertex -2.375 45.8864 0
      vertex -3.84283 47.208 0
    endloop
  endfacet
  facet normal 0 0 1
    outer loop
      vertex -2.375 45.8864 0
      vertex -4.42968 40.5642 0
      vertex -3.24468 40.0139 0
    endloop
  endfacet
  facet normal 0 0 1
    outer loop
      vertex -3.24468 40.0139 0
      vertex -4.42968 40.5642 0
      vertex -4.43409 40.5435 0
    endloop
  endfacet
  facet normal 0 0 1
    outer loop
      vertex -10.3865 50.8817 0
      vertex -4.6462 50.9876 0
      vertex -10.2705 52.1831 0
    endloop
  endfacet
  facet normal 0 0 1
    outer loop
      vertex -4.6462 49.0124 0
      vertex -9.43579 45.5703 0
      vertex -8.55411 44.0432 0
    endloop
  endfacet
  facet normal 0 0 1
    outer loop
      vertex -9.59223 54.2707 0
      vertex -9.43579 54.4297 0
      vertex -9.49339 54.4419 0
    endloop
  endfacet
  facet normal -0 0 1
    outer loop
      vertex -10.3865 49.1183 0
      vertex -4.6462 49.0124 0
      vertex -10.3865 50.8817 0
    endloop
  endfacet
  facet normal 0 0 1
    outer loop
      vertex -9.43579 54.4297 0
      vertex -9.59223 54.2707 0
      vertex -10.2705 52.1831 0
    endloop
  endfacet
  facet normal 0 -0 1
    outer loop
      vertex -10.2705 47.8169 0
      vertex -4.6462 49.0124 0
      vertex -10.3865 49.1183 0
    endloop
  endfacet
  facet normal 0 0 1
    outer loop
      vertex -4.6462 50.9876 0
      vertex -10.3865 50.8817 0
      vertex -4.6462 49.0124 0
    endloop
  endfacet
  facet normal 0 0 1
    outer loop
      vertex -4.6462 49.0124 0
      vertex -10.2705 47.8169 0
      vertex -9.43579 45.5703 0
    endloop
  endfacet
  facet normal -0 -0 1
    outer loop
      vertex -9.59223 45.7293 0
      vertex -9.43579 45.5703 0
      vertex -10.2705 47.8169 0
    endloop
  endfacet
  facet normal 0 -0 1
    outer loop
      vertex -10.3865 50.8817 0
      vertex -10.2705 52.1831 0
      vertex -10.4066 50.8882 0
    endloop
  endfacet
  facet normal 0 0 1
    outer loop
      vertex -7.02587 42.197 0
      vertex -8.55411 44.0432 0
      vertex -8.49468 43.8283 0
    endloop
  endfacet
  facet normal 0 0 1
    outer loop
      vertex -8.49468 43.8283 0
      vertex -8.55411 44.0432 0
      vertex -8.59351 43.9994 0
    endloop
  endfacet
  facet normal 0 0 1
    outer loop
      vertex -9.43579 45.5703 0
      vertex -9.59223 45.7293 0
      vertex -9.49339 45.5581 0
    endloop
  endfacet
  facet normal 0 0 1
    outer loop
      vertex -10.2705 47.8169 0
      vertex -10.3865 49.1183 0
      vertex -10.4066 49.1118 0
    endloop
  endfacet
  facet normal 0 0 1
    outer loop
      vertex -8.55411 44.0432 0
      vertex -3.84283 47.208 0
      vertex -4.6462 49.0124 0
    endloop
  endfacet
  facet normal -0 0 1
    outer loop
      vertex -9.43579 54.4297 0
      vertex -3.84283 52.792 0
      vertex -8.55411 55.9568 0
    endloop
  endfacet
  facet normal 0 0 1
    outer loop
      vertex -2.375 45.8864 0
      vertex -5.95679 41.4459 0
      vertex -4.42968 40.5642 0
    endloop
  endfacet
  facet normal 0 0 1
    outer loop
      vertex -7.02587 57.803 0
      vertex -5.95679 58.5541 0
      vertex -5.97255 58.5683 0
    endloop
  endfacet
  facet normal -0 0 1
    outer loop
      vertex -10.2705 52.1831 0
      vertex -4.6462 50.9876 0
      vertex -9.43579 54.4297 0
    endloop
  endfacet
  facet normal 0 0 1
    outer loop
      vertex -3.84283 52.792 0
      vertex -9.43579 54.4297 0
      vertex -4.6462 50.9876 0
    endloop
  endfacet
  facet normal -0 0 1
    outer loop
      vertex -8.55411 44.0432 0
      vertex -7.02587 42.197 0
      vertex -3.84283 47.208 0
    endloop
  endfacet
  facet normal 0 0 1
    outer loop
      vertex -8.55411 55.9568 0
      vertex -7.02587 57.803 0
      vertex -8.49468 56.1717 0
    endloop
  endfacet
  facet normal 0 0 1
    outer loop
      vertex -2.375 45.8864 0
      vertex -7.02587 42.197 0
      vertex -5.95679 41.4459 0
    endloop
  endfacet
  facet normal 0 0 1
    outer loop
      vertex -5.95679 41.4459 0
      vertex -7.02587 42.197 0
      vertex -5.97255 41.4317 0
    endloop
  endfacet
  facet normal 0 -0 1
    outer loop
      vertex -8.55411 55.9568 0
      vertex -8.49468 56.1717 0
      vertex -8.59351 56.0006 0
    endloop
  endfacet
  facet normal -0 0 1
    outer loop
      vertex -7.02587 57.803 0
      vertex -2.375 54.1136 0
      vertex -5.95679 58.5541 0
    endloop
  endfacet
  facet normal -0 0 1
    outer loop
      vertex -8.55411 55.9568 0
      vertex -3.84283 52.792 0
      vertex -7.02587 57.803 0
    endloop
  endfacet
  facet normal 0 0 1
    outer loop
      vertex -2.375 54.1136 0
      vertex -7.02587 57.803 0
      vertex -3.84283 52.792 0
    endloop
  endfacet
  facet normal -0.186162 -0.875862 0.445207
    outer loop
      vertex -1.09755 39.5575 0
      vertex -3.39919 39.5384 -1
      vertex -1.14981 39.0603 -1
    endloop
  endfacet
  facet normal 0 -0.895428 0.445207
    outer loop
      vertex 1.06144 39.0603 -1
      vertex 1.09755 39.5575 0
      vertex 0.899875 39.5575 0
    endloop
  endfacet
  facet normal 0 -0.895428 0.445207
    outer loop
      vertex 1.09755 39.5575 0
      vertex 1.06144 39.0603 -1
      vertex 1.14981 39.0603 -1
    endloop
  endfacet
  facet normal 0 -0.895428 0.445207
    outer loop
      vertex -1.06144 39.0603 -1
      vertex -1.09755 39.5575 0
      vertex -1.14981 39.0603 -1
    endloop
  endfacet
  facet normal 0 -0.895428 0.445207
    outer loop
      vertex -1.09755 39.5575 0
      vertex -1.06144 39.0603 -1
      vertex -0.899875 39.5575 0
    endloop
  endfacet
  facet normal 0.186173 0.875848 -0.445231
    outer loop
      vertex 3.24468 59.9861 -8
      vertex 1.09755 60.4425 -8
      vertex 3.39919 60.4616 -7
    endloop
  endfacet
  facet normal 0.775448 -0.447684 -0.445262
    outer loop
      vertex 8.94337 43.6109 -7
      vertex 8.49468 43.8283 -8
      vertex 8.62222 43.9676 -7.91794
    endloop
  endfacet
  facet normal 0.775385 -0.447798 -0.445259
    outer loop
      vertex 8.49468 43.8283 -8
      vertex 8.94337 43.6109 -7
      vertex 8.89919 43.5344 -7
    endloop
  endfacet
  facet normal 0.775459 -0.448043 -0.444883
    outer loop
      vertex 10.0048 45.4494 -7
      vertex 9.98315 45.454 -7.04237
      vertex 10.049 45.5259 -7
    endloop
  endfacet
  facet normal 0.526324 0.724374 -0.44527
    outer loop
      vertex 7.02587 57.803 -8
      vertex 6.1301 58.7102 -7.58298
      vertex 7.36044 58.1746 -7
    endloop
  endfacet
  facet normal 0.526296 0.724367 -0.445316
    outer loop
      vertex 6.1301 58.7102 -7.58298
      vertex 7.02587 57.803 -8
      vertex 5.97255 58.5683 -8
    endloop
  endfacet
  facet normal 0.890444 -0.0935898 -0.445365
    outer loop
      vertex 10.6742 49.0248 -7.44669
      vertex 10.2705 47.8169 -8
      vertex 10.4066 49.1118 -8
    endloop
  endfacet
  facet normal 0.890563 -0.0935962 -0.445127
    outer loop
      vertex 10.7596 47.713 -7
      vertex 10.6742 49.0248 -7.44669
      vertex 10.8901 48.9547 -7
    endloop
  endfacet
  facet normal 0.890487 -0.0936491 -0.445267
    outer loop
      vertex 10.6742 49.0248 -7.44669
      vertex 10.7596 47.713 -7
      vertex 10.2705 47.8169 -8
    endloop
  endfacet
  facet normal -0.851583 0.276683 -0.445255
    outer loop
      vertex -9.59223 54.2707 -8
      vertex -10.2705 52.1831 -8
      vertex -10.049 54.4741 -7
    endloop
  endfacet
  facet normal -0.526319 0.724397 -0.445238
    outer loop
      vertex -6.1301 58.7102 -7.58298
      vertex -7.36044 58.1746 -7
      vertex -6.35034 58.9085 -7
    endloop
  endfacet
  facet normal 0.364208 0.817961 -0.445301
    outer loop
      vertex 3.24468 59.9861 -8
      vertex 4.47817 59.6639 -7.58298
      vertex 4.43409 59.4565 -8
    endloop
  endfacet
  facet normal 0.364196 0.818003 -0.445232
    outer loop
      vertex 4.47817 59.6639 -7.58298
      vertex 3.24468 59.9861 -8
      vertex 3.39919 60.4616 -7
    endloop
  endfacet
  facet normal 0.665419 0.599138 -0.445255
    outer loop
      vertex 8.49468 56.1717 -8
      vertex 7.02587 57.803 -8
      vertex 8.89919 56.4656 -7
    endloop
  endfacet
  facet normal -0.186162 0.875862 -0.445207
    outer loop
      vertex -1.09755 60.4425 -8
      vertex -3.39919 60.4616 -7
      vertex -1.14981 60.9397 -7
    endloop
  endfacet
  facet normal -0.851583 0.276684 -0.445256
    outer loop
      vertex -10.2705 52.1831 -8
      vertex -10.7596 52.287 -7
      vertex -10.049 54.4741 -7
    endloop
  endfacet
  facet normal -0.526324 -0.724374 -0.44527
    outer loop
      vertex -7.02587 42.197 -8
      vertex -6.1301 41.2898 -7.58298
      vertex -7.36044 41.8254 -7
    endloop
  endfacet
  facet normal -0.526296 -0.724367 -0.445316
    outer loop
      vertex -6.1301 41.2898 -7.58298
      vertex -7.02587 42.197 -8
      vertex -5.97255 41.4317 -8
    endloop
  endfacet
  facet normal -0.665419 -0.59913 -0.445266
    outer loop
      vertex -7.36044 41.8254 -7
      vertex -8.89919 43.5344 -7
      vertex -7.02587 42.197 -8
    endloop
  endfacet
  facet normal 0.665419 -0.599138 -0.445255
    outer loop
      vertex 8.89919 43.5344 -7
      vertex 7.02587 42.197 -8
      vertex 8.49468 43.8283 -8
    endloop
  endfacet
  facet normal 0 0.895428 -0.445207
    outer loop
      vertex 1.09755 60.4425 -8
      vertex 1.06144 60.9397 -7
      vertex 1.14981 60.9397 -7
    endloop
  endfacet
  facet normal 0 0.895428 -0.445207
    outer loop
      vertex 1.06144 60.9397 -7
      vertex 1.09755 60.4425 -8
      vertex 0.899875 60.4425 -8
    endloop
  endfacet
  facet normal 0 0.895428 -0.445207
    outer loop
      vertex -1.09755 60.4425 -8
      vertex -1.06144 60.9397 -7
      vertex -0.899875 60.4425 -8
    endloop
  endfacet
  facet normal 0 0.895428 -0.445207
    outer loop
      vertex -1.06144 60.9397 -7
      vertex -1.09755 60.4425 -8
      vertex -1.14981 60.9397 -7
    endloop
  endfacet
  facet normal 0.851583 -0.276683 -0.445255
    outer loop
      vertex 10.049 45.5259 -7
      vertex 9.59223 45.7293 -8
      vertex 10.2705 47.8169 -8
    endloop
  endfacet
  facet normal 0.851583 0.276684 -0.445256
    outer loop
      vertex 10.2705 52.1831 -8
      vertex 10.049 54.4741 -7
      vertex 10.7596 52.287 -7
    endloop
  endfacet
  facet normal -0.890444 -0.0935898 -0.445365
    outer loop
      vertex -10.2705 47.8169 -8
      vertex -10.6742 49.0248 -7.44669
      vertex -10.4066 49.1118 -8
    endloop
  endfacet
  facet normal -0.186162 -0.875862 -0.445207
    outer loop
      vertex -1.14981 39.0603 -7
      vertex -3.39919 39.5384 -7
      vertex -1.09755 39.5575 -8
    endloop
  endfacet
  facet normal 0.851583 -0.276684 -0.445256
    outer loop
      vertex 10.7596 47.713 -7
      vertex 10.049 45.5259 -7
      vertex 10.2705 47.8169 -8
    endloop
  endfacet
  facet normal 0.186162 -0.875862 -0.445207
    outer loop
      vertex 1.14981 39.0603 -7
      vertex 1.09755 39.5575 -8
      vertex 3.39919 39.5384 -7
    endloop
  endfacet
  facet normal 0.775385 0.447798 -0.445259
    outer loop
      vertex 8.94337 56.3891 -7
      vertex 8.49468 56.1717 -8
      vertex 8.89919 56.4656 -7
    endloop
  endfacet
  facet normal 0.775448 0.447684 -0.445262
    outer loop
      vertex 8.49468 56.1717 -8
      vertex 8.94337 56.3891 -7
      vertex 8.62222 56.0324 -7.91794
    endloop
  endfacet
  facet normal 0.775459 0.448043 -0.444883
    outer loop
      vertex 10.049 54.4741 -7
      vertex 9.98315 54.546 -7.04237
      vertex 10.0048 54.5506 -7
    endloop
  endfacet
  facet normal -0.665419 0.599138 -0.445255
    outer loop
      vertex -8.49468 56.1717 -8
      vertex -8.89919 56.4656 -7
      vertex -7.02587 57.803 -8
    endloop
  endfacet
  facet normal -0.665419 0.59913 -0.445266
    outer loop
      vertex -7.02587 57.803 -8
      vertex -8.89919 56.4656 -7
      vertex -7.36044 58.1746 -7
    endloop
  endfacet
  facet normal 0.665419 -0.59913 -0.445266
    outer loop
      vertex 7.36044 41.8254 -7
      vertex 7.02587 42.197 -8
      vertex 8.89919 43.5344 -7
    endloop
  endfacet
  facet normal -0.775448 0.447694 -0.445254
    outer loop
      vertex -9.59223 54.2707 -8
      vertex -9.98315 54.546 -7.04237
      vertex -9.49339 54.4419 -8
    endloop
  endfacet
  facet normal -0.775402 0.44777 -0.445257
    outer loop
      vertex -9.98315 54.546 -7.04237
      vertex -9.59223 54.2707 -8
      vertex -10.049 54.4741 -7
    endloop
  endfacet
  facet normal -0.775502 0.447942 -0.444909
    outer loop
      vertex -8.59351 56.0006 -8
      vertex -8.62222 56.0324 -7.91794
      vertex -8.49468 56.1717 -8
    endloop
  endfacet
  facet normal -0.890487 0.0936491 -0.445267
    outer loop
      vertex -10.6742 50.9752 -7.44669
      vertex -10.7596 52.287 -7
      vertex -10.2705 52.1831 -8
    endloop
  endfacet
  facet normal -0.890563 0.0935962 -0.445127
    outer loop
      vertex -10.7596 52.287 -7
      vertex -10.6742 50.9752 -7.44669
      vertex -10.8901 51.0453 -7
    endloop
  endfacet
  facet normal -0.890444 0.0935898 -0.445365
    outer loop
      vertex -10.4066 50.8882 -8
      vertex -10.6742 50.9752 -7.44669
      vertex -10.2705 52.1831 -8
    endloop
  endfacet
  facet normal -0.775459 -0.448043 -0.444883
    outer loop
      vertex -10.0048 45.4494 -7
      vertex -10.049 45.5259 -7
      vertex -9.98315 45.454 -7.04237
    endloop
  endfacet
  facet normal -0.775448 -0.447684 -0.445262
    outer loop
      vertex -8.49468 43.8283 -8
      vertex -8.94337 43.6109 -7
      vertex -8.62222 43.9676 -7.91794
    endloop
  endfacet
  facet normal -0.775385 -0.447798 -0.445259
    outer loop
      vertex -8.94337 43.6109 -7
      vertex -8.49468 43.8283 -8
      vertex -8.89919 43.5344 -7
    endloop
  endfacet
  facet normal 0.526319 0.724397 -0.445238
    outer loop
      vertex 7.36044 58.1746 -7
      vertex 6.1301 58.7102 -7.58298
      vertex 6.35034 58.9085 -7
    endloop
  endfacet
  facet normal 0.364176 0.817997 -0.44526
    outer loop
      vertex 4.47817 59.6639 -7.58298
      vertex 3.39919 60.4616 -7
      vertex 4.53979 59.9538 -7
    endloop
  endfacet
  facet normal 0.775402 -0.44777 -0.445257
    outer loop
      vertex 9.98315 45.454 -7.04237
      vertex 9.59223 45.7293 -8
      vertex 10.049 45.5259 -7
    endloop
  endfacet
  facet normal 0.775448 -0.447694 -0.445254
    outer loop
      vertex 9.59223 45.7293 -8
      vertex 9.98315 45.454 -7.04237
      vertex 9.49339 45.5581 -8
    endloop
  endfacet
  facet normal 0.775502 -0.447942 -0.444909
    outer loop
      vertex 8.62222 43.9676 -7.91794
      vertex 8.49468 43.8283 -8
      vertex 8.59351 43.9994 -8
    endloop
  endfacet
  facet normal -0.364208 -0.817961 -0.445301
    outer loop
      vertex -3.24468 40.0139 -8
      vertex -4.47817 40.3361 -7.58298
      vertex -4.43409 40.5435 -8
    endloop
  endfacet
  facet normal -0.364196 -0.818003 -0.445232
    outer loop
      vertex -4.47817 40.3361 -7.58298
      vertex -3.24468 40.0139 -8
      vertex -3.39919 39.5384 -7
    endloop
  endfacet
  facet normal 0.364176 -0.817997 -0.44526
    outer loop
      vertex 4.53979 40.0462 -7
      vertex 3.39919 39.5384 -7
      vertex 4.47817 40.3361 -7.58298
    endloop
  endfacet
  facet normal 0.775502 0.447942 -0.444909
    outer loop
      vertex 8.59351 56.0006 -8
      vertex 8.49468 56.1717 -8
      vertex 8.62222 56.0324 -7.91794
    endloop
  endfacet
  facet normal 0.775402 0.44777 -0.445257
    outer loop
      vertex 9.59223 54.2707 -8
      vertex 9.98315 54.546 -7.04237
      vertex 10.049 54.4741 -7
    endloop
  endfacet
  facet normal 0.775448 0.447694 -0.445254
    outer loop
      vertex 9.98315 54.546 -7.04237
      vertex 9.59223 54.2707 -8
      vertex 9.49339 54.4419 -8
    endloop
  endfacet
  facet normal 0.526296 -0.724367 -0.445316
    outer loop
      vertex 7.02587 42.197 -8
      vertex 6.1301 41.2898 -7.58298
      vertex 5.97255 41.4317 -8
    endloop
  endfacet
  facet normal 0.526324 -0.724374 -0.44527
    outer loop
      vertex 6.1301 41.2898 -7.58298
      vertex 7.02587 42.197 -8
      vertex 7.36044 41.8254 -7
    endloop
  endfacet
  facet normal 0.665419 0.59913 -0.445266
    outer loop
      vertex 8.89919 56.4656 -7
      vertex 7.02587 57.803 -8
      vertex 7.36044 58.1746 -7
    endloop
  endfacet
  facet normal -0.364176 0.817997 -0.44526
    outer loop
      vertex -4.47817 59.6639 -7.58298
      vertex -4.53979 59.9538 -7
      vertex -3.39919 60.4616 -7
    endloop
  endfacet
  facet normal 0.890563 0.0935962 -0.445127
    outer loop
      vertex 10.6742 50.9752 -7.44669
      vertex 10.7596 52.287 -7
      vertex 10.8901 51.0453 -7
    endloop
  endfacet
  facet normal 0.890487 0.0936491 -0.445267
    outer loop
      vertex 10.7596 52.287 -7
      vertex 10.6742 50.9752 -7.44669
      vertex 10.2705 52.1831 -8
    endloop
  endfacet
  facet normal 0.890444 0.0935898 -0.445365
    outer loop
      vertex 10.4066 50.8882 -8
      vertex 10.2705 52.1831 -8
      vertex 10.6742 50.9752 -7.44669
    endloop
  endfacet
  facet normal -0.186173 0.875848 -0.445231
    outer loop
      vertex -3.24468 59.9861 -8
      vertex -3.39919 60.4616 -7
      vertex -1.09755 60.4425 -8
    endloop
  endfacet
  facet normal 0.364196 -0.818003 -0.445232
    outer loop
      vertex 3.24468 40.0139 -8
      vertex 4.47817 40.3361 -7.58298
      vertex 3.39919 39.5384 -7
    endloop
  endfacet
  facet normal 0.364208 -0.817961 -0.445301
    outer loop
      vertex 4.47817 40.3361 -7.58298
      vertex 3.24468 40.0139 -8
      vertex 4.43409 40.5435 -8
    endloop
  endfacet
  facet normal -0.526296 0.724367 -0.445316
    outer loop
      vertex -7.02587 57.803 -8
      vertex -6.1301 58.7102 -7.58298
      vertex -5.97255 58.5683 -8
    endloop
  endfacet
  facet normal -0.526324 0.724374 -0.44527
    outer loop
      vertex -6.1301 58.7102 -7.58298
      vertex -7.02587 57.803 -8
      vertex -7.36044 58.1746 -7
    endloop
  endfacet
  facet normal -0.890487 -0.0936491 -0.445267
    outer loop
      vertex -10.7596 47.713 -7
      vertex -10.6742 49.0248 -7.44669
      vertex -10.2705 47.8169 -8
    endloop
  endfacet
  facet normal -0.890563 -0.0935962 -0.445127
    outer loop
      vertex -10.6742 49.0248 -7.44669
      vertex -10.7596 47.713 -7
      vertex -10.8901 48.9547 -7
    endloop
  endfacet
  facet normal -0.851583 -0.276684 -0.445256
    outer loop
      vertex -10.049 45.5259 -7
      vertex -10.7596 47.713 -7
      vertex -10.2705 47.8169 -8
    endloop
  endfacet
  facet normal -0.775459 0.448043 -0.444883
    outer loop
      vertex -9.98315 54.546 -7.04237
      vertex -10.049 54.4741 -7
      vertex -10.0048 54.5506 -7
    endloop
  endfacet
  facet normal -0.775385 0.447798 -0.445259
    outer loop
      vertex -8.49468 56.1717 -8
      vertex -8.94337 56.3891 -7
      vertex -8.89919 56.4656 -7
    endloop
  endfacet
  facet normal -0.775448 0.447684 -0.445262
    outer loop
      vertex -8.94337 56.3891 -7
      vertex -8.49468 56.1717 -8
      vertex -8.62222 56.0324 -7.91794
    endloop
  endfacet
  facet normal -0.526319 -0.724397 -0.445238
    outer loop
      vertex -6.35034 41.0915 -7
      vertex -7.36044 41.8254 -7
      vertex -6.1301 41.2898 -7.58298
    endloop
  endfacet
  facet normal -0.364176 -0.817997 -0.44526
    outer loop
      vertex -3.39919 39.5384 -7
      vertex -4.53979 40.0462 -7
      vertex -4.47817 40.3361 -7.58298
    endloop
  endfacet
  facet normal -0.851583 -0.276683 -0.445255
    outer loop
      vertex -10.049 45.5259 -7
      vertex -10.2705 47.8169 -8
      vertex -9.59223 45.7293 -8
    endloop
  endfacet
  facet normal 0.186162 0.875862 -0.445207
    outer loop
      vertex 3.39919 60.4616 -7
      vertex 1.09755 60.4425 -8
      vertex 1.14981 60.9397 -7
    endloop
  endfacet
  facet normal 0.851583 0.276683 -0.445255
    outer loop
      vertex 10.2705 52.1831 -8
      vertex 9.59223 54.2707 -8
      vertex 10.049 54.4741 -7
    endloop
  endfacet
  facet normal -0 -0.895428 -0.445207
    outer loop
      vertex 1.09755 39.5575 -8
      vertex 1.06144 39.0603 -7
      vertex 0.899875 39.5575 -8
    endloop
  endfacet
  facet normal 0 -0.895428 -0.445207
    outer loop
      vertex 1.06144 39.0603 -7
      vertex 1.09755 39.5575 -8
      vertex 1.14981 39.0603 -7
    endloop
  endfacet
  facet normal 0 -0.895428 -0.445207
    outer loop
      vertex -1.09755 39.5575 -8
      vertex -1.06144 39.0603 -7
      vertex -1.14981 39.0603 -7
    endloop
  endfacet
  facet normal 0 -0.895428 -0.445207
    outer loop
      vertex -1.06144 39.0603 -7
      vertex -1.09755 39.5575 -8
      vertex -0.899875 39.5575 -8
    endloop
  endfacet
  facet normal 0.186173 -0.875848 -0.445231
    outer loop
      vertex 3.39919 39.5384 -7
      vertex 1.09755 39.5575 -8
      vertex 3.24468 40.0139 -8
    endloop
  endfacet
  facet normal 0.526319 -0.724397 -0.445238
    outer loop
      vertex 6.35034 41.0915 -7
      vertex 6.1301 41.2898 -7.58298
      vertex 7.36044 41.8254 -7
    endloop
  endfacet
  facet normal -0.364196 0.818003 -0.445232
    outer loop
      vertex -3.24468 59.9861 -8
      vertex -4.47817 59.6639 -7.58298
      vertex -3.39919 60.4616 -7
    endloop
  endfacet
  facet normal -0.364208 0.817961 -0.445301
    outer loop
      vertex -4.47817 59.6639 -7.58298
      vertex -3.24468 59.9861 -8
      vertex -4.43409 59.4565 -8
    endloop
  endfacet
  facet normal -0.186173 -0.875848 -0.445231
    outer loop
      vertex -1.09755 39.5575 -8
      vertex -3.39919 39.5384 -7
      vertex -3.24468 40.0139 -8
    endloop
  endfacet
  facet normal 0 0 -1
    outer loop
      vertex 0 47.5 -8
      vertex 4.42968 40.5642 -8
      vertex 3.24468 40.0139 -8
    endloop
  endfacet
  facet normal 0 0 -1
    outer loop
      vertex 3.24468 40.0139 -8
      vertex 4.42968 40.5642 -8
      vertex 4.43409 40.5435 -8
    endloop
  endfacet
  facet normal 0 0 -1
    outer loop
      vertex 7.02587 42.197 -8
      vertex 8.55411 44.0432 -8
      vertex 8.49468 43.8283 -8
    endloop
  endfacet
  facet normal 0 0 -1
    outer loop
      vertex 8.49468 43.8283 -8
      vertex 8.55411 44.0432 -8
      vertex 8.59351 43.9994 -8
    endloop
  endfacet
  facet normal 0 0 -1
    outer loop
      vertex 9.43579 45.5703 -8
      vertex 10.3865 49.1183 -8
      vertex 10.2705 47.8169 -8
    endloop
  endfacet
  facet normal 0 0 -1
    outer loop
      vertex 10.2705 47.8169 -8
      vertex 10.3865 49.1183 -8
      vertex 10.4066 49.1118 -8
    endloop
  endfacet
  facet normal 0 0 -1
    outer loop
      vertex 10.3865 50.8817 -8
      vertex 10.2705 52.1831 -8
      vertex 10.4066 50.8882 -8
    endloop
  endfacet
  facet normal -0 0 -1
    outer loop
      vertex 10.3865 49.1183 -8
      vertex 9.43579 45.5703 -8
      vertex 10.3865 50.8817 -8
    endloop
  endfacet
  facet normal 0 0 -1
    outer loop
      vertex 9.43579 45.5703 -8
      vertex 10.2705 47.8169 -8
      vertex 9.59223 45.7293 -8
    endloop
  endfacet
  facet normal 0 0 -1
    outer loop
      vertex 9.43579 54.4297 -8
      vertex 10.3865 50.8817 -8
      vertex 9.43579 45.5703 -8
    endloop
  endfacet
  facet normal 0 0 -1
    outer loop
      vertex 9.43579 45.5703 -8
      vertex 9.59223 45.7293 -8
      vertex 9.49339 45.5581 -8
    endloop
  endfacet
  facet normal 0 0 -1
    outer loop
      vertex 10.3865 50.8817 -8
      vertex 9.43579 54.4297 -8
      vertex 10.2705 52.1831 -8
    endloop
  endfacet
  facet normal 0 0 -1
    outer loop
      vertex 10.2705 52.1831 -8
      vertex 9.43579 54.4297 -8
      vertex 9.59223 54.2707 -8
    endloop
  endfacet
  facet normal 0 0 -1
    outer loop
      vertex 9.59223 54.2707 -8
      vertex 9.43579 54.4297 -8
      vertex 9.49339 54.4419 -8
    endloop
  endfacet
  facet normal 0 0 -1
    outer loop
      vertex 8.55411 44.0432 -8
      vertex 9.43579 54.4297 -8
      vertex 9.43579 45.5703 -8
    endloop
  endfacet
  facet normal -0 0 -1
    outer loop
      vertex 9.43579 54.4297 -8
      vertex 8.55411 44.0432 -8
      vertex 8.55411 55.9568 -8
    endloop
  endfacet
  facet normal 0 0 -1
    outer loop
      vertex 8.55411 55.9568 -8
      vertex 8.49468 56.1717 -8
      vertex 8.59351 56.0006 -8
    endloop
  endfacet
  facet normal -0 0 -1
    outer loop
      vertex 8.55411 44.0432 -8
      vertex 5.95679 41.4459 -8
      vertex 8.55411 55.9568 -8
    endloop
  endfacet
  facet normal 0 0 -1
    outer loop
      vertex 8.55411 44.0432 -8
      vertex 7.02587 42.197 -8
      vertex 5.95679 41.4459 -8
    endloop
  endfacet
  facet normal 0 0 -1
    outer loop
      vertex 5.95679 58.5541 -8
      vertex 8.55411 55.9568 -8
      vertex 5.95679 41.4459 -8
    endloop
  endfacet
  facet normal 0 0 -1
    outer loop
      vertex 5.95679 41.4459 -8
      vertex 7.02587 42.197 -8
      vertex 5.97255 41.4317 -8
    endloop
  endfacet
  facet normal -0 -0 -1
    outer loop
      vertex 7.02587 57.803 -8
      vertex 8.55411 55.9568 -8
      vertex 5.95679 58.5541 -8
    endloop
  endfacet
  facet normal 0 0 -1
    outer loop
      vertex 8.55411 55.9568 -8
      vertex 7.02587 57.803 -8
      vertex 8.49468 56.1717 -8
    endloop
  endfacet
  facet normal 0 0 -1
    outer loop
      vertex 7.02587 57.803 -8
      vertex 5.95679 58.5541 -8
      vertex 5.97255 58.5683 -8
    endloop
  endfacet
  facet normal 0 0 -1
    outer loop
      vertex 4.42968 40.5642 -8
      vertex 5.95679 58.5541 -8
      vertex 5.95679 41.4459 -8
    endloop
  endfacet
  facet normal -0 0 -1
    outer loop
      vertex 5.95679 58.5541 -8
      vertex 4.42968 40.5642 -8
      vertex 4.42968 59.4358 -8
    endloop
  endfacet
  facet normal 0 0 -1
    outer loop
      vertex 4.42968 59.4358 -8
      vertex 3.24468 59.9861 -8
      vertex 4.43409 59.4565 -8
    endloop
  endfacet
  facet normal 0 0 -1
    outer loop
      vertex 4.42968 40.5642 -8
      vertex 2.5 50 -8
      vertex 4.42968 59.4358 -8
    endloop
  endfacet
  facet normal 0 0 -1
    outer loop
      vertex 1.76777 51.7678 -8
      vertex 4.42968 59.4358 -8
      vertex 2.5 50 -8
    endloop
  endfacet
  facet normal 0 0 -1
    outer loop
      vertex 4.42968 40.5642 -8
      vertex 1.76777 48.2322 -8
      vertex 2.5 50 -8
    endloop
  endfacet
  facet normal 0 0 -1
    outer loop
      vertex 0.881678 39.6135 -8
      vertex 3.24468 40.0139 -8
      vertex 1.09755 39.5575 -8
    endloop
  endfacet
  facet normal 0 0 -1
    outer loop
      vertex 0.881678 39.6135 -8
      vertex 1.09755 39.5575 -8
      vertex 0.899875 39.5575 -8
    endloop
  endfacet
  facet normal -0 0 -1
    outer loop
      vertex 3.24468 40.0139 -8
      vertex 0.881678 39.6135 -8
      vertex 0 47.5 -8
    endloop
  endfacet
  facet normal 0 0 -1
    outer loop
      vertex 4.42968 40.5642 -8
      vertex 0 47.5 -8
      vertex 1.76777 48.2322 -8
    endloop
  endfacet
  facet normal 0 0 -1
    outer loop
      vertex -0.881678 39.6135 -8
      vertex 0 47.5 -8
      vertex 0.881678 39.6135 -8
    endloop
  endfacet
  facet normal 0 0 -1
    outer loop
      vertex -1.09755 39.5575 -8
      vertex -0.881678 39.6135 -8
      vertex -0.899875 39.5575 -8
    endloop
  endfacet
  facet normal 0 0 -1
    outer loop
      vertex -3.24468 40.0139 -8
      vertex -0.881678 39.6135 -8
      vertex -1.09755 39.5575 -8
    endloop
  endfacet
  facet normal 0 0 -1
    outer loop
      vertex -0.881678 39.6135 -8
      vertex -3.24468 40.0139 -8
      vertex 0 47.5 -8
    endloop
  endfacet
  facet normal 0 0 -1
    outer loop
      vertex -4.42968 40.5642 -8
      vertex 0 47.5 -8
      vertex -3.24468 40.0139 -8
    endloop
  endfacet
  facet normal -0 0 -1
    outer loop
      vertex 0 47.5 -8
      vertex -4.42968 40.5642 -8
      vertex -1.76777 48.2322 -8
    endloop
  endfacet
  facet normal 0 0 -1
    outer loop
      vertex -10.2705 47.8169 -8
      vertex -2.5 50 -8
      vertex -9.43579 45.5703 -8
    endloop
  endfacet
  facet normal 0 0 -1
    outer loop
      vertex -2.5 50 -8
      vertex -9.43579 54.4297 -8
      vertex -8.55411 55.9568 -8
    endloop
  endfacet
  facet normal 0 0 -1
    outer loop
      vertex -9.59223 45.7293 -8
      vertex -9.43579 45.5703 -8
      vertex -9.49339 45.5581 -8
    endloop
  endfacet
  facet normal 0 0 -1
    outer loop
      vertex -10.3865 50.8817 -8
      vertex -2.5 50 -8
      vertex -10.3865 49.1183 -8
    endloop
  endfacet
  facet normal 0 0 -1
    outer loop
      vertex -9.43579 45.5703 -8
      vertex -9.59223 45.7293 -8
      vertex -10.2705 47.8169 -8
    endloop
  endfacet
  facet normal 0 -0 -1
    outer loop
      vertex -10.2705 52.1831 -8
      vertex -2.5 50 -8
      vertex -10.3865 50.8817 -8
    endloop
  endfacet
  facet normal 0 0 -1
    outer loop
      vertex -2.5 50 -8
      vertex -10.2705 47.8169 -8
      vertex -10.3865 49.1183 -8
    endloop
  endfacet
  facet normal 0 0 -1
    outer loop
      vertex -2.5 50 -8
      vertex -10.2705 52.1831 -8
      vertex -9.43579 54.4297 -8
    endloop
  endfacet
  facet normal 0 -0 -1
    outer loop
      vertex -9.59223 54.2707 -8
      vertex -9.43579 54.4297 -8
      vertex -10.2705 52.1831 -8
    endloop
  endfacet
  facet normal 0 -0 -1
    outer loop
      vertex -10.3865 49.1183 -8
      vertex -10.2705 47.8169 -8
      vertex -10.4066 49.1118 -8
    endloop
  endfacet
  facet normal 0 0 -1
    outer loop
      vertex -8.55411 44.0432 -8
      vertex -1.76777 48.2322 -8
      vertex -7.02587 42.197 -8
    endloop
  endfacet
  facet normal 0 0 -1
    outer loop
      vertex -2.5 50 -8
      vertex -5.95679 58.5541 -8
      vertex -4.42968 59.4358 -8
    endloop
  endfacet
  facet normal 0 0 -1
    outer loop
      vertex -7.02587 42.197 -8
      vertex -5.95679 41.4459 -8
      vertex -5.97255 41.4317 -8
    endloop
  endfacet
  facet normal -0 0 -1
    outer loop
      vertex -1.76777 48.2322 -8
      vertex -9.43579 45.5703 -8
      vertex -2.5 50 -8
    endloop
  endfacet
  facet normal 0 0 -1
    outer loop
      vertex -9.43579 45.5703 -8
      vertex -1.76777 48.2322 -8
      vertex -8.55411 44.0432 -8
    endloop
  endfacet
  facet normal 0 -0 -1
    outer loop
      vertex -7.02587 57.803 -8
      vertex -2.5 50 -8
      vertex -8.55411 55.9568 -8
    endloop
  endfacet
  facet normal 0 0 -1
    outer loop
      vertex -8.55411 44.0432 -8
      vertex -7.02587 42.197 -8
      vertex -8.49468 43.8283 -8
    endloop
  endfacet
  facet normal 0 0 -1
    outer loop
      vertex -2.5 50 -8
      vertex -7.02587 57.803 -8
      vertex -5.95679 58.5541 -8
    endloop
  endfacet
  facet normal -0 0 -1
    outer loop
      vertex -5.95679 58.5541 -8
      vertex -7.02587 57.803 -8
      vertex -5.97255 58.5683 -8
    endloop
  endfacet
  facet normal 0 -0 -1
    outer loop
      vertex -8.55411 44.0432 -8
      vertex -8.49468 43.8283 -8
      vertex -8.59351 43.9994 -8
    endloop
  endfacet
  facet normal 0 0 -1
    outer loop
      vertex 0 52.5 -8
      vertex -4.42968 59.4358 -8
      vertex -3.24468 59.9861 -8
    endloop
  endfacet
  facet normal 0 0 -1
    outer loop
      vertex -3.24468 59.9861 -8
      vertex -4.42968 59.4358 -8
      vertex -4.43409 59.4565 -8
    endloop
  endfacet
  facet normal 0 0 -1
    outer loop
      vertex -7.02587 57.803 -8
      vertex -8.55411 55.9568 -8
      vertex -8.49468 56.1717 -8
    endloop
  endfacet
  facet normal 0 0 -1
    outer loop
      vertex -8.49468 56.1717 -8
      vertex -8.55411 55.9568 -8
      vertex -8.59351 56.0006 -8
    endloop
  endfacet
  facet normal -0 0 -1
    outer loop
      vertex -9.43579 54.4297 -8
      vertex -9.59223 54.2707 -8
      vertex -9.49339 54.4419 -8
    endloop
  endfacet
  facet normal 0 0 -1
    outer loop
      vertex -10.2705 52.1831 -8
      vertex -10.3865 50.8817 -8
      vertex -10.4066 50.8882 -8
    endloop
  endfacet
  facet normal 0 0 -1
    outer loop
      vertex 0 52.5 -8
      vertex 4.42968 59.4358 -8
      vertex 1.76777 51.7678 -8
    endloop
  endfacet
  facet normal -0 0 -1
    outer loop
      vertex 4.42968 59.4358 -8
      vertex 0 52.5 -8
      vertex 3.24468 59.9861 -8
    endloop
  endfacet
  facet normal 0 -0 -1
    outer loop
      vertex 0.881678 60.3865 -8
      vertex 3.24468 59.9861 -8
      vertex 0 52.5 -8
    endloop
  endfacet
  facet normal -0 0 -1
    outer loop
      vertex 1.09755 60.4425 -8
      vertex 0.881678 60.3865 -8
      vertex 0.899875 60.4425 -8
    endloop
  endfacet
  facet normal 0 0 -1
    outer loop
      vertex 3.24468 59.9861 -8
      vertex 0.881678 60.3865 -8
      vertex 1.09755 60.4425 -8
    endloop
  endfacet
  facet normal 0 0 -1
    outer loop
      vertex 0 52.5 -8
      vertex -0.881678 60.3865 -8
      vertex 0.881678 60.3865 -8
    endloop
  endfacet
  facet normal 0 0 -1
    outer loop
      vertex -3.24468 59.9861 -8
      vertex -0.881678 60.3865 -8
      vertex 0 52.5 -8
    endloop
  endfacet
  facet normal 0 0 -1
    outer loop
      vertex -0.881678 60.3865 -8
      vertex -1.09755 60.4425 -8
      vertex -0.899875 60.4425 -8
    endloop
  endfacet
  facet normal 0 0 -1
    outer loop
      vertex -4.42968 59.4358 -8
      vertex 0 52.5 -8
      vertex -1.76777 51.7678 -8
    endloop
  endfacet
  facet normal 0 0 -1
    outer loop
      vertex -4.42968 59.4358 -8
      vertex -1.76777 51.7678 -8
      vertex -2.5 50 -8
    endloop
  endfacet
  facet normal -0 0 -1
    outer loop
      vertex -0.881678 60.3865 -8
      vertex -3.24468 59.9861 -8
      vertex -1.09755 60.4425 -8
    endloop
  endfacet
  facet normal 0 0 -1
    outer loop
      vertex -5.95679 41.4459 -8
      vertex -1.76777 48.2322 -8
      vertex -4.42968 40.5642 -8
    endloop
  endfacet
  facet normal 0 0 -1
    outer loop
      vertex -7.02587 42.197 -8
      vertex -1.76777 48.2322 -8
      vertex -5.95679 41.4459 -8
    endloop
  endfacet
  facet normal 0 -0 -1
    outer loop
      vertex -4.42968 40.5642 -8
      vertex -3.24468 40.0139 -8
      vertex -4.43409 40.5435 -8
    endloop
  endfacet
  facet normal -0.775448 -0.447694 -0.445254
    outer loop
      vertex -9.98315 45.454 -7.04237
      vertex -9.59223 45.7293 -8
      vertex -9.49339 45.5581 -8
    endloop
  endfacet
  facet normal -0.775402 -0.44777 -0.445257
    outer loop
      vertex -9.59223 45.7293 -8
      vertex -9.98315 45.454 -7.04237
      vertex -10.049 45.5259 -7
    endloop
  endfacet
  facet normal -0.775502 -0.447942 -0.444909
    outer loop
      vertex -8.49468 43.8283 -8
      vertex -8.62222 43.9676 -7.91794
      vertex -8.59351 43.9994 -8
    endloop
  endfacet
  facet normal -0.665419 -0.599138 -0.445255
    outer loop
      vertex -7.02587 42.197 -8
      vertex -8.89919 43.5344 -7
      vertex -8.49468 43.8283 -8
    endloop
  endfacet
  facet normal -0.207209 -0.978297 0.000374011
    outer loop
      vertex 9.43579 45.5703 0
      vertex 9.98315 45.454 -0.957633
      vertex 9.49339 45.5581 0
    endloop
  endfacet
  facet normal -0.207835 -0.978164 0
    outer loop
      vertex 9.98315 45.454 -7.04237
      vertex 9.98315 45.454 -0.957633
      vertex 9.43579 45.5703 0
    endloop
  endfacet
  facet normal -0.207832 -0.978165 -0
    outer loop
      vertex 9.98315 45.454 -0.957633
      vertex 9.98315 45.454 -7.04237
      vertex 10.0048 45.4494 -1
    endloop
  endfacet
  facet normal -0.207832 -0.978165 -0
    outer loop
      vertex 10.0048 45.4494 -1
      vertex 9.98315 45.454 -7.04237
      vertex 10.0048 45.4494 -7
    endloop
  endfacet
  facet normal -0.207835 -0.978164 0
    outer loop
      vertex 9.43579 45.5703 -8
      vertex 9.98315 45.454 -7.04237
      vertex 9.43579 45.5703 0
    endloop
  endfacet
  facet normal -0.207209 -0.978297 -0.000374012
    outer loop
      vertex 9.98315 45.454 -7.04237
      vertex 9.43579 45.5703 -8
      vertex 9.49339 45.5581 -8
    endloop
  endfacet
  facet normal 0.743463 0.668777 0.000946969
    outer loop
      vertex 8.62222 43.9676 -0.0820588
      vertex 8.55411 44.0432 0
      vertex 8.59351 43.9994 0
    endloop
  endfacet
  facet normal 0.742793 0.669521 -0.000294278
    outer loop
      vertex 8.94337 43.6109 -1
      vertex 8.55411 44.0432 0
      vertex 8.62222 43.9676 -0.0820588
    endloop
  endfacet
  facet normal 0.743132 0.669145 0
    outer loop
      vertex 8.55411 44.0432 0
      vertex 8.94337 43.6109 -1
      vertex 8.55411 44.0432 -8
    endloop
  endfacet
  facet normal 0.743463 0.668777 -0.000946955
    outer loop
      vertex 8.55411 44.0432 -8
      vertex 8.62222 43.9676 -7.91794
      vertex 8.59351 43.9994 -8
    endloop
  endfacet
  facet normal 0.743132 0.669145 -0
    outer loop
      vertex 8.94337 43.6109 -7
      vertex 8.55411 44.0432 -8
      vertex 8.94337 43.6109 -1
    endloop
  endfacet
  facet normal 0.742793 0.669521 0.000294282
    outer loop
      vertex 8.55411 44.0432 -8
      vertex 8.94337 43.6109 -7
      vertex 8.62222 43.9676 -7.91794
    endloop
  endfacet
  facet normal 0.866023 -0.500004 0
    outer loop
      vertex 8.55411 44.0432 0
      vertex 9.43579 45.5703 -8
      vertex 9.43579 45.5703 0
    endloop
  endfacet
  facet normal 0.866023 -0.500004 0
    outer loop
      vertex 9.43579 45.5703 -8
      vertex 8.55411 44.0432 0
      vertex 8.55411 44.0432 -8
    endloop
  endfacet
  facet normal -0.669381 -0.742919 -9.78911e-05
    outer loop
      vertex 5.95679 41.4459 0
      vertex 6.1301 41.2898 -0.417023
      vertex 5.97255 41.4317 0
    endloop
  endfacet
  facet normal -0.669251 -0.743036 0
    outer loop
      vertex 6.1301 41.2898 -7.58298
      vertex 6.1301 41.2898 -0.417023
      vertex 5.95679 41.4459 0
    endloop
  endfacet
  facet normal -0.669121 -0.743153 0
    outer loop
      vertex 6.1301 41.2898 -0.417023
      vertex 6.35034 41.0915 -7
      vertex 6.35034 41.0915 -1
    endloop
  endfacet
  facet normal -0.669121 -0.743153 -0
    outer loop
      vertex 6.1301 41.2898 -0.417023
      vertex 6.1301 41.2898 -7.58298
      vertex 6.35034 41.0915 -7
    endloop
  endfacet
  facet normal -0.669251 -0.743036 0
    outer loop
      vertex 5.95679 41.4459 -8
      vertex 6.1301 41.2898 -7.58298
      vertex 5.95679 41.4459 0
    endloop
  endfacet
  facet normal -0.669381 -0.742919 9.78918e-05
    outer loop
      vertex 6.1301 41.2898 -7.58298
      vertex 5.95679 41.4459 -8
      vertex 5.97255 41.4317 -8
    endloop
  endfacet
  facet normal 0.978051 0.208367 -0.000246768
    outer loop
      vertex 4.47817 40.3361 -0.417023
      vertex 4.42968 40.5642 0
      vertex 4.43409 40.5435 0
    endloop
  endfacet
  facet normal 0.978143 0.207936 0
    outer loop
      vertex 4.42968 40.5642 0
      vertex 4.47817 40.3361 -0.417023
      vertex 4.42968 40.5642 -8
    endloop
  endfacet
  facet normal 0.978143 0.207936 -0
    outer loop
      vertex 4.47817 40.3361 -7.58298
      vertex 4.42968 40.5642 -8
      vertex 4.47817 40.3361 -0.417023
    endloop
  endfacet
  facet normal 0.978051 0.208367 0.00024677
    outer loop
      vertex 4.42968 40.5642 -8
      vertex 4.47817 40.3361 -7.58298
      vertex 4.43409 40.5435 -8
    endloop
  endfacet
  facet normal 0.978148 0.207911 0
    outer loop
      vertex 4.53979 40.0462 -1
      vertex 4.47817 40.3361 -7.58298
      vertex 4.47817 40.3361 -0.417023
    endloop
  endfacet
  facet normal 0.978148 0.207911 0
    outer loop
      vertex 4.47817 40.3361 -7.58298
      vertex 4.53979 40.0462 -1
      vertex 4.53979 40.0462 -7
    endloop
  endfacet
  facet normal 0.50001 -0.86602 0
    outer loop
      vertex 4.42968 40.5642 -8
      vertex 5.95679 41.4459 0
      vertex 4.42968 40.5642 0
    endloop
  endfacet
  facet normal 0.50001 -0.86602 0
    outer loop
      vertex 5.95679 41.4459 0
      vertex 4.42968 40.5642 -8
      vertex 5.95679 41.4459 -8
    endloop
  endfacet
  facet normal -0.951049 -0.30904 1.55564e-06
    outer loop
      vertex 1.06144 39.0603 -7
      vertex 0.881678 39.6135 -8
      vertex 0.899875 39.5575 -8
    endloop
  endfacet
  facet normal -0.951048 -0.309043 0
    outer loop
      vertex 0.881678 39.6135 -8
      vertex 1.06144 39.0603 -7
      vertex 0.881678 39.6135 0
    endloop
  endfacet
  facet normal -0.951048 -0.309043 -0
    outer loop
      vertex 1.06144 39.0603 -1
      vertex 0.881678 39.6135 0
      vertex 1.06144 39.0603 -7
    endloop
  endfacet
  facet normal -0.951049 -0.30904 -1.55564e-06
    outer loop
      vertex 0.881678 39.6135 0
      vertex 1.06144 39.0603 -1
      vertex 0.899875 39.5575 0
    endloop
  endfacet
  facet normal 0.951049 -0.30904 -1.55564e-06
    outer loop
      vertex -1.06144 39.0603 -1
      vertex -0.881678 39.6135 0
      vertex -0.899875 39.5575 0
    endloop
  endfacet
  facet normal 0.951048 -0.309043 0
    outer loop
      vertex -0.881678 39.6135 0
      vertex -1.06144 39.0603 -1
      vertex -0.881678 39.6135 -8
    endloop
  endfacet
  facet normal 0.951048 -0.309043 0
    outer loop
      vertex -1.06144 39.0603 -7
      vertex -0.881678 39.6135 -8
      vertex -1.06144 39.0603 -1
    endloop
  endfacet
  facet normal 0.951049 -0.30904 1.55564e-06
    outer loop
      vertex -0.881678 39.6135 -8
      vertex -1.06144 39.0603 -7
      vertex -0.899875 39.5575 -8
    endloop
  endfacet
  facet normal 0 -1 0
    outer loop
      vertex -0.881678 39.6135 -8
      vertex 0.881678 39.6135 0
      vertex -0.881678 39.6135 0
    endloop
  endfacet
  facet normal 0 -1 -0
    outer loop
      vertex 0.881678 39.6135 0
      vertex -0.881678 39.6135 -8
      vertex 0.881678 39.6135 -8
    endloop
  endfacet
  facet normal -0.50001 -0.86602 0
    outer loop
      vertex -5.95679 41.4459 -8
      vertex -4.42968 40.5642 0
      vertex -5.95679 41.4459 0
    endloop
  endfacet
  facet normal -0.50001 -0.86602 -0
    outer loop
      vertex -4.42968 40.5642 0
      vertex -5.95679 41.4459 -8
      vertex -4.42968 40.5642 -8
    endloop
  endfacet
  facet normal -0.978051 0.208367 0.00024677
    outer loop
      vertex -4.47817 40.3361 -7.58298
      vertex -4.42968 40.5642 -8
      vertex -4.43409 40.5435 -8
    endloop
  endfacet
  facet normal -0.978143 0.207936 0
    outer loop
      vertex -4.42968 40.5642 -8
      vertex -4.47817 40.3361 -7.58298
      vertex -4.42968 40.5642 0
    endloop
  endfacet
  facet normal -0.978143 0.207936 0
    outer loop
      vertex -4.47817 40.3361 -0.417023
      vertex -4.42968 40.5642 0
      vertex -4.47817 40.3361 -7.58298
    endloop
  endfacet
  facet normal -0.978051 0.208367 -0.000246768
    outer loop
      vertex -4.42968 40.5642 0
      vertex -4.47817 40.3361 -0.417023
      vertex -4.43409 40.5435 0
    endloop
  endfacet
  facet normal -0.978148 0.207911 0
    outer loop
      vertex -4.53979 40.0462 -7
      vertex -4.47817 40.3361 -0.417023
      vertex -4.47817 40.3361 -7.58298
    endloop
  endfacet
  facet normal -0.978148 0.207911 0
    outer loop
      vertex -4.47817 40.3361 -0.417023
      vertex -4.53979 40.0462 -7
      vertex -4.53979 40.0462 -1
    endloop
  endfacet
  facet normal 0.669381 -0.742919 -9.78911e-05
    outer loop
      vertex -6.1301 41.2898 -0.417023
      vertex -5.95679 41.4459 0
      vertex -5.97255 41.4317 0
    endloop
  endfacet
  facet normal 0.669121 -0.743153 0
    outer loop
      vertex -6.35034 41.0915 -7
      vertex -6.1301 41.2898 -0.417023
      vertex -6.35034 41.0915 -1
    endloop
  endfacet
  facet normal 0.669121 -0.743153 0
    outer loop
      vertex -6.1301 41.2898 -7.58298
      vertex -6.1301 41.2898 -0.417023
      vertex -6.35034 41.0915 -7
    endloop
  endfacet
  facet normal 0.669251 -0.743036 0
    outer loop
      vertex -6.1301 41.2898 -0.417023
      vertex -6.1301 41.2898 -7.58298
      vertex -5.95679 41.4459 0
    endloop
  endfacet
  facet normal 0.669381 -0.742919 9.78918e-05
    outer loop
      vertex -5.95679 41.4459 -8
      vertex -6.1301 41.2898 -7.58298
      vertex -5.97255 41.4317 -8
    endloop
  endfacet
  facet normal 0.669251 -0.743036 0
    outer loop
      vertex -6.1301 41.2898 -7.58298
      vertex -5.95679 41.4459 -8
      vertex -5.95679 41.4459 0
    endloop
  endfacet
  facet normal 0.207209 -0.978297 0.000374011
    outer loop
      vertex -9.98315 45.454 -0.957633
      vertex -9.43579 45.5703 0
      vertex -9.49339 45.5581 0
    endloop
  endfacet
  facet normal 0.207832 -0.978165 0
    outer loop
      vertex -9.98315 45.454 -7.04237
      vertex -9.98315 45.454 -0.957633
      vertex -10.0048 45.4494 -1
    endloop
  endfacet
  facet normal 0.207832 -0.978165 0
    outer loop
      vertex -9.98315 45.454 -7.04237
      vertex -10.0048 45.4494 -1
      vertex -10.0048 45.4494 -7
    endloop
  endfacet
  facet normal 0.207835 -0.978164 0
    outer loop
      vertex -9.98315 45.454 -0.957633
      vertex -9.98315 45.454 -7.04237
      vertex -9.43579 45.5703 0
    endloop
  endfacet
  facet normal 0.207209 -0.978297 -0.000374012
    outer loop
      vertex -9.43579 45.5703 -8
      vertex -9.98315 45.454 -7.04237
      vertex -9.49339 45.5581 -8
    endloop
  endfacet
  facet normal 0.207835 -0.978164 0
    outer loop
      vertex -9.98315 45.454 -7.04237
      vertex -9.43579 45.5703 -8
      vertex -9.43579 45.5703 0
    endloop
  endfacet
  facet normal -0.866023 -0.500004 0
    outer loop
      vertex -8.55411 44.0432 -8
      vertex -9.43579 45.5703 0
      vertex -9.43579 45.5703 -8
    endloop
  endfacet
  facet normal -0.866023 -0.500004 0
    outer loop
      vertex -9.43579 45.5703 0
      vertex -8.55411 44.0432 -8
      vertex -8.55411 44.0432 0
    endloop
  endfacet
  facet normal -0.743463 0.668777 -0.000946955
    outer loop
      vertex -8.62222 43.9676 -7.91794
      vertex -8.55411 44.0432 -8
      vertex -8.59351 43.9994 -8
    endloop
  endfacet
  facet normal -0.742793 0.669521 0.000294282
    outer loop
      vertex -8.94337 43.6109 -7
      vertex -8.55411 44.0432 -8
      vertex -8.62222 43.9676 -7.91794
    endloop
  endfacet
  facet normal -0.743132 0.669145 0
    outer loop
      vertex -8.55411 44.0432 -8
      vertex -8.94337 43.6109 -7
      vertex -8.55411 44.0432 0
    endloop
  endfacet
  facet normal -0.743463 0.668777 0.000946969
    outer loop
      vertex -8.55411 44.0432 0
      vertex -8.62222 43.9676 -0.0820588
      vertex -8.59351 43.9994 0
    endloop
  endfacet
  facet normal -0.743132 0.669145 0
    outer loop
      vertex -8.94337 43.6109 -1
      vertex -8.55411 44.0432 0
      vertex -8.94337 43.6109 -7
    endloop
  endfacet
  facet normal -0.742793 0.669521 -0.000294278
    outer loop
      vertex -8.55411 44.0432 0
      vertex -8.94337 43.6109 -1
      vertex -8.62222 43.9676 -0.0820588
    endloop
  endfacet
  facet normal -1 0 0
    outer loop
      vertex -10.3865 49.1183 -8
      vertex -10.3865 50.8817 0
      vertex -10.3865 50.8817 -8
    endloop
  endfacet
  facet normal -1 -0 0
    outer loop
      vertex -10.3865 50.8817 0
      vertex -10.3865 49.1183 -8
      vertex -10.3865 49.1183 0
    endloop
  endfacet
  facet normal -0.307694 0.951485 -0.000795645
    outer loop
      vertex -10.3865 49.1183 0
      vertex -10.6742 49.0248 -0.553311
      vertex -10.4066 49.1118 0
    endloop
  endfacet
  facet normal -0.309079 0.951036 0
    outer loop
      vertex -10.6742 49.0248 -7.44669
      vertex -10.6742 49.0248 -0.553311
      vertex -10.3865 49.1183 0
    endloop
  endfacet
  facet normal -0.308817 0.951121 0
    outer loop
      vertex -10.6742 49.0248 -0.553311
      vertex -10.6742 49.0248 -7.44669
      vertex -10.8901 48.9547 -1
    endloop
  endfacet
  facet normal -0.308817 0.951121 0
    outer loop
      vertex -10.8901 48.9547 -1
      vertex -10.6742 49.0248 -7.44669
      vertex -10.8901 48.9547 -7
    endloop
  endfacet
  facet normal -0.309079 0.951036 0
    outer loop
      vertex -10.3865 49.1183 -8
      vertex -10.6742 49.0248 -7.44669
      vertex -10.3865 49.1183 0
    endloop
  endfacet
  facet normal -0.307694 0.951485 0.000795647
    outer loop
      vertex -10.6742 49.0248 -7.44669
      vertex -10.3865 49.1183 -8
      vertex -10.4066 49.1118 -8
    endloop
  endfacet
  facet normal -0.307694 -0.951485 -0.000795645
    outer loop
      vertex -10.6742 50.9752 -0.553311
      vertex -10.3865 50.8817 0
      vertex -10.4066 50.8882 0
    endloop
  endfacet
  facet normal -0.308817 -0.951121 0
    outer loop
      vertex -10.6742 50.9752 -7.44669
      vertex -10.6742 50.9752 -0.553311
      vertex -10.8901 51.0453 -1
    endloop
  endfacet
  facet normal -0.308817 -0.951121 0
    outer loop
      vertex -10.6742 50.9752 -7.44669
      vertex -10.8901 51.0453 -1
      vertex -10.8901 51.0453 -7
    endloop
  endfacet
  facet normal -0.309079 -0.951036 -0
    outer loop
      vertex -10.6742 50.9752 -0.553311
      vertex -10.6742 50.9752 -7.44669
      vertex -10.3865 50.8817 0
    endloop
  endfacet
  facet normal -0.307694 -0.951485 0.000795647
    outer loop
      vertex -10.3865 50.8817 -8
      vertex -10.6742 50.9752 -7.44669
      vertex -10.4066 50.8882 -8
    endloop
  endfacet
  facet normal -0.309079 -0.951036 0
    outer loop
      vertex -10.6742 50.9752 -7.44669
      vertex -10.3865 50.8817 -8
      vertex -10.3865 50.8817 0
    endloop
  endfacet
  facet normal -0.742793 -0.669521 0.000294282
    outer loop
      vertex -8.55411 55.9568 -8
      vertex -8.94337 56.3891 -7
      vertex -8.62222 56.0324 -7.91794
    endloop
  endfacet
  facet normal -0.743132 -0.669145 0
    outer loop
      vertex -8.94337 56.3891 -7
      vertex -8.55411 55.9568 -8
      vertex -8.94337 56.3891 -1
    endloop
  endfacet
  facet normal -0.743463 -0.668777 -0.000946955
    outer loop
      vertex -8.55411 55.9568 -8
      vertex -8.62222 56.0324 -7.91794
      vertex -8.59351 56.0006 -8
    endloop
  endfacet
  facet normal -0.743132 -0.669145 -0
    outer loop
      vertex -8.55411 55.9568 0
      vertex -8.94337 56.3891 -1
      vertex -8.55411 55.9568 -8
    endloop
  endfacet
  facet normal -0.742793 -0.669521 -0.000294278
    outer loop
      vertex -8.94337 56.3891 -1
      vertex -8.55411 55.9568 0
      vertex -8.62222 56.0324 -0.0820588
    endloop
  endfacet
  facet normal -0.743463 -0.668777 0.000946969
    outer loop
      vertex -8.62222 56.0324 -0.0820588
      vertex -8.55411 55.9568 0
      vertex -8.59351 56.0006 0
    endloop
  endfacet
  facet normal -0.866023 0.500004 0
    outer loop
      vertex -9.43579 54.4297 -8
      vertex -8.55411 55.9568 0
      vertex -8.55411 55.9568 -8
    endloop
  endfacet
  facet normal -0.866023 0.500004 0
    outer loop
      vertex -8.55411 55.9568 0
      vertex -9.43579 54.4297 -8
      vertex -9.43579 54.4297 0
    endloop
  endfacet
  facet normal 0.207209 0.978297 0.000374011
    outer loop
      vertex -9.43579 54.4297 0
      vertex -9.98315 54.546 -0.957633
      vertex -9.49339 54.4419 0
    endloop
  endfacet
  facet normal 0.207835 0.978164 -0
    outer loop
      vertex -9.98315 54.546 -7.04237
      vertex -9.98315 54.546 -0.957633
      vertex -9.43579 54.4297 0
    endloop
  endfacet
  facet normal 0.207832 0.978165 0
    outer loop
      vertex -9.98315 54.546 -0.957633
      vertex -9.98315 54.546 -7.04237
      vertex -10.0048 54.5506 -1
    endloop
  endfacet
  facet normal 0.207832 0.978165 0
    outer loop
      vertex -10.0048 54.5506 -1
      vertex -9.98315 54.546 -7.04237
      vertex -10.0048 54.5506 -7
    endloop
  endfacet
  facet normal 0.207835 0.978164 -0
    outer loop
      vertex -9.43579 54.4297 -8
      vertex -9.98315 54.546 -7.04237
      vertex -9.43579 54.4297 0
    endloop
  endfacet
  facet normal 0.207209 0.978297 -0.000374012
    outer loop
      vertex -9.98315 54.546 -7.04237
      vertex -9.43579 54.4297 -8
      vertex -9.49339 54.4419 -8
    endloop
  endfacet
  facet normal -0.978148 -0.207911 0
    outer loop
      vertex -4.47817 59.6639 -7.58298
      vertex -4.53979 59.9538 -1
      vertex -4.53979 59.9538 -7
    endloop
  endfacet
  facet normal -0.978148 -0.207911 0
    outer loop
      vertex -4.47817 59.6639 -7.58298
      vertex -4.47817 59.6639 -0.417023
      vertex -4.53979 59.9538 -1
    endloop
  endfacet
  facet normal -0.978051 -0.208367 0.00024677
    outer loop
      vertex -4.42968 59.4358 -8
      vertex -4.47817 59.6639 -7.58298
      vertex -4.43409 59.4565 -8
    endloop
  endfacet
  facet normal -0.978143 -0.207936 0
    outer loop
      vertex -4.47817 59.6639 -7.58298
      vertex -4.42968 59.4358 -8
      vertex -4.47817 59.6639 -0.417023
    endloop
  endfacet
  facet normal -0.978143 -0.207936 -0
    outer loop
      vertex -4.42968 59.4358 0
      vertex -4.47817 59.6639 -0.417023
      vertex -4.42968 59.4358 -8
    endloop
  endfacet
  facet normal -0.978051 -0.208367 -0.000246768
    outer loop
      vertex -4.47817 59.6639 -0.417023
      vertex -4.42968 59.4358 0
      vertex -4.43409 59.4565 0
    endloop
  endfacet
  facet normal -0.50001 0.86602 0
    outer loop
      vertex -4.42968 59.4358 -8
      vertex -5.95679 58.5541 0
      vertex -4.42968 59.4358 0
    endloop
  endfacet
  facet normal -0.50001 0.86602 0
    outer loop
      vertex -5.95679 58.5541 0
      vertex -4.42968 59.4358 -8
      vertex -5.95679 58.5541 -8
    endloop
  endfacet
  facet normal 0.669381 0.742919 -9.78911e-05
    outer loop
      vertex -5.95679 58.5541 0
      vertex -6.1301 58.7102 -0.417023
      vertex -5.97255 58.5683 0
    endloop
  endfacet
  facet normal 0.669251 0.743036 -0
    outer loop
      vertex -6.1301 58.7102 -7.58298
      vertex -6.1301 58.7102 -0.417023
      vertex -5.95679 58.5541 0
    endloop
  endfacet
  facet normal 0.669121 0.743153 0
    outer loop
      vertex -6.1301 58.7102 -0.417023
      vertex -6.35034 58.9085 -7
      vertex -6.35034 58.9085 -1
    endloop
  endfacet
  facet normal 0.669121 0.743153 0
    outer loop
      vertex -6.1301 58.7102 -0.417023
      vertex -6.1301 58.7102 -7.58298
      vertex -6.35034 58.9085 -7
    endloop
  endfacet
  facet normal 0.669251 0.743036 -0
    outer loop
      vertex -5.95679 58.5541 -8
      vertex -6.1301 58.7102 -7.58298
      vertex -5.95679 58.5541 0
    endloop
  endfacet
  facet normal 0.669381 0.742919 9.78918e-05
    outer loop
      vertex -6.1301 58.7102 -7.58298
      vertex -5.95679 58.5541 -8
      vertex -5.97255 58.5683 -8
    endloop
  endfacet
  facet normal -0.951049 0.30904 1.55564e-06
    outer loop
      vertex 0.881678 60.3865 -8
      vertex 1.06144 60.9397 -7
      vertex 0.899875 60.4425 -8
    endloop
  endfacet
  facet normal -0.951048 0.309043 0
    outer loop
      vertex 1.06144 60.9397 -7
      vertex 0.881678 60.3865 -8
      vertex 1.06144 60.9397 -1
    endloop
  endfacet
  facet normal -0.951048 0.309043 0
    outer loop
      vertex 0.881678 60.3865 0
      vertex 1.06144 60.9397 -1
      vertex 0.881678 60.3865 -8
    endloop
  endfacet
  facet normal -0.951049 0.30904 -1.55564e-06
    outer loop
      vertex 1.06144 60.9397 -1
      vertex 0.881678 60.3865 0
      vertex 0.899875 60.4425 0
    endloop
  endfacet
  facet normal 0 1 -0
    outer loop
      vertex 0.881678 60.3865 -8
      vertex -0.881678 60.3865 0
      vertex 0.881678 60.3865 0
    endloop
  endfacet
  facet normal 0 1 0
    outer loop
      vertex -0.881678 60.3865 0
      vertex 0.881678 60.3865 -8
      vertex -0.881678 60.3865 -8
    endloop
  endfacet
  facet normal 0.951049 0.30904 -1.55564e-06
    outer loop
      vertex -0.881678 60.3865 0
      vertex -1.06144 60.9397 -1
      vertex -0.899875 60.4425 0
    endloop
  endfacet
  facet normal 0.951048 0.309043 0
    outer loop
      vertex -1.06144 60.9397 -1
      vertex -0.881678 60.3865 0
      vertex -1.06144 60.9397 -7
    endloop
  endfacet
  facet normal 0.951048 0.309043 -0
    outer loop
      vertex -0.881678 60.3865 -8
      vertex -1.06144 60.9397 -7
      vertex -0.881678 60.3865 0
    endloop
  endfacet
  facet normal 0.951049 0.30904 1.55564e-06
    outer loop
      vertex -1.06144 60.9397 -7
      vertex -0.881678 60.3865 -8
      vertex -0.899875 60.4425 -8
    endloop
  endfacet
  facet normal 0.978148 -0.207911 0
    outer loop
      vertex 4.47817 59.6639 -0.417023
      vertex 4.53979 59.9538 -7
      vertex 4.53979 59.9538 -1
    endloop
  endfacet
  facet normal 0.978148 -0.207911 0
    outer loop
      vertex 4.47817 59.6639 -0.417023
      vertex 4.47817 59.6639 -7.58298
      vertex 4.53979 59.9538 -7
    endloop
  endfacet
  facet normal 0.978051 -0.208367 -0.000246768
    outer loop
      vertex 4.42968 59.4358 0
      vertex 4.47817 59.6639 -0.417023
      vertex 4.43409 59.4565 0
    endloop
  endfacet
  facet normal 0.978143 -0.207936 0
    outer loop
      vertex 4.47817 59.6639 -0.417023
      vertex 4.42968 59.4358 0
      vertex 4.47817 59.6639 -7.58298
    endloop
  endfacet
  facet normal 0.978143 -0.207936 0
    outer loop
      vertex 4.42968 59.4358 -8
      vertex 4.47817 59.6639 -7.58298
      vertex 4.42968 59.4358 0
    endloop
  endfacet
  facet normal 0.978051 -0.208367 0.00024677
    outer loop
      vertex 4.47817 59.6639 -7.58298
      vertex 4.42968 59.4358 -8
      vertex 4.43409 59.4565 -8
    endloop
  endfacet
  facet normal -0.669381 0.742919 -9.78911e-05
    outer loop
      vertex 6.1301 58.7102 -0.417023
      vertex 5.95679 58.5541 0
      vertex 5.97255 58.5683 0
    endloop
  endfacet
  facet normal -0.669121 0.743153 0
    outer loop
      vertex 6.35034 58.9085 -7
      vertex 6.1301 58.7102 -0.417023
      vertex 6.35034 58.9085 -1
    endloop
  endfacet
  facet normal -0.669121 0.743153 0
    outer loop
      vertex 6.1301 58.7102 -7.58298
      vertex 6.1301 58.7102 -0.417023
      vertex 6.35034 58.9085 -7
    endloop
  endfacet
  facet normal -0.669251 0.743036 0
    outer loop
      vertex 6.1301 58.7102 -0.417023
      vertex 6.1301 58.7102 -7.58298
      vertex 5.95679 58.5541 0
    endloop
  endfacet
  facet normal -0.669381 0.742919 9.78918e-05
    outer loop
      vertex 5.95679 58.5541 -8
      vertex 6.1301 58.7102 -7.58298
      vertex 5.97255 58.5683 -8
    endloop
  endfacet
  facet normal -0.669251 0.743036 0
    outer loop
      vertex 6.1301 58.7102 -7.58298
      vertex 5.95679 58.5541 -8
      vertex 5.95679 58.5541 0
    endloop
  endfacet
  facet normal 0.50001 0.86602 -0
    outer loop
      vertex 5.95679 58.5541 -8
      vertex 4.42968 59.4358 0
      vertex 5.95679 58.5541 0
    endloop
  endfacet
  facet normal 0.50001 0.86602 0
    outer loop
      vertex 4.42968 59.4358 0
      vertex 5.95679 58.5541 -8
      vertex 4.42968 59.4358 -8
    endloop
  endfacet
  facet normal 0.742793 -0.669521 -0.000294278
    outer loop
      vertex 8.55411 55.9568 0
      vertex 8.94337 56.3891 -1
      vertex 8.62222 56.0324 -0.0820588
    endloop
  endfacet
  facet normal 0.743132 -0.669145 0
    outer loop
      vertex 8.94337 56.3891 -1
      vertex 8.55411 55.9568 0
      vertex 8.94337 56.3891 -7
    endloop
  endfacet
  facet normal 0.743463 -0.668777 0.000946969
    outer loop
      vertex 8.55411 55.9568 0
      vertex 8.62222 56.0324 -0.0820588
      vertex 8.59351 56.0006 0
    endloop
  endfacet
  facet normal 0.743132 -0.669145 0
    outer loop
      vertex 8.55411 55.9568 -8
      vertex 8.94337 56.3891 -7
      vertex 8.55411 55.9568 0
    endloop
  endfacet
  facet normal 0.742793 -0.669521 0.000294282
    outer loop
      vertex 8.94337 56.3891 -7
      vertex 8.55411 55.9568 -8
      vertex 8.62222 56.0324 -7.91794
    endloop
  endfacet
  facet normal 0.743463 -0.668777 -0.000946955
    outer loop
      vertex 8.62222 56.0324 -7.91794
      vertex 8.55411 55.9568 -8
      vertex 8.59351 56.0006 -8
    endloop
  endfacet
  facet normal -0.207209 0.978297 0.000374011
    outer loop
      vertex 9.98315 54.546 -0.957633
      vertex 9.43579 54.4297 0
      vertex 9.49339 54.4419 0
    endloop
  endfacet
  facet normal -0.207832 0.978165 0
    outer loop
      vertex 9.98315 54.546 -7.04237
      vertex 9.98315 54.546 -0.957633
      vertex 10.0048 54.5506 -1
    endloop
  endfacet
  facet normal -0.207832 0.978165 0
    outer loop
      vertex 9.98315 54.546 -7.04237
      vertex 10.0048 54.5506 -1
      vertex 10.0048 54.5506 -7
    endloop
  endfacet
  facet normal -0.207835 0.978164 0
    outer loop
      vertex 9.98315 54.546 -0.957633
      vertex 9.98315 54.546 -7.04237
      vertex 9.43579 54.4297 0
    endloop
  endfacet
  facet normal -0.207209 0.978297 -0.000374012
    outer loop
      vertex 9.43579 54.4297 -8
      vertex 9.98315 54.546 -7.04237
      vertex 9.49339 54.4419 -8
    endloop
  endfacet
  facet normal -0.207835 0.978164 0
    outer loop
      vertex 9.98315 54.546 -7.04237
      vertex 9.43579 54.4297 -8
      vertex 9.43579 54.4297 0
    endloop
  endfacet
  facet normal 0.866023 0.500004 0
    outer loop
      vertex 9.43579 54.4297 0
      vertex 8.55411 55.9568 -8
      vertex 8.55411 55.9568 0
    endloop
  endfacet
  facet normal 0.866023 0.500004 0
    outer loop
      vertex 8.55411 55.9568 -8
      vertex 9.43579 54.4297 0
      vertex 9.43579 54.4297 -8
    endloop
  endfacet
  facet normal 0.307694 -0.951485 -0.000795645
    outer loop
      vertex 10.3865 50.8817 0
      vertex 10.6742 50.9752 -0.553311
      vertex 10.4066 50.8882 0
    endloop
  endfacet
  facet normal 0.309079 -0.951036 0
    outer loop
      vertex 10.6742 50.9752 -7.44669
      vertex 10.6742 50.9752 -0.553311
      vertex 10.3865 50.8817 0
    endloop
  endfacet
  facet normal 0.308817 -0.951121 0
    outer loop
      vertex 10.6742 50.9752 -0.553311
      vertex 10.6742 50.9752 -7.44669
      vertex 10.8901 51.0453 -1
    endloop
  endfacet
  facet normal 0.308817 -0.951121 0
    outer loop
      vertex 10.8901 51.0453 -1
      vertex 10.6742 50.9752 -7.44669
      vertex 10.8901 51.0453 -7
    endloop
  endfacet
  facet normal 0.309079 -0.951036 0
    outer loop
      vertex 10.3865 50.8817 -8
      vertex 10.6742 50.9752 -7.44669
      vertex 10.3865 50.8817 0
    endloop
  endfacet
  facet normal 0.307694 -0.951485 0.000795647
    outer loop
      vertex 10.6742 50.9752 -7.44669
      vertex 10.3865 50.8817 -8
      vertex 10.4066 50.8882 -8
    endloop
  endfacet
  facet normal 0.307694 0.951485 -0.000795645
    outer loop
      vertex 10.6742 49.0248 -0.553311
      vertex 10.3865 49.1183 0
      vertex 10.4066 49.1118 0
    endloop
  endfacet
  facet normal 0.308817 0.951121 -0
    outer loop
      vertex 10.6742 49.0248 -7.44669
      vertex 10.6742 49.0248 -0.553311
      vertex 10.8901 48.9547 -1
    endloop
  endfacet
  facet normal 0.308817 0.951121 0
    outer loop
      vertex 10.6742 49.0248 -7.44669
      vertex 10.8901 48.9547 -1
      vertex 10.8901 48.9547 -7
    endloop
  endfacet
  facet normal 0.309079 0.951036 0
    outer loop
      vertex 10.6742 49.0248 -0.553311
      vertex 10.6742 49.0248 -7.44669
      vertex 10.3865 49.1183 0
    endloop
  endfacet
  facet normal 0.307694 0.951485 0.000795647
    outer loop
      vertex 10.3865 49.1183 -8
      vertex 10.6742 49.0248 -7.44669
      vertex 10.4066 49.1118 -8
    endloop
  endfacet
  facet normal 0.309079 0.951036 0
    outer loop
      vertex 10.6742 49.0248 -7.44669
      vertex 10.3865 49.1183 -8
      vertex 10.3865 49.1183 0
    endloop
  endfacet
  facet normal 1 -0 0
    outer loop
      vertex 10.3865 49.1183 0
      vertex 10.3865 50.8817 -8
      vertex 10.3865 50.8817 0
    endloop
  endfacet
  facet normal 1 0 0
    outer loop
      vertex 10.3865 50.8817 -8
      vertex 10.3865 49.1183 0
      vertex 10.3865 49.1183 -8
    endloop
  endfacet
  facet normal 0.92389 -0.382658 0
    outer loop
      vertex -1.92168 51.3962 -2.37467
      vertex -1.76777 51.7678 -8
      vertex -1.76777 51.7678 -2.19765
    endloop
  endfacet
  facet normal 0.923881 -0.382681 -1.72156e-06
    outer loop
      vertex -2.2977 50.4884 -2.40097
      vertex -1.76777 51.7678 -8
      vertex -1.92168 51.3962 -2.37467
    endloop
  endfacet
  facet normal 0.923881 -0.38268 0
    outer loop
      vertex -2.5 50 -8
      vertex -2.2977 50.4884 -2.40097
      vertex -2.5 50 -2.19415
    endloop
  endfacet
  facet normal 0.923883 -0.382676 -4.48782e-07
    outer loop
      vertex -2.2977 50.4884 -2.40097
      vertex -2.5 50 -8
      vertex -1.76777 51.7678 -8
    endloop
  endfacet
  facet normal -0.38263 0.923902 -1.63208e-06
    outer loop
      vertex 1.63953 48.1791 -2.29976
      vertex 1.76777 48.2322 -8
      vertex 0.715943 47.7966 -2.43316
    endloop
  endfacet
  facet normal -0.382568 0.923927 0
    outer loop
      vertex 1.76777 48.2322 -8
      vertex 1.63953 48.1791 -2.29976
      vertex 1.76777 48.2322 -2.22561
    endloop
  endfacet
  facet normal -0.382668 0.923886 -1.00564e-05
    outer loop
      vertex 0 47.5 -8
      vertex 0.715943 47.7966 -2.43316
      vertex 1.76777 48.2322 -8
    endloop
  endfacet
  facet normal -0.382735 0.923858 0
    outer loop
      vertex 0.715943 47.7966 -2.43316
      vertex 0 47.5 -8
      vertex 0 47.5 -2.20815
    endloop
  endfacet
  facet normal -0.923886 0.382668 0
    outer loop
      vertex 2.5 50 -8
      vertex 2.11074 49.0602 -2.43951
      vertex 2.5 50 -2.25
    endloop
  endfacet
  facet normal -0.923883 0.382676 1.49685e-06
    outer loop
      vertex 1.76777 48.2322 -8
      vertex 2.11074 49.0602 -2.43951
      vertex 2.5 50 -8
    endloop
  endfacet
  facet normal -0.923879 0.382685 0
    outer loop
      vertex 2.11074 49.0602 -2.43951
      vertex 1.76777 48.2322 -8
      vertex 1.76777 48.2322 -2.22561
    endloop
  endfacet
  facet normal -0.923879 -0.382685 0
    outer loop
      vertex 1.76777 51.7678 -8
      vertex 2.11074 50.9398 -2.43951
      vertex 1.76777 51.7678 -2.22561
    endloop
  endfacet
  facet normal -0.923883 -0.382676 1.49685e-06
    outer loop
      vertex 2.5 50 -8
      vertex 2.11074 50.9398 -2.43951
      vertex 1.76777 51.7678 -8
    endloop
  endfacet
  facet normal -0.923886 -0.382668 0
    outer loop
      vertex 2.11074 50.9398 -2.43951
      vertex 2.5 50 -8
      vertex 2.5 50 -2.25
    endloop
  endfacet
  facet normal 0.382613 -0.923909 0
    outer loop
      vertex -1.76777 51.7678 -2.19765
      vertex -1.76777 51.7678 -8
      vertex -1.16481 52.0175 -2.42037
    endloop
  endfacet
  facet normal 0.382668 -0.923886 -7.03843e-06
    outer loop
      vertex 0 52.5 -8
      vertex -1.16481 52.0175 -2.42037
      vertex -1.76777 51.7678 -8
    endloop
  endfacet
  facet normal 0.382699 -0.923873 5.08018e-07
    outer loop
      vertex -1.16481 52.0175 -2.42037
      vertex 0 52.5 -8
      vertex -0.251798 52.3957 -2.3411
    endloop
  endfacet
  facet normal 0.382689 -0.923877 0
    outer loop
      vertex -0.251798 52.3957 -2.3411
      vertex 0 52.5 -8
      vertex 0 52.5 -2.20815
    endloop
  endfacet
  facet normal 0.382699 0.923873 5.08018e-07
    outer loop
      vertex -0.251798 47.6043 -2.3411
      vertex 0 47.5 -8
      vertex -1.16481 47.9825 -2.42037
    endloop
  endfacet
  facet normal 0.382689 0.923877 -0
    outer loop
      vertex 0 47.5 -8
      vertex -0.251798 47.6043 -2.3411
      vertex 0 47.5 -2.20815
    endloop
  endfacet
  facet normal 0.382668 0.923886 -7.03843e-06
    outer loop
      vertex -1.76777 48.2322 -8
      vertex -1.16481 47.9825 -2.42037
      vertex 0 47.5 -8
    endloop
  endfacet
  facet normal 0.382613 0.923909 0
    outer loop
      vertex -1.16481 47.9825 -2.42037
      vertex -1.76777 48.2322 -8
      vertex -1.76777 48.2322 -2.19765
    endloop
  endfacet
  facet normal 0.923881 0.38268 0
    outer loop
      vertex -2.2977 49.5116 -2.40097
      vertex -2.5 50 -8
      vertex -2.5 50 -2.19415
    endloop
  endfacet
  facet normal 0.923881 0.382681 -1.72156e-06
    outer loop
      vertex -1.76777 48.2322 -8
      vertex -2.2977 49.5116 -2.40097
      vertex -1.92168 48.6038 -2.37467
    endloop
  endfacet
  facet normal 0.92389 0.382658 -0
    outer loop
      vertex -1.76777 48.2322 -8
      vertex -1.92168 48.6038 -2.37467
      vertex -1.76777 48.2322 -2.19765
    endloop
  endfacet
  facet normal 0.923883 0.382676 -4.48782e-07
    outer loop
      vertex -2.2977 49.5116 -2.40097
      vertex -1.76777 48.2322 -8
      vertex -2.5 50 -8
    endloop
  endfacet
  facet normal -0.382735 -0.923858 -0
    outer loop
      vertex 0 52.5 -2.20815
      vertex 0 52.5 -8
      vertex 0.715943 52.2034 -2.43316
    endloop
  endfacet
  facet normal -0.382668 -0.923886 -1.00564e-05
    outer loop
      vertex 1.76777 51.7678 -8
      vertex 0.715943 52.2034 -2.43316
      vertex 0 52.5 -8
    endloop
  endfacet
  facet normal -0.38263 -0.923902 -1.63208e-06
    outer loop
      vertex 0.715943 52.2034 -2.43316
      vertex 1.76777 51.7678 -8
      vertex 1.63953 51.8209 -2.29976
    endloop
  endfacet
  facet normal -0.382568 -0.923927 0
    outer loop
      vertex 1.63953 51.8209 -2.29976
      vertex 1.76777 51.7678 -8
      vertex 1.76777 51.7678 -2.22561
    endloop
  endfacet
  facet normal -0.699254 0.148623 0.699254
    outer loop
      vertex 2.11074 49.0602 -2.43951
      vertex 4.75 50 0
      vertex 2.5 50 -2.25
    endloop
  endfacet
  facet normal -0.699254 0.148631 0.699251
    outer loop
      vertex 4.75 50 0
      vertex 2.11074 49.0602 -2.43951
      vertex 4.33934 48.068 0
    endloop
  endfacet
  facet normal 0.714875 3.02002e-07 0.699252
    outer loop
      vertex -4.6462 50.9876 0
      vertex -2.5 50 -2.19415
      vertex -2.2977 50.4884 -2.40097
    endloop
  endfacet
  facet normal 0.714875 -0 0.699252
    outer loop
      vertex -4.6462 49.0124 0
      vertex -2.5 50 -2.19415
      vertex -4.6462 50.9876 0
    endloop
  endfacet
  facet normal 0.714875 -3.02002e-07 0.699252
    outer loop
      vertex -2.5 50 -2.19415
      vertex -4.6462 49.0124 0
      vertex -2.2977 49.5116 -2.40097
    endloop
  endfacet
  facet normal -0.0747388 0.710956 0.699254
    outer loop
      vertex 1.46783 45.4825 0
      vertex 0 47.5 -2.20815
      vertex -0.49651 45.276 0
    endloop
  endfacet
  facet normal -0.0747628 0.710946 0.699261
    outer loop
      vertex 0 47.5 -2.20815
      vertex 1.46783 45.4825 0
      vertex 0.715943 47.7966 -2.43316
    endloop
  endfacet
  facet normal -0.0747174 0.710955 0.699257
    outer loop
      vertex -0.49651 45.276 0
      vertex 0 47.5 -2.20815
      vertex -0.251798 47.6043 -2.3411
    endloop
  endfacet
  facet normal 0.65307 0.290766 0.699253
    outer loop
      vertex -4.6462 49.0124 0
      vertex -1.92168 48.6038 -2.37467
      vertex -2.2977 49.5116 -2.40097
    endloop
  endfacet
  facet normal 0.65307 0.290765 0.699253
    outer loop
      vertex -1.92168 48.6038 -2.37467
      vertex -4.6462 49.0124 0
      vertex -3.84283 47.208 0
    endloop
  endfacet
  facet normal -0.0747388 -0.710956 0.699254
    outer loop
      vertex -0.49651 54.724 0
      vertex 0 52.5 -2.20815
      vertex 1.46783 54.5175 0
    endloop
  endfacet
  facet normal -0.0747174 -0.710955 0.699257
    outer loop
      vertex 0 52.5 -2.20815
      vertex -0.49651 54.724 0
      vertex -0.251798 52.3957 -2.3411
    endloop
  endfacet
  facet normal -0.0747628 -0.710946 0.699261
    outer loop
      vertex 1.46783 54.5175 0
      vertex 0 52.5 -2.20815
      vertex 0.715943 52.2034 -2.43316
    endloop
  endfacet
  facet normal -0.578346 0.420199 0.699249
    outer loop
      vertex 1.76777 48.2322 -2.22561
      vertex 4.33934 48.068 0
      vertex 2.11074 49.0602 -2.43951
    endloop
  endfacet
  facet normal -0.578345 0.420202 0.699247
    outer loop
      vertex 4.33934 48.068 0
      vertex 1.76777 48.2322 -2.22561
      vertex 3.17837 46.4701 0
    endloop
  endfacet
  facet normal -0.57832 0.420229 0.699252
    outer loop
      vertex 3.17837 46.4701 0
      vertex 1.76777 48.2322 -2.22561
      vertex 1.63953 48.1791 -2.29976
    endloop
  endfacet
  facet normal 0.65307 -0.290765 0.699253
    outer loop
      vertex -4.6462 50.9876 0
      vertex -1.92168 51.3962 -2.37467
      vertex -3.84283 52.792 0
    endloop
  endfacet
  facet normal 0.65307 -0.290766 0.699253
    outer loop
      vertex -1.92168 51.3962 -2.37467
      vertex -4.6462 50.9876 0
      vertex -2.2977 50.4884 -2.40097
    endloop
  endfacet
  facet normal 0.478307 0.531282 0.699258
    outer loop
      vertex -1.76777 48.2322 -2.19765
      vertex -2.375 45.8864 0
      vertex -1.16481 47.9825 -2.42037
    endloop
  endfacet
  facet normal 0.478362 0.531235 0.699256
    outer loop
      vertex -3.84283 47.208 0
      vertex -1.76777 48.2322 -2.19765
      vertex -1.92168 48.6038 -2.37467
    endloop
  endfacet
  facet normal 0.478339 0.531265 0.699249
    outer loop
      vertex -1.76777 48.2322 -2.19765
      vertex -3.84283 47.208 0
      vertex -2.375 45.8864 0
    endloop
  endfacet
  facet normal 0.220919 0.679882 0.699254
    outer loop
      vertex -2.375 45.8864 0
      vertex -0.251798 47.6043 -2.3411
      vertex -1.16481 47.9825 -2.42037
    endloop
  endfacet
  facet normal 0.220921 0.67988 0.699255
    outer loop
      vertex -0.251798 47.6043 -2.3411
      vertex -2.375 45.8864 0
      vertex -0.49651 45.276 0
    endloop
  endfacet
  facet normal -0.699254 -0.148623 0.699254
    outer loop
      vertex 4.75 50 0
      vertex 2.11074 50.9398 -2.43951
      vertex 2.5 50 -2.25
    endloop
  endfacet
  facet normal -0.699254 -0.148631 0.699251
    outer loop
      vertex 2.11074 50.9398 -2.43951
      vertex 4.75 50 0
      vertex 4.33934 51.932 0
    endloop
  endfacet
  facet normal -0.578345 -0.420202 0.699247
    outer loop
      vertex 1.76777 51.7678 -2.22561
      vertex 4.33934 51.932 0
      vertex 3.17837 53.5299 0
    endloop
  endfacet
  facet normal -0.578346 -0.420199 0.699249
    outer loop
      vertex 4.33934 51.932 0
      vertex 1.76777 51.7678 -2.22561
      vertex 2.11074 50.9398 -2.43951
    endloop
  endfacet
  facet normal -0.57832 -0.420229 0.699252
    outer loop
      vertex 1.76777 51.7678 -2.22561
      vertex 3.17837 53.5299 0
      vertex 1.63953 51.8209 -2.29976
    endloop
  endfacet
  facet normal -0.357446 0.619102 0.699246
    outer loop
      vertex 1.63953 48.1791 -2.29976
      vertex 1.46783 45.4825 0
      vertex 3.17837 46.4701 0
    endloop
  endfacet
  facet normal -0.357402 0.619112 0.69926
    outer loop
      vertex 1.46783 45.4825 0
      vertex 1.63953 48.1791 -2.29976
      vertex 0.715943 47.7966 -2.43316
    endloop
  endfacet
  facet normal -0.357446 -0.619102 0.699246
    outer loop
      vertex 1.46783 54.5175 0
      vertex 1.63953 51.8209 -2.29976
      vertex 3.17837 53.5299 0
    endloop
  endfacet
  facet normal -0.357402 -0.619112 0.69926
    outer loop
      vertex 1.63953 51.8209 -2.29976
      vertex 1.46783 54.5175 0
      vertex 0.715943 52.2034 -2.43316
    endloop
  endfacet
  facet normal 0.220921 -0.67988 0.699255
    outer loop
      vertex -2.375 54.1136 0
      vertex -0.251798 52.3957 -2.3411
      vertex -0.49651 54.724 0
    endloop
  endfacet
  facet normal 0.220919 -0.679882 0.699254
    outer loop
      vertex -0.251798 52.3957 -2.3411
      vertex -2.375 54.1136 0
      vertex -1.16481 52.0175 -2.42037
    endloop
  endfacet
  facet normal 0.478307 -0.531282 0.699258
    outer loop
      vertex -2.375 54.1136 0
      vertex -1.76777 51.7678 -2.19765
      vertex -1.16481 52.0175 -2.42037
    endloop
  endfacet
  facet normal 0.478339 -0.531265 0.699249
    outer loop
      vertex -3.84283 52.792 0
      vertex -1.76777 51.7678 -2.19765
      vertex -2.375 54.1136 0
    endloop
  endfacet
  facet normal 0.478362 -0.531235 0.699256
    outer loop
      vertex -1.76777 51.7678 -2.19765
      vertex -3.84283 52.792 0
      vertex -1.92168 51.3962 -2.37467
    endloop
  endfacet
  facet normal 0.94766 -0.31928 0
    outer loop
      vertex 58.247 46.4548 -1
      vertex 58.7896 48.0653 -7
      vertex 58.7896 48.0653 -1
    endloop
  endfacet
  facet normal 0.94766 -0.31928 0
    outer loop
      vertex 58.7896 48.0653 -7
      vertex 58.247 46.4548 -1
      vertex 58.247 46.4548 -7
    endloop
  endfacet
  facet normal 0.994145 -0.108054 0
    outer loop
      vertex 58.7896 48.0653 -1
      vertex 58.8864 48.9559 -7
      vertex 58.8864 48.9559 -1
    endloop
  endfacet
  facet normal 0.994145 -0.108054 0
    outer loop
      vertex 58.8864 48.9559 -7
      vertex 58.7896 48.0653 -1
      vertex 58.7896 48.0653 -7
    endloop
  endfacet
  facet normal 0.94766 0.31928 0
    outer loop
      vertex 58.7896 51.9347 -1
      vertex 58.247 53.5452 -7
      vertex 58.247 53.5452 -1
    endloop
  endfacet
  facet normal 0.94766 0.31928 0
    outer loop
      vertex 58.247 53.5452 -7
      vertex 58.7896 51.9347 -1
      vertex 58.7896 51.9347 -7
    endloop
  endfacet
  facet normal 0.370173 -0.928963 0
    outer loop
      vertex 52.4078 41.328 -7
      vertex 53.5396 41.779 -1
      vertex 52.4078 41.328 -1
    endloop
  endfacet
  facet normal 0.370173 -0.928963 0
    outer loop
      vertex 53.5396 41.779 -1
      vertex 52.4078 41.328 -7
      vertex 53.5396 41.779 -7
    endloop
  endfacet
  facet normal -0.976622 -0.214965 0
    outer loop
      vertex 41.4711 47.1263 -7
      vertex 41.0714 48.9422 -1
      vertex 41.0714 48.9422 -7
    endloop
  endfacet
  facet normal -0.976622 -0.214965 0
    outer loop
      vertex 41.0714 48.9422 -1
      vertex 41.4711 47.1263 -7
      vertex 41.4711 47.1263 -1
    endloop
  endfacet
  facet normal 0.726013 -0.687681 0
    outer loop
      vertex 55.8265 43.1405 -1
      vertex 57.1648 44.5534 -7
      vertex 57.1648 44.5534 -1
    endloop
  endfacet
  facet normal 0.726013 -0.687681 0
    outer loop
      vertex 57.1648 44.5534 -7
      vertex 55.8265 43.1405 -1
      vertex 55.8265 43.1405 -7
    endloop
  endfacet
  facet normal 0.161706 -0.986839 0
    outer loop
      vertex 51.0469 41.105 -7
      vertex 52.4078 41.328 -1
      vertex 51.0469 41.105 -1
    endloop
  endfacet
  facet normal 0.161706 -0.986839 0
    outer loop
      vertex 52.4078 41.328 -1
      vertex 51.0469 41.105 -7
      vertex 52.4078 41.328 -7
    endloop
  endfacet
  facet normal -0.647377 0.76217 0
    outer loop
      vertex 44.6392 57.1858 -7
      vertex 43.466 56.1893 -1
      vertex 44.6392 57.1858 -1
    endloop
  endfacet
  facet normal -0.647377 0.76217 0
    outer loop
      vertex 43.466 56.1893 -1
      vertex 44.6392 57.1858 -7
      vertex 43.466 56.1893 -7
    endloop
  endfacet
  facet normal -0.054313 0.998524 0
    outer loop
      vertex 48.9503 58.9035 -7
      vertex 48.544 58.8814 -1
      vertex 48.9503 58.9035 -1
    endloop
  endfacet
  facet normal -0.054313 0.998524 0
    outer loop
      vertex 48.544 58.8814 -1
      vertex 48.9503 58.9035 -7
      vertex 48.544 58.8814 -7
    endloop
  endfacet
  facet normal 0.856567 0.516036 0
    outer loop
      vertex 57.2042 55.3812 -1
      vertex 57.1648 55.4466 -7
      vertex 57.1648 55.4466 -1
    endloop
  endfacet
  facet normal 0.856567 0.516036 0
    outer loop
      vertex 57.1648 55.4466 -7
      vertex 57.2042 55.3812 -1
      vertex 57.2042 55.3812 -7
    endloop
  endfacet
  facet normal -0.976622 0.214965 0
    outer loop
      vertex 41.0714 51.0578 -7
      vertex 41.4711 52.8737 -1
      vertex 41.4711 52.8737 -7
    endloop
  endfacet
  facet normal -0.976622 0.214965 0
    outer loop
      vertex 41.4711 52.8737 -1
      vertex 41.0714 51.0578 -7
      vertex 41.0714 51.0578 -1
    endloop
  endfacet
  facet normal -0.647377 -0.76217 0
    outer loop
      vertex 43.466 43.8107 -7
      vertex 44.6392 42.8142 -1
      vertex 43.466 43.8107 -1
    endloop
  endfacet
  facet normal -0.647377 -0.76217 -0
    outer loop
      vertex 44.6392 42.8142 -1
      vertex 43.466 43.8107 -7
      vertex 44.6392 42.8142 -7
    endloop
  endfacet
  facet normal 0.561193 0.827685 -0
    outer loop
      vertex 55.8265 56.8595 -7
      vertex 55.3541 57.1798 -1
      vertex 55.8265 56.8595 -1
    endloop
  endfacet
  facet normal 0.561193 0.827685 0
    outer loop
      vertex 55.3541 57.1798 -1
      vertex 55.8265 56.8595 -7
      vertex 55.3541 57.1798 -7
    endloop
  endfacet
  facet normal -0.267506 0.963556 0
    outer loop
      vertex 48.544 58.8814 -7
      vertex 46.6688 58.3608 -1
      vertex 48.544 58.8814 -1
    endloop
  endfacet
  facet normal -0.267506 0.963556 0
    outer loop
      vertex 46.6688 58.3608 -1
      vertex 48.544 58.8814 -7
      vertex 46.6688 58.3608 -7
    endloop
  endfacet
  facet normal -0.907564 0.419914 0
    outer loop
      vertex 41.4711 52.8737 -7
      vertex 41.7792 53.5396 -1
      vertex 41.7792 53.5396 -7
    endloop
  endfacet
  facet normal -0.907564 0.419914 0
    outer loop
      vertex 41.7792 53.5396 -1
      vertex 41.4711 52.8737 -7
      vertex 41.4711 52.8737 -1
    endloop
  endfacet
  facet normal -0.796102 0.605162 0
    outer loop
      vertex 42.8261 55.3475 -7
      vertex 43.466 56.1893 -1
      vertex 43.466 56.1893 -7
    endloop
  endfacet
  facet normal -0.796102 0.605162 0
    outer loop
      vertex 43.466 56.1893 -1
      vertex 42.8261 55.3475 -7
      vertex 42.8261 55.3475 -1
    endloop
  endfacet
  facet normal -0.267506 -0.963556 0
    outer loop
      vertex 46.6688 41.6392 -7
      vertex 48.544 41.1186 -1
      vertex 46.6688 41.6392 -1
    endloop
  endfacet
  facet normal -0.267506 -0.963556 -0
    outer loop
      vertex 48.544 41.1186 -1
      vertex 46.6688 41.6392 -7
      vertex 48.544 41.1186 -7
    endloop
  endfacet
  facet normal 0.994145 0.108054 0
    outer loop
      vertex 58.8864 51.0441 -1
      vertex 58.7896 51.9347 -7
      vertex 58.7896 51.9347 -1
    endloop
  endfacet
  facet normal 0.994145 0.108054 0
    outer loop
      vertex 58.7896 51.9347 -7
      vertex 58.8864 51.0441 -1
      vertex 58.8864 51.0441 -7
    endloop
  endfacet
  facet normal -0.468551 -0.883436 0
    outer loop
      vertex 46.4548 41.7527 -7
      vertex 46.6688 41.6392 -1
      vertex 46.4548 41.7527 -1
    endloop
  endfacet
  facet normal -0.468551 -0.883436 -0
    outer loop
      vertex 46.6688 41.6392 -1
      vertex 46.4548 41.7527 -7
      vertex 46.6688 41.6392 -7
    endloop
  endfacet
  facet normal 0.561193 -0.827685 0
    outer loop
      vertex 55.3541 42.8202 -7
      vertex 55.8265 43.1405 -1
      vertex 55.3541 42.8202 -1
    endloop
  endfacet
  facet normal 0.561193 -0.827685 0
    outer loop
      vertex 55.8265 43.1405 -1
      vertex 55.3541 42.8202 -7
      vertex 55.8265 43.1405 -7
    endloop
  endfacet
  facet normal 0.856567 -0.516036 0
    outer loop
      vertex 57.1648 44.5534 -1
      vertex 57.2042 44.6188 -7
      vertex 57.2042 44.6188 -1
    endloop
  endfacet
  facet normal 0.856567 -0.516036 0
    outer loop
      vertex 57.2042 44.6188 -7
      vertex 57.1648 44.5534 -1
      vertex 57.1648 44.5534 -7
    endloop
  endfacet
  facet normal -0.468551 0.883436 0
    outer loop
      vertex 46.6688 58.3608 -7
      vertex 46.4548 58.2473 -1
      vertex 46.6688 58.3608 -1
    endloop
  endfacet
  facet normal -0.468551 0.883436 0
    outer loop
      vertex 46.4548 58.2473 -1
      vertex 46.6688 58.3608 -7
      vertex 46.4548 58.2473 -7
    endloop
  endfacet
  facet normal 0.161706 0.986839 -0
    outer loop
      vertex 52.4078 58.672 -7
      vertex 51.0469 58.895 -1
      vertex 52.4078 58.672 -1
    endloop
  endfacet
  facet normal 0.161706 0.986839 0
    outer loop
      vertex 51.0469 58.895 -1
      vertex 52.4078 58.672 -7
      vertex 51.0469 58.895 -7
    endloop
  endfacet
  facet normal 0.726013 0.687681 0
    outer loop
      vertex 57.1648 55.4466 -1
      vertex 55.8265 56.8595 -7
      vertex 55.8265 56.8595 -1
    endloop
  endfacet
  facet normal 0.726013 0.687681 0
    outer loop
      vertex 55.8265 56.8595 -7
      vertex 57.1648 55.4466 -1
      vertex 57.1648 55.4466 -7
    endloop
  endfacet
  facet normal 0.370173 0.928963 -0
    outer loop
      vertex 53.5396 58.221 -7
      vertex 52.4078 58.672 -1
      vertex 53.5396 58.221 -1
    endloop
  endfacet
  facet normal 0.370173 0.928963 0
    outer loop
      vertex 52.4078 58.672 -1
      vertex 53.5396 58.221 -7
      vertex 52.4078 58.672 -7
    endloop
  endfacet
  facet normal -0.907564 -0.419914 0
    outer loop
      vertex 41.7792 46.4604 -7
      vertex 41.4711 47.1263 -1
      vertex 41.4711 47.1263 -7
    endloop
  endfacet
  facet normal -0.907564 -0.419914 0
    outer loop
      vertex 41.4711 47.1263 -1
      vertex 41.7792 46.4604 -7
      vertex 41.7792 46.4604 -1
    endloop
  endfacet
  facet normal -0.054313 -0.998524 0
    outer loop
      vertex 48.544 41.1186 -7
      vertex 48.9503 41.0965 -1
      vertex 48.544 41.1186 -1
    endloop
  endfacet
  facet normal -0.054313 -0.998524 -0
    outer loop
      vertex 48.9503 41.0965 -1
      vertex 48.544 41.1186 -7
      vertex 48.9503 41.0965 -7
    endloop
  endfacet
  facet normal -0.796102 -0.605162 0
    outer loop
      vertex 43.466 43.8107 -7
      vertex 42.8261 44.6525 -1
      vertex 42.8261 44.6525 -7
    endloop
  endfacet
  facet normal -0.796102 -0.605162 0
    outer loop
      vertex 42.8261 44.6525 -1
      vertex 43.466 43.8107 -7
      vertex 43.466 43.8107 -1
    endloop
  endfacet
  facet normal 0.890224 -0.0967882 0.445121
    outer loop
      vertex 58.4035 49.1128 0
      vertex 58.3013 48.1728 0
      vertex 58.6323 49.0384 -0.473769
    endloop
  endfacet
  facet normal -0.41942 -0.791093 0.445263
    outer loop
      vertex 46.5622 42.2583 0
      vertex 46.5448 42.1762 -0.162256
      vertex 46.8538 42.1037 0
    endloop
  endfacet
  facet normal -0.41942 0.791093 0.445263
    outer loop
      vertex 46.8538 57.8963 0
      vertex 46.5448 57.8238 -0.162256
      vertex 46.5622 57.7417 0
    endloop
  endfacet
  facet normal -0.239546 0.862843 0.445107
    outer loop
      vertex 48.6249 58.388 0
      vertex 46.6688 58.3608 -1
      vertex 46.8538 57.8963 0
    endloop
  endfacet
  facet normal -0.712859 -0.541885 0.445189
    outer loop
      vertex 43.0253 44.8737 -0.411786
      vertex 42.8261 44.6525 -1
      vertex 43.466 43.8107 -1
    endloop
  endfacet
  facet normal 0.767528 0.461316 0.445071
    outer loop
      vertex 56.7668 55.144 0
      vertex 57.1889 55.3642 -0.956153
      vertex 57.1648 55.4466 -1
    endloop
  endfacet
  facet normal 0.767428 0.461487 0.445066
    outer loop
      vertex 57.1889 55.3642 -0.956153
      vertex 56.7668 55.144 0
      vertex 56.8564 54.995 0
    endloop
  endfacet
  facet normal -0.579729 -0.682485 0.445116
    outer loop
      vertex 45.0119 43.1498 0
      vertex 43.829 44.1546 0
      vertex 44.7166 42.8839 -0.792303
    endloop
  endfacet
  facet normal -0.579708 -0.682487 0.445141
    outer loop
      vertex 43.466 43.8107 -1
      vertex 44.7166 42.8839 -0.792303
      vertex 43.829 44.1546 0
    endloop
  endfacet
  facet normal -0.57972 -0.682516 0.44508
    outer loop
      vertex 44.7166 42.8839 -0.792303
      vertex 43.466 43.8107 -1
      vertex 44.6392 42.8142 -1
    endloop
  endfacet
  facet normal -0.874524 0.192492 0.445146
    outer loop
      vertex 41.4729 50.9274 -0.154834
      vertex 41.4711 52.8737 -1
      vertex 41.0714 51.0578 -1
    endloop
  endfacet
  facet normal -0.874695 0.192369 0.444863
    outer loop
      vertex 41.4711 52.8737 -1
      vertex 41.4729 50.9274 -0.154834
      vertex 41.5498 50.919 0
    endloop
  endfacet
  facet normal 0.767428 -0.461487 0.445066
    outer loop
      vertex 56.7668 44.856 0
      vertex 57.1889 44.6358 -0.956153
      vertex 56.8564 45.005 0
    endloop
  endfacet
  facet normal 0.767528 -0.461316 0.445071
    outer loop
      vertex 57.1889 44.6358 -0.956153
      vertex 56.7668 44.856 0
      vertex 57.1648 44.5534 -1
    endloop
  endfacet
  facet normal -0.0484876 -0.894165 0.445104
    outer loop
      vertex 48.544 41.1186 -1
      vertex 49.0712 41.4685 -0.239658
      vertex 48.6249 41.612 0
    endloop
  endfacet
  facet normal -0.048634 -0.894118 0.445183
    outer loop
      vertex 49.0712 41.4685 -0.239658
      vertex 48.544 41.1186 -1
      vertex 48.9503 41.0965 -1
    endloop
  endfacet
  facet normal 0.144805 0.883702 0.445086
    outer loop
      vertex 51.0469 58.895 -1
      vertex 50.9289 58.5319 -0.240687
      vertex 52.4078 58.672 -1
    endloop
  endfacet
  facet normal -0.579729 0.682485 0.445116
    outer loop
      vertex 44.7166 57.1161 -0.792303
      vertex 43.829 55.8454 0
      vertex 45.0119 56.8502 0
    endloop
  endfacet
  facet normal 0.848598 -0.285937 0.445109
    outer loop
      vertex 58.185 46.468 -0.873437
      vertex 58.7896 48.0653 -1
      vertex 58.3013 48.1728 0
    endloop
  endfacet
  facet normal 0.848448 -0.285854 0.445447
    outer loop
      vertex 58.7896 48.0653 -1
      vertex 58.185 46.468 -0.873437
      vertex 58.247 46.4548 -1
    endloop
  endfacet
  facet normal 0.766454 0.461748 0.446472
    outer loop
      vertex 57.2042 55.3812 -1
      vertex 57.1648 55.4466 -1
      vertex 57.1889 55.3642 -0.956153
    endloop
  endfacet
  facet normal 0.144842 -0.883689 0.4451
    outer loop
      vertex 50.9289 41.4681 -0.240687
      vertex 52.274 41.8098 0
      vertex 50.8915 41.5832 0
    endloop
  endfacet
  facet normal 0.144832 -0.883674 0.445133
    outer loop
      vertex 52.274 41.8098 0
      vertex 50.9289 41.4681 -0.240687
      vertex 52.4078 41.328 -1
    endloop
  endfacet
  facet normal -0.239546 -0.862843 0.445106
    outer loop
      vertex 48.6249 41.612 0
      vertex 46.6688 41.6392 -1
      vertex 48.544 41.1186 -1
    endloop
  endfacet
  facet normal -0.419363 0.791214 0.445101
    outer loop
      vertex 46.6688 58.3608 -1
      vertex 46.5448 57.8238 -0.162256
      vertex 46.8538 57.8963 0
    endloop
  endfacet
  facet normal -0.419598 0.791137 0.445017
    outer loop
      vertex 46.5448 57.8238 -0.162256
      vertex 46.6688 58.3608 -1
      vertex 46.4548 58.2473 -1
    endloop
  endfacet
  facet normal -0.8127 0.376022 0.445114
    outer loop
      vertex 41.4711 52.8737 -1
      vertex 42.0807 53.4755 -0.395364
      vertex 41.7792 53.5396 -1
    endloop
  endfacet
  facet normal -0.812702 0.376061 0.445077
    outer loop
      vertex 42.0807 53.4755 -0.395364
      vertex 41.4711 52.8737 -1
      vertex 41.9449 52.7141 0
    endloop
  endfacet
  facet normal -0.57972 0.682516 0.44508
    outer loop
      vertex 43.466 56.1893 -1
      vertex 44.7166 57.1161 -0.792303
      vertex 44.6392 57.1858 -1
    endloop
  endfacet
  facet normal -0.579708 0.682487 0.445141
    outer loop
      vertex 44.7166 57.1161 -0.792303
      vertex 43.466 56.1893 -1
      vertex 43.829 55.8454 0
    endloop
  endfacet
  facet normal 0.144805 -0.883702 0.445086
    outer loop
      vertex 52.4078 41.328 -1
      vertex 50.9289 41.4681 -0.240687
      vertex 51.0469 41.105 -1
    endloop
  endfacet
  facet normal 0.502546 0.741213 0.445029
    outer loop
      vertex 55.0943 56.9459 -0.317344
      vertex 54.9736 56.8372 0
      vertex 55.5028 56.4784 0
    endloop
  endfacet
  facet normal 0.65012 -0.615821 0.445095
    outer loop
      vertex 56.7668 44.856 0
      vertex 55.5028 43.5216 0
      vertex 57.1648 44.5534 -1
    endloop
  endfacet
  facet normal 0.650122 0.615796 0.445125
    outer loop
      vertex 55.8265 56.8595 -1
      vertex 55.5028 56.4784 0
      vertex 57.1648 55.4466 -1
    endloop
  endfacet
  facet normal -0.812702 -0.376061 0.445077
    outer loop
      vertex 41.4711 47.1263 -1
      vertex 42.0807 46.5245 -0.395364
      vertex 41.9449 47.2859 0
    endloop
  endfacet
  facet normal -0.8127 -0.376022 0.445114
    outer loop
      vertex 42.0807 46.5245 -0.395364
      vertex 41.4711 47.1263 -1
      vertex 41.7792 46.4604 -1
    endloop
  endfacet
  facet normal 0.502428 -0.741207 0.445172
    outer loop
      vertex 55.3541 42.8202 -1
      vertex 55.5028 43.5216 0
      vertex 55.0943 43.0541 -0.317344
    endloop
  endfacet
  facet normal 0.50253 -0.741165 0.445127
    outer loop
      vertex 55.5028 43.5216 0
      vertex 55.3541 42.8202 -1
      vertex 55.8265 43.1405 -1
    endloop
  endfacet
  facet normal -0.239546 0.862843 0.445106
    outer loop
      vertex 48.544 58.8814 -1
      vertex 46.6688 58.3608 -1
      vertex 48.6249 58.388 0
    endloop
  endfacet
  facet normal 0.890231 -0.0967989 0.445106
    outer loop
      vertex 58.7896 48.0653 -1
      vertex 58.6323 49.0384 -0.473769
      vertex 58.3013 48.1728 0
    endloop
  endfacet
  facet normal 0.890263 -0.0967634 0.445049
    outer loop
      vertex 58.6323 49.0384 -0.473769
      vertex 58.7896 48.0653 -1
      vertex 58.8864 48.9559 -1
    endloop
  endfacet
  facet normal 0.890224 0.0967882 0.445121
    outer loop
      vertex 58.6323 50.9616 -0.473769
      vertex 58.3013 51.8272 0
      vertex 58.4035 50.8872 0
    endloop
  endfacet
  facet normal 0.848448 0.285854 0.445447
    outer loop
      vertex 58.185 53.532 -0.873437
      vertex 58.7896 51.9347 -1
      vertex 58.247 53.5452 -1
    endloop
  endfacet
  facet normal 0.848598 0.285937 0.445109
    outer loop
      vertex 58.7896 51.9347 -1
      vertex 58.185 53.532 -0.873437
      vertex 58.3013 51.8272 0
    endloop
  endfacet
  facet normal -0.874524 -0.192492 0.445146
    outer loop
      vertex 41.4711 47.1263 -1
      vertex 41.4729 49.0726 -0.154834
      vertex 41.0714 48.9422 -1
    endloop
  endfacet
  facet normal -0.874695 -0.192369 0.444863
    outer loop
      vertex 41.4729 49.0726 -0.154834
      vertex 41.4711 47.1263 -1
      vertex 41.5498 49.081 0
    endloop
  endfacet
  facet normal -0.874555 -0.192489 0.445086
    outer loop
      vertex 41.5498 49.081 0
      vertex 41.4711 47.1263 -1
      vertex 41.9449 47.2859 0
    endloop
  endfacet
  facet normal -0.71291 -0.541923 0.44506
    outer loop
      vertex 43.0253 44.8737 -0.411786
      vertex 43.829 44.1546 0
      vertex 43.1647 45.0285 0
    endloop
  endfacet
  facet normal -0.712903 -0.541872 0.445134
    outer loop
      vertex 43.829 44.1546 0
      vertex 43.0253 44.8737 -0.411786
      vertex 43.466 43.8107 -1
    endloop
  endfacet
  facet normal 0.331469 -0.831832 0.445178
    outer loop
      vertex 53.4689 42.1117 -0.325695
      vertex 52.4078 41.328 -1
      vertex 53.5396 41.779 -1
    endloop
  endfacet
  facet normal 0.848602 0.285935 0.445102
    outer loop
      vertex 58.185 53.532 -0.873437
      vertex 57.7575 53.4411 0
      vertex 58.3013 51.8272 0
    endloop
  endfacet
  facet normal -0.81274 0.37604 0.445026
    outer loop
      vertex 42.0807 53.4755 -0.395364
      vertex 41.9449 52.7141 0
      vertex 42.2778 53.4336 0
    endloop
  endfacet
  facet normal 0.144842 0.883689 0.4451
    outer loop
      vertex 52.274 58.1902 0
      vertex 50.9289 58.5319 -0.240687
      vertex 50.8915 58.4168 0
    endloop
  endfacet
  facet normal 0.144832 0.883674 0.445133
    outer loop
      vertex 50.9289 58.5319 -0.240687
      vertex 52.274 58.1902 0
      vertex 52.4078 58.672 -1
    endloop
  endfacet
  facet normal -0.0485501 0.894207 0.445013
    outer loop
      vertex 49.0712 58.5315 -0.239658
      vertex 48.6249 58.388 0
      vertex 49.1093 58.4143 0
    endloop
  endfacet
  facet normal 0.65012 0.615821 0.445095
    outer loop
      vertex 57.1648 55.4466 -1
      vertex 55.5028 56.4784 0
      vertex 56.7668 55.144 0
    endloop
  endfacet
  facet normal -0.0485501 -0.894207 0.445013
    outer loop
      vertex 49.1093 41.5857 0
      vertex 48.6249 41.612 0
      vertex 49.0712 41.4685 -0.239658
    endloop
  endfacet
  facet normal 0.50253 0.741165 0.445127
    outer loop
      vertex 55.3541 57.1798 -1
      vertex 55.5028 56.4784 0
      vertex 55.8265 56.8595 -1
    endloop
  endfacet
  facet normal 0.502428 0.741207 0.445172
    outer loop
      vertex 55.5028 56.4784 0
      vertex 55.3541 57.1798 -1
      vertex 55.0943 56.9459 -0.317344
    endloop
  endfacet
  facet normal 0.331478 -0.831955 0.444942
    outer loop
      vertex 52.274 41.8098 0
      vertex 53.4689 42.1117 -0.325695
      vertex 53.4348 42.2723 0
    endloop
  endfacet
  facet normal 0.331502 -0.831842 0.445136
    outer loop
      vertex 53.4689 42.1117 -0.325695
      vertex 52.274 41.8098 0
      vertex 52.4078 41.328 -1
    endloop
  endfacet
  facet normal 0.890231 0.0967989 0.445106
    outer loop
      vertex 58.6323 50.9616 -0.473769
      vertex 58.7896 51.9347 -1
      vertex 58.3013 51.8272 0
    endloop
  endfacet
  facet normal 0.890263 0.0967634 0.445049
    outer loop
      vertex 58.7896 51.9347 -1
      vertex 58.6323 50.9616 -0.473769
      vertex 58.8864 51.0441 -1
    endloop
  endfacet
  facet normal 0.331478 0.831955 0.444942
    outer loop
      vertex 53.4689 57.8883 -0.325695
      vertex 52.274 58.1902 0
      vertex 53.4348 57.7277 0
    endloop
  endfacet
  facet normal 0.331502 0.831842 0.445136
    outer loop
      vertex 52.274 58.1902 0
      vertex 53.4689 57.8883 -0.325695
      vertex 52.4078 58.672 -1
    endloop
  endfacet
  facet normal 0.766454 -0.461748 0.446472
    outer loop
      vertex 57.1889 44.6358 -0.956153
      vertex 57.1648 44.5534 -1
      vertex 57.2042 44.6188 -1
    endloop
  endfacet
  facet normal 0.848602 -0.285935 0.445102
    outer loop
      vertex 58.3013 48.1728 0
      vertex 57.7575 46.5589 0
      vertex 58.185 46.468 -0.873437
    endloop
  endfacet
  facet normal 0.650122 -0.615796 0.445125
    outer loop
      vertex 57.1648 44.5534 -1
      vertex 55.5028 43.5216 0
      vertex 55.8265 43.1405 -1
    endloop
  endfacet
  facet normal -0.048634 0.894118 0.445183
    outer loop
      vertex 48.544 58.8814 -1
      vertex 49.0712 58.5315 -0.239658
      vertex 48.9503 58.9035 -1
    endloop
  endfacet
  facet normal -0.0484876 0.894165 0.445104
    outer loop
      vertex 49.0712 58.5315 -0.239658
      vertex 48.544 58.8814 -1
      vertex 48.6249 58.388 0
    endloop
  endfacet
  facet normal -0.874555 0.192489 0.445086
    outer loop
      vertex 41.9449 52.7141 0
      vertex 41.4711 52.8737 -1
      vertex 41.5498 50.919 0
    endloop
  endfacet
  facet normal -0.239546 -0.862843 0.445107
    outer loop
      vertex 46.8538 42.1037 0
      vertex 46.6688 41.6392 -1
      vertex 48.6249 41.612 0
    endloop
  endfacet
  facet normal 0.331469 0.831832 0.445178
    outer loop
      vertex 53.5396 58.221 -1
      vertex 52.4078 58.672 -1
      vertex 53.4689 57.8883 -0.325695
    endloop
  endfacet
  facet normal -0.419598 -0.791137 0.445017
    outer loop
      vertex 46.6688 41.6392 -1
      vertex 46.5448 42.1762 -0.162256
      vertex 46.4548 41.7527 -1
    endloop
  endfacet
  facet normal -0.419363 -0.791214 0.445101
    outer loop
      vertex 46.5448 42.1762 -0.162256
      vertex 46.6688 41.6392 -1
      vertex 46.8538 42.1037 0
    endloop
  endfacet
  facet normal -0.712903 0.541872 0.445134
    outer loop
      vertex 43.0253 55.1263 -0.411786
      vertex 43.829 55.8454 0
      vertex 43.466 56.1893 -1
    endloop
  endfacet
  facet normal -0.71291 0.541923 0.44506
    outer loop
      vertex 43.829 55.8454 0
      vertex 43.0253 55.1263 -0.411786
      vertex 43.1647 54.9715 0
    endloop
  endfacet
  facet normal -0.89562 0 0.44482
    outer loop
      vertex 41.5498 50.919 0
      vertex 41.4729 50.9274 -0.154834
      vertex 41.5498 50.9024 0
    endloop
  endfacet
  facet normal -0.89562 0 0.44482
    outer loop
      vertex 41.5498 49.0976 0
      vertex 41.4729 49.0726 -0.154834
      vertex 41.5498 49.081 0
    endloop
  endfacet
  facet normal -0.712859 0.541885 0.445189
    outer loop
      vertex 43.466 56.1893 -1
      vertex 42.8261 55.3475 -1
      vertex 43.0253 55.1263 -0.411786
    endloop
  endfacet
  facet normal 0 0 1
    outer loop
      vertex 52.274 58.1902 0
      vertex 53.4297 57.7037 0
      vertex 53.4348 57.7277 0
    endloop
  endfacet
  facet normal 0 0 1
    outer loop
      vertex 51.4678 54.5175 0
      vertex 53.4297 57.7037 0
      vertex 52.274 58.1902 0
    endloop
  endfacet
  facet normal 0 0 1
    outer loop
      vertex 53.4297 57.7037 0
      vertex 51.4678 54.5175 0
      vertex 53.1784 53.5299 0
    endloop
  endfacet
  facet normal -0 0 1
    outer loop
      vertex 50.8817 58.3865 0
      vertex 52.274 58.1902 0
      vertex 50.8915 58.4168 0
    endloop
  endfacet
  facet normal 0 0 1
    outer loop
      vertex 52.274 58.1902 0
      vertex 50.8817 58.3865 0
      vertex 51.4678 54.5175 0
    endloop
  endfacet
  facet normal 0 0 1
    outer loop
      vertex 50.8817 58.3865 0
      vertex 49.5035 54.724 0
      vertex 51.4678 54.5175 0
    endloop
  endfacet
  facet normal -0 0 1
    outer loop
      vertex 49.1183 58.3865 0
      vertex 49.5035 54.724 0
      vertex 50.8817 58.3865 0
    endloop
  endfacet
  facet normal -0 0 1
    outer loop
      vertex 48.6249 58.388 0
      vertex 49.1183 58.3865 0
      vertex 49.1093 58.4143 0
    endloop
  endfacet
  facet normal 0 0 1
    outer loop
      vertex 49.1183 58.3865 0
      vertex 48.6249 58.388 0
      vertex 49.5035 54.724 0
    endloop
  endfacet
  facet normal -0 0 1
    outer loop
      vertex 46.8538 57.8963 0
      vertex 49.5035 54.724 0
      vertex 48.6249 58.388 0
    endloop
  endfacet
  facet normal 0 0 1
    outer loop
      vertex 49.5035 54.724 0
      vertex 46.8538 57.8963 0
      vertex 47.625 54.1136 0
    endloop
  endfacet
  facet normal -0 0 1
    outer loop
      vertex 46.5703 57.7037 0
      vertex 47.625 54.1136 0
      vertex 46.8538 57.8963 0
    endloop
  endfacet
  facet normal -0 0 1
    outer loop
      vertex 45.0432 56.8221 0
      vertex 47.625 54.1136 0
      vertex 46.5703 57.7037 0
    endloop
  endfacet
  facet normal 0 0 1
    outer loop
      vertex 47.625 54.1136 0
      vertex 45.0432 56.8221 0
      vertex 46.1572 52.792 0
    endloop
  endfacet
  facet normal -0 0 1
    outer loop
      vertex 43.1779 54.9568 0
      vertex 46.1572 52.792 0
      vertex 43.829 55.8454 0
    endloop
  endfacet
  facet normal -0 0 1
    outer loop
      vertex 43.829 55.8454 0
      vertex 46.1572 52.792 0
      vertex 45.0432 56.8221 0
    endloop
  endfacet
  facet normal 0 0 1
    outer loop
      vertex 56.7668 44.856 0
      vertex 53.1784 46.4701 0
      vertex 55.5028 43.5216 0
    endloop
  endfacet
  facet normal 0 0 1
    outer loop
      vertex 55.5028 43.5216 0
      vertex 53.1784 46.4701 0
      vertex 54.9568 43.1779 0
    endloop
  endfacet
  facet normal 0 0 1
    outer loop
      vertex 54.9568 43.1779 0
      vertex 53.1784 46.4701 0
      vertex 53.4297 42.2963 0
    endloop
  endfacet
  facet normal 0 0 1
    outer loop
      vertex 53.1784 53.5299 0
      vertex 56.8221 54.9568 0
      vertex 56.7668 55.144 0
    endloop
  endfacet
  facet normal 0 0 1
    outer loop
      vertex 56.7668 55.144 0
      vertex 56.8221 54.9568 0
      vertex 56.8564 54.995 0
    endloop
  endfacet
  facet normal 0 0 1
    outer loop
      vertex 57.7037 53.4297 0
      vertex 58.3865 50.8817 0
      vertex 58.3013 51.8272 0
    endloop
  endfacet
  facet normal 0 0 1
    outer loop
      vertex 58.3013 51.8272 0
      vertex 58.3865 50.8817 0
      vertex 58.4035 50.8872 0
    endloop
  endfacet
  facet normal 0 0 1
    outer loop
      vertex 58.3865 49.1183 0
      vertex 58.3013 48.1728 0
      vertex 58.4035 49.1128 0
    endloop
  endfacet
  facet normal 0 0 1
    outer loop
      vertex 58.3865 50.8817 0
      vertex 57.7037 53.4297 0
      vertex 58.3865 49.1183 0
    endloop
  endfacet
  facet normal -0 0 1
    outer loop
      vertex 57.7037 53.4297 0
      vertex 58.3013 51.8272 0
      vertex 57.7575 53.4411 0
    endloop
  endfacet
  facet normal 0 0 1
    outer loop
      vertex 57.7037 46.5703 0
      vertex 58.3865 49.1183 0
      vertex 57.7037 53.4297 0
    endloop
  endfacet
  facet normal 0 0 1
    outer loop
      vertex 58.3865 49.1183 0
      vertex 57.7037 46.5703 0
      vertex 58.3013 48.1728 0
    endloop
  endfacet
  facet normal 0 0 1
    outer loop
      vertex 58.3013 48.1728 0
      vertex 57.7037 46.5703 0
      vertex 57.7575 46.5589 0
    endloop
  endfacet
  facet normal 0 0 1
    outer loop
      vertex 56.8221 54.9568 0
      vertex 57.7037 46.5703 0
      vertex 57.7037 53.4297 0
    endloop
  endfacet
  facet normal 0 0 1
    outer loop
      vertex 57.7037 46.5703 0
      vertex 56.8221 54.9568 0
      vertex 56.8221 45.0432 0
    endloop
  endfacet
  facet normal 0 0 1
    outer loop
      vertex 56.8221 45.0432 0
      vertex 56.7668 44.856 0
      vertex 56.8564 45.005 0
    endloop
  endfacet
  facet normal 0 0 1
    outer loop
      vertex 56.8221 54.9568 0
      vertex 54.75 50 0
      vertex 56.8221 45.0432 0
    endloop
  endfacet
  facet normal 0 0 1
    outer loop
      vertex 53.1784 53.5299 0
      vertex 56.7668 55.144 0
      vertex 55.5028 56.4784 0
    endloop
  endfacet
  facet normal -0 0 1
    outer loop
      vertex 54.3393 48.068 0
      vertex 56.8221 45.0432 0
      vertex 54.75 50 0
    endloop
  endfacet
  facet normal -0 0 1
    outer loop
      vertex 54.9568 56.8221 0
      vertex 55.5028 56.4784 0
      vertex 54.9736 56.8372 0
    endloop
  endfacet
  facet normal 0 0 1
    outer loop
      vertex 53.1784 46.4701 0
      vertex 56.7668 44.856 0
      vertex 56.8221 45.0432 0
    endloop
  endfacet
  facet normal 0 0 1
    outer loop
      vertex 53.1784 53.5299 0
      vertex 55.5028 56.4784 0
      vertex 54.9568 56.8221 0
    endloop
  endfacet
  facet normal -0 0 1
    outer loop
      vertex 53.1784 46.4701 0
      vertex 56.8221 45.0432 0
      vertex 54.3393 48.068 0
    endloop
  endfacet
  facet normal 0 0 1
    outer loop
      vertex 55.5028 43.5216 0
      vertex 54.9568 43.1779 0
      vertex 54.9736 43.1628 0
    endloop
  endfacet
  facet normal 0 0 1
    outer loop
      vertex 56.8221 54.9568 0
      vertex 54.3393 51.932 0
      vertex 54.75 50 0
    endloop
  endfacet
  facet normal 0 0 1
    outer loop
      vertex 53.1784 53.5299 0
      vertex 54.9568 56.8221 0
      vertex 53.4297 57.7037 0
    endloop
  endfacet
  facet normal 0 0 1
    outer loop
      vertex 56.8221 54.9568 0
      vertex 53.1784 53.5299 0
      vertex 54.3393 51.932 0
    endloop
  endfacet
  facet normal 0 0 1
    outer loop
      vertex 53.4297 42.2963 0
      vertex 52.274 41.8098 0
      vertex 53.4348 42.2723 0
    endloop
  endfacet
  facet normal -0 0 1
    outer loop
      vertex 51.4678 45.4825 0
      vertex 53.4297 42.2963 0
      vertex 53.1784 46.4701 0
    endloop
  endfacet
  facet normal 0 0 1
    outer loop
      vertex 53.4297 42.2963 0
      vertex 51.4678 45.4825 0
      vertex 52.274 41.8098 0
    endloop
  endfacet
  facet normal 0 0 1
    outer loop
      vertex 50.8817 41.6135 0
      vertex 52.274 41.8098 0
      vertex 51.4678 45.4825 0
    endloop
  endfacet
  facet normal 0 0 1
    outer loop
      vertex 52.274 41.8098 0
      vertex 50.8817 41.6135 0
      vertex 50.8915 41.5832 0
    endloop
  endfacet
  facet normal -0 0 1
    outer loop
      vertex 49.5035 45.276 0
      vertex 50.8817 41.6135 0
      vertex 51.4678 45.4825 0
    endloop
  endfacet
  facet normal 0 0 1
    outer loop
      vertex 49.5035 45.276 0
      vertex 49.1183 41.6135 0
      vertex 50.8817 41.6135 0
    endloop
  endfacet
  facet normal 0 0 1
    outer loop
      vertex 48.6249 41.612 0
      vertex 49.1183 41.6135 0
      vertex 49.5035 45.276 0
    endloop
  endfacet
  facet normal 0 0 1
    outer loop
      vertex 49.1183 41.6135 0
      vertex 48.6249 41.612 0
      vertex 49.1093 41.5857 0
    endloop
  endfacet
  facet normal 0 0 1
    outer loop
      vertex 46.8538 42.1037 0
      vertex 49.5035 45.276 0
      vertex 47.625 45.8864 0
    endloop
  endfacet
  facet normal 0 0 1
    outer loop
      vertex 49.5035 45.276 0
      vertex 46.8538 42.1037 0
      vertex 48.6249 41.612 0
    endloop
  endfacet
  facet normal 0 0 1
    outer loop
      vertex 47.625 45.8864 0
      vertex 46.5703 42.2963 0
      vertex 46.8538 42.1037 0
    endloop
  endfacet
  facet normal 0 0 1
    outer loop
      vertex 45.0432 43.1779 0
      vertex 47.625 45.8864 0
      vertex 46.1572 47.208 0
    endloop
  endfacet
  facet normal 0 0 1
    outer loop
      vertex 42.2963 46.5703 0
      vertex 46.1572 47.208 0
      vertex 45.3538 49.0124 0
    endloop
  endfacet
  facet normal 0 0 1
    outer loop
      vertex 47.625 45.8864 0
      vertex 45.0432 43.1779 0
      vertex 46.5703 42.2963 0
    endloop
  endfacet
  facet normal -0 0 1
    outer loop
      vertex 42.2963 53.4297 0
      vertex 46.1572 52.792 0
      vertex 43.1779 54.9568 0
    endloop
  endfacet
  facet normal 0 0 1
    outer loop
      vertex 43.829 55.8454 0
      vertex 45.0432 56.8221 0
      vertex 45.0119 56.8502 0
    endloop
  endfacet
  facet normal -0 0 1
    outer loop
      vertex 41.9449 52.7141 0
      vertex 45.3538 50.9876 0
      vertex 42.2963 53.4297 0
    endloop
  endfacet
  facet normal 0 0 1
    outer loop
      vertex 46.1572 52.792 0
      vertex 42.2963 53.4297 0
      vertex 45.3538 50.9876 0
    endloop
  endfacet
  facet normal 0 0 1
    outer loop
      vertex 46.1572 47.208 0
      vertex 43.1779 45.0432 0
      vertex 43.829 44.1546 0
    endloop
  endfacet
  facet normal 0 0 1
    outer loop
      vertex 46.1572 47.208 0
      vertex 43.829 44.1546 0
      vertex 45.0432 43.1779 0
    endloop
  endfacet
  facet normal 0 -0 1
    outer loop
      vertex 43.1779 54.9568 0
      vertex 43.829 55.8454 0
      vertex 43.1647 54.9715 0
    endloop
  endfacet
  facet normal 0 0 1
    outer loop
      vertex 41.6135 50.8817 0
      vertex 45.3538 50.9876 0
      vertex 41.9449 52.7141 0
    endloop
  endfacet
  facet normal 0 0 1
    outer loop
      vertex 46.1572 47.208 0
      vertex 42.2963 46.5703 0
      vertex 43.1779 45.0432 0
    endloop
  endfacet
  facet normal 0 0 1
    outer loop
      vertex 41.9449 52.7141 0
      vertex 42.2963 53.4297 0
      vertex 42.2778 53.4336 0
    endloop
  endfacet
  facet normal -0 0 1
    outer loop
      vertex 41.6135 49.1183 0
      vertex 45.3538 49.0124 0
      vertex 41.6135 50.8817 0
    endloop
  endfacet
  facet normal 0 0 1
    outer loop
      vertex 45.3538 50.9876 0
      vertex 41.6135 50.8817 0
      vertex 45.3538 49.0124 0
    endloop
  endfacet
  facet normal 0 -0 1
    outer loop
      vertex 41.9449 47.2859 0
      vertex 45.3538 49.0124 0
      vertex 41.6135 49.1183 0
    endloop
  endfacet
  facet normal 0 0 1
    outer loop
      vertex 45.3538 49.0124 0
      vertex 41.9449 47.2859 0
      vertex 42.2963 46.5703 0
    endloop
  endfacet
  facet normal -0 0 1
    outer loop
      vertex 41.5498 50.919 0
      vertex 41.6135 50.8817 0
      vertex 41.9449 52.7141 0
    endloop
  endfacet
  facet normal 0 0 1
    outer loop
      vertex 41.6135 50.8817 0
      vertex 41.5498 50.919 0
      vertex 41.5498 50.9024 0
    endloop
  endfacet
  facet normal 0 0 1
    outer loop
      vertex 45.0432 43.1779 0
      vertex 43.829 44.1546 0
      vertex 45.0119 43.1498 0
    endloop
  endfacet
  facet normal 0 0 1
    outer loop
      vertex 43.829 44.1546 0
      vertex 43.1779 45.0432 0
      vertex 43.1647 45.0285 0
    endloop
  endfacet
  facet normal 0 0 1
    outer loop
      vertex 42.2963 46.5703 0
      vertex 41.9449 47.2859 0
      vertex 42.2778 46.5664 0
    endloop
  endfacet
  facet normal 0 0 1
    outer loop
      vertex 41.5498 49.081 0
      vertex 41.6135 49.1183 0
      vertex 41.5498 49.0976 0
    endloop
  endfacet
  facet normal 0 0 1
    outer loop
      vertex 41.6135 49.1183 0
      vertex 41.5498 49.081 0
      vertex 41.9449 47.2859 0
    endloop
  endfacet
  facet normal 0 0 1
    outer loop
      vertex 46.8538 57.8963 0
      vertex 46.5622 57.7417 0
      vertex 46.5703 57.7037 0
    endloop
  endfacet
  facet normal 0 0 1
    outer loop
      vertex 46.8538 42.1037 0
      vertex 46.5703 42.2963 0
      vertex 46.5622 42.2583 0
    endloop
  endfacet
  facet normal -0.81274 -0.37604 0.445026
    outer loop
      vertex 42.2778 46.5664 0
      vertex 41.9449 47.2859 0
      vertex 42.0807 46.5245 -0.395364
    endloop
  endfacet
  facet normal 0.502546 -0.741213 0.445029
    outer loop
      vertex 55.5028 43.5216 0
      vertex 54.9736 43.1628 0
      vertex 55.0943 43.0541 -0.317344
    endloop
  endfacet
  facet normal -0.239546 -0.862843 -0.445106
    outer loop
      vertex 48.544 41.1186 -7
      vertex 46.6688 41.6392 -7
      vertex 48.6249 41.612 -8
    endloop
  endfacet
  facet normal 0.144842 -0.883692 -0.445095
    outer loop
      vertex 52.274 41.8098 -8
      vertex 50.9289 41.4681 -7.75931
      vertex 50.8915 41.5832 -8
    endloop
  endfacet
  facet normal 0.144831 -0.883675 -0.445133
    outer loop
      vertex 50.9289 41.4681 -7.75931
      vertex 52.274 41.8098 -8
      vertex 52.4078 41.328 -7
    endloop
  endfacet
  facet normal 0.76752 0.46133 -0.445071
    outer loop
      vertex 57.1889 55.3642 -7.04385
      vertex 56.7668 55.144 -8
      vertex 57.1648 55.4466 -7
    endloop
  endfacet
  facet normal 0.767428 0.461487 -0.445067
    outer loop
      vertex 56.7668 55.144 -8
      vertex 57.1889 55.3642 -7.04385
      vertex 56.8564 54.995 -8
    endloop
  endfacet
  facet normal 0.890225 -0.0967883 -0.44512
    outer loop
      vertex 58.6323 49.0384 -7.52623
      vertex 58.3013 48.1728 -8
      vertex 58.4035 49.1128 -8
    endloop
  endfacet
  facet normal 0.890263 -0.0967633 -0.44505
    outer loop
      vertex 58.7896 48.0653 -7
      vertex 58.6323 49.0384 -7.52623
      vertex 58.8864 48.9559 -7
    endloop
  endfacet
  facet normal 0.890231 -0.0967985 -0.445106
    outer loop
      vertex 58.6323 49.0384 -7.52623
      vertex 58.7896 48.0653 -7
      vertex 58.3013 48.1728 -8
    endloop
  endfacet
  facet normal -0.0485501 0.894209 -0.44501
    outer loop
      vertex 49.1093 58.4143 -8
      vertex 48.6249 58.388 -8
      vertex 49.0712 58.5315 -7.76034
    endloop
  endfacet
  facet normal 0.144805 0.883702 -0.445087
    outer loop
      vertex 52.4078 58.672 -7
      vertex 50.9289 58.5319 -7.75931
      vertex 51.0469 58.895 -7
    endloop
  endfacet
  facet normal -0.579722 0.682518 -0.445075
    outer loop
      vertex 44.7166 57.1161 -7.2077
      vertex 43.466 56.1893 -7
      vertex 44.6392 57.1858 -7
    endloop
  endfacet
  facet normal -0.579709 0.682486 -0.445141
    outer loop
      vertex 43.466 56.1893 -7
      vertex 44.7166 57.1161 -7.2077
      vertex 43.829 55.8454 -8
    endloop
  endfacet
  facet normal -0.712858 0.541884 -0.445191
    outer loop
      vertex 43.0253 55.1263 -7.58821
      vertex 42.8261 55.3475 -7
      vertex 43.466 56.1893 -7
    endloop
  endfacet
  facet normal -0.874524 0.192493 -0.445144
    outer loop
      vertex 41.4711 52.8737 -7
      vertex 41.4729 50.9274 -7.84517
      vertex 41.0714 51.0578 -7
    endloop
  endfacet
  facet normal -0.874689 0.192374 -0.444872
    outer loop
      vertex 41.4729 50.9274 -7.84517
      vertex 41.4711 52.8737 -7
      vertex 41.5498 50.919 -8
    endloop
  endfacet
  facet normal -0.812703 -0.376058 -0.445078
    outer loop
      vertex 42.0807 46.5245 -7.60464
      vertex 41.4711 47.1263 -7
      vertex 41.9449 47.2859 -8
    endloop
  endfacet
  facet normal -0.812701 -0.376022 -0.445112
    outer loop
      vertex 41.4711 47.1263 -7
      vertex 42.0807 46.5245 -7.60464
      vertex 41.7792 46.4604 -7
    endloop
  endfacet
  facet normal 0.65012 0.615821 -0.445095
    outer loop
      vertex 56.7668 55.144 -8
      vertex 55.5028 56.4784 -8
      vertex 57.1648 55.4466 -7
    endloop
  endfacet
  facet normal 0.650122 0.615796 -0.445125
    outer loop
      vertex 57.1648 55.4466 -7
      vertex 55.5028 56.4784 -8
      vertex 55.8265 56.8595 -7
    endloop
  endfacet
  facet normal -0.239546 0.862843 -0.445107
    outer loop
      vertex 46.8538 57.8963 -8
      vertex 46.6688 58.3608 -7
      vertex 48.6249 58.388 -8
    endloop
  endfacet
  facet normal -0.812701 0.376022 -0.445112
    outer loop
      vertex 42.0807 53.4755 -7.60464
      vertex 41.4711 52.8737 -7
      vertex 41.7792 53.5396 -7
    endloop
  endfacet
  facet normal -0.812703 0.376058 -0.445078
    outer loop
      vertex 41.4711 52.8737 -7
      vertex 42.0807 53.4755 -7.60464
      vertex 41.9449 52.7141 -8
    endloop
  endfacet
  facet normal 0.766465 0.461754 -0.446448
    outer loop
      vertex 57.1889 55.3642 -7.04385
      vertex 57.1648 55.4466 -7
      vertex 57.2042 55.3812 -7
    endloop
  endfacet
  facet normal 0.144831 0.883675 -0.445133
    outer loop
      vertex 52.274 58.1902 -8
      vertex 50.9289 58.5319 -7.75931
      vertex 52.4078 58.672 -7
    endloop
  endfacet
  facet normal 0.144842 0.883692 -0.445095
    outer loop
      vertex 50.9289 58.5319 -7.75931
      vertex 52.274 58.1902 -8
      vertex 50.8915 58.4168 -8
    endloop
  endfacet
  facet normal 0.50253 0.741165 -0.445127
    outer loop
      vertex 55.5028 56.4784 -8
      vertex 55.3541 57.1798 -7
      vertex 55.8265 56.8595 -7
    endloop
  endfacet
  facet normal 0.502432 0.741206 -0.44517
    outer loop
      vertex 55.3541 57.1798 -7
      vertex 55.5028 56.4784 -8
      vertex 55.0943 56.9459 -7.68266
    endloop
  endfacet
  facet normal -0.579728 -0.682485 -0.445117
    outer loop
      vertex 44.7166 42.8839 -7.2077
      vertex 43.829 44.1546 -8
      vertex 45.0119 43.1498 -8
    endloop
  endfacet
  facet normal -0.239546 -0.862843 -0.445107
    outer loop
      vertex 48.6249 41.612 -8
      vertex 46.6688 41.6392 -7
      vertex 46.8538 42.1037 -8
    endloop
  endfacet
  facet normal -0.048634 -0.894117 -0.445184
    outer loop
      vertex 48.544 41.1186 -7
      vertex 49.0712 41.4685 -7.76034
      vertex 48.9503 41.0965 -7
    endloop
  endfacet
  facet normal -0.0484857 -0.894165 -0.445104
    outer loop
      vertex 49.0712 41.4685 -7.76034
      vertex 48.544 41.1186 -7
      vertex 48.6249 41.612 -8
    endloop
  endfacet
  facet normal 0.848598 -0.285938 -0.445109
    outer loop
      vertex 58.7896 48.0653 -7
      vertex 58.185 46.468 -7.12656
      vertex 58.3013 48.1728 -8
    endloop
  endfacet
  facet normal 0.848444 -0.285853 -0.445455
    outer loop
      vertex 58.185 46.468 -7.12656
      vertex 58.7896 48.0653 -7
      vertex 58.247 46.4548 -7
    endloop
  endfacet
  facet normal 0.3315 -0.831842 -0.445136
    outer loop
      vertex 52.274 41.8098 -8
      vertex 53.4689 42.1117 -7.67431
      vertex 52.4078 41.328 -7
    endloop
  endfacet
  facet normal 0.331477 -0.831953 -0.444947
    outer loop
      vertex 53.4689 42.1117 -7.67431
      vertex 52.274 41.8098 -8
      vertex 53.4348 42.2723 -8
    endloop
  endfacet
  facet normal -0.874689 -0.192374 -0.444872
    outer loop
      vertex 41.4711 47.1263 -7
      vertex 41.4729 49.0726 -7.84517
      vertex 41.5498 49.081 -8
    endloop
  endfacet
  facet normal -0.874524 -0.192493 -0.445144
    outer loop
      vertex 41.4729 49.0726 -7.84517
      vertex 41.4711 47.1263 -7
      vertex 41.0714 48.9422 -7
    endloop
  endfacet
  facet normal -0.239546 0.862843 -0.445106
    outer loop
      vertex 48.6249 58.388 -8
      vertex 46.6688 58.3608 -7
      vertex 48.544 58.8814 -7
    endloop
  endfacet
  facet normal 0.650122 -0.615796 -0.445125
    outer loop
      vertex 55.8265 43.1405 -7
      vertex 55.5028 43.5216 -8
      vertex 57.1648 44.5534 -7
    endloop
  endfacet
  facet normal -0.579728 0.682485 -0.445117
    outer loop
      vertex 45.0119 56.8502 -8
      vertex 43.829 55.8454 -8
      vertex 44.7166 57.1161 -7.2077
    endloop
  endfacet
  facet normal 0.848444 0.285853 -0.445455
    outer loop
      vertex 58.7896 51.9347 -7
      vertex 58.185 53.532 -7.12656
      vertex 58.247 53.5452 -7
    endloop
  endfacet
  facet normal 0.848598 0.285938 -0.445109
    outer loop
      vertex 58.185 53.532 -7.12656
      vertex 58.7896 51.9347 -7
      vertex 58.3013 51.8272 -8
    endloop
  endfacet
  facet normal -0.812738 -0.37604 -0.445029
    outer loop
      vertex 42.0807 46.5245 -7.60464
      vertex 41.9449 47.2859 -8
      vertex 42.2778 46.5664 -8
    endloop
  endfacet
  facet normal -0.419598 -0.791136 -0.445019
    outer loop
      vertex 46.5448 42.1762 -7.83774
      vertex 46.6688 41.6392 -7
      vertex 46.4548 41.7527 -7
    endloop
  endfacet
  facet normal -0.419369 -0.791211 -0.445101
    outer loop
      vertex 46.6688 41.6392 -7
      vertex 46.5448 42.1762 -7.83774
      vertex 46.8538 42.1037 -8
    endloop
  endfacet
  facet normal 0.848603 -0.285935 -0.445101
    outer loop
      vertex 58.185 46.468 -7.12656
      vertex 57.7575 46.5589 -8
      vertex 58.3013 48.1728 -8
    endloop
  endfacet
  facet normal -0.712904 0.541871 -0.445134
    outer loop
      vertex 43.829 55.8454 -8
      vertex 43.0253 55.1263 -7.58821
      vertex 43.466 56.1893 -7
    endloop
  endfacet
  facet normal -0.712912 0.541924 -0.445056
    outer loop
      vertex 43.0253 55.1263 -7.58821
      vertex 43.829 55.8454 -8
      vertex 43.1647 54.9715 -8
    endloop
  endfacet
  facet normal 0.890263 0.0967633 -0.44505
    outer loop
      vertex 58.6323 50.9616 -7.52623
      vertex 58.7896 51.9347 -7
      vertex 58.8864 51.0441 -7
    endloop
  endfacet
  facet normal 0.890231 0.0967985 -0.445106
    outer loop
      vertex 58.7896 51.9347 -7
      vertex 58.6323 50.9616 -7.52623
      vertex 58.3013 51.8272 -8
    endloop
  endfacet
  facet normal 0.890225 0.0967883 -0.44512
    outer loop
      vertex 58.4035 50.8872 -8
      vertex 58.3013 51.8272 -8
      vertex 58.6323 50.9616 -7.52623
    endloop
  endfacet
  facet normal 0.766465 -0.461754 -0.446448
    outer loop
      vertex 57.2042 44.6188 -7
      vertex 57.1648 44.5534 -7
      vertex 57.1889 44.6358 -7.04385
    endloop
  endfacet
  facet normal 0.65012 -0.615821 -0.445095
    outer loop
      vertex 57.1648 44.5534 -7
      vertex 55.5028 43.5216 -8
      vertex 56.7668 44.856 -8
    endloop
  endfacet
  facet normal 0.502432 -0.741206 -0.44517
    outer loop
      vertex 55.5028 43.5216 -8
      vertex 55.3541 42.8202 -7
      vertex 55.0943 43.0541 -7.68266
    endloop
  endfacet
  facet normal 0.50253 -0.741165 -0.445127
    outer loop
      vertex 55.3541 42.8202 -7
      vertex 55.5028 43.5216 -8
      vertex 55.8265 43.1405 -7
    endloop
  endfacet
  facet normal 0.331469 0.831834 -0.445175
    outer loop
      vertex 53.4689 57.8883 -7.67431
      vertex 52.4078 58.672 -7
      vertex 53.5396 58.221 -7
    endloop
  endfacet
  facet normal 0.144805 -0.883702 -0.445087
    outer loop
      vertex 51.0469 41.105 -7
      vertex 50.9289 41.4681 -7.75931
      vertex 52.4078 41.328 -7
    endloop
  endfacet
  facet normal -0.874555 0.192489 -0.445086
    outer loop
      vertex 41.5498 50.919 -8
      vertex 41.4711 52.8737 -7
      vertex 41.9449 52.7141 -8
    endloop
  endfacet
  facet normal 0.502545 -0.741211 -0.445033
    outer loop
      vertex 55.0943 43.0541 -7.68266
      vertex 54.9736 43.1628 -8
      vertex 55.5028 43.5216 -8
    endloop
  endfacet
  facet normal 0.331469 -0.831834 -0.445175
    outer loop
      vertex 53.5396 41.779 -7
      vertex 52.4078 41.328 -7
      vertex 53.4689 42.1117 -7.67431
    endloop
  endfacet
  facet normal -0.419598 0.791136 -0.445019
    outer loop
      vertex 46.6688 58.3608 -7
      vertex 46.5448 57.8238 -7.83774
      vertex 46.4548 58.2473 -7
    endloop
  endfacet
  facet normal -0.419369 0.791211 -0.445101
    outer loop
      vertex 46.5448 57.8238 -7.83774
      vertex 46.6688 58.3608 -7
      vertex 46.8538 57.8963 -8
    endloop
  endfacet
  facet normal -0.419422 0.791096 -0.445254
    outer loop
      vertex 46.5622 57.7417 -8
      vertex 46.5448 57.8238 -7.83774
      vertex 46.8538 57.8963 -8
    endloop
  endfacet
  facet normal 0.848603 0.285935 -0.445101
    outer loop
      vertex 58.3013 51.8272 -8
      vertex 57.7575 53.4411 -8
      vertex 58.185 53.532 -7.12656
    endloop
  endfacet
  facet normal -0.712912 -0.541924 -0.445056
    outer loop
      vertex 43.829 44.1546 -8
      vertex 43.0253 44.8737 -7.58821
      vertex 43.1647 45.0285 -8
    endloop
  endfacet
  facet normal -0.712904 -0.541871 -0.445134
    outer loop
      vertex 43.0253 44.8737 -7.58821
      vertex 43.829 44.1546 -8
      vertex 43.466 43.8107 -7
    endloop
  endfacet
  facet normal -0.048634 0.894117 -0.445184
    outer loop
      vertex 49.0712 58.5315 -7.76034
      vertex 48.544 58.8814 -7
      vertex 48.9503 58.9035 -7
    endloop
  endfacet
  facet normal -0.0484857 0.894165 -0.445104
    outer loop
      vertex 48.544 58.8814 -7
      vertex 49.0712 58.5315 -7.76034
      vertex 48.6249 58.388 -8
    endloop
  endfacet
  facet normal -0.0485501 -0.894209 -0.44501
    outer loop
      vertex 49.0712 41.4685 -7.76034
      vertex 48.6249 41.612 -8
      vertex 49.1093 41.5857 -8
    endloop
  endfacet
  facet normal -0.579722 -0.682518 -0.445075
    outer loop
      vertex 43.466 43.8107 -7
      vertex 44.7166 42.8839 -7.2077
      vertex 44.6392 42.8142 -7
    endloop
  endfacet
  facet normal -0.579709 -0.682486 -0.445141
    outer loop
      vertex 44.7166 42.8839 -7.2077
      vertex 43.466 43.8107 -7
      vertex 43.829 44.1546 -8
    endloop
  endfacet
  facet normal -0.874555 -0.192489 -0.445086
    outer loop
      vertex 41.9449 47.2859 -8
      vertex 41.4711 47.1263 -7
      vertex 41.5498 49.081 -8
    endloop
  endfacet
  facet normal 0.331477 0.831953 -0.444947
    outer loop
      vertex 52.274 58.1902 -8
      vertex 53.4689 57.8883 -7.67431
      vertex 53.4348 57.7277 -8
    endloop
  endfacet
  facet normal 0.3315 0.831842 -0.445136
    outer loop
      vertex 53.4689 57.8883 -7.67431
      vertex 52.274 58.1902 -8
      vertex 52.4078 58.672 -7
    endloop
  endfacet
  facet normal 0.502545 0.741211 -0.445033
    outer loop
      vertex 55.5028 56.4784 -8
      vertex 54.9736 56.8372 -8
      vertex 55.0943 56.9459 -7.68266
    endloop
  endfacet
  facet normal -0.712858 -0.541884 -0.445191
    outer loop
      vertex 43.466 43.8107 -7
      vertex 42.8261 44.6525 -7
      vertex 43.0253 44.8737 -7.58821
    endloop
  endfacet
  facet normal -0.419422 -0.791096 -0.445254
    outer loop
      vertex 46.8538 42.1037 -8
      vertex 46.5448 42.1762 -7.83774
      vertex 46.5622 42.2583 -8
    endloop
  endfacet
  facet normal -0.812738 0.37604 -0.445029
    outer loop
      vertex 42.2778 53.4336 -8
      vertex 41.9449 52.7141 -8
      vertex 42.0807 53.4755 -7.60464
    endloop
  endfacet
  facet normal 0.767428 -0.461487 -0.445067
    outer loop
      vertex 57.1889 44.6358 -7.04385
      vertex 56.7668 44.856 -8
      vertex 56.8564 45.005 -8
    endloop
  endfacet
  facet normal 0.76752 -0.46133 -0.445071
    outer loop
      vertex 56.7668 44.856 -8
      vertex 57.1889 44.6358 -7.04385
      vertex 57.1648 44.5534 -7
    endloop
  endfacet
  facet normal -0.895616 0 -0.444829
    outer loop
      vertex 41.5498 50.9024 -8
      vertex 41.4729 50.9274 -7.84517
      vertex 41.5498 50.919 -8
    endloop
  endfacet
  facet normal -0.895616 0 -0.444829
    outer loop
      vertex 41.5498 49.081 -8
      vertex 41.4729 49.0726 -7.84517
      vertex 41.5498 49.0976 -8
    endloop
  endfacet
  facet normal 0 0 -1
    outer loop
      vertex 41.9449 47.2859 -8
      vertex 47.5 50 -8
      vertex 42.2963 46.5703 -8
    endloop
  endfacet
  facet normal 0 0 -1
    outer loop
      vertex 47.5 50 -8
      vertex 42.2963 53.4297 -8
      vertex 43.1779 54.9568 -8
    endloop
  endfacet
  facet normal 0 0 -1
    outer loop
      vertex 41.9449 47.2859 -8
      vertex 42.2963 46.5703 -8
      vertex 42.2778 46.5664 -8
    endloop
  endfacet
  facet normal 0 0 -1
    outer loop
      vertex 41.6135 50.8817 -8
      vertex 47.5 50 -8
      vertex 41.6135 49.1183 -8
    endloop
  endfacet
  facet normal 0 0 -1
    outer loop
      vertex 47.5 50 -8
      vertex 41.9449 47.2859 -8
      vertex 41.6135 49.1183 -8
    endloop
  endfacet
  facet normal 0 -0 -1
    outer loop
      vertex 41.9449 52.7141 -8
      vertex 47.5 50 -8
      vertex 41.6135 50.8817 -8
    endloop
  endfacet
  facet normal 0 0 -1
    outer loop
      vertex 47.5 50 -8
      vertex 41.9449 52.7141 -8
      vertex 42.2963 53.4297 -8
    endloop
  endfacet
  facet normal 0 0 -1
    outer loop
      vertex 41.5498 49.081 -8
      vertex 41.6135 49.1183 -8
      vertex 41.9449 47.2859 -8
    endloop
  endfacet
  facet normal 0 0 -1
    outer loop
      vertex 41.6135 49.1183 -8
      vertex 41.5498 49.081 -8
      vertex 41.5498 49.0976 -8
    endloop
  endfacet
  facet normal 0 0 -1
    outer loop
      vertex 43.1779 45.0432 -8
      vertex 48.2322 48.2322 -8
      vertex 43.829 44.1546 -8
    endloop
  endfacet
  facet normal 0 0 -1
    outer loop
      vertex 47.5 50 -8
      vertex 45.0432 56.8221 -8
      vertex 46.5703 57.7037 -8
    endloop
  endfacet
  facet normal 0 0 -1
    outer loop
      vertex 43.829 44.1546 -8
      vertex 45.0432 43.1779 -8
      vertex 45.0119 43.1498 -8
    endloop
  endfacet
  facet normal -0 0 -1
    outer loop
      vertex 48.2322 48.2322 -8
      vertex 42.2963 46.5703 -8
      vertex 47.5 50 -8
    endloop
  endfacet
  facet normal 0 0 -1
    outer loop
      vertex 42.2963 46.5703 -8
      vertex 48.2322 48.2322 -8
      vertex 43.1779 45.0432 -8
    endloop
  endfacet
  facet normal 0 -0 -1
    outer loop
      vertex 43.829 55.8454 -8
      vertex 47.5 50 -8
      vertex 43.1779 54.9568 -8
    endloop
  endfacet
  facet normal 0 0 -1
    outer loop
      vertex 47.5 50 -8
      vertex 43.829 55.8454 -8
      vertex 45.0432 56.8221 -8
    endloop
  endfacet
  facet normal 0 -0 -1
    outer loop
      vertex 43.1779 45.0432 -8
      vertex 43.829 44.1546 -8
      vertex 43.1647 45.0285 -8
    endloop
  endfacet
  facet normal 0 0 -1
    outer loop
      vertex 50 52.5 -8
      vertex 46.5703 57.7037 -8
      vertex 46.8538 57.8963 -8
    endloop
  endfacet
  facet normal 0 0 -1
    outer loop
      vertex 46.8538 57.8963 -8
      vertex 46.5703 57.7037 -8
      vertex 46.5622 57.7417 -8
    endloop
  endfacet
  facet normal -0 0 -1
    outer loop
      vertex 45.0432 56.8221 -8
      vertex 43.829 55.8454 -8
      vertex 45.0119 56.8502 -8
    endloop
  endfacet
  facet normal 0 0 -1
    outer loop
      vertex 43.829 55.8454 -8
      vertex 43.1779 54.9568 -8
      vertex 43.1647 54.9715 -8
    endloop
  endfacet
  facet normal -0 0 -1
    outer loop
      vertex 42.2963 53.4297 -8
      vertex 41.9449 52.7141 -8
      vertex 42.2778 53.4336 -8
    endloop
  endfacet
  facet normal 0 0 -1
    outer loop
      vertex 41.5498 50.919 -8
      vertex 41.6135 50.8817 -8
      vertex 41.5498 50.9024 -8
    endloop
  endfacet
  facet normal 0 0 -1
    outer loop
      vertex 41.6135 50.8817 -8
      vertex 41.5498 50.919 -8
      vertex 41.9449 52.7141 -8
    endloop
  endfacet
  facet normal -0 0 -1
    outer loop
      vertex 55.5028 56.4784 -8
      vertex 51.7678 51.7678 -8
      vertex 54.9568 56.8221 -8
    endloop
  endfacet
  facet normal 0 0 -1
    outer loop
      vertex 52.274 41.8098 -8
      vertex 53.4297 42.2963 -8
      vertex 53.4348 42.2723 -8
    endloop
  endfacet
  facet normal 0 0 -1
    outer loop
      vertex 50 47.5 -8
      vertex 53.4297 42.2963 -8
      vertex 52.274 41.8098 -8
    endloop
  endfacet
  facet normal 0 0 -1
    outer loop
      vertex 54.9568 43.1779 -8
      vertex 51.7678 48.2322 -8
      vertex 52.5 50 -8
    endloop
  endfacet
  facet normal 0 0 -1
    outer loop
      vertex 50.8817 41.6135 -8
      vertex 52.274 41.8098 -8
      vertex 50.8915 41.5832 -8
    endloop
  endfacet
  facet normal 0 0 -1
    outer loop
      vertex 50 47.5 -8
      vertex 52.274 41.8098 -8
      vertex 50.8817 41.6135 -8
    endloop
  endfacet
  facet normal 0 0 -1
    outer loop
      vertex 53.4297 42.2963 -8
      vertex 50 47.5 -8
      vertex 51.7678 48.2322 -8
    endloop
  endfacet
  facet normal 0 0 -1
    outer loop
      vertex 49.1183 41.6135 -8
      vertex 50 47.5 -8
      vertex 50.8817 41.6135 -8
    endloop
  endfacet
  facet normal 0 0 -1
    outer loop
      vertex 48.6249 41.612 -8
      vertex 49.1183 41.6135 -8
      vertex 49.1093 41.5857 -8
    endloop
  endfacet
  facet normal -0 0 -1
    outer loop
      vertex 49.1183 41.6135 -8
      vertex 48.6249 41.612 -8
      vertex 50 47.5 -8
    endloop
  endfacet
  facet normal 0 0 -1
    outer loop
      vertex 46.8538 42.1037 -8
      vertex 50 47.5 -8
      vertex 48.6249 41.612 -8
    endloop
  endfacet
  facet normal -0 0 -1
    outer loop
      vertex 50 47.5 -8
      vertex 46.5703 42.2963 -8
      vertex 48.2322 48.2322 -8
    endloop
  endfacet
  facet normal 0 0 -1
    outer loop
      vertex 50 47.5 -8
      vertex 46.8538 42.1037 -8
      vertex 46.5703 42.2963 -8
    endloop
  endfacet
  facet normal 0 0 -1
    outer loop
      vertex 55.5028 43.5216 -8
      vertex 56.8221 45.0432 -8
      vertex 56.7668 44.856 -8
    endloop
  endfacet
  facet normal 0 0 -1
    outer loop
      vertex 56.7668 44.856 -8
      vertex 56.8221 45.0432 -8
      vertex 56.8564 45.005 -8
    endloop
  endfacet
  facet normal 0 0 -1
    outer loop
      vertex 52.5 50 -8
      vertex 58.3013 48.1728 -8
      vertex 57.7037 46.5703 -8
    endloop
  endfacet
  facet normal 0 0 -1
    outer loop
      vertex 58.3013 48.1728 -8
      vertex 58.3865 49.1183 -8
      vertex 58.4035 49.1128 -8
    endloop
  endfacet
  facet normal 0 0 -1
    outer loop
      vertex 58.3865 50.8817 -8
      vertex 58.3013 51.8272 -8
      vertex 58.4035 50.8872 -8
    endloop
  endfacet
  facet normal 0 0 -1
    outer loop
      vertex 58.3013 48.1728 -8
      vertex 52.5 50 -8
      vertex 58.3865 49.1183 -8
    endloop
  endfacet
  facet normal 0 0 -1
    outer loop
      vertex 57.7037 46.5703 -8
      vertex 58.3013 48.1728 -8
      vertex 57.7575 46.5589 -8
    endloop
  endfacet
  facet normal 0 0 -1
    outer loop
      vertex 58.3865 49.1183 -8
      vertex 52.5 50 -8
      vertex 58.3865 50.8817 -8
    endloop
  endfacet
  facet normal 0 0 -1
    outer loop
      vertex 52.5 50 -8
      vertex 58.3013 51.8272 -8
      vertex 58.3865 50.8817 -8
    endloop
  endfacet
  facet normal 0 0 -1
    outer loop
      vertex 58.3013 51.8272 -8
      vertex 57.7037 53.4297 -8
      vertex 57.7575 53.4411 -8
    endloop
  endfacet
  facet normal 0 0 -1
    outer loop
      vertex 52.5 50 -8
      vertex 57.7037 46.5703 -8
      vertex 56.8221 45.0432 -8
    endloop
  endfacet
  facet normal -0 0 -1
    outer loop
      vertex 58.3013 51.8272 -8
      vertex 52.5 50 -8
      vertex 57.7037 53.4297 -8
    endloop
  endfacet
  facet normal 0 0 -1
    outer loop
      vertex 56.8221 54.9568 -8
      vertex 56.7668 55.144 -8
      vertex 56.8564 54.995 -8
    endloop
  endfacet
  facet normal 0 0 -1
    outer loop
      vertex 55.5028 43.5216 -8
      vertex 52.5 50 -8
      vertex 56.8221 45.0432 -8
    endloop
  endfacet
  facet normal 0 0 -1
    outer loop
      vertex 52.5 50 -8
      vertex 55.5028 43.5216 -8
      vertex 54.9568 43.1779 -8
    endloop
  endfacet
  facet normal 0 0 -1
    outer loop
      vertex 51.7678 51.7678 -8
      vertex 57.7037 53.4297 -8
      vertex 52.5 50 -8
    endloop
  endfacet
  facet normal 0 0 -1
    outer loop
      vertex 54.9568 43.1779 -8
      vertex 55.5028 43.5216 -8
      vertex 54.9736 43.1628 -8
    endloop
  endfacet
  facet normal -0 0 -1
    outer loop
      vertex 57.7037 53.4297 -8
      vertex 51.7678 51.7678 -8
      vertex 56.8221 54.9568 -8
    endloop
  endfacet
  facet normal 0 0 -1
    outer loop
      vertex 56.8221 54.9568 -8
      vertex 55.5028 56.4784 -8
      vertex 56.7668 55.144 -8
    endloop
  endfacet
  facet normal 0 0 -1
    outer loop
      vertex 55.5028 56.4784 -8
      vertex 54.9568 56.8221 -8
      vertex 54.9736 56.8372 -8
    endloop
  endfacet
  facet normal 0 0 -1
    outer loop
      vertex 51.7678 48.2322 -8
      vertex 54.9568 43.1779 -8
      vertex 53.4297 42.2963 -8
    endloop
  endfacet
  facet normal -0 0 -1
    outer loop
      vertex 56.8221 54.9568 -8
      vertex 51.7678 51.7678 -8
      vertex 55.5028 56.4784 -8
    endloop
  endfacet
  facet normal 0 0 -1
    outer loop
      vertex 53.4297 57.7037 -8
      vertex 52.274 58.1902 -8
      vertex 53.4348 57.7277 -8
    endloop
  endfacet
  facet normal -0 0 -1
    outer loop
      vertex 54.9568 56.8221 -8
      vertex 51.7678 51.7678 -8
      vertex 53.4297 57.7037 -8
    endloop
  endfacet
  facet normal 0 0 -1
    outer loop
      vertex 50 52.5 -8
      vertex 53.4297 57.7037 -8
      vertex 51.7678 51.7678 -8
    endloop
  endfacet
  facet normal -0 0 -1
    outer loop
      vertex 53.4297 57.7037 -8
      vertex 50 52.5 -8
      vertex 52.274 58.1902 -8
    endloop
  endfacet
  facet normal 0 0 -1
    outer loop
      vertex 52.274 58.1902 -8
      vertex 50.8817 58.3865 -8
      vertex 50.8915 58.4168 -8
    endloop
  endfacet
  facet normal -0 0 -1
    outer loop
      vertex 52.274 58.1902 -8
      vertex 50 52.5 -8
      vertex 50.8817 58.3865 -8
    endloop
  endfacet
  facet normal 0 0 -1
    outer loop
      vertex 50 52.5 -8
      vertex 49.1183 58.3865 -8
      vertex 50.8817 58.3865 -8
    endloop
  endfacet
  facet normal 0 0 -1
    outer loop
      vertex 48.6249 58.388 -8
      vertex 49.1183 58.3865 -8
      vertex 50 52.5 -8
    endloop
  endfacet
  facet normal 0 0 -1
    outer loop
      vertex 49.1183 58.3865 -8
      vertex 48.6249 58.388 -8
      vertex 49.1093 58.4143 -8
    endloop
  endfacet
  facet normal 0 0 -1
    outer loop
      vertex 46.5703 57.7037 -8
      vertex 50 52.5 -8
      vertex 48.2322 51.7678 -8
    endloop
  endfacet
  facet normal 0 0 -1
    outer loop
      vertex 46.5703 57.7037 -8
      vertex 48.2322 51.7678 -8
      vertex 47.5 50 -8
    endloop
  endfacet
  facet normal 0 0 -1
    outer loop
      vertex 50 52.5 -8
      vertex 46.8538 57.8963 -8
      vertex 48.6249 58.388 -8
    endloop
  endfacet
  facet normal 0 0 -1
    outer loop
      vertex 45.0432 43.1779 -8
      vertex 48.2322 48.2322 -8
      vertex 46.5703 42.2963 -8
    endloop
  endfacet
  facet normal 0 0 -1
    outer loop
      vertex 43.829 44.1546 -8
      vertex 48.2322 48.2322 -8
      vertex 45.0432 43.1779 -8
    endloop
  endfacet
  facet normal 0 -0 -1
    outer loop
      vertex 46.5703 42.2963 -8
      vertex 46.8538 42.1037 -8
      vertex 46.5622 42.2583 -8
    endloop
  endfacet
  facet normal -0.207293 -0.978279 0.000352248
    outer loop
      vertex 57.7037 46.5703 0
      vertex 58.185 46.468 -0.873437
      vertex 57.7575 46.5589 0
    endloop
  endfacet
  facet normal -0.207905 -0.978149 0
    outer loop
      vertex 58.185 46.468 -7.12656
      vertex 58.185 46.468 -0.873437
      vertex 57.7037 46.5703 0
    endloop
  endfacet
  facet normal -0.208236 -0.978079 -0
    outer loop
      vertex 58.185 46.468 -0.873437
      vertex 58.185 46.468 -7.12656
      vertex 58.247 46.4548 -1
    endloop
  endfacet
  facet normal -0.208236 -0.978079 -0
    outer loop
      vertex 58.247 46.4548 -1
      vertex 58.185 46.468 -7.12656
      vertex 58.247 46.4548 -7
    endloop
  endfacet
  facet normal -0.207905 -0.978149 0
    outer loop
      vertex 57.7037 46.5703 -8
      vertex 58.185 46.468 -7.12656
      vertex 57.7037 46.5703 0
    endloop
  endfacet
  facet normal -0.207293 -0.978279 -0.000352247
    outer loop
      vertex 58.185 46.468 -7.12656
      vertex 57.7037 46.5703 -8
      vertex 57.7575 46.5589 -8
    endloop
  endfacet
  facet normal 0.744068 0.668103 0.000772893
    outer loop
      vertex 57.1889 44.6358 -0.956153
      vertex 56.8221 45.0432 0
      vertex 56.8564 45.005 0
    endloop
  endfacet
  facet normal 0.743167 0.669106 0
    outer loop
      vertex 56.8221 45.0432 0
      vertex 57.1889 44.6358 -0.956153
      vertex 56.8221 45.0432 -8
    endloop
  endfacet
  facet normal 0.743167 0.669106 -0
    outer loop
      vertex 57.1889 44.6358 -7.04385
      vertex 56.8221 45.0432 -8
      vertex 57.1889 44.6358 -0.956153
    endloop
  endfacet
  facet normal 0.744068 0.668103 -0.000772895
    outer loop
      vertex 56.8221 45.0432 -8
      vertex 57.1889 44.6358 -7.04385
      vertex 56.8564 45.005 -8
    endloop
  endfacet
  facet normal 0.743294 0.668965 0
    outer loop
      vertex 57.2042 44.6188 -1
      vertex 57.1889 44.6358 -7.04385
      vertex 57.1889 44.6358 -0.956153
    endloop
  endfacet
  facet normal 0.743294 0.668965 0
    outer loop
      vertex 57.1889 44.6358 -7.04385
      vertex 57.2042 44.6188 -1
      vertex 57.2042 44.6188 -7
    endloop
  endfacet
  facet normal 0.866043 -0.49997 0
    outer loop
      vertex 56.8221 45.0432 0
      vertex 57.7037 46.5703 -8
      vertex 57.7037 46.5703 0
    endloop
  endfacet
  facet normal 0.866043 -0.49997 0
    outer loop
      vertex 57.7037 46.5703 -8
      vertex 56.8221 45.0432 0
      vertex 56.8221 45.0432 -8
    endloop
  endfacet
  facet normal -0.668475 -0.743734 0.00050081
    outer loop
      vertex 54.9568 43.1779 0
      vertex 55.0943 43.0541 -0.317344
      vertex 54.9736 43.1628 0
    endloop
  endfacet
  facet normal -0.669114 -0.74316 0
    outer loop
      vertex 55.0943 43.0541 -7.68266
      vertex 55.0943 43.0541 -0.317344
      vertex 54.9568 43.1779 0
    endloop
  endfacet
  facet normal -0.669091 -0.74318 0
    outer loop
      vertex 55.0943 43.0541 -0.317344
      vertex 55.3541 42.8202 -7
      vertex 55.3541 42.8202 -1
    endloop
  endfacet
  facet normal -0.669091 -0.74318 -0
    outer loop
      vertex 55.0943 43.0541 -0.317344
      vertex 55.0943 43.0541 -7.68266
      vertex 55.3541 42.8202 -7
    endloop
  endfacet
  facet normal -0.669114 -0.74316 0
    outer loop
      vertex 54.9568 43.1779 -8
      vertex 55.0943 43.0541 -7.68266
      vertex 54.9568 43.1779 0
    endloop
  endfacet
  facet normal -0.668475 -0.743734 -0.000500816
    outer loop
      vertex 55.0943 43.0541 -7.68266
      vertex 54.9568 43.1779 -8
      vertex 54.9736 43.1628 -8
    endloop
  endfacet
  facet normal 0.978159 0.207859 -8.25907e-05
    outer loop
      vertex 53.4689 42.1117 -0.325695
      vertex 53.4297 42.2963 0
      vertex 53.4348 42.2723 0
    endloop
  endfacet
  facet normal 0.978188 0.207719 0
    outer loop
      vertex 53.4297 42.2963 0
      vertex 53.4689 42.1117 -0.325695
      vertex 53.4297 42.2963 -8
    endloop
  endfacet
  facet normal 0.978188 0.207719 -0
    outer loop
      vertex 53.4689 42.1117 -7.67431
      vertex 53.4297 42.2963 -8
      vertex 53.4689 42.1117 -0.325695
    endloop
  endfacet
  facet normal 0.978159 0.207859 8.25919e-05
    outer loop
      vertex 53.4297 42.2963 -8
      vertex 53.4689 42.1117 -7.67431
      vertex 53.4348 42.2723 -8
    endloop
  endfacet
  facet normal 0.978158 0.207862 0
    outer loop
      vertex 53.5396 41.779 -1
      vertex 53.4689 42.1117 -7.67431
      vertex 53.4689 42.1117 -0.325695
    endloop
  endfacet
  facet normal 0.978158 0.207862 0
    outer loop
      vertex 53.4689 42.1117 -7.67431
      vertex 53.5396 41.779 -1
      vertex 53.5396 41.779 -7
    endloop
  endfacet
  facet normal 0.49997 -0.866043 0
    outer loop
      vertex 53.4297 42.2963 -8
      vertex 54.9568 43.1779 0
      vertex 53.4297 42.2963 0
    endloop
  endfacet
  facet normal 0.49997 -0.866043 0
    outer loop
      vertex 54.9568 43.1779 0
      vertex 53.4297 42.2963 -8
      vertex 54.9568 43.1779 -8
    endloop
  endfacet
  facet normal -0.951471 -0.307737 0.000683638
    outer loop
      vertex 50.9289 41.4681 -7.75931
      vertex 50.8817 41.6135 -8
      vertex 50.8915 41.5832 -8
    endloop
  endfacet
  facet normal -0.951518 -0.307591 0.000780762
    outer loop
      vertex 51.0469 41.105 -7
      vertex 50.8817 41.6135 -8
      vertex 50.9289 41.4681 -7.75931
    endloop
  endfacet
  facet normal -0.951068 -0.30898 0
    outer loop
      vertex 50.8817 41.6135 -8
      vertex 51.0469 41.105 -7
      vertex 50.8817 41.6135 0
    endloop
  endfacet
  facet normal -0.951471 -0.307737 -0.000683647
    outer loop
      vertex 50.8817 41.6135 0
      vertex 50.9289 41.4681 -0.240687
      vertex 50.8915 41.5832 0
    endloop
  endfacet
  facet normal -0.951068 -0.30898 -0
    outer loop
      vertex 51.0469 41.105 -1
      vertex 50.8817 41.6135 0
      vertex 51.0469 41.105 -7
    endloop
  endfacet
  facet normal -0.951518 -0.307591 -0.000780711
    outer loop
      vertex 50.8817 41.6135 0
      vertex 51.0469 41.105 -1
      vertex 50.9289 41.4681 -0.240687
    endloop
  endfacet
  facet normal 0 -1 0
    outer loop
      vertex 49.1183 41.6135 -8
      vertex 50.8817 41.6135 0
      vertex 49.1183 41.6135 0
    endloop
  endfacet
  facet normal 0 -1 -0
    outer loop
      vertex 50.8817 41.6135 0
      vertex 49.1183 41.6135 -8
      vertex 50.8817 41.6135 -8
    endloop
  endfacet
  facet normal 0.951385 -0.308002 -0.000625452
    outer loop
      vertex 49.0712 41.4685 -0.239658
      vertex 49.1183 41.6135 0
      vertex 49.1093 41.5857 0
    endloop
  endfacet
  facet normal 0.951286 -0.308311 -0.00041935
    outer loop
      vertex 48.9503 41.0965 -1
      vertex 49.1183 41.6135 0
      vertex 49.0712 41.4685 -0.239658
    endloop
  endfacet
  facet normal 0.951048 -0.309044 0
    outer loop
      vertex 49.1183 41.6135 0
      vertex 48.9503 41.0965 -1
      vertex 49.1183 41.6135 -8
    endloop
  endfacet
  facet normal 0.951385 -0.308002 0.000625447
    outer loop
      vertex 49.1183 41.6135 -8
      vertex 49.0712 41.4685 -7.76034
      vertex 49.1093 41.5857 -8
    endloop
  endfacet
  facet normal 0.951048 -0.309044 0
    outer loop
      vertex 48.9503 41.0965 -7
      vertex 49.1183 41.6135 -8
      vertex 48.9503 41.0965 -1
    endloop
  endfacet
  facet normal 0.951286 -0.308311 0.000419371
    outer loop
      vertex 49.1183 41.6135 -8
      vertex 48.9503 41.0965 -7
      vertex 49.0712 41.4685 -7.76034
    endloop
  endfacet
  facet normal 0.668045 -0.744121 0.000742348
    outer loop
      vertex 44.7166 42.8839 -0.792303
      vertex 45.0432 43.1779 0
      vertex 45.0119 43.1498 0
    endloop
  endfacet
  facet normal 0.669177 -0.743103 0
    outer loop
      vertex 44.7166 42.8839 -7.2077
      vertex 44.7166 42.8839 -0.792303
      vertex 44.6392 42.8142 -1
    endloop
  endfacet
  facet normal 0.669177 -0.743103 0
    outer loop
      vertex 44.7166 42.8839 -7.2077
      vertex 44.6392 42.8142 -1
      vertex 44.6392 42.8142 -7
    endloop
  endfacet
  facet normal 0.66904 -0.743226 0
    outer loop
      vertex 44.7166 42.8839 -0.792303
      vertex 44.7166 42.8839 -7.2077
      vertex 45.0432 43.1779 0
    endloop
  endfacet
  facet normal 0.668045 -0.744121 -0.000742351
    outer loop
      vertex 45.0432 43.1779 -8
      vertex 44.7166 42.8839 -7.2077
      vertex 45.0119 43.1498 -8
    endloop
  endfacet
  facet normal 0.66904 -0.743226 0
    outer loop
      vertex 44.7166 42.8839 -7.2077
      vertex 45.0432 43.1779 -8
      vertex 45.0432 43.1779 0
    endloop
  endfacet
  facet normal -0.49997 -0.866043 0
    outer loop
      vertex 45.0432 43.1779 -8
      vertex 46.5703 42.2963 0
      vertex 45.0432 43.1779 0
    endloop
  endfacet
  facet normal -0.49997 -0.866043 -0
    outer loop
      vertex 46.5703 42.2963 0
      vertex 45.0432 43.1779 -8
      vertex 46.5703 42.2963 -8
    endloop
  endfacet
  facet normal -0.978028 0.208474 0.00060434
    outer loop
      vertex 46.5448 42.1762 -7.83774
      vertex 46.5703 42.2963 -8
      vertex 46.5622 42.2583 -8
    endloop
  endfacet
  facet normal -0.978276 0.207307 -0.000299045
    outer loop
      vertex 46.4548 41.7527 -7
      vertex 46.5703 42.2963 -8
      vertex 46.5448 42.1762 -7.83774
    endloop
  endfacet
  facet normal -0.978164 0.207833 0
    outer loop
      vertex 46.5703 42.2963 -8
      vertex 46.4548 41.7527 -7
      vertex 46.5703 42.2963 0
    endloop
  endfacet
  facet normal -0.978028 0.208474 -0.000604354
    outer loop
      vertex 46.5703 42.2963 0
      vertex 46.5448 42.1762 -0.162256
      vertex 46.5622 42.2583 0
    endloop
  endfacet
  facet normal -0.978164 0.207833 0
    outer loop
      vertex 46.4548 41.7527 -1
      vertex 46.5703 42.2963 0
      vertex 46.4548 41.7527 -7
    endloop
  endfacet
  facet normal -0.978276 0.207307 0.000299025
    outer loop
      vertex 46.5703 42.2963 0
      vertex 46.4548 41.7527 -1
      vertex 46.5448 42.1762 -0.162256
    endloop
  endfacet
  facet normal -0.866043 -0.49997 0
    outer loop
      vertex 43.1779 45.0432 -8
      vertex 42.2963 46.5703 0
      vertex 42.2963 46.5703 -8
    endloop
  endfacet
  facet normal -0.866043 -0.49997 0
    outer loop
      vertex 42.2963 46.5703 0
      vertex 43.1779 45.0432 -8
      vertex 43.1779 45.0432 0
    endloop
  endfacet
  facet normal -0.744049 0.668125 -0.000715371
    outer loop
      vertex 43.0253 44.8737 -7.58821
      vertex 43.1779 45.0432 -8
      vertex 43.1647 45.0285 -8
    endloop
  endfacet
  facet normal -0.743185 0.669086 0
    outer loop
      vertex 43.1779 45.0432 -8
      vertex 43.0253 44.8737 -7.58821
      vertex 43.1779 45.0432 0
    endloop
  endfacet
  facet normal -0.743185 0.669086 0
    outer loop
      vertex 43.0253 44.8737 -0.411786
      vertex 43.1779 45.0432 0
      vertex 43.0253 44.8737 -7.58821
    endloop
  endfacet
  facet normal -0.744049 0.668125 0.000715378
    outer loop
      vertex 43.1779 45.0432 0
      vertex 43.0253 44.8737 -0.411786
      vertex 43.1647 45.0285 0
    endloop
  endfacet
  facet normal -0.743094 0.669187 0
    outer loop
      vertex 42.8261 44.6525 -7
      vertex 43.0253 44.8737 -0.411786
      vertex 43.0253 44.8737 -7.58821
    endloop
  endfacet
  facet normal -0.743094 0.669187 0
    outer loop
      vertex 43.0253 44.8737 -0.411786
      vertex 42.8261 44.6525 -7
      vertex 42.8261 44.6525 -1
    endloop
  endfacet
  facet normal 0.206277 -0.978493 0.000864214
    outer loop
      vertex 42.0807 46.5245 -0.395364
      vertex 42.2963 46.5703 0
      vertex 42.2778 46.5664 0
    endloop
  endfacet
  facet normal 0.207956 -0.978138 0
    outer loop
      vertex 42.0807 46.5245 -7.60464
      vertex 42.0807 46.5245 -0.395364
      vertex 41.7792 46.4604 -1
    endloop
  endfacet
  facet normal 0.207956 -0.978138 0
    outer loop
      vertex 42.0807 46.5245 -7.60464
      vertex 41.7792 46.4604 -1
      vertex 41.7792 46.4604 -7
    endloop
  endfacet
  facet normal 0.207794 -0.978173 0
    outer loop
      vertex 42.0807 46.5245 -0.395364
      vertex 42.0807 46.5245 -7.60464
      vertex 42.2963 46.5703 0
    endloop
  endfacet
  facet normal 0.206277 -0.978493 -0.000864223
    outer loop
      vertex 42.2963 46.5703 -8
      vertex 42.0807 46.5245 -7.60464
      vertex 42.2778 46.5664 -8
    endloop
  endfacet
  facet normal 0.207794 -0.978173 0
    outer loop
      vertex 42.0807 46.5245 -7.60464
      vertex 42.2963 46.5703 -8
      vertex 42.2963 46.5703 0
    endloop
  endfacet
  facet normal -0.309052 -0.951045 -6.46056e-05
    outer loop
      vertex 41.4729 50.9274 -0.154834
      vertex 41.6135 50.8817 0
      vertex 41.5498 50.9024 0
    endloop
  endfacet
  facet normal -0.309356 -0.950946 0.000240151
    outer loop
      vertex 41.0714 51.0578 -1
      vertex 41.6135 50.8817 0
      vertex 41.4729 50.9274 -0.154834
    endloop
  endfacet
  facet normal -0.308955 -0.951077 0
    outer loop
      vertex 41.0714 51.0578 -7
      vertex 41.6135 50.8817 0
      vertex 41.0714 51.0578 -1
    endloop
  endfacet
  facet normal -0.309356 -0.950946 -0.000240142
    outer loop
      vertex 41.6135 50.8817 -8
      vertex 41.0714 51.0578 -7
      vertex 41.4729 50.9274 -7.84517
    endloop
  endfacet
  facet normal -0.309052 -0.951045 6.46073e-05
    outer loop
      vertex 41.6135 50.8817 -8
      vertex 41.4729 50.9274 -7.84517
      vertex 41.5498 50.9024 -8
    endloop
  endfacet
  facet normal -0.308955 -0.951077 0
    outer loop
      vertex 41.0714 51.0578 -7
      vertex 41.6135 50.8817 -8
      vertex 41.6135 50.8817 0
    endloop
  endfacet
  facet normal -1 0 0
    outer loop
      vertex 41.6135 49.1183 -8
      vertex 41.6135 50.8817 0
      vertex 41.6135 50.8817 -8
    endloop
  endfacet
  facet normal -1 -0 0
    outer loop
      vertex 41.6135 50.8817 0
      vertex 41.6135 49.1183 -8
      vertex 41.6135 49.1183 0
    endloop
  endfacet
  facet normal -0.309052 0.951045 -6.46056e-05
    outer loop
      vertex 41.6135 49.1183 0
      vertex 41.4729 49.0726 -0.154834
      vertex 41.5498 49.0976 0
    endloop
  endfacet
  facet normal -0.309356 0.950946 0.000240151
    outer loop
      vertex 41.6135 49.1183 0
      vertex 41.0714 48.9422 -1
      vertex 41.4729 49.0726 -0.154834
    endloop
  endfacet
  facet normal -0.308955 0.951077 0
    outer loop
      vertex 41.6135 49.1183 0
      vertex 41.0714 48.9422 -7
      vertex 41.0714 48.9422 -1
    endloop
  endfacet
  facet normal -0.308955 0.951077 0
    outer loop
      vertex 41.6135 49.1183 -8
      vertex 41.0714 48.9422 -7
      vertex 41.6135 49.1183 0
    endloop
  endfacet
  facet normal -0.309356 0.950946 -0.000240142
    outer loop
      vertex 41.0714 48.9422 -7
      vertex 41.6135 49.1183 -8
      vertex 41.4729 49.0726 -7.84517
    endloop
  endfacet
  facet normal -0.309052 0.951045 6.46073e-05
    outer loop
      vertex 41.4729 49.0726 -7.84517
      vertex 41.6135 49.1183 -8
      vertex 41.5498 49.0976 -8
    endloop
  endfacet
  facet normal -0.866043 0.49997 0
    outer loop
      vertex 42.2963 53.4297 -8
      vertex 43.1779 54.9568 0
      vertex 43.1779 54.9568 -8
    endloop
  endfacet
  facet normal -0.866043 0.49997 0
    outer loop
      vertex 43.1779 54.9568 0
      vertex 42.2963 53.4297 -8
      vertex 42.2963 53.4297 0
    endloop
  endfacet
  facet normal 0.206277 0.978493 0.000864214
    outer loop
      vertex 42.2963 53.4297 0
      vertex 42.0807 53.4755 -0.395364
      vertex 42.2778 53.4336 0
    endloop
  endfacet
  facet normal 0.207794 0.978173 -0
    outer loop
      vertex 42.0807 53.4755 -7.60464
      vertex 42.0807 53.4755 -0.395364
      vertex 42.2963 53.4297 0
    endloop
  endfacet
  facet normal 0.207956 0.978138 0
    outer loop
      vertex 42.0807 53.4755 -0.395364
      vertex 42.0807 53.4755 -7.60464
      vertex 41.7792 53.5396 -1
    endloop
  endfacet
  facet normal 0.207956 0.978138 0
    outer loop
      vertex 41.7792 53.5396 -1
      vertex 42.0807 53.4755 -7.60464
      vertex 41.7792 53.5396 -7
    endloop
  endfacet
  facet normal 0.207794 0.978173 -0
    outer loop
      vertex 42.2963 53.4297 -8
      vertex 42.0807 53.4755 -7.60464
      vertex 42.2963 53.4297 0
    endloop
  endfacet
  facet normal 0.206277 0.978493 -0.000864223
    outer loop
      vertex 42.0807 53.4755 -7.60464
      vertex 42.2963 53.4297 -8
      vertex 42.2778 53.4336 -8
    endloop
  endfacet
  facet normal -0.743094 -0.669187 0
    outer loop
      vertex 43.0253 55.1263 -7.58821
      vertex 42.8261 55.3475 -1
      vertex 42.8261 55.3475 -7
    endloop
  endfacet
  facet normal -0.743094 -0.669187 0
    outer loop
      vertex 43.0253 55.1263 -7.58821
      vertex 43.0253 55.1263 -0.411786
      vertex 42.8261 55.3475 -1
    endloop
  endfacet
  facet normal -0.744049 -0.668125 -0.000715371
    outer loop
      vertex 43.1779 54.9568 -8
      vertex 43.0253 55.1263 -7.58821
      vertex 43.1647 54.9715 -8
    endloop
  endfacet
  facet normal -0.743185 -0.669086 0
    outer loop
      vertex 43.0253 55.1263 -7.58821
      vertex 43.1779 54.9568 -8
      vertex 43.0253 55.1263 -0.411786
    endloop
  endfacet
  facet normal -0.743185 -0.669086 -0
    outer loop
      vertex 43.1779 54.9568 0
      vertex 43.0253 55.1263 -0.411786
      vertex 43.1779 54.9568 -8
    endloop
  endfacet
  facet normal -0.744049 -0.668125 0.000715378
    outer loop
      vertex 43.0253 55.1263 -0.411786
      vertex 43.1779 54.9568 0
      vertex 43.1647 54.9715 0
    endloop
  endfacet
  facet normal -0.978276 -0.207307 -0.000299045
    outer loop
      vertex 46.5703 57.7037 -8
      vertex 46.4548 58.2473 -7
      vertex 46.5448 57.8238 -7.83774
    endloop
  endfacet
  facet normal -0.978164 -0.207833 0
    outer loop
      vertex 46.4548 58.2473 -7
      vertex 46.5703 57.7037 -8
      vertex 46.4548 58.2473 -1
    endloop
  endfacet
  facet normal -0.978028 -0.208474 0.00060434
    outer loop
      vertex 46.5703 57.7037 -8
      vertex 46.5448 57.8238 -7.83774
      vertex 46.5622 57.7417 -8
    endloop
  endfacet
  facet normal -0.978164 -0.207833 -0
    outer loop
      vertex 46.5703 57.7037 0
      vertex 46.4548 58.2473 -1
      vertex 46.5703 57.7037 -8
    endloop
  endfacet
  facet normal -0.978276 -0.207307 0.000299025
    outer loop
      vertex 46.4548 58.2473 -1
      vertex 46.5703 57.7037 0
      vertex 46.5448 57.8238 -0.162256
    endloop
  endfacet
  facet normal -0.978028 -0.208474 -0.000604354
    outer loop
      vertex 46.5448 57.8238 -0.162256
      vertex 46.5703 57.7037 0
      vertex 46.5622 57.7417 0
    endloop
  endfacet
  facet normal -0.49997 0.866043 0
    outer loop
      vertex 46.5703 57.7037 -8
      vertex 45.0432 56.8221 0
      vertex 46.5703 57.7037 0
    endloop
  endfacet
  facet normal -0.49997 0.866043 0
    outer loop
      vertex 45.0432 56.8221 0
      vertex 46.5703 57.7037 -8
      vertex 45.0432 56.8221 -8
    endloop
  endfacet
  facet normal 0.668045 0.744121 0.000742348
    outer loop
      vertex 45.0432 56.8221 0
      vertex 44.7166 57.1161 -0.792303
      vertex 45.0119 56.8502 0
    endloop
  endfacet
  facet normal 0.66904 0.743226 -0
    outer loop
      vertex 44.7166 57.1161 -7.2077
      vertex 44.7166 57.1161 -0.792303
      vertex 45.0432 56.8221 0
    endloop
  endfacet
  facet normal 0.669177 0.743103 0
    outer loop
      vertex 44.7166 57.1161 -0.792303
      vertex 44.7166 57.1161 -7.2077
      vertex 44.6392 57.1858 -1
    endloop
  endfacet
  facet normal 0.669177 0.743103 0
    outer loop
      vertex 44.6392 57.1858 -1
      vertex 44.7166 57.1161 -7.2077
      vertex 44.6392 57.1858 -7
    endloop
  endfacet
  facet normal 0.66904 0.743226 -0
    outer loop
      vertex 45.0432 56.8221 -8
      vertex 44.7166 57.1161 -7.2077
      vertex 45.0432 56.8221 0
    endloop
  endfacet
  facet normal 0.668045 0.744121 -0.000742351
    outer loop
      vertex 44.7166 57.1161 -7.2077
      vertex 45.0432 56.8221 -8
      vertex 45.0119 56.8502 -8
    endloop
  endfacet
  facet normal -0.951518 0.307591 0.000780762
    outer loop
      vertex 50.8817 58.3865 -8
      vertex 51.0469 58.895 -7
      vertex 50.9289 58.5319 -7.75931
    endloop
  endfacet
  facet normal -0.951068 0.30898 0
    outer loop
      vertex 51.0469 58.895 -7
      vertex 50.8817 58.3865 -8
      vertex 51.0469 58.895 -1
    endloop
  endfacet
  facet normal -0.951471 0.307737 0.000683638
    outer loop
      vertex 50.8817 58.3865 -8
      vertex 50.9289 58.5319 -7.75931
      vertex 50.8915 58.4168 -8
    endloop
  endfacet
  facet normal -0.951068 0.30898 0
    outer loop
      vertex 50.8817 58.3865 0
      vertex 51.0469 58.895 -1
      vertex 50.8817 58.3865 -8
    endloop
  endfacet
  facet normal -0.951518 0.307591 -0.000780711
    outer loop
      vertex 51.0469 58.895 -1
      vertex 50.8817 58.3865 0
      vertex 50.9289 58.5319 -0.240687
    endloop
  endfacet
  facet normal -0.951471 0.307737 -0.000683647
    outer loop
      vertex 50.9289 58.5319 -0.240687
      vertex 50.8817 58.3865 0
      vertex 50.8915 58.4168 0
    endloop
  endfacet
  facet normal 0 1 -0
    outer loop
      vertex 50.8817 58.3865 -8
      vertex 49.1183 58.3865 0
      vertex 50.8817 58.3865 0
    endloop
  endfacet
  facet normal 0 1 0
    outer loop
      vertex 49.1183 58.3865 0
      vertex 50.8817 58.3865 -8
      vertex 49.1183 58.3865 -8
    endloop
  endfacet
  facet normal 0.951286 0.308311 -0.00041935
    outer loop
      vertex 49.1183 58.3865 0
      vertex 48.9503 58.9035 -1
      vertex 49.0712 58.5315 -0.239658
    endloop
  endfacet
  facet normal 0.951048 0.309044 0
    outer loop
      vertex 48.9503 58.9035 -1
      vertex 49.1183 58.3865 0
      vertex 48.9503 58.9035 -7
    endloop
  endfacet
  facet normal 0.951385 0.308002 -0.000625452
    outer loop
      vertex 49.1183 58.3865 0
      vertex 49.0712 58.5315 -0.239658
      vertex 49.1093 58.4143 0
    endloop
  endfacet
  facet normal 0.951048 0.309044 -0
    outer loop
      vertex 49.1183 58.3865 -8
      vertex 48.9503 58.9035 -7
      vertex 49.1183 58.3865 0
    endloop
  endfacet
  facet normal 0.951286 0.308311 0.000419371
    outer loop
      vertex 48.9503 58.9035 -7
      vertex 49.1183 58.3865 -8
      vertex 49.0712 58.5315 -7.76034
    endloop
  endfacet
  facet normal 0.951385 0.308002 0.000625447
    outer loop
      vertex 49.0712 58.5315 -7.76034
      vertex 49.1183 58.3865 -8
      vertex 49.1093 58.4143 -8
    endloop
  endfacet
  facet normal 0.978158 -0.207862 0
    outer loop
      vertex 53.4689 57.8883 -0.325695
      vertex 53.5396 58.221 -7
      vertex 53.5396 58.221 -1
    endloop
  endfacet
  facet normal 0.978158 -0.207862 0
    outer loop
      vertex 53.4689 57.8883 -0.325695
      vertex 53.4689 57.8883 -7.67431
      vertex 53.5396 58.221 -7
    endloop
  endfacet
  facet normal 0.978159 -0.207859 -8.25907e-05
    outer loop
      vertex 53.4297 57.7037 0
      vertex 53.4689 57.8883 -0.325695
      vertex 53.4348 57.7277 0
    endloop
  endfacet
  facet normal 0.978188 -0.207719 0
    outer loop
      vertex 53.4689 57.8883 -0.325695
      vertex 53.4297 57.7037 0
      vertex 53.4689 57.8883 -7.67431
    endloop
  endfacet
  facet normal 0.978188 -0.207719 0
    outer loop
      vertex 53.4297 57.7037 -8
      vertex 53.4689 57.8883 -7.67431
      vertex 53.4297 57.7037 0
    endloop
  endfacet
  facet normal 0.978159 -0.207859 8.25919e-05
    outer loop
      vertex 53.4689 57.8883 -7.67431
      vertex 53.4297 57.7037 -8
      vertex 53.4348 57.7277 -8
    endloop
  endfacet
  facet normal -0.668475 0.743734 0.00050081
    outer loop
      vertex 55.0943 56.9459 -0.317344
      vertex 54.9568 56.8221 0
      vertex 54.9736 56.8372 0
    endloop
  endfacet
  facet normal -0.669091 0.74318 0
    outer loop
      vertex 55.3541 57.1798 -7
      vertex 55.0943 56.9459 -0.317344
      vertex 55.3541 57.1798 -1
    endloop
  endfacet
  facet normal -0.669091 0.74318 0
    outer loop
      vertex 55.0943 56.9459 -7.68266
      vertex 55.0943 56.9459 -0.317344
      vertex 55.3541 57.1798 -7
    endloop
  endfacet
  facet normal -0.669114 0.74316 0
    outer loop
      vertex 55.0943 56.9459 -0.317344
      vertex 55.0943 56.9459 -7.68266
      vertex 54.9568 56.8221 0
    endloop
  endfacet
  facet normal -0.668475 0.743734 -0.000500816
    outer loop
      vertex 54.9568 56.8221 -8
      vertex 55.0943 56.9459 -7.68266
      vertex 54.9736 56.8372 -8
    endloop
  endfacet
  facet normal -0.669114 0.74316 0
    outer loop
      vertex 55.0943 56.9459 -7.68266
      vertex 54.9568 56.8221 -8
      vertex 54.9568 56.8221 0
    endloop
  endfacet
  facet normal 0.49997 0.866043 -0
    outer loop
      vertex 54.9568 56.8221 -8
      vertex 53.4297 57.7037 0
      vertex 54.9568 56.8221 0
    endloop
  endfacet
  facet normal 0.49997 0.866043 0
    outer loop
      vertex 53.4297 57.7037 0
      vertex 54.9568 56.8221 -8
      vertex 53.4297 57.7037 -8
    endloop
  endfacet
  facet normal 0.743294 -0.668965 0
    outer loop
      vertex 57.1889 55.3642 -0.956153
      vertex 57.2042 55.3812 -7
      vertex 57.2042 55.3812 -1
    endloop
  endfacet
  facet normal 0.743294 -0.668965 0
    outer loop
      vertex 57.1889 55.3642 -0.956153
      vertex 57.1889 55.3642 -7.04385
      vertex 57.2042 55.3812 -7
    endloop
  endfacet
  facet normal 0.744068 -0.668103 0.000772893
    outer loop
      vertex 56.8221 54.9568 0
      vertex 57.1889 55.3642 -0.956153
      vertex 56.8564 54.995 0
    endloop
  endfacet
  facet normal 0.743167 -0.669106 0
    outer loop
      vertex 57.1889 55.3642 -0.956153
      vertex 56.8221 54.9568 0
      vertex 57.1889 55.3642 -7.04385
    endloop
  endfacet
  facet normal 0.743167 -0.669106 0
    outer loop
      vertex 56.8221 54.9568 -8
      vertex 57.1889 55.3642 -7.04385
      vertex 56.8221 54.9568 0
    endloop
  endfacet
  facet normal 0.744068 -0.668103 -0.000772895
    outer loop
      vertex 57.1889 55.3642 -7.04385
      vertex 56.8221 54.9568 -8
      vertex 56.8564 54.995 -8
    endloop
  endfacet
  facet normal -0.207293 0.978279 0.000352248
    outer loop
      vertex 58.185 53.532 -0.873437
      vertex 57.7037 53.4297 0
      vertex 57.7575 53.4411 0
    endloop
  endfacet
  facet normal -0.208236 0.978079 0
    outer loop
      vertex 58.185 53.532 -7.12656
      vertex 58.185 53.532 -0.873437
      vertex 58.247 53.5452 -1
    endloop
  endfacet
  facet normal -0.208236 0.978079 0
    outer loop
      vertex 58.185 53.532 -7.12656
      vertex 58.247 53.5452 -1
      vertex 58.247 53.5452 -7
    endloop
  endfacet
  facet normal -0.207905 0.978149 0
    outer loop
      vertex 58.185 53.532 -0.873437
      vertex 58.185 53.532 -7.12656
      vertex 57.7037 53.4297 0
    endloop
  endfacet
  facet normal -0.207293 0.978279 -0.000352247
    outer loop
      vertex 57.7037 53.4297 -8
      vertex 58.185 53.532 -7.12656
      vertex 57.7575 53.4411 -8
    endloop
  endfacet
  facet normal -0.207905 0.978149 0
    outer loop
      vertex 58.185 53.532 -7.12656
      vertex 57.7037 53.4297 -8
      vertex 57.7037 53.4297 0
    endloop
  endfacet
  facet normal 0.866043 0.49997 0
    outer loop
      vertex 57.7037 53.4297 0
      vertex 56.8221 54.9568 -8
      vertex 56.8221 54.9568 0
    endloop
  endfacet
  facet normal 0.866043 0.49997 0
    outer loop
      vertex 56.8221 54.9568 -8
      vertex 57.7037 53.4297 0
      vertex 57.7037 53.4297 -8
    endloop
  endfacet
  facet normal 0.30782 -0.951444 -0.000756045
    outer loop
      vertex 58.3865 50.8817 0
      vertex 58.6323 50.9616 -0.473769
      vertex 58.4035 50.8872 0
    endloop
  endfacet
  facet normal 0.309139 -0.951017 0
    outer loop
      vertex 58.6323 50.9616 -7.52623
      vertex 58.6323 50.9616 -0.473769
      vertex 58.3865 50.8817 0
    endloop
  endfacet
  facet normal 0.308807 -0.951125 0
    outer loop
      vertex 58.6323 50.9616 -0.473769
      vertex 58.6323 50.9616 -7.52623
      vertex 58.8864 51.0441 -1
    endloop
  endfacet
  facet normal 0.308807 -0.951125 0
    outer loop
      vertex 58.8864 51.0441 -1
      vertex 58.6323 50.9616 -7.52623
      vertex 58.8864 51.0441 -7
    endloop
  endfacet
  facet normal 0.309139 -0.951017 0
    outer loop
      vertex 58.3865 50.8817 -8
      vertex 58.6323 50.9616 -7.52623
      vertex 58.3865 50.8817 0
    endloop
  endfacet
  facet normal 0.30782 -0.951444 0.000756044
    outer loop
      vertex 58.6323 50.9616 -7.52623
      vertex 58.3865 50.8817 -8
      vertex 58.4035 50.8872 -8
    endloop
  endfacet
  facet normal 0.30782 0.951444 -0.000756045
    outer loop
      vertex 58.6323 49.0384 -0.473769
      vertex 58.3865 49.1183 0
      vertex 58.4035 49.1128 0
    endloop
  endfacet
  facet normal 0.308807 0.951125 -0
    outer loop
      vertex 58.6323 49.0384 -7.52623
      vertex 58.6323 49.0384 -0.473769
      vertex 58.8864 48.9559 -1
    endloop
  endfacet
  facet normal 0.308807 0.951125 0
    outer loop
      vertex 58.6323 49.0384 -7.52623
      vertex 58.8864 48.9559 -1
      vertex 58.8864 48.9559 -7
    endloop
  endfacet
  facet normal 0.309139 0.951017 0
    outer loop
      vertex 58.6323 49.0384 -0.473769
      vertex 58.6323 49.0384 -7.52623
      vertex 58.3865 49.1183 0
    endloop
  endfacet
  facet normal 0.30782 0.951444 0.000756044
    outer loop
      vertex 58.3865 49.1183 -8
      vertex 58.6323 49.0384 -7.52623
      vertex 58.4035 49.1128 -8
    endloop
  endfacet
  facet normal 0.309139 0.951017 0
    outer loop
      vertex 58.6323 49.0384 -7.52623
      vertex 58.3865 49.1183 -8
      vertex 58.3865 49.1183 0
    endloop
  endfacet
  facet normal 1 -0 0
    outer loop
      vertex 58.3865 49.1183 0
      vertex 58.3865 50.8817 -8
      vertex 58.3865 50.8817 0
    endloop
  endfacet
  facet normal 1 0 0
    outer loop
      vertex 58.3865 50.8817 -8
      vertex 58.3865 49.1183 0
      vertex 58.3865 49.1183 -8
    endloop
  endfacet
  facet normal 0.923899 -0.382637 0
    outer loop
      vertex 48.0783 51.3962 -2.37467
      vertex 48.2322 51.7678 -8
      vertex 48.2322 51.7678 -2.19765
    endloop
  endfacet
  facet normal 0.923888 -0.382663 -2.0188e-06
    outer loop
      vertex 47.7023 50.4884 -2.40097
      vertex 48.2322 51.7678 -8
      vertex 48.0783 51.3962 -2.37467
    endloop
  endfacet
  facet normal 0.923881 -0.38268 0
    outer loop
      vertex 47.5 50 -8
      vertex 47.7023 50.4884 -2.40097
      vertex 47.5 50 -2.19415
    endloop
  endfacet
  facet normal 0.923888 -0.382663 -1.81642e-06
    outer loop
      vertex 47.7023 50.4884 -2.40097
      vertex 47.5 50 -8
      vertex 48.2322 51.7678 -8
    endloop
  endfacet
  facet normal -0.382625 0.923904 -5.52573e-06
    outer loop
      vertex 51.6395 48.1791 -2.29976
      vertex 51.7678 48.2322 -8
      vertex 50.7159 47.7966 -2.43316
    endloop
  endfacet
  facet normal -0.382415 0.923991 0
    outer loop
      vertex 51.7678 48.2322 -8
      vertex 51.6395 48.1791 -2.29976
      vertex 51.7678 48.2322 -2.22561
    endloop
  endfacet
  facet normal -0.382663 0.923888 -1.38474e-05
    outer loop
      vertex 50 47.5 -8
      vertex 50.7159 47.7966 -2.43316
      vertex 51.7678 48.2322 -8
    endloop
  endfacet
  facet normal -0.382754 0.92385 0
    outer loop
      vertex 50.7159 47.7966 -2.43316
      vertex 50 47.5 -8
      vertex 50 47.5 -2.20815
    endloop
  endfacet
  facet normal -0.923872 0.382702 0
    outer loop
      vertex 52.5 50 -8
      vertex 52.1107 49.0602 -2.43951
      vertex 52.5 50 -2.25
    endloop
  endfacet
  facet normal -0.923888 0.382663 -7.79914e-06
    outer loop
      vertex 51.7678 48.2322 -8
      vertex 52.1107 49.0602 -2.43951
      vertex 52.5 50 -8
    endloop
  endfacet
  facet normal -0.923907 0.382618 0
    outer loop
      vertex 52.1107 49.0602 -2.43951
      vertex 51.7678 48.2322 -8
      vertex 51.7678 48.2322 -2.22561
    endloop
  endfacet
  facet normal -0.923907 -0.382618 0
    outer loop
      vertex 51.7678 51.7678 -8
      vertex 52.1107 50.9398 -2.43951
      vertex 51.7678 51.7678 -2.22561
    endloop
  endfacet
  facet normal -0.923888 -0.382663 -7.79914e-06
    outer loop
      vertex 52.5 50 -8
      vertex 52.1107 50.9398 -2.43951
      vertex 51.7678 51.7678 -8
    endloop
  endfacet
  facet normal -0.923872 -0.382702 0
    outer loop
      vertex 52.1107 50.9398 -2.43951
      vertex 52.5 50 -8
      vertex 52.5 50 -2.25
    endloop
  endfacet
  facet normal 0.382591 -0.923918 0
    outer loop
      vertex 48.2322 51.7678 -2.19765
      vertex 48.2322 51.7678 -8
      vertex 48.8352 52.0175 -2.42037
    endloop
  endfacet
  facet normal 0.382663 -0.923888 -9.07996e-06
    outer loop
      vertex 50 52.5 -8
      vertex 48.8352 52.0175 -2.42037
      vertex 48.2322 51.7678 -8
    endloop
  endfacet
  facet normal 0.382703 -0.923871 8.65706e-07
    outer loop
      vertex 48.8352 52.0175 -2.42037
      vertex 50 52.5 -8
      vertex 49.7482 52.3957 -2.3411
    endloop
  endfacet
  facet normal 0.382687 -0.923878 0
    outer loop
      vertex 49.7482 52.3957 -2.3411
      vertex 50 52.5 -8
      vertex 50 52.5 -2.20815
    endloop
  endfacet
  facet normal 0.923881 0.38268 0
    outer loop
      vertex 47.7023 49.5116 -2.40097
      vertex 47.5 50 -8
      vertex 47.5 50 -2.19415
    endloop
  endfacet
  facet normal 0.923888 0.382663 -2.0188e-06
    outer loop
      vertex 48.2322 48.2322 -8
      vertex 47.7023 49.5116 -2.40097
      vertex 48.0783 48.6038 -2.37467
    endloop
  endfacet
  facet normal 0.923899 0.382637 -0
    outer loop
      vertex 48.2322 48.2322 -8
      vertex 48.0783 48.6038 -2.37467
      vertex 48.2322 48.2322 -2.19765
    endloop
  endfacet
  facet normal 0.923888 0.382663 -1.81642e-06
    outer loop
      vertex 47.7023 49.5116 -2.40097
      vertex 48.2322 48.2322 -8
      vertex 47.5 50 -8
    endloop
  endfacet
  facet normal -0.382754 -0.92385 -0
    outer loop
      vertex 50 52.5 -2.20815
      vertex 50 52.5 -8
      vertex 50.7159 52.2034 -2.43316
    endloop
  endfacet
  facet normal -0.382663 -0.923888 -1.38474e-05
    outer loop
      vertex 51.7678 51.7678 -8
      vertex 50.7159 52.2034 -2.43316
      vertex 50 52.5 -8
    endloop
  endfacet
  facet normal -0.382625 -0.923904 -5.52573e-06
    outer loop
      vertex 50.7159 52.2034 -2.43316
      vertex 51.7678 51.7678 -8
      vertex 51.6395 51.8209 -2.29976
    endloop
  endfacet
  facet normal -0.382415 -0.923991 0
    outer loop
      vertex 51.6395 51.8209 -2.29976
      vertex 51.7678 51.7678 -8
      vertex 51.7678 51.7678 -2.22561
    endloop
  endfacet
  facet normal 0.382703 0.923871 8.65706e-07
    outer loop
      vertex 49.7482 47.6043 -2.3411
      vertex 50 47.5 -8
      vertex 48.8352 47.9825 -2.42037
    endloop
  endfacet
  facet normal 0.382687 0.923878 -0
    outer loop
      vertex 50 47.5 -8
      vertex 49.7482 47.6043 -2.3411
      vertex 50 47.5 -2.20815
    endloop
  endfacet
  facet normal 0.382663 0.923888 -9.07996e-06
    outer loop
      vertex 48.2322 48.2322 -8
      vertex 48.8352 47.9825 -2.42037
      vertex 50 47.5 -8
    endloop
  endfacet
  facet normal 0.382591 0.923918 0
    outer loop
      vertex 48.8352 47.9825 -2.42037
      vertex 48.2322 48.2322 -8
      vertex 48.2322 48.2322 -2.19765
    endloop
  endfacet
  facet normal -0.699251 0.148645 0.699251
    outer loop
      vertex 52.5 50 -2.25
      vertex 54.3393 48.068 0
      vertex 54.75 50 0
    endloop
  endfacet
  facet normal -0.699248 0.148651 0.699253
    outer loop
      vertex 54.3393 48.068 0
      vertex 52.5 50 -2.25
      vertex 52.1107 49.0602 -2.43951
    endloop
  endfacet
  facet normal 0.714875 3.02002e-07 0.699252
    outer loop
      vertex 45.3538 50.9876 0
      vertex 47.5 50 -2.19415
      vertex 47.7023 50.4884 -2.40097
    endloop
  endfacet
  facet normal 0.714875 -0 0.699252
    outer loop
      vertex 45.3538 49.0124 0
      vertex 47.5 50 -2.19415
      vertex 45.3538 50.9876 0
    endloop
  endfacet
  facet normal 0.714875 -3.02002e-07 0.699252
    outer loop
      vertex 47.5 50 -2.19415
      vertex 45.3538 49.0124 0
      vertex 47.7023 49.5116 -2.40097
    endloop
  endfacet
  facet normal -0.0747403 0.710956 0.699254
    outer loop
      vertex 51.4678 45.4825 0
      vertex 50 47.5 -2.20815
      vertex 49.5035 45.276 0
    endloop
  endfacet
  facet normal -0.0747667 0.710945 0.699262
    outer loop
      vertex 50 47.5 -2.20815
      vertex 51.4678 45.4825 0
      vertex 50.7159 47.7966 -2.43316
    endloop
  endfacet
  facet normal -0.074717 0.710954 0.699258
    outer loop
      vertex 49.5035 45.276 0
      vertex 50 47.5 -2.20815
      vertex 49.7482 47.6043 -2.3411
    endloop
  endfacet
  facet normal 0.653074 0.290754 0.699254
    outer loop
      vertex 45.3538 49.0124 0
      vertex 48.0783 48.6038 -2.37467
      vertex 47.7023 49.5116 -2.40097
    endloop
  endfacet
  facet normal 0.653071 0.290777 0.699247
    outer loop
      vertex 48.0783 48.6038 -2.37467
      vertex 45.3538 49.0124 0
      vertex 46.1572 47.208 0
    endloop
  endfacet
  facet normal -0.0747403 -0.710956 0.699254
    outer loop
      vertex 49.5035 54.724 0
      vertex 50 52.5 -2.20815
      vertex 51.4678 54.5175 0
    endloop
  endfacet
  facet normal -0.074717 -0.710954 0.699258
    outer loop
      vertex 50 52.5 -2.20815
      vertex 49.5035 54.724 0
      vertex 49.7482 52.3957 -2.3411
    endloop
  endfacet
  facet normal -0.0747667 -0.710945 0.699262
    outer loop
      vertex 51.4678 54.5175 0
      vertex 50 52.5 -2.20815
      vertex 50.7159 52.2034 -2.43316
    endloop
  endfacet
  facet normal -0.578369 0.42016 0.699253
    outer loop
      vertex 51.7678 48.2322 -2.22561
      vertex 54.3393 48.068 0
      vertex 52.1107 49.0602 -2.43951
    endloop
  endfacet
  facet normal -0.578359 0.420187 0.699245
    outer loop
      vertex 54.3393 48.068 0
      vertex 51.7678 48.2322 -2.22561
      vertex 53.1784 46.4701 0
    endloop
  endfacet
  facet normal -0.578145 0.420412 0.699287
    outer loop
      vertex 53.1784 46.4701 0
      vertex 51.7678 48.2322 -2.22561
      vertex 51.6395 48.1791 -2.29976
    endloop
  endfacet
  facet normal 0.653071 -0.290777 0.699247
    outer loop
      vertex 45.3538 50.9876 0
      vertex 48.0783 51.3962 -2.37467
      vertex 46.1572 52.792 0
    endloop
  endfacet
  facet normal 0.653074 -0.290754 0.699254
    outer loop
      vertex 48.0783 51.3962 -2.37467
      vertex 45.3538 50.9876 0
      vertex 47.7023 50.4884 -2.40097
    endloop
  endfacet
  facet normal 0.478283 0.531298 0.699262
    outer loop
      vertex 48.2322 48.2322 -2.19765
      vertex 47.625 45.8864 0
      vertex 48.8352 47.9825 -2.42037
    endloop
  endfacet
  facet normal 0.478376 0.531227 0.699253
    outer loop
      vertex 46.1572 47.208 0
      vertex 48.2322 48.2322 -2.19765
      vertex 48.0783 48.6038 -2.37467
    endloop
  endfacet
  facet normal 0.478348 0.531264 0.699244
    outer loop
      vertex 48.2322 48.2322 -2.19765
      vertex 46.1572 47.208 0
      vertex 47.625 45.8864 0
    endloop
  endfacet
  facet normal 0.220921 0.67988 0.699255
    outer loop
      vertex 47.625 45.8864 0
      vertex 49.7482 47.6043 -2.3411
      vertex 48.8352 47.9825 -2.42037
    endloop
  endfacet
  facet normal 0.22092 0.67988 0.699254
    outer loop
      vertex 49.7482 47.6043 -2.3411
      vertex 47.625 45.8864 0
      vertex 49.5035 45.276 0
    endloop
  endfacet
  facet normal -0.699251 -0.148645 0.699251
    outer loop
      vertex 54.3393 51.932 0
      vertex 52.5 50 -2.25
      vertex 54.75 50 0
    endloop
  endfacet
  facet normal -0.699248 -0.148651 0.699253
    outer loop
      vertex 52.5 50 -2.25
      vertex 54.3393 51.932 0
      vertex 52.1107 50.9398 -2.43951
    endloop
  endfacet
  facet normal -0.578359 -0.420187 0.699245
    outer loop
      vertex 51.7678 51.7678 -2.22561
      vertex 54.3393 51.932 0
      vertex 53.1784 53.5299 0
    endloop
  endfacet
  facet normal -0.578369 -0.42016 0.699253
    outer loop
      vertex 54.3393 51.932 0
      vertex 51.7678 51.7678 -2.22561
      vertex 52.1107 50.9398 -2.43951
    endloop
  endfacet
  facet normal -0.578145 -0.420412 0.699287
    outer loop
      vertex 51.7678 51.7678 -2.22561
      vertex 53.1784 53.5299 0
      vertex 51.6395 51.8209 -2.29976
    endloop
  endfacet
  facet normal -0.357435 0.619105 0.69925
    outer loop
      vertex 51.6395 48.1791 -2.29976
      vertex 51.4678 45.4825 0
      vertex 53.1784 46.4701 0
    endloop
  endfacet
  facet normal -0.357397 0.619113 0.699262
    outer loop
      vertex 51.4678 45.4825 0
      vertex 51.6395 48.1791 -2.29976
      vertex 50.7159 47.7966 -2.43316
    endloop
  endfacet
  facet normal -0.357435 -0.619105 0.69925
    outer loop
      vertex 51.4678 54.5175 0
      vertex 51.6395 51.8209 -2.29976
      vertex 53.1784 53.5299 0
    endloop
  endfacet
  facet normal -0.357397 -0.619113 0.699262
    outer loop
      vertex 51.6395 51.8209 -2.29976
      vertex 51.4678 54.5175 0
      vertex 50.7159 52.2034 -2.43316
    endloop
  endfacet
  facet normal 0.22092 -0.67988 0.699254
    outer loop
      vertex 47.625 54.1136 0
      vertex 49.7482 52.3957 -2.3411
      vertex 49.5035 54.724 0
    endloop
  endfacet
  facet normal 0.220921 -0.67988 0.699255
    outer loop
      vertex 49.7482 52.3957 -2.3411
      vertex 47.625 54.1136 0
      vertex 48.8352 52.0175 -2.42037
    endloop
  endfacet
  facet normal 0.478283 -0.531298 0.699262
    outer loop
      vertex 47.625 54.1136 0
      vertex 48.2322 51.7678 -2.19765
      vertex 48.8352 52.0175 -2.42037
    endloop
  endfacet
  facet normal 0.478348 -0.531264 0.699244
    outer loop
      vertex 46.1572 52.792 0
      vertex 48.2322 51.7678 -2.19765
      vertex 47.625 54.1136 0
    endloop
  endfacet
  facet normal 0.478376 -0.531227 0.699253
    outer loop
      vertex 48.2322 51.7678 -2.19765
      vertex 46.1572 52.792 0
      vertex 48.0783 51.3962 -2.37467
    endloop
  endfacet
  facet normal 0.947656 -0.319294 0
    outer loop
      vertex 58.247 -3.54515 -1
      vertex 58.7896 -1.93473 -7
      vertex 58.7896 -1.93473 -1
    endloop
  endfacet
  facet normal 0.947656 -0.319294 0
    outer loop
      vertex 58.7896 -1.93473 -7
      vertex 58.247 -3.54515 -1
      vertex 58.247 -3.54515 -7
    endloop
  endfacet
  facet normal 0.994145 -0.108054 0
    outer loop
      vertex 58.7896 -1.93473 -1
      vertex 58.8864 -1.04413 -7
      vertex 58.8864 -1.04413 -1
    endloop
  endfacet
  facet normal 0.994145 -0.108054 0
    outer loop
      vertex 58.8864 -1.04413 -7
      vertex 58.7896 -1.93473 -1
      vertex 58.7896 -1.93473 -7
    endloop
  endfacet
  facet normal 0.947656 0.319294 0
    outer loop
      vertex 58.7896 1.93473 -1
      vertex 58.247 3.54515 -7
      vertex 58.247 3.54515 -1
    endloop
  endfacet
  facet normal 0.947656 0.319294 0
    outer loop
      vertex 58.247 3.54515 -7
      vertex 58.7896 1.93473 -1
      vertex 58.7896 1.93473 -7
    endloop
  endfacet
  facet normal 0.370159 -0.928968 0
    outer loop
      vertex 52.4078 -8.67195 -7
      vertex 53.5396 -8.22097 -1
      vertex 52.4078 -8.67195 -1
    endloop
  endfacet
  facet normal 0.370159 -0.928968 0
    outer loop
      vertex 53.5396 -8.22097 -1
      vertex 52.4078 -8.67195 -7
      vertex 53.5396 -8.22097 -7
    endloop
  endfacet
  facet normal -0.976621 -0.214967 0
    outer loop
      vertex 41.4711 -2.87371 -7
      vertex 41.0714 -1.05782 -1
      vertex 41.0714 -1.05782 -7
    endloop
  endfacet
  facet normal -0.976621 -0.214967 0
    outer loop
      vertex 41.0714 -1.05782 -1
      vertex 41.4711 -2.87371 -7
      vertex 41.4711 -2.87371 -1
    endloop
  endfacet
  facet normal 0.726011 -0.687683 0
    outer loop
      vertex 55.8265 -6.85946 -1
      vertex 57.1648 -5.44657 -7
      vertex 57.1648 -5.44657 -1
    endloop
  endfacet
  facet normal 0.726011 -0.687683 0
    outer loop
      vertex 57.1648 -5.44657 -7
      vertex 55.8265 -6.85946 -1
      vertex 55.8265 -6.85946 -7
    endloop
  endfacet
  facet normal 0.161776 -0.986827 0
    outer loop
      vertex 51.0469 -8.89505 -7
      vertex 52.4078 -8.67195 -1
      vertex 51.0469 -8.89505 -1
    endloop
  endfacet
  facet normal 0.161776 -0.986827 0
    outer loop
      vertex 52.4078 -8.67195 -1
      vertex 51.0469 -8.89505 -7
      vertex 52.4078 -8.67195 -7
    endloop
  endfacet
  facet normal -0.647384 0.762164 0
    outer loop
      vertex 44.6392 7.18581 -7
      vertex 43.466 6.18929 -1
      vertex 44.6392 7.18581 -1
    endloop
  endfacet
  facet normal -0.647384 0.762164 0
    outer loop
      vertex 43.466 6.18929 -1
      vertex 44.6392 7.18581 -7
      vertex 43.466 6.18929 -7
    endloop
  endfacet
  facet normal -0.0541415 0.998533 0
    outer loop
      vertex 48.9503 8.90347 -7
      vertex 48.544 8.88144 -1
      vertex 48.9503 8.90347 -1
    endloop
  endfacet
  facet normal -0.0541415 0.998533 0
    outer loop
      vertex 48.544 8.88144 -1
      vertex 48.9503 8.90347 -7
      vertex 48.544 8.88144 -7
    endloop
  endfacet
  facet normal 0.856532 0.516094 0
    outer loop
      vertex 57.2042 5.38118 -1
      vertex 57.1648 5.44657 -7
      vertex 57.1648 5.44657 -1
    endloop
  endfacet
  facet normal 0.856532 0.516094 0
    outer loop
      vertex 57.1648 5.44657 -7
      vertex 57.2042 5.38118 -1
      vertex 57.2042 5.38118 -7
    endloop
  endfacet
  facet normal -0.976621 0.214967 0
    outer loop
      vertex 41.0714 1.05782 -7
      vertex 41.4711 2.87371 -1
      vertex 41.4711 2.87371 -7
    endloop
  endfacet
  facet normal -0.976621 0.214967 0
    outer loop
      vertex 41.4711 2.87371 -1
      vertex 41.0714 1.05782 -7
      vertex 41.0714 1.05782 -1
    endloop
  endfacet
  facet normal -0.647384 -0.762164 0
    outer loop
      vertex 43.466 -6.18929 -7
      vertex 44.6392 -7.18581 -1
      vertex 43.466 -6.18929 -1
    endloop
  endfacet
  facet normal -0.647384 -0.762164 -0
    outer loop
      vertex 44.6392 -7.18581 -1
      vertex 43.466 -6.18929 -7
      vertex 44.6392 -7.18581 -7
    endloop
  endfacet
  facet normal 0.561193 0.827685 -0
    outer loop
      vertex 55.8265 6.85946 -7
      vertex 55.3541 7.17976 -1
      vertex 55.8265 6.85946 -1
    endloop
  endfacet
  facet normal 0.561193 0.827685 0
    outer loop
      vertex 55.3541 7.17976 -1
      vertex 55.8265 6.85946 -7
      vertex 55.3541 7.17976 -7
    endloop
  endfacet
  facet normal -0.26753 0.96355 0
    outer loop
      vertex 48.544 8.88144 -7
      vertex 46.6688 8.36079 -1
      vertex 48.544 8.88144 -1
    endloop
  endfacet
  facet normal -0.26753 0.96355 0
    outer loop
      vertex 46.6688 8.36079 -1
      vertex 48.544 8.88144 -7
      vertex 46.6688 8.36079 -7
    endloop
  endfacet
  facet normal -0.907559 0.419924 0
    outer loop
      vertex 41.4711 2.87371 -7
      vertex 41.7792 3.53959 -1
      vertex 41.7792 3.53959 -7
    endloop
  endfacet
  facet normal -0.907559 0.419924 0
    outer loop
      vertex 41.7792 3.53959 -1
      vertex 41.4711 2.87371 -7
      vertex 41.4711 2.87371 -1
    endloop
  endfacet
  facet normal -0.796095 0.605172 0
    outer loop
      vertex 42.8261 5.34751 -7
      vertex 43.466 6.18929 -1
      vertex 43.466 6.18929 -7
    endloop
  endfacet
  facet normal -0.796095 0.605172 0
    outer loop
      vertex 43.466 6.18929 -1
      vertex 42.8261 5.34751 -7
      vertex 42.8261 5.34751 -1
    endloop
  endfacet
  facet normal -0.26753 -0.96355 0
    outer loop
      vertex 46.6688 -8.36079 -7
      vertex 48.544 -8.88144 -1
      vertex 46.6688 -8.36079 -1
    endloop
  endfacet
  facet normal -0.26753 -0.96355 -0
    outer loop
      vertex 48.544 -8.88144 -1
      vertex 46.6688 -8.36079 -7
      vertex 48.544 -8.88144 -7
    endloop
  endfacet
  facet normal 0.994145 0.108054 0
    outer loop
      vertex 58.8864 1.04413 -1
      vertex 58.7896 1.93473 -7
      vertex 58.7896 1.93473 -1
    endloop
  endfacet
  facet normal 0.994145 0.108054 0
    outer loop
      vertex 58.7896 1.93473 -7
      vertex 58.8864 1.04413 -1
      vertex 58.8864 1.04413 -7
    endloop
  endfacet
  facet normal -0.46839 -0.883522 0
    outer loop
      vertex 46.4548 -8.24734 -7
      vertex 46.6688 -8.36079 -1
      vertex 46.4548 -8.24734 -1
    endloop
  endfacet
  facet normal -0.46839 -0.883522 -0
    outer loop
      vertex 46.6688 -8.36079 -1
      vertex 46.4548 -8.24734 -7
      vertex 46.6688 -8.36079 -7
    endloop
  endfacet
  facet normal 0.561193 -0.827685 0
    outer loop
      vertex 55.3541 -7.17976 -7
      vertex 55.8265 -6.85946 -1
      vertex 55.3541 -7.17976 -1
    endloop
  endfacet
  facet normal 0.561193 -0.827685 0
    outer loop
      vertex 55.8265 -6.85946 -1
      vertex 55.3541 -7.17976 -7
      vertex 55.8265 -6.85946 -7
    endloop
  endfacet
  facet normal 0.856532 -0.516094 0
    outer loop
      vertex 57.1648 -5.44657 -1
      vertex 57.2042 -5.38118 -7
      vertex 57.2042 -5.38118 -1
    endloop
  endfacet
  facet normal 0.856532 -0.516094 0
    outer loop
      vertex 57.2042 -5.38118 -7
      vertex 57.1648 -5.44657 -1
      vertex 57.1648 -5.44657 -7
    endloop
  endfacet
  facet normal -0.46839 0.883522 0
    outer loop
      vertex 46.6688 8.36079 -7
      vertex 46.4548 8.24734 -1
      vertex 46.6688 8.36079 -1
    endloop
  endfacet
  facet normal -0.46839 0.883522 0
    outer loop
      vertex 46.4548 8.24734 -1
      vertex 46.6688 8.36079 -7
      vertex 46.4548 8.24734 -7
    endloop
  endfacet
  facet normal 0.161776 0.986827 -0
    outer loop
      vertex 52.4078 8.67195 -7
      vertex 51.0469 8.89505 -1
      vertex 52.4078 8.67195 -1
    endloop
  endfacet
  facet normal 0.161776 0.986827 0
    outer loop
      vertex 51.0469 8.89505 -1
      vertex 52.4078 8.67195 -7
      vertex 51.0469 8.89505 -7
    endloop
  endfacet
  facet normal 0.726011 0.687683 0
    outer loop
      vertex 57.1648 5.44657 -1
      vertex 55.8265 6.85946 -7
      vertex 55.8265 6.85946 -1
    endloop
  endfacet
  facet normal 0.726011 0.687683 0
    outer loop
      vertex 55.8265 6.85946 -7
      vertex 57.1648 5.44657 -1
      vertex 57.1648 5.44657 -7
    endloop
  endfacet
  facet normal 0.370159 0.928968 -0
    outer loop
      vertex 53.5396 8.22097 -7
      vertex 52.4078 8.67195 -1
      vertex 53.5396 8.22097 -1
    endloop
  endfacet
  facet normal 0.370159 0.928968 0
    outer loop
      vertex 52.4078 8.67195 -1
      vertex 53.5396 8.22097 -7
      vertex 52.4078 8.67195 -7
    endloop
  endfacet
  facet normal -0.907559 -0.419924 0
    outer loop
      vertex 41.7792 -3.53959 -7
      vertex 41.4711 -2.87371 -1
      vertex 41.4711 -2.87371 -7
    endloop
  endfacet
  facet normal -0.907559 -0.419924 0
    outer loop
      vertex 41.4711 -2.87371 -1
      vertex 41.7792 -3.53959 -7
      vertex 41.7792 -3.53959 -1
    endloop
  endfacet
  facet normal -0.0541415 -0.998533 0
    outer loop
      vertex 48.544 -8.88144 -7
      vertex 48.9503 -8.90347 -1
      vertex 48.544 -8.88144 -1
    endloop
  endfacet
  facet normal -0.0541415 -0.998533 -0
    outer loop
      vertex 48.9503 -8.90347 -1
      vertex 48.544 -8.88144 -7
      vertex 48.9503 -8.90347 -7
    endloop
  endfacet
  facet normal -0.796095 -0.605172 0
    outer loop
      vertex 43.466 -6.18929 -7
      vertex 42.8261 -5.34751 -1
      vertex 42.8261 -5.34751 -7
    endloop
  endfacet
  facet normal -0.796095 -0.605172 0
    outer loop
      vertex 42.8261 -5.34751 -1
      vertex 43.466 -6.18929 -7
      vertex 43.466 -6.18929 -1
    endloop
  endfacet
  facet normal 0.89023 -0.096785 0.445111
    outer loop
      vertex 58.4035 -0.887213 0
      vertex 58.3013 -1.82725 0
      vertex 58.6323 -0.961554 -0.473769
    endloop
  endfacet
  facet normal -0.419444 -0.791188 0.44507
    outer loop
      vertex 46.5622 -7.74171 0
      vertex 46.5448 -7.82376 -0.162256
      vertex 46.8538 -7.8963 0
    endloop
  endfacet
  facet normal -0.419444 0.791188 0.44507
    outer loop
      vertex 46.8538 7.8963 0
      vertex 46.5448 7.82376 -0.162256
      vertex 46.5622 7.74171 0
    endloop
  endfacet
  facet normal -0.23956 0.862842 0.4451
    outer loop
      vertex 48.6249 8.38803 0
      vertex 46.6688 8.36079 -1
      vertex 46.8538 7.8963 0
    endloop
  endfacet
  facet normal -0.712861 -0.541899 0.445168
    outer loop
      vertex 43.0253 -5.12634 -0.411786
      vertex 42.8261 -5.34751 -1
      vertex 43.466 -6.18929 -1
    endloop
  endfacet
  facet normal 0.767317 0.461654 0.445084
    outer loop
      vertex 56.7668 5.14398 0
      vertex 57.1889 5.36424 -0.956153
      vertex 57.1648 5.44657 -1
    endloop
  endfacet
  facet normal 0.767418 0.461481 0.445089
    outer loop
      vertex 57.1889 5.36424 -0.956153
      vertex 56.7668 5.14398 0
      vertex 56.8564 4.99498 0
    endloop
  endfacet
  facet normal -0.579719 -0.682494 0.445115
    outer loop
      vertex 45.0119 -6.85021 0
      vertex 43.829 -5.84544 0
      vertex 44.7166 -7.11611 -0.792303
    endloop
  endfacet
  facet normal -0.57972 -0.682494 0.445114
    outer loop
      vertex 43.466 -6.18929 -1
      vertex 44.7166 -7.11611 -0.792303
      vertex 43.829 -5.84544 0
    endloop
  endfacet
  facet normal -0.579727 -0.68251 0.44508
    outer loop
      vertex 44.7166 -7.11611 -0.792303
      vertex 43.466 -6.18929 -1
      vertex 44.6392 -7.18581 -1
    endloop
  endfacet
  facet normal -0.87452 0.192493 0.445153
    outer loop
      vertex 41.4729 0.927381 -0.154834
      vertex 41.4711 2.87371 -1
      vertex 41.0714 1.05782 -1
    endloop
  endfacet
  facet normal -0.874713 0.192354 0.444834
    outer loop
      vertex 41.4711 2.87371 -1
      vertex 41.4729 0.927381 -0.154834
      vertex 41.5498 0.919011 0
    endloop
  endfacet
  facet normal 0.767418 -0.461481 0.445089
    outer loop
      vertex 56.7668 -5.14398 0
      vertex 57.1889 -5.36424 -0.956153
      vertex 56.8564 -4.99498 0
    endloop
  endfacet
  facet normal 0.767317 -0.461654 0.445084
    outer loop
      vertex 57.1889 -5.36424 -0.956153
      vertex 56.7668 -5.14398 0
      vertex 57.1648 -5.44657 -1
    endloop
  endfacet
  facet normal -0.0484829 -0.894162 0.445111
    outer loop
      vertex 48.544 -8.88144 -1
      vertex 49.0712 -8.53153 -0.239658
      vertex 48.6249 -8.38803 0
    endloop
  endfacet
  facet normal -0.0484824 -0.894162 0.445111
    outer loop
      vertex 49.0712 -8.53153 -0.239658
      vertex 48.544 -8.88144 -1
      vertex 48.9503 -8.90347 -1
    endloop
  endfacet
  facet normal 0.144866 0.883676 0.445118
    outer loop
      vertex 51.0469 8.89505 -1
      vertex 50.9289 8.53192 -0.240687
      vertex 52.4078 8.67195 -1
    endloop
  endfacet
  facet normal -0.579719 0.682494 0.445115
    outer loop
      vertex 44.7166 7.11611 -0.792303
      vertex 43.829 5.84544 0
      vertex 45.0119 6.85021 0
    endloop
  endfacet
  facet normal 0.848597 -0.285947 0.445104
    outer loop
      vertex 58.185 -3.53198 -0.873437
      vertex 58.7896 -1.93473 -1
      vertex 58.3013 -1.82725 0
    endloop
  endfacet
  facet normal 0.84847 -0.285876 0.445392
    outer loop
      vertex 58.7896 -1.93473 -1
      vertex 58.185 -3.53198 -0.873437
      vertex 58.247 -3.54515 -1
    endloop
  endfacet
  facet normal 0.766636 0.461928 0.445973
    outer loop
      vertex 57.2042 5.38118 -1
      vertex 57.1648 5.44657 -1
      vertex 57.1889 5.36424 -0.956153
    endloop
  endfacet
  facet normal 0.144873 -0.883683 0.445102
    outer loop
      vertex 50.9289 -8.53192 -0.240687
      vertex 52.274 -8.19017 0
      vertex 50.8915 -8.41682 0
    endloop
  endfacet
  facet normal 0.144867 -0.883675 0.44512
    outer loop
      vertex 52.274 -8.19017 0
      vertex 50.9289 -8.53192 -0.240687
      vertex 52.4078 -8.67195 -1
    endloop
  endfacet
  facet normal -0.239566 -0.862834 0.445112
    outer loop
      vertex 48.6249 -8.38803 0
      vertex 46.6688 -8.36079 -1
      vertex 48.544 -8.88144 -1
    endloop
  endfacet
  facet normal -0.419451 0.791173 0.445091
    outer loop
      vertex 46.6688 8.36079 -1
      vertex 46.5448 7.82376 -0.162256
      vertex 46.8538 7.8963 0
    endloop
  endfacet
  facet normal -0.419435 0.791178 0.445096
    outer loop
      vertex 46.5448 7.82376 -0.162256
      vertex 46.6688 8.36079 -1
      vertex 46.4548 8.24734 -1
    endloop
  endfacet
  facet normal -0.812698 0.376032 0.445108
    outer loop
      vertex 41.4711 2.87371 -1
      vertex 42.0807 3.4755 -0.395364
      vertex 41.7792 3.53959 -1
    endloop
  endfacet
  facet normal -0.812699 0.376048 0.445093
    outer loop
      vertex 42.0807 3.4755 -0.395364
      vertex 41.4711 2.87371 -1
      vertex 41.9449 2.71406 0
    endloop
  endfacet
  facet normal -0.579727 0.68251 0.44508
    outer loop
      vertex 43.466 6.18929 -1
      vertex 44.7166 7.11611 -0.792303
      vertex 44.6392 7.18581 -1
    endloop
  endfacet
  facet normal -0.57972 0.682494 0.445114
    outer loop
      vertex 44.7166 7.11611 -0.792303
      vertex 43.466 6.18929 -1
      vertex 43.829 5.84544 0
    endloop
  endfacet
  facet normal 0.144866 -0.883676 0.445118
    outer loop
      vertex 52.4078 -8.67195 -1
      vertex 50.9289 -8.53192 -0.240687
      vertex 51.0469 -8.89505 -1
    endloop
  endfacet
  facet normal 0.502535 0.741198 0.445066
    outer loop
      vertex 55.0943 6.9459 -0.317344
      vertex 54.9736 6.83718 0
      vertex 55.5028 6.47838 0
    endloop
  endfacet
  facet normal 0.650121 -0.615822 0.44509
    outer loop
      vertex 56.7668 -5.14398 0
      vertex 55.5028 -6.47838 0
      vertex 57.1648 -5.44657 -1
    endloop
  endfacet
  facet normal 0.650124 0.615802 0.445115
    outer loop
      vertex 55.8265 6.85946 -1
      vertex 55.5028 6.47838 0
      vertex 57.1648 5.44657 -1
    endloop
  endfacet
  facet normal -0.812699 -0.376048 0.445093
    outer loop
      vertex 41.4711 -2.87371 -1
      vertex 42.0807 -3.4755 -0.395364
      vertex 41.9449 -2.71406 0
    endloop
  endfacet
  facet normal -0.812698 -0.376032 0.445108
    outer loop
      vertex 42.0807 -3.4755 -0.395364
      vertex 41.4711 -2.87371 -1
      vertex 41.7792 -3.53959 -1
    endloop
  endfacet
  facet normal 0.502473 -0.741195 0.445141
    outer loop
      vertex 55.3541 -7.17976 -1
      vertex 55.5028 -6.47838 0
      vertex 55.0943 -6.9459 -0.317344
    endloop
  endfacet
  facet normal 0.502533 -0.74117 0.445115
    outer loop
      vertex 55.5028 -6.47838 0
      vertex 55.3541 -7.17976 -1
      vertex 55.8265 -6.85946 -1
    endloop
  endfacet
  facet normal -0.239566 0.862834 0.445112
    outer loop
      vertex 48.544 8.88144 -1
      vertex 46.6688 8.36079 -1
      vertex 48.6249 8.38803 0
    endloop
  endfacet
  facet normal 0.890233 -0.09679 0.445104
    outer loop
      vertex 58.7896 -1.93473 -1
      vertex 58.6323 -0.961554 -0.473769
      vertex 58.3013 -1.82725 0
    endloop
  endfacet
  facet normal 0.890257 -0.0967628 0.445061
    outer loop
      vertex 58.6323 -0.961554 -0.473769
      vertex 58.7896 -1.93473 -1
      vertex 58.8864 -1.04413 -1
    endloop
  endfacet
  facet normal 0.89023 0.096785 0.445111
    outer loop
      vertex 58.6323 0.961554 -0.473769
      vertex 58.3013 1.82725 0
      vertex 58.4035 0.887213 0
    endloop
  endfacet
  facet normal 0.84847 0.285876 0.445392
    outer loop
      vertex 58.185 3.53198 -0.873437
      vertex 58.7896 1.93473 -1
      vertex 58.247 3.54515 -1
    endloop
  endfacet
  facet normal 0.848597 0.285947 0.445104
    outer loop
      vertex 58.7896 1.93473 -1
      vertex 58.185 3.53198 -0.873437
      vertex 58.3013 1.82725 0
    endloop
  endfacet
  facet normal -0.87452 -0.192493 0.445153
    outer loop
      vertex 41.4711 -2.87371 -1
      vertex 41.4729 -0.927381 -0.154834
      vertex 41.0714 -1.05782 -1
    endloop
  endfacet
  facet normal -0.874713 -0.192354 0.444834
    outer loop
      vertex 41.4729 -0.927381 -0.154834
      vertex 41.4711 -2.87371 -1
      vertex 41.5498 -0.919011 0
    endloop
  endfacet
  facet normal -0.87455 -0.192493 0.445093
    outer loop
      vertex 41.5498 -0.919011 0
      vertex 41.4711 -2.87371 -1
      vertex 41.9449 -2.71406 0
    endloop
  endfacet
  facet normal -0.712907 -0.541902 0.44509
    outer loop
      vertex 43.0253 -5.12634 -0.411786
      vertex 43.829 -5.84544 0
      vertex 43.1647 -4.97151 0
    endloop
  endfacet
  facet normal -0.712905 -0.541887 0.445112
    outer loop
      vertex 43.829 -5.84544 0
      vertex 43.0253 -5.12634 -0.411786
      vertex 43.466 -6.18929 -1
    endloop
  endfacet
  facet normal 0.331469 -0.831869 0.445109
    outer loop
      vertex 53.4689 -7.88834 -0.325695
      vertex 52.4078 -8.67195 -1
      vertex 53.5396 -8.22097 -1
    endloop
  endfacet
  facet normal 0.848604 0.285942 0.445094
    outer loop
      vertex 58.185 3.53198 -0.873437
      vertex 57.7575 3.44111 0
      vertex 58.3013 1.82725 0
    endloop
  endfacet
  facet normal -0.812747 0.376023 0.445027
    outer loop
      vertex 42.0807 3.4755 -0.395364
      vertex 41.9449 2.71406 0
      vertex 42.2778 3.4336 0
    endloop
  endfacet
  facet normal 0.144873 0.883683 0.445102
    outer loop
      vertex 52.274 8.19017 0
      vertex 50.9289 8.53192 -0.240687
      vertex 50.8915 8.41682 0
    endloop
  endfacet
  facet normal 0.144867 0.883675 0.44512
    outer loop
      vertex 50.9289 8.53192 -0.240687
      vertex 52.274 8.19017 0
      vertex 52.4078 8.67195 -1
    endloop
  endfacet
  facet normal -0.0484734 0.894156 0.445125
    outer loop
      vertex 49.0712 8.53153 -0.239658
      vertex 48.6249 8.38803 0
      vertex 49.1093 8.41429 0
    endloop
  endfacet
  facet normal 0.650121 0.615822 0.44509
    outer loop
      vertex 57.1648 5.44657 -1
      vertex 55.5028 6.47838 0
      vertex 56.7668 5.14398 0
    endloop
  endfacet
  facet normal -0.0484734 -0.894156 0.445125
    outer loop
      vertex 49.1093 -8.41429 0
      vertex 48.6249 -8.38803 0
      vertex 49.0712 -8.53153 -0.239658
    endloop
  endfacet
  facet normal 0.502533 0.74117 0.445115
    outer loop
      vertex 55.3541 7.17976 -1
      vertex 55.5028 6.47838 0
      vertex 55.8265 6.85946 -1
    endloop
  endfacet
  facet normal 0.502473 0.741195 0.445141
    outer loop
      vertex 55.5028 6.47838 0
      vertex 55.3541 7.17976 -1
      vertex 55.0943 6.9459 -0.317344
    endloop
  endfacet
  facet normal 0.331449 -0.831901 0.445065
    outer loop
      vertex 52.274 -8.19017 0
      vertex 53.4689 -7.88834 -0.325695
      vertex 53.4348 -7.72768 0
    endloop
  endfacet
  facet normal 0.331456 -0.831866 0.445125
    outer loop
      vertex 53.4689 -7.88834 -0.325695
      vertex 52.274 -8.19017 0
      vertex 52.4078 -8.67195 -1
    endloop
  endfacet
  facet normal 0.890233 0.09679 0.445104
    outer loop
      vertex 58.6323 0.961554 -0.473769
      vertex 58.7896 1.93473 -1
      vertex 58.3013 1.82725 0
    endloop
  endfacet
  facet normal 0.890257 0.0967628 0.445061
    outer loop
      vertex 58.7896 1.93473 -1
      vertex 58.6323 0.961554 -0.473769
      vertex 58.8864 1.04413 -1
    endloop
  endfacet
  facet normal 0.331449 0.831901 0.445065
    outer loop
      vertex 53.4689 7.88834 -0.325695
      vertex 52.274 8.19017 0
      vertex 53.4348 7.72768 0
    endloop
  endfacet
  facet normal 0.331456 0.831866 0.445125
    outer loop
      vertex 52.274 8.19017 0
      vertex 53.4689 7.88834 -0.325695
      vertex 52.4078 8.67195 -1
    endloop
  endfacet
  facet normal 0.766636 -0.461928 0.445973
    outer loop
      vertex 57.1889 -5.36424 -0.956153
      vertex 57.1648 -5.44657 -1
      vertex 57.2042 -5.38118 -1
    endloop
  endfacet
  facet normal 0.848604 -0.285942 0.445094
    outer loop
      vertex 58.3013 -1.82725 0
      vertex 57.7575 -3.44111 0
      vertex 58.185 -3.53198 -0.873437
    endloop
  endfacet
  facet normal 0.650124 -0.615802 0.445115
    outer loop
      vertex 57.1648 -5.44657 -1
      vertex 55.5028 -6.47838 0
      vertex 55.8265 -6.85946 -1
    endloop
  endfacet
  facet normal -0.0484824 0.894162 0.445111
    outer loop
      vertex 48.544 8.88144 -1
      vertex 49.0712 8.53153 -0.239658
      vertex 48.9503 8.90347 -1
    endloop
  endfacet
  facet normal -0.0484829 0.894162 0.445111
    outer loop
      vertex 49.0712 8.53153 -0.239658
      vertex 48.544 8.88144 -1
      vertex 48.6249 8.38803 0
    endloop
  endfacet
  facet normal -0.87455 0.192493 0.445093
    outer loop
      vertex 41.9449 2.71406 0
      vertex 41.4711 2.87371 -1
      vertex 41.5498 0.919011 0
    endloop
  endfacet
  facet normal -0.23956 -0.862842 0.4451
    outer loop
      vertex 46.8538 -7.8963 0
      vertex 46.6688 -8.36079 -1
      vertex 48.6249 -8.38803 0
    endloop
  endfacet
  facet normal 0.331469 0.831869 0.445109
    outer loop
      vertex 53.5396 8.22097 -1
      vertex 52.4078 8.67195 -1
      vertex 53.4689 7.88834 -0.325695
    endloop
  endfacet
  facet normal -0.419435 -0.791178 0.445096
    outer loop
      vertex 46.6688 -8.36079 -1
      vertex 46.5448 -7.82376 -0.162256
      vertex 46.4548 -8.24734 -1
    endloop
  endfacet
  facet normal -0.419451 -0.791173 0.445091
    outer loop
      vertex 46.5448 -7.82376 -0.162256
      vertex 46.6688 -8.36079 -1
      vertex 46.8538 -7.8963 0
    endloop
  endfacet
  facet normal -0.712905 0.541887 0.445112
    outer loop
      vertex 43.0253 5.12634 -0.411786
      vertex 43.829 5.84544 0
      vertex 43.466 6.18929 -1
    endloop
  endfacet
  facet normal -0.712907 0.541902 0.44509
    outer loop
      vertex 43.829 5.84544 0
      vertex 43.0253 5.12634 -0.411786
      vertex 43.1647 4.97151 0
    endloop
  endfacet
  facet normal -0.89562 0 0.44482
    outer loop
      vertex 41.5498 0.919011 0
      vertex 41.4729 0.927381 -0.154834
      vertex 41.5498 0.902375 0
    endloop
  endfacet
  facet normal -0.89562 0 0.44482
    outer loop
      vertex 41.5498 -0.902375 0
      vertex 41.4729 -0.927381 -0.154834
      vertex 41.5498 -0.919011 0
    endloop
  endfacet
  facet normal -0.712861 0.541899 0.445168
    outer loop
      vertex 43.466 6.18929 -1
      vertex 42.8261 5.34751 -1
      vertex 43.0253 5.12634 -0.411786
    endloop
  endfacet
  facet normal 0 0 1
    outer loop
      vertex 52.274 8.19017 0
      vertex 53.4297 7.70374 0
      vertex 53.4348 7.72768 0
    endloop
  endfacet
  facet normal 0 0 1
    outer loop
      vertex 51.4678 4.51752 0
      vertex 53.4297 7.70374 0
      vertex 52.274 8.19017 0
    endloop
  endfacet
  facet normal 0 0 1
    outer loop
      vertex 53.4297 7.70374 0
      vertex 51.4678 4.51752 0
      vertex 53.1784 3.52994 0
    endloop
  endfacet
  facet normal -0 0 1
    outer loop
      vertex 50.8817 8.38647 0
      vertex 52.274 8.19017 0
      vertex 50.8915 8.41682 0
    endloop
  endfacet
  facet normal 0 0 1
    outer loop
      vertex 52.274 8.19017 0
      vertex 50.8817 8.38647 0
      vertex 51.4678 4.51752 0
    endloop
  endfacet
  facet normal 0 0 1
    outer loop
      vertex 50.8817 8.38647 0
      vertex 49.5035 4.72398 0
      vertex 51.4678 4.51752 0
    endloop
  endfacet
  facet normal -0 0 1
    outer loop
      vertex 49.1183 8.38647 0
      vertex 49.5035 4.72398 0
      vertex 50.8817 8.38647 0
    endloop
  endfacet
  facet normal -0 0 1
    outer loop
      vertex 48.6249 8.38803 0
      vertex 49.1183 8.38647 0
      vertex 49.1093 8.41429 0
    endloop
  endfacet
  facet normal 0 0 1
    outer loop
      vertex 49.1183 8.38647 0
      vertex 48.6249 8.38803 0
      vertex 49.5035 4.72398 0
    endloop
  endfacet
  facet normal -0 0 1
    outer loop
      vertex 46.8538 7.8963 0
      vertex 49.5035 4.72398 0
      vertex 48.6249 8.38803 0
    endloop
  endfacet
  facet normal 0 0 1
    outer loop
      vertex 49.5035 4.72398 0
      vertex 46.8538 7.8963 0
      vertex 47.625 4.11362 0
    endloop
  endfacet
  facet normal -0 0 1
    outer loop
      vertex 46.5703 7.70374 0
      vertex 47.625 4.11362 0
      vertex 46.8538 7.8963 0
    endloop
  endfacet
  facet normal -0 0 1
    outer loop
      vertex 45.0432 6.82206 0
      vertex 47.625 4.11362 0
      vertex 46.5703 7.70374 0
    endloop
  endfacet
  facet normal 0 0 1
    outer loop
      vertex 47.625 4.11362 0
      vertex 45.0432 6.82206 0
      vertex 46.1572 2.79198 0
    endloop
  endfacet
  facet normal -0 0 1
    outer loop
      vertex 43.1779 4.95679 0
      vertex 46.1572 2.79198 0
      vertex 43.829 5.84544 0
    endloop
  endfacet
  facet normal -0 0 1
    outer loop
      vertex 43.829 5.84544 0
      vertex 46.1572 2.79198 0
      vertex 45.0432 6.82206 0
    endloop
  endfacet
  facet normal 0 0 1
    outer loop
      vertex 56.7668 -5.14398 0
      vertex 53.1784 -3.52994 0
      vertex 55.5028 -6.47838 0
    endloop
  endfacet
  facet normal 0 0 1
    outer loop
      vertex 55.5028 -6.47838 0
      vertex 53.1784 -3.52994 0
      vertex 54.9568 -6.82206 0
    endloop
  endfacet
  facet normal 0 0 1
    outer loop
      vertex 54.9568 -6.82206 0
      vertex 53.1784 -3.52994 0
      vertex 53.4297 -7.70374 0
    endloop
  endfacet
  facet normal 0 0 1
    outer loop
      vertex 53.1784 3.52994 0
      vertex 56.8221 4.95679 0
      vertex 56.7668 5.14398 0
    endloop
  endfacet
  facet normal 0 0 1
    outer loop
      vertex 56.7668 5.14398 0
      vertex 56.8221 4.95679 0
      vertex 56.8564 4.99498 0
    endloop
  endfacet
  facet normal 0 0 1
    outer loop
      vertex 57.7037 3.42968 0
      vertex 58.3865 0.881678 0
      vertex 58.3013 1.82725 0
    endloop
  endfacet
  facet normal 0 0 1
    outer loop
      vertex 58.3013 1.82725 0
      vertex 58.3865 0.881678 0
      vertex 58.4035 0.887213 0
    endloop
  endfacet
  facet normal 0 0 1
    outer loop
      vertex 58.3865 -0.881678 0
      vertex 58.3013 -1.82725 0
      vertex 58.4035 -0.887213 0
    endloop
  endfacet
  facet normal 0 0 1
    outer loop
      vertex 58.3865 0.881678 0
      vertex 57.7037 3.42968 0
      vertex 58.3865 -0.881678 0
    endloop
  endfacet
  facet normal -0 0 1
    outer loop
      vertex 57.7037 3.42968 0
      vertex 58.3013 1.82725 0
      vertex 57.7575 3.44111 0
    endloop
  endfacet
  facet normal 0 0 1
    outer loop
      vertex 57.7037 -3.42968 0
      vertex 58.3865 -0.881678 0
      vertex 57.7037 3.42968 0
    endloop
  endfacet
  facet normal 0 0 1
    outer loop
      vertex 58.3865 -0.881678 0
      vertex 57.7037 -3.42968 0
      vertex 58.3013 -1.82725 0
    endloop
  endfacet
  facet normal 0 0 1
    outer loop
      vertex 58.3013 -1.82725 0
      vertex 57.7037 -3.42968 0
      vertex 57.7575 -3.44111 0
    endloop
  endfacet
  facet normal 0 0 1
    outer loop
      vertex 56.8221 4.95679 0
      vertex 57.7037 -3.42968 0
      vertex 57.7037 3.42968 0
    endloop
  endfacet
  facet normal 0 0 1
    outer loop
      vertex 57.7037 -3.42968 0
      vertex 56.8221 4.95679 0
      vertex 56.8221 -4.95679 0
    endloop
  endfacet
  facet normal 0 0 1
    outer loop
      vertex 56.8221 -4.95679 0
      vertex 56.7668 -5.14398 0
      vertex 56.8564 -4.99498 0
    endloop
  endfacet
  facet normal 0 0 1
    outer loop
      vertex 56.8221 4.95679 0
      vertex 54.75 0 0
      vertex 56.8221 -4.95679 0
    endloop
  endfacet
  facet normal 0 0 1
    outer loop
      vertex 53.1784 3.52994 0
      vertex 56.7668 5.14398 0
      vertex 55.5028 6.47838 0
    endloop
  endfacet
  facet normal -0 0 1
    outer loop
      vertex 54.3393 -1.932 0
      vertex 56.8221 -4.95679 0
      vertex 54.75 0 0
    endloop
  endfacet
  facet normal -0 0 1
    outer loop
      vertex 54.9568 6.82206 0
      vertex 55.5028 6.47838 0
      vertex 54.9736 6.83718 0
    endloop
  endfacet
  facet normal 0 0 1
    outer loop
      vertex 53.1784 -3.52994 0
      vertex 56.7668 -5.14398 0
      vertex 56.8221 -4.95679 0
    endloop
  endfacet
  facet normal 0 0 1
    outer loop
      vertex 53.1784 3.52994 0
      vertex 55.5028 6.47838 0
      vertex 54.9568 6.82206 0
    endloop
  endfacet
  facet normal -0 0 1
    outer loop
      vertex 53.1784 -3.52994 0
      vertex 56.8221 -4.95679 0
      vertex 54.3393 -1.932 0
    endloop
  endfacet
  facet normal 0 0 1
    outer loop
      vertex 55.5028 -6.47838 0
      vertex 54.9568 -6.82206 0
      vertex 54.9736 -6.83718 0
    endloop
  endfacet
  facet normal 0 0 1
    outer loop
      vertex 56.8221 4.95679 0
      vertex 54.3393 1.932 0
      vertex 54.75 0 0
    endloop
  endfacet
  facet normal 0 0 1
    outer loop
      vertex 53.1784 3.52994 0
      vertex 54.9568 6.82206 0
      vertex 53.4297 7.70374 0
    endloop
  endfacet
  facet normal 0 0 1
    outer loop
      vertex 56.8221 4.95679 0
      vertex 53.1784 3.52994 0
      vertex 54.3393 1.932 0
    endloop
  endfacet
  facet normal 0 0 1
    outer loop
      vertex 53.4297 -7.70374 0
      vertex 52.274 -8.19017 0
      vertex 53.4348 -7.72768 0
    endloop
  endfacet
  facet normal -0 0 1
    outer loop
      vertex 51.4678 -4.51752 0
      vertex 53.4297 -7.70374 0
      vertex 53.1784 -3.52994 0
    endloop
  endfacet
  facet normal 0 0 1
    outer loop
      vertex 53.4297 -7.70374 0
      vertex 51.4678 -4.51752 0
      vertex 52.274 -8.19017 0
    endloop
  endfacet
  facet normal 0 0 1
    outer loop
      vertex 50.8817 -8.38647 0
      vertex 52.274 -8.19017 0
      vertex 51.4678 -4.51752 0
    endloop
  endfacet
  facet normal 0 0 1
    outer loop
      vertex 52.274 -8.19017 0
      vertex 50.8817 -8.38647 0
      vertex 50.8915 -8.41682 0
    endloop
  endfacet
  facet normal -0 0 1
    outer loop
      vertex 49.5035 -4.72398 0
      vertex 50.8817 -8.38647 0
      vertex 51.4678 -4.51752 0
    endloop
  endfacet
  facet normal 0 0 1
    outer loop
      vertex 49.5035 -4.72398 0
      vertex 49.1183 -8.38647 0
      vertex 50.8817 -8.38647 0
    endloop
  endfacet
  facet normal 0 0 1
    outer loop
      vertex 48.6249 -8.38803 0
      vertex 49.1183 -8.38647 0
      vertex 49.5035 -4.72398 0
    endloop
  endfacet
  facet normal 0 0 1
    outer loop
      vertex 49.1183 -8.38647 0
      vertex 48.6249 -8.38803 0
      vertex 49.1093 -8.41429 0
    endloop
  endfacet
  facet normal 0 0 1
    outer loop
      vertex 46.8538 -7.8963 0
      vertex 49.5035 -4.72398 0
      vertex 47.625 -4.11362 0
    endloop
  endfacet
  facet normal 0 0 1
    outer loop
      vertex 49.5035 -4.72398 0
      vertex 46.8538 -7.8963 0
      vertex 48.6249 -8.38803 0
    endloop
  endfacet
  facet normal 0 0 1
    outer loop
      vertex 47.625 -4.11362 0
      vertex 46.5703 -7.70374 0
      vertex 46.8538 -7.8963 0
    endloop
  endfacet
  facet normal 0 0 1
    outer loop
      vertex 45.0432 -6.82206 0
      vertex 47.625 -4.11362 0
      vertex 46.1572 -2.79198 0
    endloop
  endfacet
  facet normal 0 0 1
    outer loop
      vertex 42.2963 -3.42968 0
      vertex 46.1572 -2.79198 0
      vertex 45.3538 -0.98758 0
    endloop
  endfacet
  facet normal 0 0 1
    outer loop
      vertex 47.625 -4.11362 0
      vertex 45.0432 -6.82206 0
      vertex 46.5703 -7.70374 0
    endloop
  endfacet
  facet normal -0 0 1
    outer loop
      vertex 42.2963 3.42968 0
      vertex 46.1572 2.79198 0
      vertex 43.1779 4.95679 0
    endloop
  endfacet
  facet normal 0 0 1
    outer loop
      vertex 43.829 5.84544 0
      vertex 45.0432 6.82206 0
      vertex 45.0119 6.85021 0
    endloop
  endfacet
  facet normal -0 0 1
    outer loop
      vertex 41.9449 2.71406 0
      vertex 45.3538 0.98758 0
      vertex 42.2963 3.42968 0
    endloop
  endfacet
  facet normal 0 0 1
    outer loop
      vertex 46.1572 2.79198 0
      vertex 42.2963 3.42968 0
      vertex 45.3538 0.98758 0
    endloop
  endfacet
  facet normal 0 0 1
    outer loop
      vertex 46.1572 -2.79198 0
      vertex 43.1779 -4.95679 0
      vertex 43.829 -5.84544 0
    endloop
  endfacet
  facet normal 0 0 1
    outer loop
      vertex 46.1572 -2.79198 0
      vertex 43.829 -5.84544 0
      vertex 45.0432 -6.82206 0
    endloop
  endfacet
  facet normal 0 -0 1
    outer loop
      vertex 43.1779 4.95679 0
      vertex 43.829 5.84544 0
      vertex 43.1647 4.97151 0
    endloop
  endfacet
  facet normal 0 0 1
    outer loop
      vertex 41.6135 0.881678 0
      vertex 45.3538 0.98758 0
      vertex 41.9449 2.71406 0
    endloop
  endfacet
  facet normal 0 0 1
    outer loop
      vertex 46.1572 -2.79198 0
      vertex 42.2963 -3.42968 0
      vertex 43.1779 -4.95679 0
    endloop
  endfacet
  facet normal 0 0 1
    outer loop
      vertex 41.9449 2.71406 0
      vertex 42.2963 3.42968 0
      vertex 42.2778 3.4336 0
    endloop
  endfacet
  facet normal -0 0 1
    outer loop
      vertex 41.6135 -0.881678 0
      vertex 45.3538 -0.98758 0
      vertex 41.6135 0.881678 0
    endloop
  endfacet
  facet normal 0 0 1
    outer loop
      vertex 45.3538 0.98758 0
      vertex 41.6135 0.881678 0
      vertex 45.3538 -0.98758 0
    endloop
  endfacet
  facet normal 0 -0 1
    outer loop
      vertex 41.9449 -2.71406 0
      vertex 45.3538 -0.98758 0
      vertex 41.6135 -0.881678 0
    endloop
  endfacet
  facet normal 0 0 1
    outer loop
      vertex 45.3538 -0.98758 0
      vertex 41.9449 -2.71406 0
      vertex 42.2963 -3.42968 0
    endloop
  endfacet
  facet normal -0 0 1
    outer loop
      vertex 41.5498 0.919011 0
      vertex 41.6135 0.881678 0
      vertex 41.9449 2.71406 0
    endloop
  endfacet
  facet normal 0 0 1
    outer loop
      vertex 41.6135 0.881678 0
      vertex 41.5498 0.919011 0
      vertex 41.5498 0.902375 0
    endloop
  endfacet
  facet normal 0 0 1
    outer loop
      vertex 45.0432 -6.82206 0
      vertex 43.829 -5.84544 0
      vertex 45.0119 -6.85021 0
    endloop
  endfacet
  facet normal 0 0 1
    outer loop
      vertex 43.829 -5.84544 0
      vertex 43.1779 -4.95679 0
      vertex 43.1647 -4.97151 0
    endloop
  endfacet
  facet normal 0 0 1
    outer loop
      vertex 42.2963 -3.42968 0
      vertex 41.9449 -2.71406 0
      vertex 42.2778 -3.4336 0
    endloop
  endfacet
  facet normal 0 0 1
    outer loop
      vertex 41.5498 -0.919011 0
      vertex 41.6135 -0.881678 0
      vertex 41.5498 -0.902375 0
    endloop
  endfacet
  facet normal 0 0 1
    outer loop
      vertex 41.6135 -0.881678 0
      vertex 41.5498 -0.919011 0
      vertex 41.9449 -2.71406 0
    endloop
  endfacet
  facet normal 0 0 1
    outer loop
      vertex 46.8538 7.8963 0
      vertex 46.5622 7.74171 0
      vertex 46.5703 7.70374 0
    endloop
  endfacet
  facet normal 0 0 1
    outer loop
      vertex 46.8538 -7.8963 0
      vertex 46.5703 -7.70374 0
      vertex 46.5622 -7.74171 0
    endloop
  endfacet
  facet normal -0.812747 -0.376023 0.445027
    outer loop
      vertex 42.2778 -3.4336 0
      vertex 41.9449 -2.71406 0
      vertex 42.0807 -3.4755 -0.395364
    endloop
  endfacet
  facet normal 0.502535 -0.741198 0.445066
    outer loop
      vertex 55.5028 -6.47838 0
      vertex 54.9736 -6.83718 0
      vertex 55.0943 -6.9459 -0.317344
    endloop
  endfacet
  facet normal -0.239566 -0.862834 -0.445112
    outer loop
      vertex 48.544 -8.88144 -7
      vertex 46.6688 -8.36079 -7
      vertex 48.6249 -8.38803 -8
    endloop
  endfacet
  facet normal 0.144873 -0.883686 -0.445097
    outer loop
      vertex 52.274 -8.19017 -8
      vertex 50.9289 -8.53192 -7.75931
      vertex 50.8915 -8.41682 -8
    endloop
  endfacet
  facet normal 0.144867 -0.883675 -0.44512
    outer loop
      vertex 50.9289 -8.53192 -7.75931
      vertex 52.274 -8.19017 -8
      vertex 52.4078 -8.67195 -7
    endloop
  endfacet
  facet normal 0.767309 0.461668 -0.445085
    outer loop
      vertex 57.1889 5.36424 -7.04385
      vertex 56.7668 5.14398 -8
      vertex 57.1648 5.44657 -7
    endloop
  endfacet
  facet normal 0.767418 0.461481 -0.44509
    outer loop
      vertex 56.7668 5.14398 -8
      vertex 57.1889 5.36424 -7.04385
      vertex 56.8564 4.99498 -8
    endloop
  endfacet
  facet normal 0.89023 -0.096785 -0.44511
    outer loop
      vertex 58.6323 -0.961554 -7.52623
      vertex 58.3013 -1.82725 -8
      vertex 58.4035 -0.887213 -8
    endloop
  endfacet
  facet normal 0.890257 -0.0967627 -0.445061
    outer loop
      vertex 58.7896 -1.93473 -7
      vertex 58.6323 -0.961554 -7.52623
      vertex 58.8864 -1.04413 -7
    endloop
  endfacet
  facet normal 0.890233 -0.0967895 -0.445104
    outer loop
      vertex 58.6323 -0.961554 -7.52623
      vertex 58.7896 -1.93473 -7
      vertex 58.3013 -1.82725 -8
    endloop
  endfacet
  facet normal -0.0484735 0.894157 -0.445122
    outer loop
      vertex 49.1093 8.41429 -8
      vertex 48.6249 8.38803 -8
      vertex 49.0712 8.53153 -7.76034
    endloop
  endfacet
  facet normal 0.144866 0.883676 -0.445119
    outer loop
      vertex 52.4078 8.67195 -7
      vertex 50.9289 8.53192 -7.75931
      vertex 51.0469 8.89505 -7
    endloop
  endfacet
  facet normal -0.579728 0.682512 -0.445075
    outer loop
      vertex 44.7166 7.11611 -7.2077
      vertex 43.466 6.18929 -7
      vertex 44.6392 7.18581 -7
    endloop
  endfacet
  facet normal -0.579721 0.682493 -0.445114
    outer loop
      vertex 43.466 6.18929 -7
      vertex 44.7166 7.11611 -7.2077
      vertex 43.829 5.84544 -8
    endloop
  endfacet
  facet normal -0.71286 0.541898 -0.44517
    outer loop
      vertex 43.0253 5.12634 -7.58821
      vertex 42.8261 5.34751 -7
      vertex 43.466 6.18929 -7
    endloop
  endfacet
  facet normal -0.874521 0.192493 -0.445151
    outer loop
      vertex 41.4711 2.87371 -7
      vertex 41.4729 0.927381 -7.84517
      vertex 41.0714 1.05782 -7
    endloop
  endfacet
  facet normal -0.874707 0.192359 -0.444843
    outer loop
      vertex 41.4729 0.927381 -7.84517
      vertex 41.4711 2.87371 -7
      vertex 41.5498 0.919011 -8
    endloop
  endfacet
  facet normal -0.8127 -0.376046 -0.445093
    outer loop
      vertex 42.0807 -3.4755 -7.60464
      vertex 41.4711 -2.87371 -7
      vertex 41.9449 -2.71406 -8
    endloop
  endfacet
  facet normal -0.812699 -0.376033 -0.445106
    outer loop
      vertex 41.4711 -2.87371 -7
      vertex 42.0807 -3.4755 -7.60464
      vertex 41.7792 -3.53959 -7
    endloop
  endfacet
  facet normal 0.650121 0.615822 -0.44509
    outer loop
      vertex 56.7668 5.14398 -8
      vertex 55.5028 6.47838 -8
      vertex 57.1648 5.44657 -7
    endloop
  endfacet
  facet normal 0.650124 0.615802 -0.445115
    outer loop
      vertex 57.1648 5.44657 -7
      vertex 55.5028 6.47838 -8
      vertex 55.8265 6.85946 -7
    endloop
  endfacet
  facet normal -0.23956 0.862842 -0.4451
    outer loop
      vertex 46.8538 7.8963 -8
      vertex 46.6688 8.36079 -7
      vertex 48.6249 8.38803 -8
    endloop
  endfacet
  facet normal -0.812699 0.376033 -0.445106
    outer loop
      vertex 42.0807 3.4755 -7.60464
      vertex 41.4711 2.87371 -7
      vertex 41.7792 3.53959 -7
    endloop
  endfacet
  facet normal -0.8127 0.376046 -0.445093
    outer loop
      vertex 41.4711 2.87371 -7
      vertex 42.0807 3.4755 -7.60464
      vertex 41.9449 2.71406 -8
    endloop
  endfacet
  facet normal 0.766646 0.461934 -0.445949
    outer loop
      vertex 57.1889 5.36424 -7.04385
      vertex 57.1648 5.44657 -7
      vertex 57.2042 5.38118 -7
    endloop
  endfacet
  facet normal 0.144867 0.883675 -0.44512
    outer loop
      vertex 52.274 8.19017 -8
      vertex 50.9289 8.53192 -7.75931
      vertex 52.4078 8.67195 -7
    endloop
  endfacet
  facet normal 0.144873 0.883686 -0.445097
    outer loop
      vertex 50.9289 8.53192 -7.75931
      vertex 52.274 8.19017 -8
      vertex 50.8915 8.41682 -8
    endloop
  endfacet
  facet normal 0.502533 0.74117 -0.445115
    outer loop
      vertex 55.5028 6.47838 -8
      vertex 55.3541 7.17976 -7
      vertex 55.8265 6.85946 -7
    endloop
  endfacet
  facet normal 0.502477 0.741193 -0.44514
    outer loop
      vertex 55.3541 7.17976 -7
      vertex 55.5028 6.47838 -8
      vertex 55.0943 6.9459 -7.68266
    endloop
  endfacet
  facet normal -0.579719 -0.682494 -0.445117
    outer loop
      vertex 44.7166 -7.11611 -7.2077
      vertex 43.829 -5.84544 -8
      vertex 45.0119 -6.85021 -8
    endloop
  endfacet
  facet normal -0.23956 -0.862842 -0.4451
    outer loop
      vertex 48.6249 -8.38803 -8
      vertex 46.6688 -8.36079 -7
      vertex 46.8538 -7.8963 -8
    endloop
  endfacet
  facet normal -0.0484824 -0.894162 -0.445111
    outer loop
      vertex 48.544 -8.88144 -7
      vertex 49.0712 -8.53153 -7.76034
      vertex 48.9503 -8.90347 -7
    endloop
  endfacet
  facet normal -0.048481 -0.894162 -0.445111
    outer loop
      vertex 49.0712 -8.53153 -7.76034
      vertex 48.544 -8.88144 -7
      vertex 48.6249 -8.38803 -8
    endloop
  endfacet
  facet normal 0.848597 -0.285947 -0.445104
    outer loop
      vertex 58.7896 -1.93473 -7
      vertex 58.185 -3.53198 -7.12656
      vertex 58.3013 -1.82725 -8
    endloop
  endfacet
  facet normal 0.848466 -0.285874 -0.4454
    outer loop
      vertex 58.185 -3.53198 -7.12656
      vertex 58.7896 -1.93473 -7
      vertex 58.247 -3.54515 -7
    endloop
  endfacet
  facet normal 0.331455 -0.831866 -0.445125
    outer loop
      vertex 52.274 -8.19017 -8
      vertex 53.4689 -7.88834 -7.67431
      vertex 52.4078 -8.67195 -7
    endloop
  endfacet
  facet normal 0.331448 -0.831898 -0.445071
    outer loop
      vertex 53.4689 -7.88834 -7.67431
      vertex 52.274 -8.19017 -8
      vertex 53.4348 -7.72768 -8
    endloop
  endfacet
  facet normal -0.874707 -0.192359 -0.444843
    outer loop
      vertex 41.4711 -2.87371 -7
      vertex 41.4729 -0.927381 -7.84517
      vertex 41.5498 -0.919011 -8
    endloop
  endfacet
  facet normal -0.874521 -0.192493 -0.445151
    outer loop
      vertex 41.4729 -0.927381 -7.84517
      vertex 41.4711 -2.87371 -7
      vertex 41.0714 -1.05782 -7
    endloop
  endfacet
  facet normal -0.239566 0.862834 -0.445112
    outer loop
      vertex 48.6249 8.38803 -8
      vertex 46.6688 8.36079 -7
      vertex 48.544 8.88144 -7
    endloop
  endfacet
  facet normal 0.650124 -0.615802 -0.445115
    outer loop
      vertex 55.8265 -6.85946 -7
      vertex 55.5028 -6.47838 -8
      vertex 57.1648 -5.44657 -7
    endloop
  endfacet
  facet normal -0.579719 0.682494 -0.445117
    outer loop
      vertex 45.0119 6.85021 -8
      vertex 43.829 5.84544 -8
      vertex 44.7166 7.11611 -7.2077
    endloop
  endfacet
  facet normal 0.848466 0.285874 -0.4454
    outer loop
      vertex 58.7896 1.93473 -7
      vertex 58.185 3.53198 -7.12656
      vertex 58.247 3.54515 -7
    endloop
  endfacet
  facet normal 0.848597 0.285947 -0.445104
    outer loop
      vertex 58.185 3.53198 -7.12656
      vertex 58.7896 1.93473 -7
      vertex 58.3013 1.82725 -8
    endloop
  endfacet
  facet normal -0.812745 -0.376022 -0.445031
    outer loop
      vertex 42.0807 -3.4755 -7.60464
      vertex 41.9449 -2.71406 -8
      vertex 42.2778 -3.4336 -8
    endloop
  endfacet
  facet normal -0.419435 -0.791178 -0.445098
    outer loop
      vertex 46.5448 -7.82376 -7.83774
      vertex 46.6688 -8.36079 -7
      vertex 46.4548 -8.24734 -7
    endloop
  endfacet
  facet normal -0.419456 -0.791171 -0.44509
    outer loop
      vertex 46.6688 -8.36079 -7
      vertex 46.5448 -7.82376 -7.83774
      vertex 46.8538 -7.8963 -8
    endloop
  endfacet
  facet normal 0.848604 -0.285942 -0.445093
    outer loop
      vertex 58.185 -3.53198 -7.12656
      vertex 57.7575 -3.44111 -8
      vertex 58.3013 -1.82725 -8
    endloop
  endfacet
  facet normal -0.712906 0.541886 -0.445112
    outer loop
      vertex 43.829 5.84544 -8
      vertex 43.0253 5.12634 -7.58821
      vertex 43.466 6.18929 -7
    endloop
  endfacet
  facet normal -0.712909 0.541903 -0.445087
    outer loop
      vertex 43.0253 5.12634 -7.58821
      vertex 43.829 5.84544 -8
      vertex 43.1647 4.97151 -8
    endloop
  endfacet
  facet normal 0.890257 0.0967627 -0.445061
    outer loop
      vertex 58.6323 0.961554 -7.52623
      vertex 58.7896 1.93473 -7
      vertex 58.8864 1.04413 -7
    endloop
  endfacet
  facet normal 0.890233 0.0967895 -0.445104
    outer loop
      vertex 58.7896 1.93473 -7
      vertex 58.6323 0.961554 -7.52623
      vertex 58.3013 1.82725 -8
    endloop
  endfacet
  facet normal 0.89023 0.096785 -0.44511
    outer loop
      vertex 58.4035 0.887213 -8
      vertex 58.3013 1.82725 -8
      vertex 58.6323 0.961554 -7.52623
    endloop
  endfacet
  facet normal 0.766646 -0.461934 -0.445949
    outer loop
      vertex 57.2042 -5.38118 -7
      vertex 57.1648 -5.44657 -7
      vertex 57.1889 -5.36424 -7.04385
    endloop
  endfacet
  facet normal 0.650121 -0.615822 -0.44509
    outer loop
      vertex 57.1648 -5.44657 -7
      vertex 55.5028 -6.47838 -8
      vertex 56.7668 -5.14398 -8
    endloop
  endfacet
  facet normal 0.502477 -0.741193 -0.44514
    outer loop
      vertex 55.5028 -6.47838 -8
      vertex 55.3541 -7.17976 -7
      vertex 55.0943 -6.9459 -7.68266
    endloop
  endfacet
  facet normal 0.502533 -0.74117 -0.445115
    outer loop
      vertex 55.3541 -7.17976 -7
      vertex 55.5028 -6.47838 -8
      vertex 55.8265 -6.85946 -7
    endloop
  endfacet
  facet normal 0.331469 0.83187 -0.445107
    outer loop
      vertex 53.4689 7.88834 -7.67431
      vertex 52.4078 8.67195 -7
      vertex 53.5396 8.22097 -7
    endloop
  endfacet
  facet normal 0.144866 -0.883676 -0.445119
    outer loop
      vertex 51.0469 -8.89505 -7
      vertex 50.9289 -8.53192 -7.75931
      vertex 52.4078 -8.67195 -7
    endloop
  endfacet
  facet normal -0.87455 0.192493 -0.445093
    outer loop
      vertex 41.5498 0.919011 -8
      vertex 41.4711 2.87371 -7
      vertex 41.9449 2.71406 -8
    endloop
  endfacet
  facet normal 0.502534 -0.741196 -0.445071
    outer loop
      vertex 55.0943 -6.9459 -7.68266
      vertex 54.9736 -6.83718 -8
      vertex 55.5028 -6.47838 -8
    endloop
  endfacet
  facet normal 0.331469 -0.83187 -0.445107
    outer loop
      vertex 53.5396 -8.22097 -7
      vertex 52.4078 -8.67195 -7
      vertex 53.4689 -7.88834 -7.67431
    endloop
  endfacet
  facet normal -0.419435 0.791178 -0.445098
    outer loop
      vertex 46.6688 8.36079 -7
      vertex 46.5448 7.82376 -7.83774
      vertex 46.4548 8.24734 -7
    endloop
  endfacet
  facet normal -0.419456 0.791171 -0.44509
    outer loop
      vertex 46.5448 7.82376 -7.83774
      vertex 46.6688 8.36079 -7
      vertex 46.8538 7.8963 -8
    endloop
  endfacet
  facet normal -0.419446 0.791192 -0.445062
    outer loop
      vertex 46.5622 7.74171 -8
      vertex 46.5448 7.82376 -7.83774
      vertex 46.8538 7.8963 -8
    endloop
  endfacet
  facet normal 0.848604 0.285942 -0.445093
    outer loop
      vertex 58.3013 1.82725 -8
      vertex 57.7575 3.44111 -8
      vertex 58.185 3.53198 -7.12656
    endloop
  endfacet
  facet normal -0.712909 -0.541903 -0.445087
    outer loop
      vertex 43.829 -5.84544 -8
      vertex 43.0253 -5.12634 -7.58821
      vertex 43.1647 -4.97151 -8
    endloop
  endfacet
  facet normal -0.712906 -0.541886 -0.445112
    outer loop
      vertex 43.0253 -5.12634 -7.58821
      vertex 43.829 -5.84544 -8
      vertex 43.466 -6.18929 -7
    endloop
  endfacet
  facet normal -0.0484824 0.894162 -0.445111
    outer loop
      vertex 49.0712 8.53153 -7.76034
      vertex 48.544 8.88144 -7
      vertex 48.9503 8.90347 -7
    endloop
  endfacet
  facet normal -0.048481 0.894162 -0.445111
    outer loop
      vertex 48.544 8.88144 -7
      vertex 49.0712 8.53153 -7.76034
      vertex 48.6249 8.38803 -8
    endloop
  endfacet
  facet normal -0.0484735 -0.894157 -0.445122
    outer loop
      vertex 49.0712 -8.53153 -7.76034
      vertex 48.6249 -8.38803 -8
      vertex 49.1093 -8.41429 -8
    endloop
  endfacet
  facet normal -0.579728 -0.682512 -0.445075
    outer loop
      vertex 43.466 -6.18929 -7
      vertex 44.7166 -7.11611 -7.2077
      vertex 44.6392 -7.18581 -7
    endloop
  endfacet
  facet normal -0.579721 -0.682493 -0.445114
    outer loop
      vertex 44.7166 -7.11611 -7.2077
      vertex 43.466 -6.18929 -7
      vertex 43.829 -5.84544 -8
    endloop
  endfacet
  facet normal -0.87455 -0.192493 -0.445093
    outer loop
      vertex 41.9449 -2.71406 -8
      vertex 41.4711 -2.87371 -7
      vertex 41.5498 -0.919011 -8
    endloop
  endfacet
  facet normal 0.331448 0.831898 -0.445071
    outer loop
      vertex 52.274 8.19017 -8
      vertex 53.4689 7.88834 -7.67431
      vertex 53.4348 7.72768 -8
    endloop
  endfacet
  facet normal 0.331455 0.831866 -0.445125
    outer loop
      vertex 53.4689 7.88834 -7.67431
      vertex 52.274 8.19017 -8
      vertex 52.4078 8.67195 -7
    endloop
  endfacet
  facet normal 0.502534 0.741196 -0.445071
    outer loop
      vertex 55.5028 6.47838 -8
      vertex 54.9736 6.83718 -8
      vertex 55.0943 6.9459 -7.68266
    endloop
  endfacet
  facet normal -0.71286 -0.541898 -0.44517
    outer loop
      vertex 43.466 -6.18929 -7
      vertex 42.8261 -5.34751 -7
      vertex 43.0253 -5.12634 -7.58821
    endloop
  endfacet
  facet normal -0.419446 -0.791192 -0.445062
    outer loop
      vertex 46.8538 -7.8963 -8
      vertex 46.5448 -7.82376 -7.83774
      vertex 46.5622 -7.74171 -8
    endloop
  endfacet
  facet normal -0.812745 0.376022 -0.445031
    outer loop
      vertex 42.2778 3.4336 -8
      vertex 41.9449 2.71406 -8
      vertex 42.0807 3.4755 -7.60464
    endloop
  endfacet
  facet normal 0.767418 -0.461481 -0.44509
    outer loop
      vertex 57.1889 -5.36424 -7.04385
      vertex 56.7668 -5.14398 -8
      vertex 56.8564 -4.99498 -8
    endloop
  endfacet
  facet normal 0.767309 -0.461668 -0.445085
    outer loop
      vertex 56.7668 -5.14398 -8
      vertex 57.1889 -5.36424 -7.04385
      vertex 57.1648 -5.44657 -7
    endloop
  endfacet
  facet normal -0.895616 0 -0.444829
    outer loop
      vertex 41.5498 0.902375 -8
      vertex 41.4729 0.927381 -7.84517
      vertex 41.5498 0.919011 -8
    endloop
  endfacet
  facet normal -0.895616 0 -0.444829
    outer loop
      vertex 41.5498 -0.919011 -8
      vertex 41.4729 -0.927381 -7.84517
      vertex 41.5498 -0.902375 -8
    endloop
  endfacet
  facet normal 0 0 -1
    outer loop
      vertex 41.9449 -2.71406 -8
      vertex 47.5 0 -8
      vertex 42.2963 -3.42968 -8
    endloop
  endfacet
  facet normal 0 0 -1
    outer loop
      vertex 47.5 0 -8
      vertex 42.2963 3.42968 -8
      vertex 43.1779 4.95679 -8
    endloop
  endfacet
  facet normal 0 0 -1
    outer loop
      vertex 41.9449 -2.71406 -8
      vertex 42.2963 -3.42968 -8
      vertex 42.2778 -3.4336 -8
    endloop
  endfacet
  facet normal 0 0 -1
    outer loop
      vertex 41.6135 0.881678 -8
      vertex 47.5 0 -8
      vertex 41.6135 -0.881678 -8
    endloop
  endfacet
  facet normal 0 0 -1
    outer loop
      vertex 47.5 0 -8
      vertex 41.9449 -2.71406 -8
      vertex 41.6135 -0.881678 -8
    endloop
  endfacet
  facet normal 0 -0 -1
    outer loop
      vertex 41.9449 2.71406 -8
      vertex 47.5 0 -8
      vertex 41.6135 0.881678 -8
    endloop
  endfacet
  facet normal 0 0 -1
    outer loop
      vertex 47.5 0 -8
      vertex 41.9449 2.71406 -8
      vertex 42.2963 3.42968 -8
    endloop
  endfacet
  facet normal 0 0 -1
    outer loop
      vertex 41.5498 -0.919011 -8
      vertex 41.6135 -0.881678 -8
      vertex 41.9449 -2.71406 -8
    endloop
  endfacet
  facet normal 0 0 -1
    outer loop
      vertex 41.6135 -0.881678 -8
      vertex 41.5498 -0.919011 -8
      vertex 41.5498 -0.902375 -8
    endloop
  endfacet
  facet normal 0 0 -1
    outer loop
      vertex 43.1779 -4.95679 -8
      vertex 48.2322 -1.76777 -8
      vertex 43.829 -5.84544 -8
    endloop
  endfacet
  facet normal 0 0 -1
    outer loop
      vertex 47.5 0 -8
      vertex 45.0432 6.82206 -8
      vertex 46.5703 7.70374 -8
    endloop
  endfacet
  facet normal 0 0 -1
    outer loop
      vertex 43.829 -5.84544 -8
      vertex 45.0432 -6.82206 -8
      vertex 45.0119 -6.85021 -8
    endloop
  endfacet
  facet normal -0 0 -1
    outer loop
      vertex 48.2322 -1.76777 -8
      vertex 42.2963 -3.42968 -8
      vertex 47.5 0 -8
    endloop
  endfacet
  facet normal 0 0 -1
    outer loop
      vertex 42.2963 -3.42968 -8
      vertex 48.2322 -1.76777 -8
      vertex 43.1779 -4.95679 -8
    endloop
  endfacet
  facet normal 0 -0 -1
    outer loop
      vertex 43.829 5.84544 -8
      vertex 47.5 0 -8
      vertex 43.1779 4.95679 -8
    endloop
  endfacet
  facet normal 0 0 -1
    outer loop
      vertex 47.5 0 -8
      vertex 43.829 5.84544 -8
      vertex 45.0432 6.82206 -8
    endloop
  endfacet
  facet normal 0 -0 -1
    outer loop
      vertex 43.1779 -4.95679 -8
      vertex 43.829 -5.84544 -8
      vertex 43.1647 -4.97151 -8
    endloop
  endfacet
  facet normal 0 0 -1
    outer loop
      vertex 50 2.5 -8
      vertex 46.5703 7.70374 -8
      vertex 46.8538 7.8963 -8
    endloop
  endfacet
  facet normal 0 0 -1
    outer loop
      vertex 46.8538 7.8963 -8
      vertex 46.5703 7.70374 -8
      vertex 46.5622 7.74171 -8
    endloop
  endfacet
  facet normal -0 0 -1
    outer loop
      vertex 45.0432 6.82206 -8
      vertex 43.829 5.84544 -8
      vertex 45.0119 6.85021 -8
    endloop
  endfacet
  facet normal 0 0 -1
    outer loop
      vertex 43.829 5.84544 -8
      vertex 43.1779 4.95679 -8
      vertex 43.1647 4.97151 -8
    endloop
  endfacet
  facet normal -0 0 -1
    outer loop
      vertex 42.2963 3.42968 -8
      vertex 41.9449 2.71406 -8
      vertex 42.2778 3.4336 -8
    endloop
  endfacet
  facet normal 0 0 -1
    outer loop
      vertex 41.5498 0.919011 -8
      vertex 41.6135 0.881678 -8
      vertex 41.5498 0.902375 -8
    endloop
  endfacet
  facet normal 0 0 -1
    outer loop
      vertex 41.6135 0.881678 -8
      vertex 41.5498 0.919011 -8
      vertex 41.9449 2.71406 -8
    endloop
  endfacet
  facet normal -0 0 -1
    outer loop
      vertex 55.5028 6.47838 -8
      vertex 51.7678 1.76777 -8
      vertex 54.9568 6.82206 -8
    endloop
  endfacet
  facet normal 0 0 -1
    outer loop
      vertex 52.274 -8.19017 -8
      vertex 53.4297 -7.70374 -8
      vertex 53.4348 -7.72768 -8
    endloop
  endfacet
  facet normal 0 0 -1
    outer loop
      vertex 50 -2.5 -8
      vertex 53.4297 -7.70374 -8
      vertex 52.274 -8.19017 -8
    endloop
  endfacet
  facet normal 0 0 -1
    outer loop
      vertex 54.9568 -6.82206 -8
      vertex 51.7678 -1.76777 -8
      vertex 52.5 0 -8
    endloop
  endfacet
  facet normal 0 0 -1
    outer loop
      vertex 50.8817 -8.38647 -8
      vertex 52.274 -8.19017 -8
      vertex 50.8915 -8.41682 -8
    endloop
  endfacet
  facet normal 0 0 -1
    outer loop
      vertex 50 -2.5 -8
      vertex 52.274 -8.19017 -8
      vertex 50.8817 -8.38647 -8
    endloop
  endfacet
  facet normal 0 0 -1
    outer loop
      vertex 53.4297 -7.70374 -8
      vertex 50 -2.5 -8
      vertex 51.7678 -1.76777 -8
    endloop
  endfacet
  facet normal 0 0 -1
    outer loop
      vertex 49.1183 -8.38647 -8
      vertex 50 -2.5 -8
      vertex 50.8817 -8.38647 -8
    endloop
  endfacet
  facet normal 0 0 -1
    outer loop
      vertex 48.6249 -8.38803 -8
      vertex 49.1183 -8.38647 -8
      vertex 49.1093 -8.41429 -8
    endloop
  endfacet
  facet normal -0 0 -1
    outer loop
      vertex 49.1183 -8.38647 -8
      vertex 48.6249 -8.38803 -8
      vertex 50 -2.5 -8
    endloop
  endfacet
  facet normal 0 0 -1
    outer loop
      vertex 46.8538 -7.8963 -8
      vertex 50 -2.5 -8
      vertex 48.6249 -8.38803 -8
    endloop
  endfacet
  facet normal -0 0 -1
    outer loop
      vertex 50 -2.5 -8
      vertex 46.5703 -7.70374 -8
      vertex 48.2322 -1.76777 -8
    endloop
  endfacet
  facet normal 0 0 -1
    outer loop
      vertex 50 -2.5 -8
      vertex 46.8538 -7.8963 -8
      vertex 46.5703 -7.70374 -8
    endloop
  endfacet
  facet normal 0 0 -1
    outer loop
      vertex 55.5028 -6.47838 -8
      vertex 56.8221 -4.95679 -8
      vertex 56.7668 -5.14398 -8
    endloop
  endfacet
  facet normal 0 0 -1
    outer loop
      vertex 56.7668 -5.14398 -8
      vertex 56.8221 -4.95679 -8
      vertex 56.8564 -4.99498 -8
    endloop
  endfacet
  facet normal 0 0 -1
    outer loop
      vertex 52.5 0 -8
      vertex 58.3013 -1.82725 -8
      vertex 57.7037 -3.42968 -8
    endloop
  endfacet
  facet normal 0 0 -1
    outer loop
      vertex 58.3013 -1.82725 -8
      vertex 58.3865 -0.881678 -8
      vertex 58.4035 -0.887213 -8
    endloop
  endfacet
  facet normal 0 0 -1
    outer loop
      vertex 58.3865 0.881678 -8
      vertex 58.3013 1.82725 -8
      vertex 58.4035 0.887213 -8
    endloop
  endfacet
  facet normal 0 0 -1
    outer loop
      vertex 58.3013 -1.82725 -8
      vertex 52.5 0 -8
      vertex 58.3865 -0.881678 -8
    endloop
  endfacet
  facet normal 0 0 -1
    outer loop
      vertex 57.7037 -3.42968 -8
      vertex 58.3013 -1.82725 -8
      vertex 57.7575 -3.44111 -8
    endloop
  endfacet
  facet normal 0 0 -1
    outer loop
      vertex 58.3865 -0.881678 -8
      vertex 52.5 0 -8
      vertex 58.3865 0.881678 -8
    endloop
  endfacet
  facet normal 0 0 -1
    outer loop
      vertex 52.5 0 -8
      vertex 58.3013 1.82725 -8
      vertex 58.3865 0.881678 -8
    endloop
  endfacet
  facet normal 0 0 -1
    outer loop
      vertex 58.3013 1.82725 -8
      vertex 57.7037 3.42968 -8
      vertex 57.7575 3.44111 -8
    endloop
  endfacet
  facet normal 0 0 -1
    outer loop
      vertex 52.5 0 -8
      vertex 57.7037 -3.42968 -8
      vertex 56.8221 -4.95679 -8
    endloop
  endfacet
  facet normal -0 0 -1
    outer loop
      vertex 58.3013 1.82725 -8
      vertex 52.5 0 -8
      vertex 57.7037 3.42968 -8
    endloop
  endfacet
  facet normal 0 0 -1
    outer loop
      vertex 56.8221 4.95679 -8
      vertex 56.7668 5.14398 -8
      vertex 56.8564 4.99498 -8
    endloop
  endfacet
  facet normal 0 0 -1
    outer loop
      vertex 55.5028 -6.47838 -8
      vertex 52.5 0 -8
      vertex 56.8221 -4.95679 -8
    endloop
  endfacet
  facet normal 0 0 -1
    outer loop
      vertex 52.5 0 -8
      vertex 55.5028 -6.47838 -8
      vertex 54.9568 -6.82206 -8
    endloop
  endfacet
  facet normal 0 0 -1
    outer loop
      vertex 51.7678 1.76777 -8
      vertex 57.7037 3.42968 -8
      vertex 52.5 0 -8
    endloop
  endfacet
  facet normal 0 0 -1
    outer loop
      vertex 54.9568 -6.82206 -8
      vertex 55.5028 -6.47838 -8
      vertex 54.9736 -6.83718 -8
    endloop
  endfacet
  facet normal -0 0 -1
    outer loop
      vertex 57.7037 3.42968 -8
      vertex 51.7678 1.76777 -8
      vertex 56.8221 4.95679 -8
    endloop
  endfacet
  facet normal 0 0 -1
    outer loop
      vertex 56.8221 4.95679 -8
      vertex 55.5028 6.47838 -8
      vertex 56.7668 5.14398 -8
    endloop
  endfacet
  facet normal 0 0 -1
    outer loop
      vertex 55.5028 6.47838 -8
      vertex 54.9568 6.82206 -8
      vertex 54.9736 6.83718 -8
    endloop
  endfacet
  facet normal 0 0 -1
    outer loop
      vertex 51.7678 -1.76777 -8
      vertex 54.9568 -6.82206 -8
      vertex 53.4297 -7.70374 -8
    endloop
  endfacet
  facet normal -0 0 -1
    outer loop
      vertex 56.8221 4.95679 -8
      vertex 51.7678 1.76777 -8
      vertex 55.5028 6.47838 -8
    endloop
  endfacet
  facet normal 0 0 -1
    outer loop
      vertex 53.4297 7.70374 -8
      vertex 52.274 8.19017 -8
      vertex 53.4348 7.72768 -8
    endloop
  endfacet
  facet normal -0 0 -1
    outer loop
      vertex 54.9568 6.82206 -8
      vertex 51.7678 1.76777 -8
      vertex 53.4297 7.70374 -8
    endloop
  endfacet
  facet normal 0 0 -1
    outer loop
      vertex 50 2.5 -8
      vertex 53.4297 7.70374 -8
      vertex 51.7678 1.76777 -8
    endloop
  endfacet
  facet normal -0 0 -1
    outer loop
      vertex 53.4297 7.70374 -8
      vertex 50 2.5 -8
      vertex 52.274 8.19017 -8
    endloop
  endfacet
  facet normal 0 0 -1
    outer loop
      vertex 52.274 8.19017 -8
      vertex 50.8817 8.38647 -8
      vertex 50.8915 8.41682 -8
    endloop
  endfacet
  facet normal -0 0 -1
    outer loop
      vertex 52.274 8.19017 -8
      vertex 50 2.5 -8
      vertex 50.8817 8.38647 -8
    endloop
  endfacet
  facet normal 0 0 -1
    outer loop
      vertex 50 2.5 -8
      vertex 49.1183 8.38647 -8
      vertex 50.8817 8.38647 -8
    endloop
  endfacet
  facet normal 0 0 -1
    outer loop
      vertex 48.6249 8.38803 -8
      vertex 49.1183 8.38647 -8
      vertex 50 2.5 -8
    endloop
  endfacet
  facet normal 0 0 -1
    outer loop
      vertex 49.1183 8.38647 -8
      vertex 48.6249 8.38803 -8
      vertex 49.1093 8.41429 -8
    endloop
  endfacet
  facet normal 0 0 -1
    outer loop
      vertex 46.5703 7.70374 -8
      vertex 50 2.5 -8
      vertex 48.2322 1.76777 -8
    endloop
  endfacet
  facet normal 0 0 -1
    outer loop
      vertex 46.5703 7.70374 -8
      vertex 48.2322 1.76777 -8
      vertex 47.5 0 -8
    endloop
  endfacet
  facet normal 0 0 -1
    outer loop
      vertex 50 2.5 -8
      vertex 46.8538 7.8963 -8
      vertex 48.6249 8.38803 -8
    endloop
  endfacet
  facet normal 0 0 -1
    outer loop
      vertex 45.0432 -6.82206 -8
      vertex 48.2322 -1.76777 -8
      vertex 46.5703 -7.70374 -8
    endloop
  endfacet
  facet normal 0 0 -1
    outer loop
      vertex 43.829 -5.84544 -8
      vertex 48.2322 -1.76777 -8
      vertex 45.0432 -6.82206 -8
    endloop
  endfacet
  facet normal 0 -0 -1
    outer loop
      vertex 46.5703 -7.70374 -8
      vertex 46.8538 -7.8963 -8
      vertex 46.5622 -7.74171 -8
    endloop
  endfacet
  facet normal -0.207815 -0.978168 5.16448e-05
    outer loop
      vertex 57.7037 -3.42968 0
      vertex 58.185 -3.53198 -0.873437
      vertex 57.7575 -3.44111 0
    endloop
  endfacet
  facet normal -0.207905 -0.978149 0
    outer loop
      vertex 58.185 -3.53198 -7.12656
      vertex 58.185 -3.53198 -0.873437
      vertex 57.7037 -3.42968 0
    endloop
  endfacet
  facet normal -0.207783 -0.978175 -0
    outer loop
      vertex 58.185 -3.53198 -0.873437
      vertex 58.185 -3.53198 -7.12656
      vertex 58.247 -3.54515 -1
    endloop
  endfacet
  facet normal -0.207783 -0.978175 -0
    outer loop
      vertex 58.247 -3.54515 -1
      vertex 58.185 -3.53198 -7.12656
      vertex 58.247 -3.54515 -7
    endloop
  endfacet
  facet normal -0.207905 -0.978149 0
    outer loop
      vertex 57.7037 -3.42968 -8
      vertex 58.185 -3.53198 -7.12656
      vertex 57.7037 -3.42968 0
    endloop
  endfacet
  facet normal -0.207815 -0.978168 -5.16446e-05
    outer loop
      vertex 58.185 -3.53198 -7.12656
      vertex 57.7037 -3.42968 -8
      vertex 57.7575 -3.44111 -8
    endloop
  endfacet
  facet normal 0.743981 0.6682 0.00066333
    outer loop
      vertex 57.1889 -5.36424 -0.956153
      vertex 56.8221 -4.95679 0
      vertex 56.8564 -4.99498 0
    endloop
  endfacet
  facet normal 0.743208 0.66906 0
    outer loop
      vertex 56.8221 -4.95679 0
      vertex 57.1889 -5.36424 -0.956153
      vertex 56.8221 -4.95679 -8
    endloop
  endfacet
  facet normal 0.743208 0.66906 -0
    outer loop
      vertex 57.1889 -5.36424 -7.04385
      vertex 56.8221 -4.95679 -8
      vertex 57.1889 -5.36424 -0.956153
    endloop
  endfacet
  facet normal 0.743981 0.6682 -0.000663332
    outer loop
      vertex 56.8221 -4.95679 -8
      vertex 57.1889 -5.36424 -7.04385
      vertex 56.8564 -4.99498 -8
    endloop
  endfacet
  facet normal 0.742117 0.670271 0
    outer loop
      vertex 57.2042 -5.38118 -1
      vertex 57.1889 -5.36424 -7.04385
      vertex 57.1889 -5.36424 -0.956153
    endloop
  endfacet
  facet normal 0.742117 0.670271 0
    outer loop
      vertex 57.1889 -5.36424 -7.04385
      vertex 57.2042 -5.38118 -1
      vertex 57.2042 -5.38118 -7
    endloop
  endfacet
  facet normal 0.866044 -0.499967 0
    outer loop
      vertex 56.8221 -4.95679 0
      vertex 57.7037 -3.42968 -8
      vertex 57.7037 -3.42968 0
    endloop
  endfacet
  facet normal 0.866044 -0.499967 0
    outer loop
      vertex 57.7037 -3.42968 -8
      vertex 56.8221 -4.95679 0
      vertex 56.8221 -4.95679 -8
    endloop
  endfacet
  facet normal -0.668965 -0.743294 0.000210801
    outer loop
      vertex 54.9568 -6.82206 0
      vertex 55.0943 -6.9459 -0.317344
      vertex 54.9736 -6.83718 0
    endloop
  endfacet
  facet normal -0.669233 -0.743052 0
    outer loop
      vertex 55.0943 -6.9459 -7.68266
      vertex 55.0943 -6.9459 -0.317344
      vertex 54.9568 -6.82206 0
    endloop
  endfacet
  facet normal -0.669028 -0.743237 0
    outer loop
      vertex 55.0943 -6.9459 -0.317344
      vertex 55.3541 -7.17976 -7
      vertex 55.3541 -7.17976 -1
    endloop
  endfacet
  facet normal -0.669028 -0.743237 -0
    outer loop
      vertex 55.0943 -6.9459 -0.317344
      vertex 55.0943 -6.9459 -7.68266
      vertex 55.3541 -7.17976 -7
    endloop
  endfacet
  facet normal -0.669233 -0.743052 0
    outer loop
      vertex 54.9568 -6.82206 -8
      vertex 55.0943 -6.9459 -7.68266
      vertex 54.9568 -6.82206 0
    endloop
  endfacet
  facet normal -0.668965 -0.743294 -0.000210804
    outer loop
      vertex 55.0943 -6.9459 -7.68266
      vertex 54.9568 -6.82206 -8
      vertex 54.9736 -6.83718 -8
    endloop
  endfacet
  facet normal 0.978053 0.208357 -0.000377817
    outer loop
      vertex 53.4689 -7.88834 -0.325695
      vertex 53.4297 -7.70374 0
      vertex 53.4348 -7.72768 0
    endloop
  endfacet
  facet normal 0.978188 0.207719 0
    outer loop
      vertex 53.4297 -7.70374 0
      vertex 53.4689 -7.88834 -0.325695
      vertex 53.4297 -7.70374 -8
    endloop
  endfacet
  facet normal 0.978188 0.207719 -0
    outer loop
      vertex 53.4689 -7.88834 -7.67431
      vertex 53.4297 -7.70374 -8
      vertex 53.4689 -7.88834 -0.325695
    endloop
  endfacet
  facet normal 0.978053 0.208357 0.000377823
    outer loop
      vertex 53.4297 -7.70374 -8
      vertex 53.4689 -7.88834 -7.67431
      vertex 53.4348 -7.72768 -8
    endloop
  endfacet
  facet normal 0.978149 0.207904 0
    outer loop
      vertex 53.5396 -8.22097 -1
      vertex 53.4689 -7.88834 -7.67431
      vertex 53.4689 -7.88834 -0.325695
    endloop
  endfacet
  facet normal 0.978149 0.207904 0
    outer loop
      vertex 53.4689 -7.88834 -7.67431
      vertex 53.5396 -8.22097 -1
      vertex 53.5396 -8.22097 -7
    endloop
  endfacet
  facet normal 0.500004 -0.866023 0
    outer loop
      vertex 53.4297 -7.70374 -8
      vertex 54.9568 -6.82206 0
      vertex 53.4297 -7.70374 0
    endloop
  endfacet
  facet normal 0.500004 -0.866023 0
    outer loop
      vertex 54.9568 -6.82206 0
      vertex 53.4297 -7.70374 -8
      vertex 54.9568 -6.82206 -8
    endloop
  endfacet
  facet normal -0.95162 -0.307277 0.000926224
    outer loop
      vertex 50.9289 -8.53192 -7.75931
      vertex 50.8817 -8.38647 -8
      vertex 50.8915 -8.41682 -8
    endloop
  endfacet
  facet normal -0.951638 -0.307219 0.000965026
    outer loop
      vertex 51.0469 -8.89505 -7
      vertex 50.8817 -8.38647 -8
      vertex 50.9289 -8.53192 -7.75931
    endloop
  endfacet
  facet normal -0.951083 -0.308936 0
    outer loop
      vertex 50.8817 -8.38647 -8
      vertex 51.0469 -8.89505 -7
      vertex 50.8817 -8.38647 0
    endloop
  endfacet
  facet normal -0.95162 -0.307277 -0.000926236
    outer loop
      vertex 50.8817 -8.38647 0
      vertex 50.9289 -8.53192 -0.240687
      vertex 50.8915 -8.41682 0
    endloop
  endfacet
  facet normal -0.951083 -0.308936 -0
    outer loop
      vertex 51.0469 -8.89505 -1
      vertex 50.8817 -8.38647 0
      vertex 51.0469 -8.89505 -7
    endloop
  endfacet
  facet normal -0.951638 -0.307219 -0.000964962
    outer loop
      vertex 50.8817 -8.38647 0
      vertex 51.0469 -8.89505 -1
      vertex 50.9289 -8.53192 -0.240687
    endloop
  endfacet
  facet normal 0 -1 0
    outer loop
      vertex 49.1183 -8.38647 -8
      vertex 50.8817 -8.38647 0
      vertex 49.1183 -8.38647 0
    endloop
  endfacet
  facet normal 0 -1 -0
    outer loop
      vertex 50.8817 -8.38647 0
      vertex 49.1183 -8.38647 -8
      vertex 50.8817 -8.38647 -8
    endloop
  endfacet
  facet normal 0.95145 -0.307802 -0.000682412
    outer loop
      vertex 49.0712 -8.53153 -0.239658
      vertex 49.1183 -8.38647 0
      vertex 49.1093 -8.41429 0
    endloop
  endfacet
  facet normal 0.951542 -0.307519 -0.000871628
    outer loop
      vertex 48.9503 -8.90347 -1
      vertex 49.1183 -8.38647 0
      vertex 49.0712 -8.53153 -0.239658
    endloop
  endfacet
  facet normal 0.951048 -0.309044 0
    outer loop
      vertex 49.1183 -8.38647 0
      vertex 48.9503 -8.90347 -1
      vertex 49.1183 -8.38647 -8
    endloop
  endfacet
  facet normal 0.95145 -0.307802 0.000682406
    outer loop
      vertex 49.1183 -8.38647 -8
      vertex 49.0712 -8.53153 -7.76034
      vertex 49.1093 -8.41429 -8
    endloop
  endfacet
  facet normal 0.951048 -0.309044 0
    outer loop
      vertex 48.9503 -8.90347 -7
      vertex 49.1183 -8.38647 -8
      vertex 48.9503 -8.90347 -1
    endloop
  endfacet
  facet normal 0.951542 -0.307519 0.000871671
    outer loop
      vertex 49.1183 -8.38647 -8
      vertex 48.9503 -8.90347 -7
      vertex 49.0712 -8.53153 -7.76034
    endloop
  endfacet
  facet normal 0.668702 -0.74353 0.000299072
    outer loop
      vertex 44.7166 -7.11611 -0.792303
      vertex 45.0432 -6.82206 0
      vertex 45.0119 -6.85021 0
    endloop
  endfacet
  facet normal 0.669177 -0.743103 0
    outer loop
      vertex 44.7166 -7.11611 -7.2077
      vertex 44.7166 -7.11611 -0.792303
      vertex 44.6392 -7.18581 -1
    endloop
  endfacet
  facet normal 0.669177 -0.743103 0
    outer loop
      vertex 44.7166 -7.11611 -7.2077
      vertex 44.6392 -7.18581 -1
      vertex 44.6392 -7.18581 -7
    endloop
  endfacet
  facet normal 0.669103 -0.74317 0
    outer loop
      vertex 44.7166 -7.11611 -0.792303
      vertex 44.7166 -7.11611 -7.2077
      vertex 45.0432 -6.82206 0
    endloop
  endfacet
  facet normal 0.668702 -0.74353 -0.000299073
    outer loop
      vertex 45.0432 -6.82206 -8
      vertex 44.7166 -7.11611 -7.2077
      vertex 45.0119 -6.85021 -8
    endloop
  endfacet
  facet normal 0.669103 -0.74317 0
    outer loop
      vertex 44.7166 -7.11611 -7.2077
      vertex 45.0432 -6.82206 -8
      vertex 45.0432 -6.82206 0
    endloop
  endfacet
  facet normal -0.500004 -0.866023 0
    outer loop
      vertex 45.0432 -6.82206 -8
      vertex 46.5703 -7.70374 0
      vertex 45.0432 -6.82206 0
    endloop
  endfacet
  facet normal -0.500004 -0.866023 -0
    outer loop
      vertex 46.5703 -7.70374 0
      vertex 45.0432 -6.82206 -8
      vertex 46.5703 -7.70374 -8
    endloop
  endfacet
  facet normal -0.977994 0.208632 0.000623369
    outer loop
      vertex 46.5448 -7.82376 -7.83774
      vertex 46.5703 -7.70374 -8
      vertex 46.5622 -7.74171 -8
    endloop
  endfacet
  facet normal -0.97817 0.207805 -1.568e-05
    outer loop
      vertex 46.4548 -8.24734 -7
      vertex 46.5703 -7.70374 -8
      vertex 46.5448 -7.82376 -7.83774
    endloop
  endfacet
  facet normal -0.978164 0.207833 0
    outer loop
      vertex 46.5703 -7.70374 -8
      vertex 46.4548 -8.24734 -7
      vertex 46.5703 -7.70374 0
    endloop
  endfacet
  facet normal -0.977994 0.208632 -0.000623384
    outer loop
      vertex 46.5703 -7.70374 0
      vertex 46.5448 -7.82376 -0.162256
      vertex 46.5622 -7.74171 0
    endloop
  endfacet
  facet normal -0.978164 0.207833 0
    outer loop
      vertex 46.4548 -8.24734 -1
      vertex 46.5703 -7.70374 0
      vertex 46.4548 -8.24734 -7
    endloop
  endfacet
  facet normal -0.97817 0.207805 1.56789e-05
    outer loop
      vertex 46.5703 -7.70374 0
      vertex 46.4548 -8.24734 -1
      vertex 46.5448 -7.82376 -0.162256
    endloop
  endfacet
  facet normal -0.866044 -0.499967 0
    outer loop
      vertex 43.1779 -4.95679 -8
      vertex 42.2963 -3.42968 0
      vertex 42.2963 -3.42968 -8
    endloop
  endfacet
  facet normal -0.866044 -0.499967 0
    outer loop
      vertex 42.2963 -3.42968 0
      vertex 43.1779 -4.95679 -8
      vertex 43.1779 -4.95679 0
    endloop
  endfacet
  facet normal -0.7445 0.667622 -0.00100863
    outer loop
      vertex 43.0253 -5.12634 -7.58821
      vertex 43.1779 -4.95679 -8
      vertex 43.1647 -4.97151 -8
    endloop
  endfacet
  facet normal -0.743283 0.668977 0
    outer loop
      vertex 43.1779 -4.95679 -8
      vertex 43.0253 -5.12634 -7.58821
      vertex 43.1779 -4.95679 0
    endloop
  endfacet
  facet normal -0.743283 0.668977 0
    outer loop
      vertex 43.0253 -5.12634 -0.411786
      vertex 43.1779 -4.95679 0
      vertex 43.0253 -5.12634 -7.58821
    endloop
  endfacet
  facet normal -0.7445 0.667622 0.00100864
    outer loop
      vertex 43.1779 -4.95679 0
      vertex 43.0253 -5.12634 -0.411786
      vertex 43.1647 -4.97151 0
    endloop
  endfacet
  facet normal -0.743049 0.669238 0
    outer loop
      vertex 42.8261 -5.34751 -7
      vertex 43.0253 -5.12634 -0.411786
      vertex 43.0253 -5.12634 -7.58821
    endloop
  endfacet
  facet normal -0.743049 0.669238 0
    outer loop
      vertex 43.0253 -5.12634 -0.411786
      vertex 42.8261 -5.34751 -7
      vertex 42.8261 -5.34751 -1
    endloop
  endfacet
  facet normal 0.20729 -0.97828 0.000336783
    outer loop
      vertex 42.0807 -3.4755 -0.395364
      vertex 42.2963 -3.42968 0
      vertex 42.2778 -3.4336 0
    endloop
  endfacet
  facet normal 0.207925 -0.978145 0
    outer loop
      vertex 42.0807 -3.4755 -7.60464
      vertex 42.0807 -3.4755 -0.395364
      vertex 41.7792 -3.53959 -1
    endloop
  endfacet
  facet normal 0.207925 -0.978145 0
    outer loop
      vertex 42.0807 -3.4755 -7.60464
      vertex 41.7792 -3.53959 -1
      vertex 41.7792 -3.53959 -7
    endloop
  endfacet
  facet normal 0.20788 -0.978154 0
    outer loop
      vertex 42.0807 -3.4755 -0.395364
      vertex 42.0807 -3.4755 -7.60464
      vertex 42.2963 -3.42968 0
    endloop
  endfacet
  facet normal 0.20729 -0.97828 -0.000336786
    outer loop
      vertex 42.2963 -3.42968 -8
      vertex 42.0807 -3.4755 -7.60464
      vertex 42.2778 -3.4336 -8
    endloop
  endfacet
  facet normal 0.20788 -0.978154 0
    outer loop
      vertex 42.0807 -3.4755 -7.60464
      vertex 42.2963 -3.42968 -8
      vertex 42.2963 -3.42968 0
    endloop
  endfacet
  facet normal -0.309012 -0.951058 -0.000123707
    outer loop
      vertex 41.4729 0.927381 -0.154834
      vertex 41.6135 0.881678 0
      vertex 41.5498 0.902375 0
    endloop
  endfacet
  facet normal -0.309303 -0.950964 0.000168345
    outer loop
      vertex 41.0714 1.05782 -1
      vertex 41.6135 0.881678 0
      vertex 41.4729 0.927381 -0.154834
    endloop
  endfacet
  facet normal -0.309022 -0.951055 0
    outer loop
      vertex 41.0714 1.05782 -7
      vertex 41.6135 0.881678 0
      vertex 41.0714 1.05782 -1
    endloop
  endfacet
  facet normal -0.309303 -0.950964 -0.000168339
    outer loop
      vertex 41.6135 0.881678 -8
      vertex 41.0714 1.05782 -7
      vertex 41.4729 0.927381 -7.84517
    endloop
  endfacet
  facet normal -0.309012 -0.951058 0.00012371
    outer loop
      vertex 41.6135 0.881678 -8
      vertex 41.4729 0.927381 -7.84517
      vertex 41.5498 0.902375 -8
    endloop
  endfacet
  facet normal -0.309022 -0.951055 0
    outer loop
      vertex 41.0714 1.05782 -7
      vertex 41.6135 0.881678 -8
      vertex 41.6135 0.881678 0
    endloop
  endfacet
  facet normal -1 0 0
    outer loop
      vertex 41.6135 -0.881678 -8
      vertex 41.6135 0.881678 0
      vertex 41.6135 0.881678 -8
    endloop
  endfacet
  facet normal -1 -0 0
    outer loop
      vertex 41.6135 0.881678 0
      vertex 41.6135 -0.881678 -8
      vertex 41.6135 -0.881678 0
    endloop
  endfacet
  facet normal -0.309012 0.951058 -0.000123707
    outer loop
      vertex 41.6135 -0.881678 0
      vertex 41.4729 -0.927381 -0.154834
      vertex 41.5498 -0.902375 0
    endloop
  endfacet
  facet normal -0.309303 0.950964 0.000168345
    outer loop
      vertex 41.6135 -0.881678 0
      vertex 41.0714 -1.05782 -1
      vertex 41.4729 -0.927381 -0.154834
    endloop
  endfacet
  facet normal -0.309022 0.951055 0
    outer loop
      vertex 41.6135 -0.881678 0
      vertex 41.0714 -1.05782 -7
      vertex 41.0714 -1.05782 -1
    endloop
  endfacet
  facet normal -0.309022 0.951055 0
    outer loop
      vertex 41.6135 -0.881678 -8
      vertex 41.0714 -1.05782 -7
      vertex 41.6135 -0.881678 0
    endloop
  endfacet
  facet normal -0.309303 0.950964 -0.000168339
    outer loop
      vertex 41.0714 -1.05782 -7
      vertex 41.6135 -0.881678 -8
      vertex 41.4729 -0.927381 -7.84517
    endloop
  endfacet
  facet normal -0.309012 0.951058 0.00012371
    outer loop
      vertex 41.4729 -0.927381 -7.84517
      vertex 41.6135 -0.881678 -8
      vertex 41.5498 -0.902375 -8
    endloop
  endfacet
  facet normal -0.866044 0.499967 0
    outer loop
      vertex 42.2963 3.42968 -8
      vertex 43.1779 4.95679 0
      vertex 43.1779 4.95679 -8
    endloop
  endfacet
  facet normal -0.866044 0.499967 0
    outer loop
      vertex 43.1779 4.95679 0
      vertex 42.2963 3.42968 -8
      vertex 42.2963 3.42968 0
    endloop
  endfacet
  facet normal 0.20729 0.97828 0.000336783
    outer loop
      vertex 42.2963 3.42968 0
      vertex 42.0807 3.4755 -0.395364
      vertex 42.2778 3.4336 0
    endloop
  endfacet
  facet normal 0.20788 0.978154 -0
    outer loop
      vertex 42.0807 3.4755 -7.60464
      vertex 42.0807 3.4755 -0.395364
      vertex 42.2963 3.42968 0
    endloop
  endfacet
  facet normal 0.207925 0.978145 0
    outer loop
      vertex 42.0807 3.4755 -0.395364
      vertex 42.0807 3.4755 -7.60464
      vertex 41.7792 3.53959 -1
    endloop
  endfacet
  facet normal 0.207925 0.978145 0
    outer loop
      vertex 41.7792 3.53959 -1
      vertex 42.0807 3.4755 -7.60464
      vertex 41.7792 3.53959 -7
    endloop
  endfacet
  facet normal 0.20788 0.978154 -0
    outer loop
      vertex 42.2963 3.42968 -8
      vertex 42.0807 3.4755 -7.60464
      vertex 42.2963 3.42968 0
    endloop
  endfacet
  facet normal 0.20729 0.97828 -0.000336786
    outer loop
      vertex 42.0807 3.4755 -7.60464
      vertex 42.2963 3.42968 -8
      vertex 42.2778 3.4336 -8
    endloop
  endfacet
  facet normal -0.743049 -0.669238 0
    outer loop
      vertex 43.0253 5.12634 -7.58821
      vertex 42.8261 5.34751 -1
      vertex 42.8261 5.34751 -7
    endloop
  endfacet
  facet normal -0.743049 -0.669238 0
    outer loop
      vertex 43.0253 5.12634 -7.58821
      vertex 43.0253 5.12634 -0.411786
      vertex 42.8261 5.34751 -1
    endloop
  endfacet
  facet normal -0.7445 -0.667622 -0.00100863
    outer loop
      vertex 43.1779 4.95679 -8
      vertex 43.0253 5.12634 -7.58821
      vertex 43.1647 4.97151 -8
    endloop
  endfacet
  facet normal -0.743283 -0.668977 0
    outer loop
      vertex 43.0253 5.12634 -7.58821
      vertex 43.1779 4.95679 -8
      vertex 43.0253 5.12634 -0.411786
    endloop
  endfacet
  facet normal -0.743283 -0.668977 -0
    outer loop
      vertex 43.1779 4.95679 0
      vertex 43.0253 5.12634 -0.411786
      vertex 43.1779 4.95679 -8
    endloop
  endfacet
  facet normal -0.7445 -0.667622 0.00100864
    outer loop
      vertex 43.0253 5.12634 -0.411786
      vertex 43.1779 4.95679 0
      vertex 43.1647 4.97151 0
    endloop
  endfacet
  facet normal -0.97817 -0.207805 -1.568e-05
    outer loop
      vertex 46.5703 7.70374 -8
      vertex 46.4548 8.24734 -7
      vertex 46.5448 7.82376 -7.83774
    endloop
  endfacet
  facet normal -0.978164 -0.207833 0
    outer loop
      vertex 46.4548 8.24734 -7
      vertex 46.5703 7.70374 -8
      vertex 46.4548 8.24734 -1
    endloop
  endfacet
  facet normal -0.977994 -0.208632 0.000623369
    outer loop
      vertex 46.5703 7.70374 -8
      vertex 46.5448 7.82376 -7.83774
      vertex 46.5622 7.74171 -8
    endloop
  endfacet
  facet normal -0.978164 -0.207833 -0
    outer loop
      vertex 46.5703 7.70374 0
      vertex 46.4548 8.24734 -1
      vertex 46.5703 7.70374 -8
    endloop
  endfacet
  facet normal -0.97817 -0.207805 1.56789e-05
    outer loop
      vertex 46.4548 8.24734 -1
      vertex 46.5703 7.70374 0
      vertex 46.5448 7.82376 -0.162256
    endloop
  endfacet
  facet normal -0.977994 -0.208632 -0.000623384
    outer loop
      vertex 46.5448 7.82376 -0.162256
      vertex 46.5703 7.70374 0
      vertex 46.5622 7.74171 0
    endloop
  endfacet
  facet normal -0.500004 0.866023 0
    outer loop
      vertex 46.5703 7.70374 -8
      vertex 45.0432 6.82206 0
      vertex 46.5703 7.70374 0
    endloop
  endfacet
  facet normal -0.500004 0.866023 0
    outer loop
      vertex 45.0432 6.82206 0
      vertex 46.5703 7.70374 -8
      vertex 45.0432 6.82206 -8
    endloop
  endfacet
  facet normal 0.668702 0.74353 0.000299072
    outer loop
      vertex 45.0432 6.82206 0
      vertex 44.7166 7.11611 -0.792303
      vertex 45.0119 6.85021 0
    endloop
  endfacet
  facet normal 0.669103 0.74317 -0
    outer loop
      vertex 44.7166 7.11611 -7.2077
      vertex 44.7166 7.11611 -0.792303
      vertex 45.0432 6.82206 0
    endloop
  endfacet
  facet normal 0.669177 0.743103 0
    outer loop
      vertex 44.7166 7.11611 -0.792303
      vertex 44.7166 7.11611 -7.2077
      vertex 44.6392 7.18581 -1
    endloop
  endfacet
  facet normal 0.669177 0.743103 0
    outer loop
      vertex 44.6392 7.18581 -1
      vertex 44.7166 7.11611 -7.2077
      vertex 44.6392 7.18581 -7
    endloop
  endfacet
  facet normal 0.669103 0.74317 -0
    outer loop
      vertex 45.0432 6.82206 -8
      vertex 44.7166 7.11611 -7.2077
      vertex 45.0432 6.82206 0
    endloop
  endfacet
  facet normal 0.668702 0.74353 -0.000299073
    outer loop
      vertex 44.7166 7.11611 -7.2077
      vertex 45.0432 6.82206 -8
      vertex 45.0119 6.85021 -8
    endloop
  endfacet
  facet normal -0.951638 0.307219 0.000965026
    outer loop
      vertex 50.8817 8.38647 -8
      vertex 51.0469 8.89505 -7
      vertex 50.9289 8.53192 -7.75931
    endloop
  endfacet
  facet normal -0.951083 0.308936 0
    outer loop
      vertex 51.0469 8.89505 -7
      vertex 50.8817 8.38647 -8
      vertex 51.0469 8.89505 -1
    endloop
  endfacet
  facet normal -0.95162 0.307277 0.000926224
    outer loop
      vertex 50.8817 8.38647 -8
      vertex 50.9289 8.53192 -7.75931
      vertex 50.8915 8.41682 -8
    endloop
  endfacet
  facet normal -0.951083 0.308936 0
    outer loop
      vertex 50.8817 8.38647 0
      vertex 51.0469 8.89505 -1
      vertex 50.8817 8.38647 -8
    endloop
  endfacet
  facet normal -0.951638 0.307219 -0.000964962
    outer loop
      vertex 51.0469 8.89505 -1
      vertex 50.8817 8.38647 0
      vertex 50.9289 8.53192 -0.240687
    endloop
  endfacet
  facet normal -0.95162 0.307277 -0.000926236
    outer loop
      vertex 50.9289 8.53192 -0.240687
      vertex 50.8817 8.38647 0
      vertex 50.8915 8.41682 0
    endloop
  endfacet
  facet normal 0 1 -0
    outer loop
      vertex 50.8817 8.38647 -8
      vertex 49.1183 8.38647 0
      vertex 50.8817 8.38647 0
    endloop
  endfacet
  facet normal 0 1 0
    outer loop
      vertex 49.1183 8.38647 0
      vertex 50.8817 8.38647 -8
      vertex 49.1183 8.38647 -8
    endloop
  endfacet
  facet normal 0.951542 0.307519 -0.000871628
    outer loop
      vertex 49.1183 8.38647 0
      vertex 48.9503 8.90347 -1
      vertex 49.0712 8.53153 -0.239658
    endloop
  endfacet
  facet normal 0.951048 0.309044 0
    outer loop
      vertex 48.9503 8.90347 -1
      vertex 49.1183 8.38647 0
      vertex 48.9503 8.90347 -7
    endloop
  endfacet
  facet normal 0.95145 0.307802 -0.000682412
    outer loop
      vertex 49.1183 8.38647 0
      vertex 49.0712 8.53153 -0.239658
      vertex 49.1093 8.41429 0
    endloop
  endfacet
  facet normal 0.951048 0.309044 -0
    outer loop
      vertex 49.1183 8.38647 -8
      vertex 48.9503 8.90347 -7
      vertex 49.1183 8.38647 0
    endloop
  endfacet
  facet normal 0.951542 0.307519 0.000871671
    outer loop
      vertex 48.9503 8.90347 -7
      vertex 49.1183 8.38647 -8
      vertex 49.0712 8.53153 -7.76034
    endloop
  endfacet
  facet normal 0.95145 0.307802 0.000682406
    outer loop
      vertex 49.0712 8.53153 -7.76034
      vertex 49.1183 8.38647 -8
      vertex 49.1093 8.41429 -8
    endloop
  endfacet
  facet normal 0.978149 -0.207904 0
    outer loop
      vertex 53.4689 7.88834 -0.325695
      vertex 53.5396 8.22097 -7
      vertex 53.5396 8.22097 -1
    endloop
  endfacet
  facet normal 0.978149 -0.207904 0
    outer loop
      vertex 53.4689 7.88834 -0.325695
      vertex 53.4689 7.88834 -7.67431
      vertex 53.5396 8.22097 -7
    endloop
  endfacet
  facet normal 0.978053 -0.208357 -0.000377817
    outer loop
      vertex 53.4297 7.70374 0
      vertex 53.4689 7.88834 -0.325695
      vertex 53.4348 7.72768 0
    endloop
  endfacet
  facet normal 0.978188 -0.207719 0
    outer loop
      vertex 53.4689 7.88834 -0.325695
      vertex 53.4297 7.70374 0
      vertex 53.4689 7.88834 -7.67431
    endloop
  endfacet
  facet normal 0.978188 -0.207719 0
    outer loop
      vertex 53.4297 7.70374 -8
      vertex 53.4689 7.88834 -7.67431
      vertex 53.4297 7.70374 0
    endloop
  endfacet
  facet normal 0.978053 -0.208357 0.000377823
    outer loop
      vertex 53.4689 7.88834 -7.67431
      vertex 53.4297 7.70374 -8
      vertex 53.4348 7.72768 -8
    endloop
  endfacet
  facet normal -0.668965 0.743294 0.000210801
    outer loop
      vertex 55.0943 6.9459 -0.317344
      vertex 54.9568 6.82206 0
      vertex 54.9736 6.83718 0
    endloop
  endfacet
  facet normal -0.669028 0.743237 0
    outer loop
      vertex 55.3541 7.17976 -7
      vertex 55.0943 6.9459 -0.317344
      vertex 55.3541 7.17976 -1
    endloop
  endfacet
  facet normal -0.669028 0.743237 0
    outer loop
      vertex 55.0943 6.9459 -7.68266
      vertex 55.0943 6.9459 -0.317344
      vertex 55.3541 7.17976 -7
    endloop
  endfacet
  facet normal -0.669233 0.743052 0
    outer loop
      vertex 55.0943 6.9459 -0.317344
      vertex 55.0943 6.9459 -7.68266
      vertex 54.9568 6.82206 0
    endloop
  endfacet
  facet normal -0.668965 0.743294 -0.000210804
    outer loop
      vertex 54.9568 6.82206 -8
      vertex 55.0943 6.9459 -7.68266
      vertex 54.9736 6.83718 -8
    endloop
  endfacet
  facet normal -0.669233 0.743052 0
    outer loop
      vertex 55.0943 6.9459 -7.68266
      vertex 54.9568 6.82206 -8
      vertex 54.9568 6.82206 0
    endloop
  endfacet
  facet normal 0.500004 0.866023 -0
    outer loop
      vertex 54.9568 6.82206 -8
      vertex 53.4297 7.70374 0
      vertex 54.9568 6.82206 0
    endloop
  endfacet
  facet normal 0.500004 0.866023 0
    outer loop
      vertex 53.4297 7.70374 0
      vertex 54.9568 6.82206 -8
      vertex 53.4297 7.70374 -8
    endloop
  endfacet
  facet normal 0.742117 -0.670271 0
    outer loop
      vertex 57.1889 5.36424 -0.956153
      vertex 57.2042 5.38118 -7
      vertex 57.2042 5.38118 -1
    endloop
  endfacet
  facet normal 0.742117 -0.670271 0
    outer loop
      vertex 57.1889 5.36424 -0.956153
      vertex 57.1889 5.36424 -7.04385
      vertex 57.2042 5.38118 -7
    endloop
  endfacet
  facet normal 0.743981 -0.6682 0.00066333
    outer loop
      vertex 56.8221 4.95679 0
      vertex 57.1889 5.36424 -0.956153
      vertex 56.8564 4.99498 0
    endloop
  endfacet
  facet normal 0.743208 -0.66906 0
    outer loop
      vertex 57.1889 5.36424 -0.956153
      vertex 56.8221 4.95679 0
      vertex 57.1889 5.36424 -7.04385
    endloop
  endfacet
  facet normal 0.743208 -0.66906 0
    outer loop
      vertex 56.8221 4.95679 -8
      vertex 57.1889 5.36424 -7.04385
      vertex 56.8221 4.95679 0
    endloop
  endfacet
  facet normal 0.743981 -0.6682 -0.000663332
    outer loop
      vertex 57.1889 5.36424 -7.04385
      vertex 56.8221 4.95679 -8
      vertex 56.8564 4.99498 -8
    endloop
  endfacet
  facet normal -0.207815 0.978168 5.16448e-05
    outer loop
      vertex 58.185 3.53198 -0.873437
      vertex 57.7037 3.42968 0
      vertex 57.7575 3.44111 0
    endloop
  endfacet
  facet normal -0.207783 0.978175 0
    outer loop
      vertex 58.185 3.53198 -7.12656
      vertex 58.185 3.53198 -0.873437
      vertex 58.247 3.54515 -1
    endloop
  endfacet
  facet normal -0.207783 0.978175 0
    outer loop
      vertex 58.185 3.53198 -7.12656
      vertex 58.247 3.54515 -1
      vertex 58.247 3.54515 -7
    endloop
  endfacet
  facet normal -0.207905 0.978149 0
    outer loop
      vertex 58.185 3.53198 -0.873437
      vertex 58.185 3.53198 -7.12656
      vertex 57.7037 3.42968 0
    endloop
  endfacet
  facet normal -0.207815 0.978168 -5.16446e-05
    outer loop
      vertex 57.7037 3.42968 -8
      vertex 58.185 3.53198 -7.12656
      vertex 57.7575 3.44111 -8
    endloop
  endfacet
  facet normal -0.207905 0.978149 0
    outer loop
      vertex 58.185 3.53198 -7.12656
      vertex 57.7037 3.42968 -8
      vertex 57.7037 3.42968 0
    endloop
  endfacet
  facet normal 0.866044 0.499967 0
    outer loop
      vertex 57.7037 3.42968 0
      vertex 56.8221 4.95679 -8
      vertex 56.8221 4.95679 0
    endloop
  endfacet
  facet normal 0.866044 0.499967 0
    outer loop
      vertex 56.8221 4.95679 -8
      vertex 57.7037 3.42968 0
      vertex 57.7037 3.42968 -8
    endloop
  endfacet
  facet normal 0.309592 -0.950869 0.000308256
    outer loop
      vertex 58.3865 0.881678 0
      vertex 58.6323 0.961554 -0.473769
      vertex 58.4035 0.887213 0
    endloop
  endfacet
  facet normal 0.309055 -0.951044 0
    outer loop
      vertex 58.6323 0.961554 -7.52623
      vertex 58.6323 0.961554 -0.473769
      vertex 58.3865 0.881678 0
    endloop
  endfacet
  facet normal 0.309064 -0.951041 0
    outer loop
      vertex 58.6323 0.961554 -0.473769
      vertex 58.6323 0.961554 -7.52623
      vertex 58.8864 1.04413 -1
    endloop
  endfacet
  facet normal 0.309064 -0.951041 0
    outer loop
      vertex 58.8864 1.04413 -1
      vertex 58.6323 0.961554 -7.52623
      vertex 58.8864 1.04413 -7
    endloop
  endfacet
  facet normal 0.309055 -0.951044 0
    outer loop
      vertex 58.3865 0.881678 -8
      vertex 58.6323 0.961554 -7.52623
      vertex 58.3865 0.881678 0
    endloop
  endfacet
  facet normal 0.309592 -0.950869 -0.000308256
    outer loop
      vertex 58.6323 0.961554 -7.52623
      vertex 58.3865 0.881678 -8
      vertex 58.4035 0.887213 -8
    endloop
  endfacet
  facet normal 0.309592 0.950869 0.000308256
    outer loop
      vertex 58.6323 -0.961554 -0.473769
      vertex 58.3865 -0.881678 0
      vertex 58.4035 -0.887213 0
    endloop
  endfacet
  facet normal 0.309064 0.951041 -0
    outer loop
      vertex 58.6323 -0.961554 -7.52623
      vertex 58.6323 -0.961554 -0.473769
      vertex 58.8864 -1.04413 -1
    endloop
  endfacet
  facet normal 0.309064 0.951041 0
    outer loop
      vertex 58.6323 -0.961554 -7.52623
      vertex 58.8864 -1.04413 -1
      vertex 58.8864 -1.04413 -7
    endloop
  endfacet
  facet normal 0.309055 0.951044 0
    outer loop
      vertex 58.6323 -0.961554 -0.473769
      vertex 58.6323 -0.961554 -7.52623
      vertex 58.3865 -0.881678 0
    endloop
  endfacet
  facet normal 0.309592 0.950869 -0.000308256
    outer loop
      vertex 58.3865 -0.881678 -8
      vertex 58.6323 -0.961554 -7.52623
      vertex 58.4035 -0.887213 -8
    endloop
  endfacet
  facet normal 0.309055 0.951044 0
    outer loop
      vertex 58.6323 -0.961554 -7.52623
      vertex 58.3865 -0.881678 -8
      vertex 58.3865 -0.881678 0
    endloop
  endfacet
  facet normal 1 -0 0
    outer loop
      vertex 58.3865 -0.881678 0
      vertex 58.3865 0.881678 -8
      vertex 58.3865 0.881678 0
    endloop
  endfacet
  facet normal 1 0 0
    outer loop
      vertex 58.3865 0.881678 -8
      vertex 58.3865 -0.881678 0
      vertex 58.3865 -0.881678 -8
    endloop
  endfacet
  facet normal 0.923895 -0.382646 0
    outer loop
      vertex 48.0783 1.39618 -2.37467
      vertex 48.2322 1.76777 -8
      vertex 48.2322 1.76777 -2.19765
    endloop
  endfacet
  facet normal 0.923886 -0.382668 -1.67334e-06
    outer loop
      vertex 47.7023 0.488392 -2.40097
      vertex 48.2322 1.76777 -8
      vertex 48.0783 1.39618 -2.37467
    endloop
  endfacet
  facet normal 0.923879 -0.382686 0
    outer loop
      vertex 47.5 0 -8
      vertex 47.7023 0.488392 -2.40097
      vertex 47.5 0 -2.19415
    endloop
  endfacet
  facet normal 0.923886 -0.382668 -1.79671e-06
    outer loop
      vertex 47.7023 0.488392 -2.40097
      vertex 47.5 0 -8
      vertex 48.2322 1.76777 -8
    endloop
  endfacet
  facet normal -0.382685 0.923879 -5.48098e-06
    outer loop
      vertex 51.6395 -1.82088 -2.29976
      vertex 51.7678 -1.76777 -8
      vertex 50.7159 -2.20345 -2.43316
    endloop
  endfacet
  facet normal -0.382477 0.923965 0
    outer loop
      vertex 51.7678 -1.76777 -8
      vertex 51.6395 -1.82088 -2.29976
      vertex 51.7678 -1.76777 -2.22561
    endloop
  endfacet
  facet normal -0.382676 0.923883 -3.533e-06
    outer loop
      vertex 50 -2.5 -8
      vertex 50.7159 -2.20345 -2.43316
      vertex 51.7678 -1.76777 -8
    endloop
  endfacet
  facet normal -0.382699 0.923873 0
    outer loop
      vertex 50.7159 -2.20345 -2.43316
      vertex 50 -2.5 -8
      vertex 50 -2.5 -2.20815
    endloop
  endfacet
  facet normal -0.923866 0.382716 0
    outer loop
      vertex 52.5 0 -8
      vertex 52.1107 -0.939761 -2.43951
      vertex 52.5 0 -2.25
    endloop
  endfacet
  facet normal -0.923886 0.382668 -9.38549e-06
    outer loop
      vertex 51.7678 -1.76777 -8
      vertex 52.1107 -0.939761 -2.43951
      vertex 52.5 0 -8
    endloop
  endfacet
  facet normal -0.923908 0.382614 0
    outer loop
      vertex 52.1107 -0.939761 -2.43951
      vertex 51.7678 -1.76777 -8
      vertex 51.7678 -1.76777 -2.22561
    endloop
  endfacet
  facet normal -0.923908 -0.382614 0
    outer loop
      vertex 51.7678 1.76777 -8
      vertex 52.1107 0.939761 -2.43951
      vertex 51.7678 1.76777 -2.22561
    endloop
  endfacet
  facet normal -0.923886 -0.382668 -9.38549e-06
    outer loop
      vertex 52.5 0 -8
      vertex 52.1107 0.939761 -2.43951
      vertex 51.7678 1.76777 -8
    endloop
  endfacet
  facet normal -0.923866 -0.382716 0
    outer loop
      vertex 52.1107 0.939761 -2.43951
      vertex 52.5 0 -8
      vertex 52.5 0 -2.25
    endloop
  endfacet
  facet normal 0.382656 -0.923891 0
    outer loop
      vertex 48.2322 1.76777 -2.19765
      vertex 48.2322 1.76777 -8
      vertex 48.8352 2.01752 -2.42037
    endloop
  endfacet
  facet normal 0.382676 -0.923883 -2.49524e-06
    outer loop
      vertex 50 2.5 -8
      vertex 48.8352 2.01752 -2.42037
      vertex 48.2322 1.76777 -8
    endloop
  endfacet
  facet normal 0.382686 -0.923878 -3.13509e-08
    outer loop
      vertex 48.8352 2.01752 -2.42037
      vertex 50 2.5 -8
      vertex 49.7482 2.3957 -2.3411
    endloop
  endfacet
  facet normal 0.382687 -0.923878 0
    outer loop
      vertex 49.7482 2.3957 -2.3411
      vertex 50 2.5 -8
      vertex 50 2.5 -2.20815
    endloop
  endfacet
  facet normal 0.923879 0.382686 0
    outer loop
      vertex 47.7023 -0.488392 -2.40097
      vertex 47.5 0 -8
      vertex 47.5 0 -2.19415
    endloop
  endfacet
  facet normal 0.923886 0.382668 -1.67334e-06
    outer loop
      vertex 48.2322 -1.76777 -8
      vertex 47.7023 -0.488392 -2.40097
      vertex 48.0783 -1.39618 -2.37467
    endloop
  endfacet
  facet normal 0.923895 0.382646 -0
    outer loop
      vertex 48.2322 -1.76777 -8
      vertex 48.0783 -1.39618 -2.37467
      vertex 48.2322 -1.76777 -2.19765
    endloop
  endfacet
  facet normal 0.923886 0.382668 -1.79671e-06
    outer loop
      vertex 47.7023 -0.488392 -2.40097
      vertex 48.2322 -1.76777 -8
      vertex 47.5 0 -8
    endloop
  endfacet
  facet normal -0.382699 -0.923873 -0
    outer loop
      vertex 50 2.5 -2.20815
      vertex 50 2.5 -8
      vertex 50.7159 2.20345 -2.43316
    endloop
  endfacet
  facet normal -0.382676 -0.923883 -3.533e-06
    outer loop
      vertex 51.7678 1.76777 -8
      vertex 50.7159 2.20345 -2.43316
      vertex 50 2.5 -8
    endloop
  endfacet
  facet normal -0.382685 -0.923879 -5.48098e-06
    outer loop
      vertex 50.7159 2.20345 -2.43316
      vertex 51.7678 1.76777 -8
      vertex 51.6395 1.82088 -2.29976
    endloop
  endfacet
  facet normal -0.382477 -0.923965 0
    outer loop
      vertex 51.6395 1.82088 -2.29976
      vertex 51.7678 1.76777 -8
      vertex 51.7678 1.76777 -2.22561
    endloop
  endfacet
  facet normal 0.382686 0.923878 -3.13509e-08
    outer loop
      vertex 49.7482 -2.3957 -2.3411
      vertex 50 -2.5 -8
      vertex 48.8352 -2.01752 -2.42037
    endloop
  endfacet
  facet normal 0.382687 0.923878 -0
    outer loop
      vertex 50 -2.5 -8
      vertex 49.7482 -2.3957 -2.3411
      vertex 50 -2.5 -2.20815
    endloop
  endfacet
  facet normal 0.382676 0.923883 -2.49524e-06
    outer loop
      vertex 48.2322 -1.76777 -8
      vertex 48.8352 -2.01752 -2.42037
      vertex 50 -2.5 -8
    endloop
  endfacet
  facet normal 0.382656 0.923891 0
    outer loop
      vertex 48.8352 -2.01752 -2.42037
      vertex 48.2322 -1.76777 -8
      vertex 48.2322 -1.76777 -2.19765
    endloop
  endfacet
  facet normal -0.699251 0.148645 0.699251
    outer loop
      vertex 52.5 0 -2.25
      vertex 54.3393 -1.932 0
      vertex 54.75 0 0
    endloop
  endfacet
  facet normal -0.699245 0.148655 0.699255
    outer loop
      vertex 54.3393 -1.932 0
      vertex 52.5 0 -2.25
      vertex 52.1107 -0.939761 -2.43951
    endloop
  endfacet
  facet normal 0.714875 3.02007e-07 0.699252
    outer loop
      vertex 45.3538 0.98758 0
      vertex 47.5 0 -2.19415
      vertex 47.7023 0.488392 -2.40097
    endloop
  endfacet
  facet normal 0.714875 -0 0.699252
    outer loop
      vertex 45.3538 -0.98758 0
      vertex 47.5 0 -2.19415
      vertex 45.3538 0.98758 0
    endloop
  endfacet
  facet normal 0.714875 -3.02007e-07 0.699252
    outer loop
      vertex 47.5 0 -2.19415
      vertex 45.3538 -0.98758 0
      vertex 47.7023 -0.488392 -2.40097
    endloop
  endfacet
  facet normal -0.0747261 0.710958 0.699253
    outer loop
      vertex 51.4678 -4.51752 0
      vertex 50 -2.5 -2.20815
      vertex 49.5035 -4.72398 0
    endloop
  endfacet
  facet normal -0.0747254 0.710958 0.699253
    outer loop
      vertex 50 -2.5 -2.20815
      vertex 51.4678 -4.51752 0
      vertex 50.7159 -2.20345 -2.43316
    endloop
  endfacet
  facet normal -0.0747143 0.710957 0.699255
    outer loop
      vertex 49.5035 -4.72398 0
      vertex 50 -2.5 -2.20815
      vertex 49.7482 -2.3957 -2.3411
    endloop
  endfacet
  facet normal 0.653074 0.290757 0.699253
    outer loop
      vertex 45.3538 -0.98758 0
      vertex 48.0783 -1.39618 -2.37467
      vertex 47.7023 -0.488392 -2.40097
    endloop
  endfacet
  facet normal 0.653071 0.290777 0.699247
    outer loop
      vertex 48.0783 -1.39618 -2.37467
      vertex 45.3538 -0.98758 0
      vertex 46.1572 -2.79198 0
    endloop
  endfacet
  facet normal -0.0747261 -0.710958 0.699253
    outer loop
      vertex 49.5035 4.72398 0
      vertex 50 2.5 -2.20815
      vertex 51.4678 4.51752 0
    endloop
  endfacet
  facet normal -0.0747143 -0.710957 0.699255
    outer loop
      vertex 50 2.5 -2.20815
      vertex 49.5035 4.72398 0
      vertex 49.7482 2.3957 -2.3411
    endloop
  endfacet
  facet normal -0.0747254 -0.710958 0.699253
    outer loop
      vertex 51.4678 4.51752 0
      vertex 50 2.5 -2.20815
      vertex 50.7159 2.20345 -2.43316
    endloop
  endfacet
  facet normal -0.578367 0.420156 0.699257
    outer loop
      vertex 51.7678 -1.76777 -2.22561
      vertex 54.3393 -1.932 0
      vertex 52.1107 -0.939761 -2.43951
    endloop
  endfacet
  facet normal -0.57836 0.420177 0.69925
    outer loop
      vertex 54.3393 -1.932 0
      vertex 51.7678 -1.76777 -2.22561
      vertex 53.1784 -3.52994 0
    endloop
  endfacet
  facet normal -0.578166 0.420381 0.699288
    outer loop
      vertex 53.1784 -3.52994 0
      vertex 51.7678 -1.76777 -2.22561
      vertex 51.6395 -1.82088 -2.29976
    endloop
  endfacet
  facet normal 0.653071 -0.290777 0.699247
    outer loop
      vertex 45.3538 0.98758 0
      vertex 48.0783 1.39618 -2.37467
      vertex 46.1572 2.79198 0
    endloop
  endfacet
  facet normal 0.653074 -0.290757 0.699253
    outer loop
      vertex 48.0783 1.39618 -2.37467
      vertex 45.3538 0.98758 0
      vertex 47.7023 0.488392 -2.40097
    endloop
  endfacet
  facet normal 0.478316 0.531274 0.699258
    outer loop
      vertex 48.2322 -1.76777 -2.19765
      vertex 47.625 -4.11362 0
      vertex 48.8352 -2.01752 -2.42037
    endloop
  endfacet
  facet normal 0.478367 0.531237 0.699251
    outer loop
      vertex 46.1572 -2.79198 0
      vertex 48.2322 -1.76777 -2.19765
      vertex 48.0783 -1.39618 -2.37467
    endloop
  endfacet
  facet normal 0.478354 0.531255 0.699247
    outer loop
      vertex 48.2322 -1.76777 -2.19765
      vertex 46.1572 -2.79198 0
      vertex 47.625 -4.11362 0
    endloop
  endfacet
  facet normal 0.220908 0.679886 0.699253
    outer loop
      vertex 47.625 -4.11362 0
      vertex 49.7482 -2.3957 -2.3411
      vertex 48.8352 -2.01752 -2.42037
    endloop
  endfacet
  facet normal 0.220908 0.679886 0.699253
    outer loop
      vertex 49.7482 -2.3957 -2.3411
      vertex 47.625 -4.11362 0
      vertex 49.5035 -4.72398 0
    endloop
  endfacet
  facet normal -0.699251 -0.148645 0.699251
    outer loop
      vertex 54.3393 1.932 0
      vertex 52.5 0 -2.25
      vertex 54.75 0 0
    endloop
  endfacet
  facet normal -0.699245 -0.148655 0.699255
    outer loop
      vertex 52.5 0 -2.25
      vertex 54.3393 1.932 0
      vertex 52.1107 0.939761 -2.43951
    endloop
  endfacet
  facet normal -0.57836 -0.420177 0.69925
    outer loop
      vertex 51.7678 1.76777 -2.22561
      vertex 54.3393 1.932 0
      vertex 53.1784 3.52994 0
    endloop
  endfacet
  facet normal -0.578367 -0.420156 0.699257
    outer loop
      vertex 54.3393 1.932 0
      vertex 51.7678 1.76777 -2.22561
      vertex 52.1107 0.939761 -2.43951
    endloop
  endfacet
  facet normal -0.578166 -0.420381 0.699288
    outer loop
      vertex 51.7678 1.76777 -2.22561
      vertex 53.1784 3.52994 0
      vertex 51.6395 1.82088 -2.29976
    endloop
  endfacet
  facet normal -0.357426 0.619101 0.699257
    outer loop
      vertex 51.6395 -1.82088 -2.29976
      vertex 51.4678 -4.51752 0
      vertex 53.1784 -3.52994 0
    endloop
  endfacet
  facet normal -0.357437 0.619099 0.699253
    outer loop
      vertex 51.4678 -4.51752 0
      vertex 51.6395 -1.82088 -2.29976
      vertex 50.7159 -2.20345 -2.43316
    endloop
  endfacet
  facet normal -0.357426 -0.619101 0.699257
    outer loop
      vertex 51.4678 4.51752 0
      vertex 51.6395 1.82088 -2.29976
      vertex 53.1784 3.52994 0
    endloop
  endfacet
  facet normal -0.357437 -0.619099 0.699253
    outer loop
      vertex 51.6395 1.82088 -2.29976
      vertex 51.4678 4.51752 0
      vertex 50.7159 2.20345 -2.43316
    endloop
  endfacet
  facet normal 0.220908 -0.679886 0.699253
    outer loop
      vertex 47.625 4.11362 0
      vertex 49.7482 2.3957 -2.3411
      vertex 49.5035 4.72398 0
    endloop
  endfacet
  facet normal 0.220908 -0.679886 0.699253
    outer loop
      vertex 49.7482 2.3957 -2.3411
      vertex 47.625 4.11362 0
      vertex 48.8352 2.01752 -2.42037
    endloop
  endfacet
  facet normal 0.478316 -0.531274 0.699258
    outer loop
      vertex 47.625 4.11362 0
      vertex 48.2322 1.76777 -2.19765
      vertex 48.8352 2.01752 -2.42037
    endloop
  endfacet
  facet normal 0.478354 -0.531255 0.699247
    outer loop
      vertex 46.1572 2.79198 0
      vertex 48.2322 1.76777 -2.19765
      vertex 47.625 4.11362 0
    endloop
  endfacet
  facet normal 0.478367 -0.531237 0.699251
    outer loop
      vertex 48.2322 1.76777 -2.19765
      vertex 46.1572 2.79198 0
      vertex 48.0783 1.39618 -2.37467
    endloop
  endfacet
  facet normal 0.951068 -0.308983 0
    outer loop
      vertex 10.4624 96.7982 -1
      vertex 10.7596 97.713 -4
      vertex 10.7596 97.713 -1
    endloop
  endfacet
  facet normal 0.951068 -0.308983 0
    outer loop
      vertex 10.7596 97.713 -4
      vertex 10.4624 96.7982 -1
      vertex 10.4624 96.7982 -4
    endloop
  endfacet
  facet normal 0.994523 -0.104522 0
    outer loop
      vertex 10.7596 97.713 -1
      vertex 10.8901 98.9547 -4
      vertex 10.8901 98.9547 -1
    endloop
  endfacet
  facet normal 0.994523 -0.104522 0
    outer loop
      vertex 10.8901 98.9547 -4
      vertex 10.7596 97.713 -1
      vertex 10.7596 97.713 -4
    endloop
  endfacet
  facet normal 0.951088 0.308922 0
    outer loop
      vertex 10.7596 102.287 -1
      vertex 10.4624 103.202 -4
      vertex 10.4624 103.202 -1
    endloop
  endfacet
  facet normal 0.951088 0.308922 0
    outer loop
      vertex 10.4624 103.202 -4
      vertex 10.7596 102.287 -1
      vertex 10.7596 102.287 -4
    endloop
  endfacet
  facet normal -0.587625 0.809134 0
    outer loop
      vertex -5.5 109.526 -4
      vertex -6.97059 108.458 -1
      vertex -5.5 109.526 -1
    endloop
  endfacet
  facet normal -0.587625 0.809134 0
    outer loop
      vertex -6.97059 108.458 -1
      vertex -5.5 109.526 -4
      vertex -6.97059 108.458 -4
    endloop
  endfacet
  facet normal 0.207983 0.978133 -0
    outer loop
      vertex 3.205 110.503 -4
      vertex 1.14981 110.94 -1
      vertex 3.205 110.503 -1
    endloop
  endfacet
  facet normal 0.207983 0.978133 0
    outer loop
      vertex 1.14981 110.94 -1
      vertex 3.205 110.503 -4
      vertex 1.14981 110.94 -4
    endloop
  endfacet
  facet normal -0.866152 0.499781 0
    outer loop
      vertex -9.66604 105.137 -4
      vertex -8.89919 106.466 -1
      vertex -8.89919 106.466 -4
    endloop
  endfacet
  facet normal -0.866152 0.499781 0
    outer loop
      vertex -8.89919 106.466 -1
      vertex -9.66604 105.137 -4
      vertex -9.66604 105.137 -1
    endloop
  endfacet
  facet normal 0.207892 -0.978152 0
    outer loop
      vertex 1.14981 89.0603 -4
      vertex 3.205 89.4971 -1
      vertex 1.14981 89.0603 -1
    endloop
  endfacet
  facet normal 0.207892 -0.978152 0
    outer loop
      vertex 3.205 89.4971 -1
      vertex 1.14981 89.0603 -4
      vertex 3.205 89.4971 -4
    endloop
  endfacet
  facet normal -0.207983 0.978133 0
    outer loop
      vertex -1.14981 110.94 -4
      vertex -3.205 110.503 -1
      vertex -1.14981 110.94 -1
    endloop
  endfacet
  facet normal -0.207983 0.978133 0
    outer loop
      vertex -3.205 110.503 -1
      vertex -1.14981 110.94 -4
      vertex -3.205 110.503 -4
    endloop
  endfacet
  facet normal 0.587805 -0.809003 0
    outer loop
      vertex 5.5 90.4737 -4
      vertex 6.97059 91.5422 -1
      vertex 5.5 90.4737 -1
    endloop
  endfacet
  facet normal 0.587805 -0.809003 0
    outer loop
      vertex 6.97059 91.5422 -1
      vertex 5.5 90.4737 -4
      vertex 6.97059 91.5422 -4
    endloop
  endfacet
  facet normal 0.406595 -0.913609 0
    outer loop
      vertex 5.15082 90.3183 -4
      vertex 5.5 90.4737 -1
      vertex 5.15082 90.3183 -1
    endloop
  endfacet
  facet normal 0.406595 -0.913609 0
    outer loop
      vertex 5.5 90.4737 -1
      vertex 5.15082 90.3183 -4
      vertex 5.5 90.4737 -4
    endloop
  endfacet
  facet normal -0.951068 -0.308983 0
    outer loop
      vertex -10.4624 96.7982 -4
      vertex -10.7596 97.713 -1
      vertex -10.7596 97.713 -4
    endloop
  endfacet
  facet normal -0.951068 -0.308983 0
    outer loop
      vertex -10.7596 97.713 -1
      vertex -10.4624 96.7982 -4
      vertex -10.4624 96.7982 -1
    endloop
  endfacet
  facet normal -0.407904 0.913025 0
    outer loop
      vertex -5.15082 109.682 -4
      vertex -5.5 109.526 -1
      vertex -5.15082 109.682 -1
    endloop
  endfacet
  facet normal -0.407904 0.913025 0
    outer loop
      vertex -5.5 109.526 -1
      vertex -5.15082 109.682 -4
      vertex -5.5 109.526 -4
    endloop
  endfacet
  facet normal -0.866022 -0.500007 0
    outer loop
      vertex -8.89919 93.5344 -4
      vertex -9.66604 94.8626 -1
      vertex -9.66604 94.8626 -4
    endloop
  endfacet
  facet normal -0.866022 -0.500007 0
    outer loop
      vertex -9.66604 94.8626 -1
      vertex -8.89919 93.5344 -4
      vertex -8.89919 93.5344 -1
    endloop
  endfacet
  facet normal 0.587625 0.809134 -0
    outer loop
      vertex 6.97059 108.458 -4
      vertex 5.5 109.526 -1
      vertex 6.97059 108.458 -1
    endloop
  endfacet
  facet normal 0.587625 0.809134 0
    outer loop
      vertex 5.5 109.526 -1
      vertex 6.97059 108.458 -4
      vertex 5.5 109.526 -4
    endloop
  endfacet
  facet normal -0.207892 -0.978152 0
    outer loop
      vertex -3.205 89.4971 -4
      vertex -1.14981 89.0603 -1
      vertex -3.205 89.4971 -1
    endloop
  endfacet
  facet normal -0.207892 -0.978152 -0
    outer loop
      vertex -1.14981 89.0603 -1
      vertex -3.205 89.4971 -4
      vertex -1.14981 89.0603 -4
    endloop
  endfacet
  facet normal 0.994525 0.104497 0
    outer loop
      vertex 10.8901 101.045 -1
      vertex 10.7596 102.287 -4
      vertex 10.7596 102.287 -1
    endloop
  endfacet
  facet normal 0.994525 0.104497 0
    outer loop
      vertex 10.7596 102.287 -4
      vertex 10.8901 101.045 -1
      vertex 10.8901 101.045 -4
    endloop
  endfacet
  facet normal -0.743206 -0.669063 0
    outer loop
      vertex -8.44871 93.034 -4
      vertex -8.89919 93.5344 -1
      vertex -8.89919 93.5344 -4
    endloop
  endfacet
  facet normal -0.743206 -0.669063 0
    outer loop
      vertex -8.89919 93.5344 -1
      vertex -8.44871 93.034 -4
      vertex -8.44871 93.034 -1
    endloop
  endfacet
  facet normal 0 -1 0
    outer loop
      vertex 1.06144 89.0603 -4
      vertex 1.14981 89.0603 -1
      vertex 1.06144 89.0603 -1
    endloop
  endfacet
  facet normal 0 -1 -0
    outer loop
      vertex 1.14981 89.0603 -1
      vertex 1.06144 89.0603 -4
      vertex 1.14981 89.0603 -4
    endloop
  endfacet
  facet normal 0 -1 0
    outer loop
      vertex -1.14981 89.0603 -4
      vertex -1.06144 89.0603 -1
      vertex -1.14981 89.0603 -1
    endloop
  endfacet
  facet normal 0 -1 -0
    outer loop
      vertex -1.06144 89.0603 -1
      vertex -1.14981 89.0603 -4
      vertex -1.06144 89.0603 -4
    endloop
  endfacet
  facet normal 0.866152 0.499781 0
    outer loop
      vertex 9.66604 105.137 -1
      vertex 8.89919 106.466 -4
      vertex 8.89919 106.466 -1
    endloop
  endfacet
  facet normal 0.866152 0.499781 0
    outer loop
      vertex 8.89919 106.466 -4
      vertex 9.66604 105.137 -1
      vertex 9.66604 105.137 -4
    endloop
  endfacet
  facet normal -0.587805 -0.809003 0
    outer loop
      vertex -6.97059 91.5422 -4
      vertex -5.5 90.4737 -1
      vertex -6.97059 91.5422 -1
    endloop
  endfacet
  facet normal -0.587805 -0.809003 -0
    outer loop
      vertex -5.5 90.4737 -1
      vertex -6.97059 91.5422 -4
      vertex -5.5 90.4737 -4
    endloop
  endfacet
  facet normal 0.407904 0.913025 -0
    outer loop
      vertex 5.5 109.526 -4
      vertex 5.15082 109.682 -1
      vertex 5.5 109.526 -1
    endloop
  endfacet
  facet normal 0.407904 0.913025 0
    outer loop
      vertex 5.15082 109.682 -1
      vertex 5.5 109.526 -4
      vertex 5.15082 109.682 -4
    endloop
  endfacet
  facet normal -0.406595 -0.913609 0
    outer loop
      vertex -5.5 90.4737 -4
      vertex -5.15082 90.3183 -1
      vertex -5.5 90.4737 -1
    endloop
  endfacet
  facet normal -0.406595 -0.913609 -0
    outer loop
      vertex -5.15082 90.3183 -1
      vertex -5.5 90.4737 -4
      vertex -5.15082 90.3183 -4
    endloop
  endfacet
  facet normal 0.742939 0.669359 0
    outer loop
      vertex 8.89919 106.466 -1
      vertex 8.44871 106.966 -4
      vertex 8.44871 106.966 -1
    endloop
  endfacet
  facet normal 0.742939 0.669359 0
    outer loop
      vertex 8.44871 106.966 -4
      vertex 8.89919 106.466 -1
      vertex 8.89919 106.466 -4
    endloop
  endfacet
  facet normal 0.743206 -0.669063 0
    outer loop
      vertex 8.44871 93.034 -1
      vertex 8.89919 93.5344 -4
      vertex 8.89919 93.5344 -1
    endloop
  endfacet
  facet normal 0.743206 -0.669063 0
    outer loop
      vertex 8.89919 93.5344 -4
      vertex 8.44871 93.034 -1
      vertex 8.44871 93.034 -4
    endloop
  endfacet
  facet normal -0.994523 -0.104522 0
    outer loop
      vertex -10.7596 97.713 -4
      vertex -10.8901 98.9547 -1
      vertex -10.8901 98.9547 -4
    endloop
  endfacet
  facet normal -0.994523 -0.104522 0
    outer loop
      vertex -10.8901 98.9547 -1
      vertex -10.7596 97.713 -4
      vertex -10.7596 97.713 -1
    endloop
  endfacet
  facet normal 0.866022 -0.500007 0
    outer loop
      vertex 8.89919 93.5344 -1
      vertex 9.66604 94.8626 -4
      vertex 9.66604 94.8626 -1
    endloop
  endfacet
  facet normal 0.866022 -0.500007 0
    outer loop
      vertex 9.66604 94.8626 -4
      vertex 8.89919 93.5344 -1
      vertex 8.89919 93.5344 -4
    endloop
  endfacet
  facet normal 0 1 -0
    outer loop
      vertex 1.14981 110.94 -4
      vertex 1.06144 110.94 -1
      vertex 1.14981 110.94 -1
    endloop
  endfacet
  facet normal 0 1 0
    outer loop
      vertex 1.06144 110.94 -1
      vertex 1.14981 110.94 -4
      vertex 1.06144 110.94 -4
    endloop
  endfacet
  facet normal 0 1 -0
    outer loop
      vertex -1.06144 110.94 -4
      vertex -1.14981 110.94 -1
      vertex -1.06144 110.94 -1
    endloop
  endfacet
  facet normal 0 1 0
    outer loop
      vertex -1.14981 110.94 -1
      vertex -1.06144 110.94 -4
      vertex -1.14981 110.94 -4
    endloop
  endfacet
  facet normal -0.951088 0.308922 0
    outer loop
      vertex -10.7596 102.287 -4
      vertex -10.4624 103.202 -1
      vertex -10.4624 103.202 -4
    endloop
  endfacet
  facet normal -0.951088 0.308922 0
    outer loop
      vertex -10.4624 103.202 -1
      vertex -10.7596 102.287 -4
      vertex -10.7596 102.287 -1
    endloop
  endfacet
  facet normal -0.742939 0.669359 0
    outer loop
      vertex -8.89919 106.466 -4
      vertex -8.44871 106.966 -1
      vertex -8.44871 106.966 -4
    endloop
  endfacet
  facet normal -0.742939 0.669359 0
    outer loop
      vertex -8.44871 106.966 -1
      vertex -8.89919 106.466 -4
      vertex -8.89919 106.466 -1
    endloop
  endfacet
  facet normal -0.994525 0.104497 0
    outer loop
      vertex -10.8901 101.045 -4
      vertex -10.7596 102.287 -1
      vertex -10.7596 102.287 -4
    endloop
  endfacet
  facet normal -0.994525 0.104497 0
    outer loop
      vertex -10.7596 102.287 -1
      vertex -10.8901 101.045 -4
      vertex -10.8901 101.045 -1
    endloop
  endfacet
  facet normal 0.890444 -0.0935898 0.445365
    outer loop
      vertex 10.4066 99.1118 0
      vertex 10.2705 97.8169 0
      vertex 10.6742 99.0248 -0.553311
    endloop
  endfacet
  facet normal 0.665479 0.59957 0.444582
    outer loop
      vertex 8.44871 106.966 -1
      vertex 8.30264 106.892 -0.681555
      vertex 8.89919 106.466 -1
    endloop
  endfacet
  facet normal 0.851749 0.276597 0.444992
    outer loop
      vertex 10.1742 103.179 -0.434765
      vertex 9.95258 103.162 0
      vertex 10.2705 102.183 0
    endloop
  endfacet
  facet normal 0.36417 -0.818004 0.445252
    outer loop
      vertex 5.25 90.9067 0
      vertex 4.81401 90.7126 0
      vertex 4.88113 90.634 -0.199299
    endloop
  endfacet
  facet normal -0.186169 -0.875834 0.44526
    outer loop
      vertex -3.16565 89.9971 0
      vertex -3.20162 89.54 -0.914163
      vertex -1.09755 89.5575 0
    endloop
  endfacet
  facet normal 0.186146 -0.875865 0.445208
    outer loop
      vertex 1.14981 89.0603 -1
      vertex 3.20162 89.54 -0.914163
      vertex 1.09755 89.5575 0
    endloop
  endfacet
  facet normal 0.186163 -0.875916 0.4451
    outer loop
      vertex 3.20162 89.54 -0.914163
      vertex 1.14981 89.0603 -1
      vertex 3.205 89.4971 -1
    endloop
  endfacet
  facet normal 0 -0.895428 0.445207
    outer loop
      vertex 1.06144 89.0603 -1
      vertex 1.09755 89.5575 0
      vertex 0.899875 89.5575 0
    endloop
  endfacet
  facet normal 0 -0.895428 0.445207
    outer loop
      vertex 1.09755 89.5575 0
      vertex 1.06144 89.0603 -1
      vertex 1.14981 89.0603 -1
    endloop
  endfacet
  facet normal 0 -0.895428 0.445207
    outer loop
      vertex -1.06144 89.0603 -1
      vertex -1.09755 89.5575 0
      vertex -1.14981 89.0603 -1
    endloop
  endfacet
  facet normal 0 -0.895428 0.445207
    outer loop
      vertex -1.09755 89.5575 0
      vertex -1.06144 89.0603 -1
      vertex -0.899875 89.5575 0
    endloop
  endfacet
  facet normal 0.665425 -0.599042 0.445374
    outer loop
      vertex 8.89919 93.5344 -1
      vertex 8.30264 93.1085 -0.681555
      vertex 8.44871 93.034 -1
    endloop
  endfacet
  facet normal 0.363751 0.817485 0.446547
    outer loop
      vertex 4.88113 109.366 -0.199299
      vertex 4.81401 109.287 0
      vertex 5.25 109.093 0
    endloop
  endfacet
  facet normal -0.364502 0.817727 0.44549
    outer loop
      vertex -5.15082 109.682 -1
      vertex -5.25 109.093 0
      vertex -4.88113 109.366 -0.199299
    endloop
  endfacet
  facet normal -0.365232 0.81751 0.44529
    outer loop
      vertex -5.25 109.093 0
      vertex -5.15082 109.682 -1
      vertex -5.5 109.526 -1
    endloop
  endfacet
  facet normal -0.186163 -0.875916 0.4451
    outer loop
      vertex -1.14981 89.0603 -1
      vertex -3.20162 89.54 -0.914163
      vertex -3.205 89.4971 -1
    endloop
  endfacet
  facet normal -0.186146 -0.875865 0.445208
    outer loop
      vertex -3.20162 89.54 -0.914163
      vertex -1.14981 89.0603 -1
      vertex -1.09755 89.5575 0
    endloop
  endfacet
  facet normal -0.775545 0.447499 0.44528
    outer loop
      vertex -9.66604 105.137 -1
      vertex -8.49468 106.172 0
      vertex -8.89919 106.466 -1
    endloop
  endfacet
  facet normal -0.77555 0.448073 0.444694
    outer loop
      vertex -8.49468 106.172 0
      vertex -9.66604 105.137 -1
      vertex -9.54014 105.03 -0.672616
    endloop
  endfacet
  facet normal 0.851579 -0.276696 0.445256
    outer loop
      vertex 10.1742 96.8209 -0.434765
      vertex 10.7596 97.713 -1
      vertex 10.2705 97.8169 0
    endloop
  endfacet
  facet normal 0.851566 -0.276657 0.445304
    outer loop
      vertex 10.7596 97.713 -1
      vertex 10.1742 96.8209 -0.434765
      vertex 10.4624 96.7982 -1
    endloop
  endfacet
  facet normal -0.186183 0.875574 0.445766
    outer loop
      vertex -1.14981 110.94 -1
      vertex -3.20162 110.46 -0.914163
      vertex -1.09755 110.442 0
    endloop
  endfacet
  facet normal -0.18616 0.875503 0.445913
    outer loop
      vertex -3.20162 110.46 -0.914163
      vertex -1.14981 110.94 -1
      vertex -3.205 110.503 -1
    endloop
  endfacet
  facet normal 0.775459 0.447639 0.445289
    outer loop
      vertex 9.54014 105.03 -0.672616
      vertex 8.49468 106.172 0
      vertex 9.28148 104.809 0
    endloop
  endfacet
  facet normal -0.890444 -0.0935898 0.445365
    outer loop
      vertex -10.4066 99.1118 0
      vertex -10.6742 99.0248 -0.553311
      vertex -10.2705 97.8169 0
    endloop
  endfacet
  facet normal -0.363751 0.817485 0.446547
    outer loop
      vertex -4.88113 109.366 -0.199299
      vertex -5.25 109.093 0
      vertex -4.81401 109.287 0
    endloop
  endfacet
  facet normal -0.665425 -0.599131 0.445255
    outer loop
      vertex -8.30264 93.1085 -0.681555
      vertex -8.49468 93.8283 0
      vertex -8.89919 93.5344 -1
    endloop
  endfacet
  facet normal -0.665416 -0.599135 0.445263
    outer loop
      vertex -8.49468 93.8283 0
      vertex -8.30264 93.1085 -0.681555
      vertex -7.99001 93.2678 0
    endloop
  endfacet
  facet normal -0.665479 0.59957 0.444582
    outer loop
      vertex -8.44871 106.966 -1
      vertex -8.89919 106.466 -1
      vertex -8.30264 106.892 -0.681555
    endloop
  endfacet
  facet normal -0.775437 -0.447724 0.445242
    outer loop
      vertex -9.28148 95.191 0
      vertex -9.54014 94.9701 -0.672616
      vertex -8.49468 93.8283 0
    endloop
  endfacet
  facet normal -0.526352 -0.724425 0.445155
    outer loop
      vertex -5.5 90.4737 -1
      vertex -6.92325 91.6351 -0.792844
      vertex -6.97059 91.5422 -1
    endloop
  endfacet
  facet normal -0.526316 -0.724396 0.445243
    outer loop
      vertex -6.92325 91.6351 -0.792844
      vertex -5.5 90.4737 -1
      vertex -5.25 90.9067 0
    endloop
  endfacet
  facet normal -0.851526 0.276583 0.445427
    outer loop
      vertex -10.7596 102.287 -1
      vertex -10.1742 103.179 -0.434765
      vertex -10.4624 103.202 -1
    endloop
  endfacet
  facet normal -0.851565 0.276704 0.445278
    outer loop
      vertex -10.1742 103.179 -0.434765
      vertex -10.7596 102.287 -1
      vertex -10.2705 102.183 0
    endloop
  endfacet
  facet normal 0.364208 -0.818016 0.445199
    outer loop
      vertex 5.15082 90.3183 -1
      vertex 5.25 90.9067 0
      vertex 4.88113 90.634 -0.199299
    endloop
  endfacet
  facet normal 0.36407 -0.818057 0.445236
    outer loop
      vertex 5.25 90.9067 0
      vertex 5.15082 90.3183 -1
      vertex 5.5 90.4737 -1
    endloop
  endfacet
  facet normal 0.890487 -0.0936487 0.445267
    outer loop
      vertex 10.7596 97.713 -1
      vertex 10.6742 99.0248 -0.553311
      vertex 10.2705 97.8169 0
    endloop
  endfacet
  facet normal 0.890562 -0.0935962 0.445127
    outer loop
      vertex 10.6742 99.0248 -0.553311
      vertex 10.7596 97.713 -1
      vertex 10.8901 98.9547 -1
    endloop
  endfacet
  facet normal 0.890445 0.0935827 0.445364
    outer loop
      vertex 10.6742 100.975 -0.553311
      vertex 10.2705 102.183 0
      vertex 10.4066 100.888 0
    endloop
  endfacet
  facet normal 0.851526 0.276583 0.445427
    outer loop
      vertex 10.1742 103.179 -0.434765
      vertex 10.7596 102.287 -1
      vertex 10.4624 103.202 -1
    endloop
  endfacet
  facet normal 0.851565 0.276704 0.445278
    outer loop
      vertex 10.7596 102.287 -1
      vertex 10.1742 103.179 -0.434765
      vertex 10.2705 102.183 0
    endloop
  endfacet
  facet normal -0.185933 0.875916 0.445196
    outer loop
      vertex -1.09755 110.442 0
      vertex -3.20162 110.46 -0.914163
      vertex -3.16565 110.003 0
    endloop
  endfacet
  facet normal -0.851624 -0.276669 0.445185
    outer loop
      vertex -9.95258 96.8383 0
      vertex -10.2705 97.8169 0
      vertex -10.1742 96.8209 -0.434765
    endloop
  endfacet
  facet normal -0.526186 0.724487 0.445249
    outer loop
      vertex -5.5 109.526 -1
      vertex -6.92325 108.365 -0.792844
      vertex -5.25 109.093 0
    endloop
  endfacet
  facet normal -0.526105 0.724424 0.445448
    outer loop
      vertex -6.92325 108.365 -0.792844
      vertex -5.5 109.526 -1
      vertex -6.97059 108.458 -1
    endloop
  endfacet
  facet normal -0.36417 -0.818004 0.445252
    outer loop
      vertex -4.81401 90.7126 0
      vertex -5.25 90.9067 0
      vertex -4.88113 90.634 -0.199299
    endloop
  endfacet
  facet normal -0.665425 -0.599042 0.445374
    outer loop
      vertex -8.30264 93.1085 -0.681555
      vertex -8.89919 93.5344 -1
      vertex -8.44871 93.034 -1
    endloop
  endfacet
  facet normal 0.77544 -0.447737 0.445225
    outer loop
      vertex 8.49468 93.8283 0
      vertex 9.66604 94.8626 -1
      vertex 9.54014 94.9701 -0.672616
    endloop
  endfacet
  facet normal 0.775439 -0.447708 0.445254
    outer loop
      vertex 9.66604 94.8626 -1
      vertex 8.49468 93.8283 0
      vertex 8.89919 93.5344 -1
    endloop
  endfacet
  facet normal -0.526322 -0.724369 0.445281
    outer loop
      vertex -6.74203 91.9908 0
      vertex -6.92325 91.6351 -0.792844
      vertex -5.25 90.9067 0
    endloop
  endfacet
  facet normal 0.365232 0.81751 0.44529
    outer loop
      vertex 5.15082 109.682 -1
      vertex 5.25 109.093 0
      vertex 5.5 109.526 -1
    endloop
  endfacet
  facet normal 0.364502 0.817727 0.44549
    outer loop
      vertex 5.25 109.093 0
      vertex 5.15082 109.682 -1
      vertex 4.88113 109.366 -0.199299
    endloop
  endfacet
  facet normal 0 0 1
    outer loop
      vertex 1.09755 110.442 0
      vertex 3.16017 109.933 0
      vertex 3.16565 110.003 0
    endloop
  endfacet
  facet normal 0 0 1
    outer loop
      vertex 3.16017 109.933 0
      vertex 1.09755 110.442 0
      vertex 0.881678 110.386 0
    endloop
  endfacet
  facet normal 0 0 1
    outer loop
      vertex 0.881678 110.386 0
      vertex 1.09755 110.442 0
      vertex 0.899875 110.442 0
    endloop
  endfacet
  facet normal 0 0 1
    outer loop
      vertex 3.16017 109.933 0
      vertex 0.881678 110.386 0
      vertex 1.46783 104.518 0
    endloop
  endfacet
  facet normal 0 0 1
    outer loop
      vertex 0.881678 110.386 0
      vertex -0.49651 104.724 0
      vertex 1.46783 104.518 0
    endloop
  endfacet
  facet normal -0 0 1
    outer loop
      vertex -0.881678 110.386 0
      vertex -0.49651 104.724 0
      vertex 0.881678 110.386 0
    endloop
  endfacet
  facet normal -0 0 1
    outer loop
      vertex -1.09755 110.442 0
      vertex -0.881678 110.386 0
      vertex -0.899875 110.442 0
    endloop
  endfacet
  facet normal 0 0 1
    outer loop
      vertex -3.16017 109.933 0
      vertex -0.881678 110.386 0
      vertex -1.09755 110.442 0
    endloop
  endfacet
  facet normal 0 0 1
    outer loop
      vertex -0.881678 110.386 0
      vertex -3.16017 109.933 0
      vertex -0.49651 104.724 0
    endloop
  endfacet
  facet normal 0 0 1
    outer loop
      vertex -0.49651 104.724 0
      vertex -3.16017 109.933 0
      vertex -2.375 104.114 0
    endloop
  endfacet
  facet normal 0 -0 1
    outer loop
      vertex -3.16017 109.933 0
      vertex -1.09755 110.442 0
      vertex -3.16565 110.003 0
    endloop
  endfacet
  facet normal -0 0 1
    outer loop
      vertex 3.17837 96.4701 0
      vertex 6.72091 92.0322 0
      vertex 4.33934 98.068 0
    endloop
  endfacet
  facet normal 0 0 1
    outer loop
      vertex 6.72091 92.0322 0
      vertex 3.17837 96.4701 0
      vertex 4.7893 90.7416 0
    endloop
  endfacet
  facet normal -0 0 1
    outer loop
      vertex 1.46783 95.4825 0
      vertex 4.7893 90.7416 0
      vertex 3.17837 96.4701 0
    endloop
  endfacet
  facet normal 0 0 1
    outer loop
      vertex 4.7893 90.7416 0
      vertex 1.46783 95.4825 0
      vertex 3.16017 90.0667 0
    endloop
  endfacet
  facet normal 0 0 1
    outer loop
      vertex 3.17837 103.53 0
      vertex 6.72091 107.968 0
      vertex 5.25 109.093 0
    endloop
  endfacet
  facet normal 0 0 1
    outer loop
      vertex 5.25 109.093 0
      vertex 6.72091 107.968 0
      vertex 6.74203 108.009 0
    endloop
  endfacet
  facet normal 0 0 1
    outer loop
      vertex 7.96779 106.721 0
      vertex 9.25845 104.789 0
      vertex 8.49468 106.172 0
    endloop
  endfacet
  facet normal 0 0 1
    outer loop
      vertex 8.49468 106.172 0
      vertex 9.25845 104.789 0
      vertex 9.28148 104.809 0
    endloop
  endfacet
  facet normal 0 0 1
    outer loop
      vertex 9.93325 103.16 0
      vertex 10.3865 100.882 0
      vertex 10.2705 102.183 0
    endloop
  endfacet
  facet normal 0 0 1
    outer loop
      vertex 10.2705 102.183 0
      vertex 10.3865 100.882 0
      vertex 10.4066 100.888 0
    endloop
  endfacet
  facet normal 0 0 1
    outer loop
      vertex 10.3865 99.1183 0
      vertex 10.2705 97.8169 0
      vertex 10.4066 99.1118 0
    endloop
  endfacet
  facet normal 0 0 1
    outer loop
      vertex 10.3865 100.882 0
      vertex 9.93325 103.16 0
      vertex 10.3865 99.1183 0
    endloop
  endfacet
  facet normal -0 0 1
    outer loop
      vertex 9.93325 103.16 0
      vertex 10.2705 102.183 0
      vertex 9.95258 103.162 0
    endloop
  endfacet
  facet normal 0 0 1
    outer loop
      vertex 9.93325 96.8398 0
      vertex 10.3865 99.1183 0
      vertex 9.93325 103.16 0
    endloop
  endfacet
  facet normal 0 0 1
    outer loop
      vertex 10.3865 99.1183 0
      vertex 9.93325 96.8398 0
      vertex 10.2705 97.8169 0
    endloop
  endfacet
  facet normal 0 0 1
    outer loop
      vertex 10.2705 97.8169 0
      vertex 9.93325 96.8398 0
      vertex 9.95258 96.8383 0
    endloop
  endfacet
  facet normal 0 0 1
    outer loop
      vertex 9.25845 104.789 0
      vertex 9.93325 96.8398 0
      vertex 9.93325 103.16 0
    endloop
  endfacet
  facet normal 0 0 1
    outer loop
      vertex 9.93325 96.8398 0
      vertex 9.25845 104.789 0
      vertex 9.25845 95.2107 0
    endloop
  endfacet
  facet normal 0 0 1
    outer loop
      vertex 9.25845 95.2107 0
      vertex 8.49468 93.8283 0
      vertex 9.28148 95.191 0
    endloop
  endfacet
  facet normal 0 0 1
    outer loop
      vertex 9.25845 104.789 0
      vertex 7.96779 106.721 0
      vertex 9.25845 95.2107 0
    endloop
  endfacet
  facet normal -0 0 1
    outer loop
      vertex 7.96779 106.721 0
      vertex 8.49468 106.172 0
      vertex 7.99001 106.732 0
    endloop
  endfacet
  facet normal 0 0 1
    outer loop
      vertex 7.96779 93.2791 0
      vertex 9.25845 95.2107 0
      vertex 7.96779 106.721 0
    endloop
  endfacet
  facet normal 0 0 1
    outer loop
      vertex 9.25845 95.2107 0
      vertex 7.96779 93.2791 0
      vertex 8.49468 93.8283 0
    endloop
  endfacet
  facet normal 0 0 1
    outer loop
      vertex 8.49468 93.8283 0
      vertex 7.96779 93.2791 0
      vertex 7.99001 93.2678 0
    endloop
  endfacet
  facet normal 0 0 1
    outer loop
      vertex 6.72091 107.968 0
      vertex 7.96779 93.2791 0
      vertex 7.96779 106.721 0
    endloop
  endfacet
  facet normal 0 0 1
    outer loop
      vertex 7.96779 93.2791 0
      vertex 6.72091 107.968 0
      vertex 6.72091 92.0322 0
    endloop
  endfacet
  facet normal 0 0 1
    outer loop
      vertex 6.72091 92.0322 0
      vertex 5.25 90.9067 0
      vertex 6.74203 91.9908 0
    endloop
  endfacet
  facet normal 0 0 1
    outer loop
      vertex 6.72091 107.968 0
      vertex 4.75 100 0
      vertex 6.72091 92.0322 0
    endloop
  endfacet
  facet normal -0 0 1
    outer loop
      vertex 4.7893 109.258 0
      vertex 5.25 109.093 0
      vertex 4.81401 109.287 0
    endloop
  endfacet
  facet normal -0 0 1
    outer loop
      vertex 4.33934 98.068 0
      vertex 6.72091 92.0322 0
      vertex 4.75 100 0
    endloop
  endfacet
  facet normal 0 0 1
    outer loop
      vertex 3.17837 103.53 0
      vertex 5.25 109.093 0
      vertex 4.7893 109.258 0
    endloop
  endfacet
  facet normal 0 0 1
    outer loop
      vertex 6.72091 92.0322 0
      vertex 4.7893 90.7416 0
      vertex 5.25 90.9067 0
    endloop
  endfacet
  facet normal 0 0 1
    outer loop
      vertex 5.25 90.9067 0
      vertex 4.7893 90.7416 0
      vertex 4.81401 90.7126 0
    endloop
  endfacet
  facet normal 0 0 1
    outer loop
      vertex 6.72091 107.968 0
      vertex 4.33934 101.932 0
      vertex 4.75 100 0
    endloop
  endfacet
  facet normal 0 0 1
    outer loop
      vertex 6.72091 107.968 0
      vertex 3.17837 103.53 0
      vertex 4.33934 101.932 0
    endloop
  endfacet
  facet normal 0 0 1
    outer loop
      vertex 1.46783 104.518 0
      vertex 4.7893 109.258 0
      vertex 3.16017 109.933 0
    endloop
  endfacet
  facet normal 0 0 1
    outer loop
      vertex 4.7893 109.258 0
      vertex 1.46783 104.518 0
      vertex 3.17837 103.53 0
    endloop
  endfacet
  facet normal 0 0 1
    outer loop
      vertex 0.881678 89.6135 0
      vertex 3.16017 90.0667 0
      vertex 1.46783 95.4825 0
    endloop
  endfacet
  facet normal 0 -0 1
    outer loop
      vertex 1.09755 89.5575 0
      vertex 3.16017 90.0667 0
      vertex 0.881678 89.6135 0
    endloop
  endfacet
  facet normal 0 0 1
    outer loop
      vertex 3.16017 90.0667 0
      vertex 1.09755 89.5575 0
      vertex 3.16565 89.9971 0
    endloop
  endfacet
  facet normal 0 0 1
    outer loop
      vertex 1.09755 89.5575 0
      vertex 0.881678 89.6135 0
      vertex 0.899875 89.5575 0
    endloop
  endfacet
  facet normal -0 0 1
    outer loop
      vertex -0.49651 95.276 0
      vertex 0.881678 89.6135 0
      vertex 1.46783 95.4825 0
    endloop
  endfacet
  facet normal 0 0 1
    outer loop
      vertex -0.49651 95.276 0
      vertex -0.881678 89.6135 0
      vertex 0.881678 89.6135 0
    endloop
  endfacet
  facet normal -0 0 1
    outer loop
      vertex -3.16017 90.0667 0
      vertex -0.881678 89.6135 0
      vertex -0.49651 95.276 0
    endloop
  endfacet
  facet normal 0 0 1
    outer loop
      vertex -0.881678 89.6135 0
      vertex -1.09755 89.5575 0
      vertex -0.899875 89.5575 0
    endloop
  endfacet
  facet normal 0 0 1
    outer loop
      vertex -3.16017 90.0667 0
      vertex -0.49651 95.276 0
      vertex -2.375 95.8864 0
    endloop
  endfacet
  facet normal 0 0 1
    outer loop
      vertex -0.881678 89.6135 0
      vertex -3.16017 90.0667 0
      vertex -1.09755 89.5575 0
    endloop
  endfacet
  facet normal 0 0 1
    outer loop
      vertex -1.09755 89.5575 0
      vertex -3.16017 90.0667 0
      vertex -3.16565 89.9971 0
    endloop
  endfacet
  facet normal 0 0 1
    outer loop
      vertex -10.3865 100.882 0
      vertex -4.6462 100.988 0
      vertex -10.2705 102.183 0
    endloop
  endfacet
  facet normal 0 0 1
    outer loop
      vertex -4.6462 99.0124 0
      vertex -9.93325 96.8398 0
      vertex -9.25845 95.2107 0
    endloop
  endfacet
  facet normal 0 0 1
    outer loop
      vertex -10.2705 102.183 0
      vertex -9.93325 103.16 0
      vertex -9.95258 103.162 0
    endloop
  endfacet
  facet normal -0 0 1
    outer loop
      vertex -10.3865 99.1183 0
      vertex -4.6462 99.0124 0
      vertex -10.3865 100.882 0
    endloop
  endfacet
  facet normal 0 0 1
    outer loop
      vertex -4.6462 100.988 0
      vertex -10.3865 100.882 0
      vertex -4.6462 99.0124 0
    endloop
  endfacet
  facet normal 0 -0 1
    outer loop
      vertex -10.2705 97.8169 0
      vertex -4.6462 99.0124 0
      vertex -10.3865 99.1183 0
    endloop
  endfacet
  facet normal 0 0 1
    outer loop
      vertex -4.6462 99.0124 0
      vertex -10.2705 97.8169 0
      vertex -9.93325 96.8398 0
    endloop
  endfacet
  facet normal 0 -0 1
    outer loop
      vertex -10.3865 100.882 0
      vertex -10.2705 102.183 0
      vertex -10.4066 100.888 0
    endloop
  endfacet
  facet normal -0 0 1
    outer loop
      vertex -9.93325 103.16 0
      vertex -4.6462 100.988 0
      vertex -9.25845 104.789 0
    endloop
  endfacet
  facet normal 0 0 1
    outer loop
      vertex -4.6462 99.0124 0
      vertex -7.96779 93.2791 0
      vertex -6.72091 92.0322 0
    endloop
  endfacet
  facet normal 0 0 1
    outer loop
      vertex -8.49468 106.172 0
      vertex -7.96779 106.721 0
      vertex -7.99001 106.732 0
    endloop
  endfacet
  facet normal -0 0 1
    outer loop
      vertex -10.2705 102.183 0
      vertex -4.6462 100.988 0
      vertex -9.93325 103.16 0
    endloop
  endfacet
  facet normal 0 0 1
    outer loop
      vertex -7.96779 106.721 0
      vertex -8.49468 106.172 0
      vertex -9.25845 104.789 0
    endloop
  endfacet
  facet normal 0 -0 1
    outer loop
      vertex -8.49468 93.8283 0
      vertex -4.6462 99.0124 0
      vertex -9.25845 95.2107 0
    endloop
  endfacet
  facet normal 0 0 1
    outer loop
      vertex -4.6462 99.0124 0
      vertex -8.49468 93.8283 0
      vertex -7.96779 93.2791 0
    endloop
  endfacet
  facet normal 0 -0 1
    outer loop
      vertex -9.25845 104.789 0
      vertex -8.49468 106.172 0
      vertex -9.28148 104.809 0
    endloop
  endfacet
  facet normal 0 0 1
    outer loop
      vertex -2.375 95.8864 0
      vertex -6.72091 92.0322 0
      vertex -5.25 90.9067 0
    endloop
  endfacet
  facet normal 0 0 1
    outer loop
      vertex -5.25 90.9067 0
      vertex -6.72091 92.0322 0
      vertex -6.74203 91.9908 0
    endloop
  endfacet
  facet normal 0 0 1
    outer loop
      vertex -7.96779 93.2791 0
      vertex -8.49468 93.8283 0
      vertex -7.99001 93.2678 0
    endloop
  endfacet
  facet normal 0 0 1
    outer loop
      vertex -8.49468 93.8283 0
      vertex -9.25845 95.2107 0
      vertex -9.28148 95.191 0
    endloop
  endfacet
  facet normal 0 0 1
    outer loop
      vertex -9.93325 96.8398 0
      vertex -10.2705 97.8169 0
      vertex -9.95258 96.8383 0
    endloop
  endfacet
  facet normal 0 0 1
    outer loop
      vertex -10.2705 97.8169 0
      vertex -10.3865 99.1183 0
      vertex -10.4066 99.1118 0
    endloop
  endfacet
  facet normal 0 0 1
    outer loop
      vertex -6.72091 92.0322 0
      vertex -2.375 95.8864 0
      vertex -3.84283 97.208 0
    endloop
  endfacet
  facet normal 0 0 1
    outer loop
      vertex -6.72091 92.0322 0
      vertex -3.84283 97.208 0
      vertex -4.6462 99.0124 0
    endloop
  endfacet
  facet normal 0 0 1
    outer loop
      vertex -2.375 95.8864 0
      vertex -4.7893 90.7416 0
      vertex -3.16017 90.0667 0
    endloop
  endfacet
  facet normal -0 0 1
    outer loop
      vertex -9.25845 104.789 0
      vertex -3.84283 102.792 0
      vertex -7.96779 106.721 0
    endloop
  endfacet
  facet normal 0 0 1
    outer loop
      vertex -5.25 109.093 0
      vertex -4.7893 109.258 0
      vertex -4.81401 109.287 0
    endloop
  endfacet
  facet normal 0 0 1
    outer loop
      vertex -3.84283 102.792 0
      vertex -9.25845 104.789 0
      vertex -4.6462 100.988 0
    endloop
  endfacet
  facet normal 0 0 1
    outer loop
      vertex -4.7893 109.258 0
      vertex -5.25 109.093 0
      vertex -6.72091 107.968 0
    endloop
  endfacet
  facet normal 0 0 1
    outer loop
      vertex -2.375 95.8864 0
      vertex -5.25 90.9067 0
      vertex -4.7893 90.7416 0
    endloop
  endfacet
  facet normal 0 0 1
    outer loop
      vertex -4.7893 90.7416 0
      vertex -5.25 90.9067 0
      vertex -4.81401 90.7126 0
    endloop
  endfacet
  facet normal 0 -0 1
    outer loop
      vertex -6.72091 107.968 0
      vertex -5.25 109.093 0
      vertex -6.74203 108.009 0
    endloop
  endfacet
  facet normal -0 0 1
    outer loop
      vertex -4.7893 109.258 0
      vertex -2.375 104.114 0
      vertex -3.16017 109.933 0
    endloop
  endfacet
  facet normal -0 0 1
    outer loop
      vertex -6.72091 107.968 0
      vertex -2.375 104.114 0
      vertex -4.7893 109.258 0
    endloop
  endfacet
  facet normal -0 0 1
    outer loop
      vertex -7.96779 106.721 0
      vertex -3.84283 102.792 0
      vertex -6.72091 107.968 0
    endloop
  endfacet
  facet normal 0 0 1
    outer loop
      vertex -2.375 104.114 0
      vertex -6.72091 107.968 0
      vertex -3.84283 102.792 0
    endloop
  endfacet
  facet normal 0.526225 0.724303 0.445503
    outer loop
      vertex 6.92325 108.365 -0.792844
      vertex 5.25 109.093 0
      vertex 6.74203 108.009 0
    endloop
  endfacet
  facet normal 0.775545 0.447499 0.44528
    outer loop
      vertex 8.49468 106.172 0
      vertex 9.66604 105.137 -1
      vertex 8.89919 106.466 -1
    endloop
  endfacet
  facet normal 0.77555 0.448073 0.444694
    outer loop
      vertex 9.66604 105.137 -1
      vertex 8.49468 106.172 0
      vertex 9.54014 105.03 -0.672616
    endloop
  endfacet
  facet normal 0.664983 0.59928 0.445714
    outer loop
      vertex 8.49468 106.172 0
      vertex 8.30264 106.892 -0.681555
      vertex 7.99001 106.732 0
    endloop
  endfacet
  facet normal 0.665481 0.599029 0.445308
    outer loop
      vertex 8.30264 106.892 -0.681555
      vertex 8.49468 106.172 0
      vertex 8.89919 106.466 -1
    endloop
  endfacet
  facet normal 0.526322 -0.724369 0.445281
    outer loop
      vertex 6.74203 91.9908 0
      vertex 5.25 90.9067 0
      vertex 6.92325 91.6351 -0.792844
    endloop
  endfacet
  facet normal 0.890485 0.093637 0.445274
    outer loop
      vertex 10.6742 100.975 -0.553311
      vertex 10.7596 102.287 -1
      vertex 10.2705 102.183 0
    endloop
  endfacet
  facet normal 0.890574 0.0935748 0.445109
    outer loop
      vertex 10.7596 102.287 -1
      vertex 10.6742 100.975 -0.553311
      vertex 10.8901 101.045 -1
    endloop
  endfacet
  facet normal -0.665481 0.599029 0.445308
    outer loop
      vertex -8.49468 106.172 0
      vertex -8.30264 106.892 -0.681555
      vertex -8.89919 106.466 -1
    endloop
  endfacet
  facet normal -0.664983 0.59928 0.445714
    outer loop
      vertex -8.30264 106.892 -0.681555
      vertex -8.49468 106.172 0
      vertex -7.99001 106.732 0
    endloop
  endfacet
  facet normal 0.526316 -0.724396 0.445243
    outer loop
      vertex 5.5 90.4737 -1
      vertex 6.92325 91.6351 -0.792844
      vertex 5.25 90.9067 0
    endloop
  endfacet
  facet normal 0.526352 -0.724425 0.445155
    outer loop
      vertex 6.92325 91.6351 -0.792844
      vertex 5.5 90.4737 -1
      vertex 6.97059 91.5422 -1
    endloop
  endfacet
  facet normal 0.775437 -0.447724 0.445242
    outer loop
      vertex 9.28148 95.191 0
      vertex 8.49468 93.8283 0
      vertex 9.54014 94.9701 -0.672616
    endloop
  endfacet
  facet normal 0.851624 -0.276669 0.445185
    outer loop
      vertex 10.2705 97.8169 0
      vertex 9.95258 96.8383 0
      vertex 10.1742 96.8209 -0.434765
    endloop
  endfacet
  facet normal 0.526105 0.724424 0.445448
    outer loop
      vertex 5.5 109.526 -1
      vertex 6.92325 108.365 -0.792844
      vertex 6.97059 108.458 -1
    endloop
  endfacet
  facet normal 0.526186 0.724487 0.445249
    outer loop
      vertex 6.92325 108.365 -0.792844
      vertex 5.5 109.526 -1
      vertex 5.25 109.093 0
    endloop
  endfacet
  facet normal -0.77544 -0.447737 0.445225
    outer loop
      vertex -9.66604 94.8626 -1
      vertex -8.49468 93.8283 0
      vertex -9.54014 94.9701 -0.672616
    endloop
  endfacet
  facet normal -0.775439 -0.447708 0.445254
    outer loop
      vertex -8.49468 93.8283 0
      vertex -9.66604 94.8626 -1
      vertex -8.89919 93.5344 -1
    endloop
  endfacet
  facet normal -0.36407 -0.818057 0.445236
    outer loop
      vertex -5.15082 90.3183 -1
      vertex -5.25 90.9067 0
      vertex -5.5 90.4737 -1
    endloop
  endfacet
  facet normal -0.364208 -0.818016 0.445199
    outer loop
      vertex -5.25 90.9067 0
      vertex -5.15082 90.3183 -1
      vertex -4.88113 90.634 -0.199299
    endloop
  endfacet
  facet normal -0.890574 0.0935748 0.445109
    outer loop
      vertex -10.6742 100.975 -0.553311
      vertex -10.7596 102.287 -1
      vertex -10.8901 101.045 -1
    endloop
  endfacet
  facet normal -0.890485 0.093637 0.445274
    outer loop
      vertex -10.7596 102.287 -1
      vertex -10.6742 100.975 -0.553311
      vertex -10.2705 102.183 0
    endloop
  endfacet
  facet normal -0.890445 0.0935827 0.445364
    outer loop
      vertex -10.2705 102.183 0
      vertex -10.6742 100.975 -0.553311
      vertex -10.4066 100.888 0
    endloop
  endfacet
  facet normal -0.851579 -0.276696 0.445256
    outer loop
      vertex -10.7596 97.713 -1
      vertex -10.1742 96.8209 -0.434765
      vertex -10.2705 97.8169 0
    endloop
  endfacet
  facet normal -0.851566 -0.276657 0.445304
    outer loop
      vertex -10.1742 96.8209 -0.434765
      vertex -10.7596 97.713 -1
      vertex -10.4624 96.7982 -1
    endloop
  endfacet
  facet normal -0.890562 -0.0935962 0.445127
    outer loop
      vertex -10.7596 97.713 -1
      vertex -10.6742 99.0248 -0.553311
      vertex -10.8901 98.9547 -1
    endloop
  endfacet
  facet normal -0.890487 -0.0936487 0.445267
    outer loop
      vertex -10.6742 99.0248 -0.553311
      vertex -10.7596 97.713 -1
      vertex -10.2705 97.8169 0
    endloop
  endfacet
  facet normal -0.526225 0.724303 0.445503
    outer loop
      vertex -5.25 109.093 0
      vertex -6.92325 108.365 -0.792844
      vertex -6.74203 108.009 0
    endloop
  endfacet
  facet normal -0.851749 0.276597 0.444992
    outer loop
      vertex -10.1742 103.179 -0.434765
      vertex -10.2705 102.183 0
      vertex -9.95258 103.162 0
    endloop
  endfacet
  facet normal 0.665416 -0.599135 0.445263
    outer loop
      vertex 8.30264 93.1085 -0.681555
      vertex 8.49468 93.8283 0
      vertex 7.99001 93.2678 0
    endloop
  endfacet
  facet normal 0.665425 -0.599131 0.445255
    outer loop
      vertex 8.49468 93.8283 0
      vertex 8.30264 93.1085 -0.681555
      vertex 8.89919 93.5344 -1
    endloop
  endfacet
  facet normal 0.186169 -0.875834 0.44526
    outer loop
      vertex 3.16565 89.9971 0
      vertex 1.09755 89.5575 0
      vertex 3.20162 89.54 -0.914163
    endloop
  endfacet
  facet normal 0.185933 0.875916 0.445196
    outer loop
      vertex 3.20162 110.46 -0.914163
      vertex 1.09755 110.442 0
      vertex 3.16565 110.003 0
    endloop
  endfacet
  facet normal 0 0.895142 0.445781
    outer loop
      vertex -1.06144 110.94 -1
      vertex -1.09755 110.442 0
      vertex -0.899875 110.442 0
    endloop
  endfacet
  facet normal 0 0.895142 0.445781
    outer loop
      vertex -1.09755 110.442 0
      vertex -1.06144 110.94 -1
      vertex -1.14981 110.94 -1
    endloop
  endfacet
  facet normal -0 0.895142 0.445781
    outer loop
      vertex 1.06144 110.94 -1
      vertex 1.09755 110.442 0
      vertex 1.14981 110.94 -1
    endloop
  endfacet
  facet normal 0 0.895142 0.445781
    outer loop
      vertex 1.09755 110.442 0
      vertex 1.06144 110.94 -1
      vertex 0.899875 110.442 0
    endloop
  endfacet
  facet normal 0.18616 0.875503 0.445913
    outer loop
      vertex 1.14981 110.94 -1
      vertex 3.20162 110.46 -0.914163
      vertex 3.205 110.503 -1
    endloop
  endfacet
  facet normal 0.186183 0.875574 0.445766
    outer loop
      vertex 3.20162 110.46 -0.914163
      vertex 1.14981 110.94 -1
      vertex 1.09755 110.442 0
    endloop
  endfacet
  facet normal -0.775459 0.447639 0.445289
    outer loop
      vertex -8.49468 106.172 0
      vertex -9.54014 105.03 -0.672616
      vertex -9.28148 104.809 0
    endloop
  endfacet
  facet normal 0.185933 0.875916 -0.445197
    outer loop
      vertex 3.16565 110.003 -5
      vertex 1.09755 110.442 -5
      vertex 3.20162 110.46 -4.08584
    endloop
  endfacet
  facet normal 0.77544 -0.447733 -0.445229
    outer loop
      vertex 9.66604 94.8626 -4
      vertex 8.49468 93.8283 -5
      vertex 9.54014 94.9701 -4.32738
    endloop
  endfacet
  facet normal 0.775439 -0.447708 -0.445254
    outer loop
      vertex 8.49468 93.8283 -5
      vertex 9.66604 94.8626 -4
      vertex 8.89919 93.5344 -4
    endloop
  endfacet
  facet normal 0.526225 0.724302 -0.445505
    outer loop
      vertex 6.74203 108.009 -5
      vertex 5.25 109.093 -5
      vertex 6.92325 108.365 -4.20716
    endloop
  endfacet
  facet normal 0.890444 -0.0935898 -0.445365
    outer loop
      vertex 10.6742 99.0248 -4.44669
      vertex 10.2705 97.8169 -5
      vertex 10.4066 99.1118 -5
    endloop
  endfacet
  facet normal 0.890563 -0.0935962 -0.445127
    outer loop
      vertex 10.7596 97.713 -4
      vertex 10.6742 99.0248 -4.44669
      vertex 10.8901 98.9547 -4
    endloop
  endfacet
  facet normal 0.890487 -0.0936491 -0.445267
    outer loop
      vertex 10.6742 99.0248 -4.44669
      vertex 10.7596 97.713 -4
      vertex 10.2705 97.8169 -5
    endloop
  endfacet
  facet normal -0.851747 0.276596 -0.444996
    outer loop
      vertex -9.95258 103.162 -5
      vertex -10.2705 102.183 -5
      vertex -10.1742 103.179 -4.56524
    endloop
  endfacet
  facet normal -0.526107 0.724427 -0.445441
    outer loop
      vertex -5.5 109.526 -4
      vertex -6.92325 108.365 -4.20716
      vertex -6.97059 108.458 -4
    endloop
  endfacet
  facet normal -0.526185 0.724488 -0.445249
    outer loop
      vertex -6.92325 108.365 -4.20716
      vertex -5.5 109.526 -4
      vertex -5.25 109.093 -5
    endloop
  endfacet
  facet normal 0.363752 0.817485 -0.446545
    outer loop
      vertex 5.25 109.093 -5
      vertex 4.81401 109.287 -5
      vertex 4.88113 109.366 -4.8007
    endloop
  endfacet
  facet normal 0.665483 0.599027 -0.445308
    outer loop
      vertex 8.49468 106.172 -5
      vertex 8.30264 106.892 -4.31845
      vertex 8.89919 106.466 -4
    endloop
  endfacet
  facet normal 0.664982 0.599279 -0.445716
    outer loop
      vertex 8.30264 106.892 -4.31845
      vertex 8.49468 106.172 -5
      vertex 7.99001 106.732 -5
    endloop
  endfacet
  facet normal -0.186162 0.875509 -0.445901
    outer loop
      vertex -1.14981 110.94 -4
      vertex -3.20162 110.46 -4.08584
      vertex -3.205 110.503 -4
    endloop
  endfacet
  facet normal -0.186182 0.875574 -0.445766
    outer loop
      vertex -3.20162 110.46 -4.08584
      vertex -1.14981 110.94 -4
      vertex -1.09755 110.442 -5
    endloop
  endfacet
  facet normal -0.851527 0.276584 -0.445424
    outer loop
      vertex -10.1742 103.179 -4.56524
      vertex -10.7596 102.287 -4
      vertex -10.4624 103.202 -4
    endloop
  endfacet
  facet normal -0.851566 0.276702 -0.445278
    outer loop
      vertex -10.7596 102.287 -4
      vertex -10.1742 103.179 -4.56524
      vertex -10.2705 102.183 -5
    endloop
  endfacet
  facet normal -0.526322 -0.724368 -0.445282
    outer loop
      vertex -5.25 90.9067 -5
      vertex -6.92325 91.6351 -4.20716
      vertex -6.74203 91.9908 -5
    endloop
  endfacet
  facet normal -0.665427 -0.599044 -0.445369
    outer loop
      vertex -8.44871 93.034 -4
      vertex -8.89919 93.5344 -4
      vertex -8.30264 93.1085 -4.31845
    endloop
  endfacet
  facet normal 0.665427 -0.599128 -0.445256
    outer loop
      vertex 8.30264 93.1085 -4.31845
      vertex 8.49468 93.8283 -5
      vertex 8.89919 93.5344 -4
    endloop
  endfacet
  facet normal 0.665415 -0.599134 -0.445265
    outer loop
      vertex 8.49468 93.8283 -5
      vertex 8.30264 93.1085 -4.31845
      vertex 7.99001 93.2678 -5
    endloop
  endfacet
  facet normal 0 0.895142 -0.445781
    outer loop
      vertex -1.09755 110.442 -5
      vertex -1.06144 110.94 -4
      vertex -0.899875 110.442 -5
    endloop
  endfacet
  facet normal 0 0.895142 -0.445781
    outer loop
      vertex -1.06144 110.94 -4
      vertex -1.09755 110.442 -5
      vertex -1.14981 110.94 -4
    endloop
  endfacet
  facet normal 0 0.895142 -0.445781
    outer loop
      vertex 1.09755 110.442 -5
      vertex 1.06144 110.94 -4
      vertex 1.14981 110.94 -4
    endloop
  endfacet
  facet normal 0 0.895142 -0.445781
    outer loop
      vertex 1.06144 110.94 -4
      vertex 1.09755 110.442 -5
      vertex 0.899875 110.442 -5
    endloop
  endfacet
  facet normal 0.851622 -0.276669 -0.44519
    outer loop
      vertex 10.1742 96.8209 -4.56524
      vertex 9.95258 96.8383 -5
      vertex 10.2705 97.8169 -5
    endloop
  endfacet
  facet normal 0.851527 0.276584 -0.445424
    outer loop
      vertex 10.7596 102.287 -4
      vertex 10.1742 103.179 -4.56524
      vertex 10.4624 103.202 -4
    endloop
  endfacet
  facet normal 0.851566 0.276702 -0.445278
    outer loop
      vertex 10.1742 103.179 -4.56524
      vertex 10.7596 102.287 -4
      vertex 10.2705 102.183 -5
    endloop
  endfacet
  facet normal -0.890444 -0.0935898 -0.445365
    outer loop
      vertex -10.2705 97.8169 -5
      vertex -10.6742 99.0248 -4.44669
      vertex -10.4066 99.1118 -5
    endloop
  endfacet
  facet normal -0.186164 -0.875922 -0.445087
    outer loop
      vertex -3.20162 89.54 -4.08584
      vertex -1.14981 89.0603 -4
      vertex -3.205 89.4971 -4
    endloop
  endfacet
  facet normal -0.186146 -0.875865 -0.445208
    outer loop
      vertex -1.14981 89.0603 -4
      vertex -3.20162 89.54 -4.08584
      vertex -1.09755 89.5575 -5
    endloop
  endfacet
  facet normal 0.85158 -0.276693 -0.445256
    outer loop
      vertex 10.7596 97.713 -4
      vertex 10.1742 96.8209 -4.56524
      vertex 10.2705 97.8169 -5
    endloop
  endfacet
  facet normal 0.851568 -0.276657 -0.445301
    outer loop
      vertex 10.1742 96.8209 -4.56524
      vertex 10.7596 97.713 -4
      vertex 10.4624 96.7982 -4
    endloop
  endfacet
  facet normal 0.186164 -0.875922 -0.445087
    outer loop
      vertex 1.14981 89.0603 -4
      vertex 3.20162 89.54 -4.08584
      vertex 3.205 89.4971 -4
    endloop
  endfacet
  facet normal 0.186146 -0.875865 -0.445208
    outer loop
      vertex 3.20162 89.54 -4.08584
      vertex 1.14981 89.0603 -4
      vertex 1.09755 89.5575 -5
    endloop
  endfacet
  facet normal 0.775545 0.447499 -0.44528
    outer loop
      vertex 9.66604 105.137 -4
      vertex 8.49468 106.172 -5
      vertex 8.89919 106.466 -4
    endloop
  endfacet
  facet normal 0.77555 0.448069 -0.444698
    outer loop
      vertex 8.49468 106.172 -5
      vertex 9.66604 105.137 -4
      vertex 9.54014 105.03 -4.32738
    endloop
  endfacet
  facet normal -0.664982 0.599279 -0.445716
    outer loop
      vertex -8.49468 106.172 -5
      vertex -8.30264 106.892 -4.31845
      vertex -7.99001 106.732 -5
    endloop
  endfacet
  facet normal -0.665483 0.599027 -0.445308
    outer loop
      vertex -8.30264 106.892 -4.31845
      vertex -8.49468 106.172 -5
      vertex -8.89919 106.466 -4
    endloop
  endfacet
  facet normal -0.665481 0.599572 -0.444576
    outer loop
      vertex -8.30264 106.892 -4.31845
      vertex -8.89919 106.466 -4
      vertex -8.44871 106.966 -4
    endloop
  endfacet
  facet normal 0.665427 -0.599044 -0.445369
    outer loop
      vertex 8.44871 93.034 -4
      vertex 8.30264 93.1085 -4.31845
      vertex 8.89919 93.5344 -4
    endloop
  endfacet
  facet normal -0.77546 0.447639 -0.445287
    outer loop
      vertex -9.28148 104.809 -5
      vertex -9.54014 105.03 -4.32738
      vertex -8.49468 106.172 -5
    endloop
  endfacet
  facet normal -0.890485 0.0936373 -0.445274
    outer loop
      vertex -10.6742 100.975 -4.44669
      vertex -10.7596 102.287 -4
      vertex -10.2705 102.183 -5
    endloop
  endfacet
  facet normal -0.890574 0.0935748 -0.445108
    outer loop
      vertex -10.7596 102.287 -4
      vertex -10.6742 100.975 -4.44669
      vertex -10.8901 101.045 -4
    endloop
  endfacet
  facet normal -0.890445 0.0935827 -0.445365
    outer loop
      vertex -10.4066 100.888 -5
      vertex -10.6742 100.975 -4.44669
      vertex -10.2705 102.183 -5
    endloop
  endfacet
  facet normal -0.77544 -0.447733 -0.445229
    outer loop
      vertex -8.49468 93.8283 -5
      vertex -9.66604 94.8626 -4
      vertex -9.54014 94.9701 -4.32738
    endloop
  endfacet
  facet normal -0.775439 -0.447708 -0.445254
    outer loop
      vertex -9.66604 94.8626 -4
      vertex -8.49468 93.8283 -5
      vertex -8.89919 93.5344 -4
    endloop
  endfacet
  facet normal 0.526107 0.724427 -0.445441
    outer loop
      vertex 6.92325 108.365 -4.20716
      vertex 5.5 109.526 -4
      vertex 6.97059 108.458 -4
    endloop
  endfacet
  facet normal 0.526185 0.724488 -0.445249
    outer loop
      vertex 5.5 109.526 -4
      vertex 6.92325 108.365 -4.20716
      vertex 5.25 109.093 -5
    endloop
  endfacet
  facet normal 0.365232 0.81751 -0.44529
    outer loop
      vertex 5.25 109.093 -5
      vertex 5.15082 109.682 -4
      vertex 5.5 109.526 -4
    endloop
  endfacet
  facet normal 0.364501 0.817727 -0.44549
    outer loop
      vertex 5.15082 109.682 -4
      vertex 5.25 109.093 -5
      vertex 4.88113 109.366 -4.8007
    endloop
  endfacet
  facet normal 0.775438 -0.447725 -0.44524
    outer loop
      vertex 9.54014 94.9701 -4.32738
      vertex 8.49468 93.8283 -5
      vertex 9.28148 95.191 -5
    endloop
  endfacet
  facet normal 0 0 -1
    outer loop
      vertex -10.2705 97.8169 -5
      vertex -2.5 100 -5
      vertex -9.93325 96.8398 -5
    endloop
  endfacet
  facet normal 0 0 -1
    outer loop
      vertex -2.5 100 -5
      vertex -9.93325 103.16 -5
      vertex -9.25845 104.789 -5
    endloop
  endfacet
  facet normal 0 0 -1
    outer loop
      vertex -10.2705 97.8169 -5
      vertex -9.93325 96.8398 -5
      vertex -9.95258 96.8383 -5
    endloop
  endfacet
  facet normal 0 0 -1
    outer loop
      vertex -10.3865 100.882 -5
      vertex -2.5 100 -5
      vertex -10.3865 99.1183 -5
    endloop
  endfacet
  facet normal 0 0 -1
    outer loop
      vertex -2.5 100 -5
      vertex -10.2705 97.8169 -5
      vertex -10.3865 99.1183 -5
    endloop
  endfacet
  facet normal 0 -0 -1
    outer loop
      vertex -10.2705 102.183 -5
      vertex -2.5 100 -5
      vertex -10.3865 100.882 -5
    endloop
  endfacet
  facet normal 0 0 -1
    outer loop
      vertex -2.5 100 -5
      vertex -10.2705 102.183 -5
      vertex -9.93325 103.16 -5
    endloop
  endfacet
  facet normal 0 -0 -1
    outer loop
      vertex -10.3865 99.1183 -5
      vertex -10.2705 97.8169 -5
      vertex -10.4066 99.1118 -5
    endloop
  endfacet
  facet normal 0 0 -1
    outer loop
      vertex -9.25845 95.2107 -5
      vertex -1.76777 98.2322 -5
      vertex -8.49468 93.8283 -5
    endloop
  endfacet
  facet normal 0 0 -1
    outer loop
      vertex -2.5 100 -5
      vertex -7.96779 106.721 -5
      vertex -6.72091 107.968 -5
    endloop
  endfacet
  facet normal 0 0 -1
    outer loop
      vertex -8.49468 93.8283 -5
      vertex -7.96779 93.2791 -5
      vertex -7.99001 93.2678 -5
    endloop
  endfacet
  facet normal 0 0 -1
    outer loop
      vertex -9.93325 96.8398 -5
      vertex -2.5 100 -5
      vertex -9.25845 95.2107 -5
    endloop
  endfacet
  facet normal -0 0 -1
    outer loop
      vertex -1.76777 98.2322 -5
      vertex -9.25845 95.2107 -5
      vertex -2.5 100 -5
    endloop
  endfacet
  facet normal 0 -0 -1
    outer loop
      vertex -8.49468 106.172 -5
      vertex -2.5 100 -5
      vertex -9.25845 104.789 -5
    endloop
  endfacet
  facet normal 0 0 -1
    outer loop
      vertex -2.5 100 -5
      vertex -8.49468 106.172 -5
      vertex -7.96779 106.721 -5
    endloop
  endfacet
  facet normal 0 -0 -1
    outer loop
      vertex -9.25845 95.2107 -5
      vertex -8.49468 93.8283 -5
      vertex -9.28148 95.191 -5
    endloop
  endfacet
  facet normal 0 0 -1
    outer loop
      vertex -7.96779 93.2791 -5
      vertex -1.76777 98.2322 -5
      vertex -6.72091 92.0322 -5
    endloop
  endfacet
  facet normal 0 0 -1
    outer loop
      vertex -2.5 100 -5
      vertex -4.7893 109.258 -5
      vertex -3.16017 109.933 -5
    endloop
  endfacet
  facet normal 0 0 -1
    outer loop
      vertex -5.25 90.9067 -5
      vertex -4.7893 90.7416 -5
      vertex -4.81401 90.7126 -5
    endloop
  endfacet
  facet normal 0 0 -1
    outer loop
      vertex -8.49468 93.8283 -5
      vertex -1.76777 98.2322 -5
      vertex -7.96779 93.2791 -5
    endloop
  endfacet
  facet normal 0 0 -1
    outer loop
      vertex -4.7893 90.7416 -5
      vertex -5.25 90.9067 -5
      vertex -6.72091 92.0322 -5
    endloop
  endfacet
  facet normal 0 0 -1
    outer loop
      vertex -2.5 100 -5
      vertex -6.72091 107.968 -5
      vertex -4.7893 109.258 -5
    endloop
  endfacet
  facet normal 0 -0 -1
    outer loop
      vertex -5.25 109.093 -5
      vertex -4.7893 109.258 -5
      vertex -6.72091 107.968 -5
    endloop
  endfacet
  facet normal 0 -0 -1
    outer loop
      vertex -6.72091 92.0322 -5
      vertex -5.25 90.9067 -5
      vertex -6.74203 91.9908 -5
    endloop
  endfacet
  facet normal -0 0 -1
    outer loop
      vertex 6.72091 107.968 -5
      vertex 1.76777 101.768 -5
      vertex 4.7893 109.258 -5
    endloop
  endfacet
  facet normal 0 0 -1
    outer loop
      vertex 4.7893 90.7416 -5
      vertex 1.76777 98.2322 -5
      vertex 2.5 100 -5
    endloop
  endfacet
  facet normal 0 0 -1
    outer loop
      vertex 1.09755 89.5575 -5
      vertex 3.16017 90.0667 -5
      vertex 3.16565 89.9971 -5
    endloop
  endfacet
  facet normal 0 0 -1
    outer loop
      vertex 3.16017 90.0667 -5
      vertex 1.09755 89.5575 -5
      vertex 0.881678 89.6135 -5
    endloop
  endfacet
  facet normal 0 0 -1
    outer loop
      vertex 0.881678 89.6135 -5
      vertex 1.09755 89.5575 -5
      vertex 0.899875 89.5575 -5
    endloop
  endfacet
  facet normal -0 0 -1
    outer loop
      vertex 3.16017 90.0667 -5
      vertex 0.881678 89.6135 -5
      vertex 0 97.5 -5
    endloop
  endfacet
  facet normal 0 0 -1
    outer loop
      vertex 3.16017 90.0667 -5
      vertex 0 97.5 -5
      vertex 1.76777 98.2322 -5
    endloop
  endfacet
  facet normal 0 0 -1
    outer loop
      vertex -0.881678 89.6135 -5
      vertex 0 97.5 -5
      vertex 0.881678 89.6135 -5
    endloop
  endfacet
  facet normal 0 0 -1
    outer loop
      vertex -1.09755 89.5575 -5
      vertex -0.881678 89.6135 -5
      vertex -0.899875 89.5575 -5
    endloop
  endfacet
  facet normal 0 0 -1
    outer loop
      vertex -3.16017 90.0667 -5
      vertex -0.881678 89.6135 -5
      vertex -1.09755 89.5575 -5
    endloop
  endfacet
  facet normal 0 0 -1
    outer loop
      vertex -0.881678 89.6135 -5
      vertex -3.16017 90.0667 -5
      vertex 0 97.5 -5
    endloop
  endfacet
  facet normal -0 0 -1
    outer loop
      vertex 0 97.5 -5
      vertex -3.16017 90.0667 -5
      vertex -1.76777 98.2322 -5
    endloop
  endfacet
  facet normal 0 0 -1
    outer loop
      vertex -4.7893 90.7416 -5
      vertex -1.76777 98.2322 -5
      vertex -3.16017 90.0667 -5
    endloop
  endfacet
  facet normal 0 -0 -1
    outer loop
      vertex -3.16017 90.0667 -5
      vertex -1.09755 89.5575 -5
      vertex -3.16565 89.9971 -5
    endloop
  endfacet
  facet normal 0 0 -1
    outer loop
      vertex 4.7893 90.7416 -5
      vertex 6.72091 92.0322 -5
      vertex 5.25 90.9067 -5
    endloop
  endfacet
  facet normal 0 0 -1
    outer loop
      vertex 5.25 90.9067 -5
      vertex 6.72091 92.0322 -5
      vertex 6.74203 91.9908 -5
    endloop
  endfacet
  facet normal 0 0 -1
    outer loop
      vertex 2.5 100 -5
      vertex 8.49468 93.8283 -5
      vertex 7.96779 93.2791 -5
    endloop
  endfacet
  facet normal 0 0 -1
    outer loop
      vertex 8.49468 93.8283 -5
      vertex 9.25845 95.2107 -5
      vertex 9.28148 95.191 -5
    endloop
  endfacet
  facet normal 0 0 -1
    outer loop
      vertex 2.5 100 -5
      vertex 10.2705 97.8169 -5
      vertex 9.93325 96.8398 -5
    endloop
  endfacet
  facet normal 0 0 -1
    outer loop
      vertex 10.2705 97.8169 -5
      vertex 10.3865 99.1183 -5
      vertex 10.4066 99.1118 -5
    endloop
  endfacet
  facet normal 0 0 -1
    outer loop
      vertex 10.3865 100.882 -5
      vertex 10.2705 102.183 -5
      vertex 10.4066 100.888 -5
    endloop
  endfacet
  facet normal 0 0 -1
    outer loop
      vertex 10.2705 97.8169 -5
      vertex 2.5 100 -5
      vertex 10.3865 99.1183 -5
    endloop
  endfacet
  facet normal 0 0 -1
    outer loop
      vertex 9.93325 96.8398 -5
      vertex 10.2705 97.8169 -5
      vertex 9.95258 96.8383 -5
    endloop
  endfacet
  facet normal 0 0 -1
    outer loop
      vertex 10.3865 99.1183 -5
      vertex 2.5 100 -5
      vertex 10.3865 100.882 -5
    endloop
  endfacet
  facet normal 0 0 -1
    outer loop
      vertex 2.5 100 -5
      vertex 10.2705 102.183 -5
      vertex 10.3865 100.882 -5
    endloop
  endfacet
  facet normal 0 0 -1
    outer loop
      vertex 10.2705 102.183 -5
      vertex 9.93325 103.16 -5
      vertex 9.95258 103.162 -5
    endloop
  endfacet
  facet normal 0 0 -1
    outer loop
      vertex 2.5 100 -5
      vertex 9.93325 96.8398 -5
      vertex 9.25845 95.2107 -5
    endloop
  endfacet
  facet normal -0 0 -1
    outer loop
      vertex 10.2705 102.183 -5
      vertex 2.5 100 -5
      vertex 9.93325 103.16 -5
    endloop
  endfacet
  facet normal 0 0 -1
    outer loop
      vertex 9.25845 104.789 -5
      vertex 8.49468 106.172 -5
      vertex 9.28148 104.809 -5
    endloop
  endfacet
  facet normal 0 0 -1
    outer loop
      vertex 8.49468 93.8283 -5
      vertex 2.5 100 -5
      vertex 9.25845 95.2107 -5
    endloop
  endfacet
  facet normal 0 0 -1
    outer loop
      vertex 7.96779 93.2791 -5
      vertex 8.49468 93.8283 -5
      vertex 7.99001 93.2678 -5
    endloop
  endfacet
  facet normal -0 0 -1
    outer loop
      vertex 9.93325 103.16 -5
      vertex 2.5 100 -5
      vertex 9.25845 104.789 -5
    endloop
  endfacet
  facet normal 0 0 -1
    outer loop
      vertex 1.76777 101.768 -5
      vertex 9.25845 104.789 -5
      vertex 2.5 100 -5
    endloop
  endfacet
  facet normal 0 0 -1
    outer loop
      vertex 8.49468 106.172 -5
      vertex 7.96779 106.721 -5
      vertex 7.99001 106.732 -5
    endloop
  endfacet
  facet normal 0 0 -1
    outer loop
      vertex 2.5 100 -5
      vertex 7.96779 93.2791 -5
      vertex 6.72091 92.0322 -5
    endloop
  endfacet
  facet normal -0 0 -1
    outer loop
      vertex 9.25845 104.789 -5
      vertex 1.76777 101.768 -5
      vertex 8.49468 106.172 -5
    endloop
  endfacet
  facet normal 0 0 -1
    outer loop
      vertex 6.72091 107.968 -5
      vertex 5.25 109.093 -5
      vertex 6.74203 108.009 -5
    endloop
  endfacet
  facet normal 0 0 -1
    outer loop
      vertex 2.5 100 -5
      vertex 6.72091 92.0322 -5
      vertex 4.7893 90.7416 -5
    endloop
  endfacet
  facet normal 0 0 -1
    outer loop
      vertex 4.7893 90.7416 -5
      vertex 5.25 90.9067 -5
      vertex 4.81401 90.7126 -5
    endloop
  endfacet
  facet normal -0 0 -1
    outer loop
      vertex 8.49468 106.172 -5
      vertex 1.76777 101.768 -5
      vertex 7.96779 106.721 -5
    endloop
  endfacet
  facet normal 0 0 -1
    outer loop
      vertex 6.72091 107.968 -5
      vertex 4.7893 109.258 -5
      vertex 5.25 109.093 -5
    endloop
  endfacet
  facet normal 0 0 -1
    outer loop
      vertex 5.25 109.093 -5
      vertex 4.7893 109.258 -5
      vertex 4.81401 109.287 -5
    endloop
  endfacet
  facet normal 0 0 -1
    outer loop
      vertex 1.76777 98.2322 -5
      vertex 4.7893 90.7416 -5
      vertex 3.16017 90.0667 -5
    endloop
  endfacet
  facet normal -0 0 -1
    outer loop
      vertex 7.96779 106.721 -5
      vertex 1.76777 101.768 -5
      vertex 6.72091 107.968 -5
    endloop
  endfacet
  facet normal -0 0 -1
    outer loop
      vertex 4.7893 109.258 -5
      vertex 1.76777 101.768 -5
      vertex 3.16017 109.933 -5
    endloop
  endfacet
  facet normal 0 0 -1
    outer loop
      vertex 0 102.5 -5
      vertex 3.16017 109.933 -5
      vertex 1.76777 101.768 -5
    endloop
  endfacet
  facet normal 0 -0 -1
    outer loop
      vertex 0.881678 110.386 -5
      vertex 3.16017 109.933 -5
      vertex 0 102.5 -5
    endloop
  endfacet
  facet normal 0 -0 -1
    outer loop
      vertex 1.09755 110.442 -5
      vertex 3.16017 109.933 -5
      vertex 0.881678 110.386 -5
    endloop
  endfacet
  facet normal -0 0 -1
    outer loop
      vertex 1.09755 110.442 -5
      vertex 0.881678 110.386 -5
      vertex 0.899875 110.442 -5
    endloop
  endfacet
  facet normal 0 0 -1
    outer loop
      vertex 3.16017 109.933 -5
      vertex 1.09755 110.442 -5
      vertex 3.16565 110.003 -5
    endloop
  endfacet
  facet normal 0 0 -1
    outer loop
      vertex 0 102.5 -5
      vertex -0.881678 110.386 -5
      vertex 0.881678 110.386 -5
    endloop
  endfacet
  facet normal 0 0 -1
    outer loop
      vertex -3.16017 109.933 -5
      vertex -0.881678 110.386 -5
      vertex 0 102.5 -5
    endloop
  endfacet
  facet normal 0 0 -1
    outer loop
      vertex -0.881678 110.386 -5
      vertex -1.09755 110.442 -5
      vertex -0.899875 110.442 -5
    endloop
  endfacet
  facet normal 0 0 -1
    outer loop
      vertex -3.16017 109.933 -5
      vertex 0 102.5 -5
      vertex -1.76777 101.768 -5
    endloop
  endfacet
  facet normal 0 0 -1
    outer loop
      vertex -3.16017 109.933 -5
      vertex -1.76777 101.768 -5
      vertex -2.5 100 -5
    endloop
  endfacet
  facet normal 0 0 -1
    outer loop
      vertex -6.72091 92.0322 -5
      vertex -1.76777 98.2322 -5
      vertex -4.7893 90.7416 -5
    endloop
  endfacet
  facet normal -0 0 -1
    outer loop
      vertex -0.881678 110.386 -5
      vertex -3.16017 109.933 -5
      vertex -1.09755 110.442 -5
    endloop
  endfacet
  facet normal 0 0 -1
    outer loop
      vertex -1.09755 110.442 -5
      vertex -3.16017 109.933 -5
      vertex -3.16565 110.003 -5
    endloop
  endfacet
  facet normal -0 0 -1
    outer loop
      vertex -4.7893 109.258 -5
      vertex -5.25 109.093 -5
      vertex -4.81401 109.287 -5
    endloop
  endfacet
  facet normal 0 0 -1
    outer loop
      vertex -5.25 109.093 -5
      vertex -6.72091 107.968 -5
      vertex -6.74203 108.009 -5
    endloop
  endfacet
  facet normal -0 0 -1
    outer loop
      vertex -7.96779 106.721 -5
      vertex -8.49468 106.172 -5
      vertex -7.99001 106.732 -5
    endloop
  endfacet
  facet normal 0 0 -1
    outer loop
      vertex -8.49468 106.172 -5
      vertex -9.25845 104.789 -5
      vertex -9.28148 104.809 -5
    endloop
  endfacet
  facet normal -0 0 -1
    outer loop
      vertex -9.93325 103.16 -5
      vertex -10.2705 102.183 -5
      vertex -9.95258 103.162 -5
    endloop
  endfacet
  facet normal 0 0 -1
    outer loop
      vertex -10.2705 102.183 -5
      vertex -10.3865 100.882 -5
      vertex -10.4066 100.888 -5
    endloop
  endfacet
  facet normal -0.364171 -0.818005 -0.44525
    outer loop
      vertex -4.88113 90.634 -4.8007
      vertex -5.25 90.9067 -5
      vertex -4.81401 90.7126 -5
    endloop
  endfacet
  facet normal 0.364207 -0.818017 -0.445199
    outer loop
      vertex 5.25 90.9067 -5
      vertex 5.15082 90.3183 -4
      vertex 4.88113 90.634 -4.8007
    endloop
  endfacet
  facet normal 0.36407 -0.818057 -0.445236
    outer loop
      vertex 5.15082 90.3183 -4
      vertex 5.25 90.9067 -5
      vertex 5.5 90.4737 -4
    endloop
  endfacet
  facet normal 0.77546 0.447639 -0.445287
    outer loop
      vertex 9.28148 104.809 -5
      vertex 8.49468 106.172 -5
      vertex 9.54014 105.03 -4.32738
    endloop
  endfacet
  facet normal 0.526322 -0.724368 -0.445282
    outer loop
      vertex 6.92325 91.6351 -4.20716
      vertex 5.25 90.9067 -5
      vertex 6.74203 91.9908 -5
    endloop
  endfacet
  facet normal 0.665481 0.599572 -0.444576
    outer loop
      vertex 8.89919 106.466 -4
      vertex 8.30264 106.892 -4.31845
      vertex 8.44871 106.966 -4
    endloop
  endfacet
  facet normal -0.364501 0.817727 -0.44549
    outer loop
      vertex -5.25 109.093 -5
      vertex -5.15082 109.682 -4
      vertex -4.88113 109.366 -4.8007
    endloop
  endfacet
  facet normal -0.365232 0.81751 -0.44529
    outer loop
      vertex -5.15082 109.682 -4
      vertex -5.25 109.093 -5
      vertex -5.5 109.526 -4
    endloop
  endfacet
  facet normal 0.890574 0.0935748 -0.445108
    outer loop
      vertex 10.6742 100.975 -4.44669
      vertex 10.7596 102.287 -4
      vertex 10.8901 101.045 -4
    endloop
  endfacet
  facet normal 0.890485 0.0936373 -0.445274
    outer loop
      vertex 10.7596 102.287 -4
      vertex 10.6742 100.975 -4.44669
      vertex 10.2705 102.183 -5
    endloop
  endfacet
  facet normal 0.890445 0.0935827 -0.445365
    outer loop
      vertex 10.4066 100.888 -5
      vertex 10.2705 102.183 -5
      vertex 10.6742 100.975 -4.44669
    endloop
  endfacet
  facet normal -0.185933 0.875916 -0.445197
    outer loop
      vertex -3.16565 110.003 -5
      vertex -3.20162 110.46 -4.08584
      vertex -1.09755 110.442 -5
    endloop
  endfacet
  facet normal 0.364171 -0.818005 -0.44525
    outer loop
      vertex 4.88113 90.634 -4.8007
      vertex 4.81401 90.7126 -5
      vertex 5.25 90.9067 -5
    endloop
  endfacet
  facet normal -0.526225 0.724302 -0.445505
    outer loop
      vertex -6.74203 108.009 -5
      vertex -6.92325 108.365 -4.20716
      vertex -5.25 109.093 -5
    endloop
  endfacet
  facet normal -0.890487 -0.0936491 -0.445267
    outer loop
      vertex -10.7596 97.713 -4
      vertex -10.6742 99.0248 -4.44669
      vertex -10.2705 97.8169 -5
    endloop
  endfacet
  facet normal -0.890563 -0.0935962 -0.445127
    outer loop
      vertex -10.6742 99.0248 -4.44669
      vertex -10.7596 97.713 -4
      vertex -10.8901 98.9547 -4
    endloop
  endfacet
  facet normal -0.85158 -0.276693 -0.445256
    outer loop
      vertex -10.1742 96.8209 -4.56524
      vertex -10.7596 97.713 -4
      vertex -10.2705 97.8169 -5
    endloop
  endfacet
  facet normal -0.851568 -0.276657 -0.445301
    outer loop
      vertex -10.7596 97.713 -4
      vertex -10.1742 96.8209 -4.56524
      vertex -10.4624 96.7982 -4
    endloop
  endfacet
  facet normal -0.775545 0.447499 -0.44528
    outer loop
      vertex -8.49468 106.172 -5
      vertex -9.66604 105.137 -4
      vertex -8.89919 106.466 -4
    endloop
  endfacet
  facet normal -0.77555 0.448069 -0.444698
    outer loop
      vertex -9.66604 105.137 -4
      vertex -8.49468 106.172 -5
      vertex -9.54014 105.03 -4.32738
    endloop
  endfacet
  facet normal -0.526354 -0.724427 -0.445148
    outer loop
      vertex -6.92325 91.6351 -4.20716
      vertex -5.5 90.4737 -4
      vertex -6.97059 91.5422 -4
    endloop
  endfacet
  facet normal -0.526315 -0.724397 -0.445243
    outer loop
      vertex -5.5 90.4737 -4
      vertex -6.92325 91.6351 -4.20716
      vertex -5.25 90.9067 -5
    endloop
  endfacet
  facet normal -0.36407 -0.818057 -0.445236
    outer loop
      vertex -5.25 90.9067 -5
      vertex -5.15082 90.3183 -4
      vertex -5.5 90.4737 -4
    endloop
  endfacet
  facet normal -0.364207 -0.818017 -0.445199
    outer loop
      vertex -5.15082 90.3183 -4
      vertex -5.25 90.9067 -5
      vertex -4.88113 90.634 -4.8007
    endloop
  endfacet
  facet normal -0.851622 -0.276669 -0.44519
    outer loop
      vertex -10.1742 96.8209 -4.56524
      vertex -10.2705 97.8169 -5
      vertex -9.95258 96.8383 -5
    endloop
  endfacet
  facet normal 0.186162 0.875509 -0.445901
    outer loop
      vertex 3.20162 110.46 -4.08584
      vertex 1.14981 110.94 -4
      vertex 3.205 110.503 -4
    endloop
  endfacet
  facet normal 0.186182 0.875574 -0.445766
    outer loop
      vertex 1.14981 110.94 -4
      vertex 3.20162 110.46 -4.08584
      vertex 1.09755 110.442 -5
    endloop
  endfacet
  facet normal 0.851747 0.276596 -0.444996
    outer loop
      vertex 10.2705 102.183 -5
      vertex 9.95258 103.162 -5
      vertex 10.1742 103.179 -4.56524
    endloop
  endfacet
  facet normal -0 -0.895428 -0.445207
    outer loop
      vertex 1.09755 89.5575 -5
      vertex 1.06144 89.0603 -4
      vertex 0.899875 89.5575 -5
    endloop
  endfacet
  facet normal 0 -0.895428 -0.445207
    outer loop
      vertex 1.06144 89.0603 -4
      vertex 1.09755 89.5575 -5
      vertex 1.14981 89.0603 -4
    endloop
  endfacet
  facet normal 0 -0.895428 -0.445207
    outer loop
      vertex -1.09755 89.5575 -5
      vertex -1.06144 89.0603 -4
      vertex -1.14981 89.0603 -4
    endloop
  endfacet
  facet normal 0 -0.895428 -0.445207
    outer loop
      vertex -1.06144 89.0603 -4
      vertex -1.09755 89.5575 -5
      vertex -0.899875 89.5575 -5
    endloop
  endfacet
  facet normal 0.186169 -0.875833 -0.445261
    outer loop
      vertex 3.20162 89.54 -4.08584
      vertex 1.09755 89.5575 -5
      vertex 3.16565 89.9971 -5
    endloop
  endfacet
  facet normal 0.526354 -0.724427 -0.445148
    outer loop
      vertex 5.5 90.4737 -4
      vertex 6.92325 91.6351 -4.20716
      vertex 6.97059 91.5422 -4
    endloop
  endfacet
  facet normal 0.526315 -0.724397 -0.445243
    outer loop
      vertex 6.92325 91.6351 -4.20716
      vertex 5.5 90.4737 -4
      vertex 5.25 90.9067 -5
    endloop
  endfacet
  facet normal -0.363752 0.817485 -0.446545
    outer loop
      vertex -4.81401 109.287 -5
      vertex -5.25 109.093 -5
      vertex -4.88113 109.366 -4.8007
    endloop
  endfacet
  facet normal -0.186169 -0.875833 -0.445261
    outer loop
      vertex -1.09755 89.5575 -5
      vertex -3.20162 89.54 -4.08584
      vertex -3.16565 89.9971 -5
    endloop
  endfacet
  facet normal -0.775438 -0.447725 -0.44524
    outer loop
      vertex -8.49468 93.8283 -5
      vertex -9.54014 94.9701 -4.32738
      vertex -9.28148 95.191 -5
    endloop
  endfacet
  facet normal -0.665415 -0.599134 -0.445265
    outer loop
      vertex -8.30264 93.1085 -4.31845
      vertex -8.49468 93.8283 -5
      vertex -7.99001 93.2678 -5
    endloop
  endfacet
  facet normal -0.665427 -0.599128 -0.445256
    outer loop
      vertex -8.49468 93.8283 -5
      vertex -8.30264 93.1085 -4.31845
      vertex -8.89919 93.5344 -4
    endloop
  endfacet
  facet normal -0.077367 -0.997003 0.000464097
    outer loop
      vertex 9.93325 96.8398 0
      vertex 10.1742 96.8209 -0.434765
      vertex 9.95258 96.8383 0
    endloop
  endfacet
  facet normal -0.0781993 -0.996938 0
    outer loop
      vertex 10.1742 96.8209 -4.56524
      vertex 10.1742 96.8209 -0.434765
      vertex 9.93325 96.8398 0
    endloop
  endfacet
  facet normal -0.0785216 -0.996912 -0
    outer loop
      vertex 10.1742 96.8209 -0.434765
      vertex 10.1742 96.8209 -4.56524
      vertex 10.4624 96.7982 -1
    endloop
  endfacet
  facet normal -0.0785216 -0.996912 -0
    outer loop
      vertex 10.4624 96.7982 -1
      vertex 10.1742 96.8209 -4.56524
      vertex 10.4624 96.7982 -4
    endloop
  endfacet
  facet normal -0.0781993 -0.996938 0
    outer loop
      vertex 9.93325 96.8398 -5
      vertex 10.1742 96.8209 -4.56524
      vertex 9.93325 96.8398 0
    endloop
  endfacet
  facet normal -0.077367 -0.997003 -0.000464102
    outer loop
      vertex 10.1742 96.8209 -4.56524
      vertex 9.93325 96.8398 -5
      vertex 9.95258 96.8383 -5
    endloop
  endfacet
  facet normal 0.65003 0.759908 0.000405946
    outer loop
      vertex 9.54014 94.9701 -0.672616
      vertex 9.25845 95.2107 0
      vertex 9.28148 95.191 0
    endloop
  endfacet
  facet normal 0.649348 0.760492 -0
    outer loop
      vertex 9.54014 94.9701 -4.32738
      vertex 9.54014 94.9701 -0.672616
      vertex 9.66604 94.8626 -1
    endloop
  endfacet
  facet normal 0.649348 0.760492 0
    outer loop
      vertex 9.54014 94.9701 -4.32738
      vertex 9.66604 94.8626 -1
      vertex 9.66604 94.8626 -4
    endloop
  endfacet
  facet normal 0.64947 0.760387 0
    outer loop
      vertex 9.54014 94.9701 -0.672616
      vertex 9.54014 94.9701 -4.32738
      vertex 9.25845 95.2107 0
    endloop
  endfacet
  facet normal 0.65003 0.759908 -0.000405943
    outer loop
      vertex 9.25845 95.2107 -5
      vertex 9.54014 94.9701 -4.32738
      vertex 9.28148 95.191 -5
    endloop
  endfacet
  facet normal 0.64947 0.760387 0
    outer loop
      vertex 9.54014 94.9701 -4.32738
      vertex 9.25845 95.2107 -5
      vertex 9.25845 95.2107 0
    endloop
  endfacet
  facet normal 0.923879 -0.382686 0
    outer loop
      vertex 9.25845 95.2107 0
      vertex 9.93325 96.8398 -5
      vertex 9.93325 96.8398 0
    endloop
  endfacet
  facet normal 0.923879 -0.382686 0
    outer loop
      vertex 9.93325 96.8398 -5
      vertex 9.25845 95.2107 0
      vertex 9.25845 95.2107 -5
    endloop
  endfacet
  facet normal -0.453301 -0.891358 0.000407711
    outer loop
      vertex 7.96779 93.2791 0
      vertex 8.30264 93.1085 -0.681555
      vertex 7.99001 93.2678 0
    endloop
  endfacet
  facet normal -0.45396 -0.891022 0
    outer loop
      vertex 8.30264 93.1085 -4.31845
      vertex 8.30264 93.1085 -0.681555
      vertex 7.96779 93.2791 0
    endloop
  endfacet
  facet normal -0.454347 -0.890825 -0
    outer loop
      vertex 8.30264 93.1085 -0.681555
      vertex 8.30264 93.1085 -4.31845
      vertex 8.44871 93.034 -1
    endloop
  endfacet
  facet normal -0.454347 -0.890825 -0
    outer loop
      vertex 8.44871 93.034 -1
      vertex 8.30264 93.1085 -4.31845
      vertex 8.44871 93.034 -4
    endloop
  endfacet
  facet normal -0.45396 -0.891022 0
    outer loop
      vertex 7.96779 93.2791 -5
      vertex 8.30264 93.1085 -4.31845
      vertex 7.96779 93.2791 0
    endloop
  endfacet
  facet normal -0.453301 -0.891358 -0.000407714
    outer loop
      vertex 8.30264 93.1085 -4.31845
      vertex 7.96779 93.2791 -5
      vertex 7.99001 93.2678 -5
    endloop
  endfacet
  facet normal 0.890783 0.454429 -0.000268019
    outer loop
      vertex 6.92325 91.6351 -0.792844
      vertex 6.72091 92.0322 0
      vertex 6.74203 91.9908 0
    endloop
  endfacet
  facet normal 0.891 0.454004 0
    outer loop
      vertex 6.72091 92.0322 0
      vertex 6.92325 91.6351 -0.792844
      vertex 6.72091 92.0322 -5
    endloop
  endfacet
  facet normal 0.891 0.454004 -0
    outer loop
      vertex 6.92325 91.6351 -4.20716
      vertex 6.72091 92.0322 -5
      vertex 6.92325 91.6351 -0.792844
    endloop
  endfacet
  facet normal 0.890783 0.454429 0.00026802
    outer loop
      vertex 6.72091 92.0322 -5
      vertex 6.92325 91.6351 -4.20716
      vertex 6.74203 91.9908 -5
    endloop
  endfacet
  facet normal 0.890987 0.454029 0
    outer loop
      vertex 6.97059 91.5422 -1
      vertex 6.92325 91.6351 -4.20716
      vertex 6.92325 91.6351 -0.792844
    endloop
  endfacet
  facet normal 0.890987 0.454029 0
    outer loop
      vertex 6.92325 91.6351 -4.20716
      vertex 6.97059 91.5422 -1
      vertex 6.97059 91.5422 -4
    endloop
  endfacet
  facet normal 0.707112 -0.707101 0
    outer loop
      vertex 6.72091 92.0322 0
      vertex 7.96779 93.2791 -5
      vertex 7.96779 93.2791 0
    endloop
  endfacet
  facet normal 0.707112 -0.707101 0
    outer loop
      vertex 7.96779 93.2791 -5
      vertex 6.72091 92.0322 0
      vertex 6.72091 92.0322 -5
    endloop
  endfacet
  facet normal -0.761162 -0.648562 0.000562867
    outer loop
      vertex 4.88113 90.634 -4.8007
      vertex 4.7893 90.7416 -5
      vertex 4.81401 90.7126 -5
    endloop
  endfacet
  facet normal -0.761483 -0.648185 0.000914744
    outer loop
      vertex 5.15082 90.3183 -4
      vertex 4.7893 90.7416 -5
      vertex 4.88113 90.634 -4.8007
    endloop
  endfacet
  facet normal -0.760417 -0.649435 0
    outer loop
      vertex 4.7893 90.7416 -5
      vertex 5.15082 90.3183 -4
      vertex 4.7893 90.7416 0
    endloop
  endfacet
  facet normal -0.761162 -0.648562 -0.00056287
    outer loop
      vertex 4.7893 90.7416 0
      vertex 4.88113 90.634 -0.199299
      vertex 4.81401 90.7126 0
    endloop
  endfacet
  facet normal -0.760417 -0.649435 -0
    outer loop
      vertex 5.15082 90.3183 -1
      vertex 4.7893 90.7416 0
      vertex 5.15082 90.3183 -4
    endloop
  endfacet
  facet normal -0.761483 -0.648185 -0.000914727
    outer loop
      vertex 4.7893 90.7416 0
      vertex 5.15082 90.3183 -1
      vertex 4.88113 90.634 -0.199299
    endloop
  endfacet
  facet normal 0.996915 0.0784927 -2.18731e-05
    outer loop
      vertex 3.20162 89.54 -0.914163
      vertex 3.16017 90.0667 0
      vertex 3.16565 89.9971 0
    endloop
  endfacet
  facet normal 0.996918 0.078455 0
    outer loop
      vertex 3.16017 90.0667 0
      vertex 3.20162 89.54 -0.914163
      vertex 3.16017 90.0667 -5
    endloop
  endfacet
  facet normal 0.996918 0.078455 -0
    outer loop
      vertex 3.20162 89.54 -4.08584
      vertex 3.16017 90.0667 -5
      vertex 3.20162 89.54 -0.914163
    endloop
  endfacet
  facet normal 0.996915 0.0784927 2.18732e-05
    outer loop
      vertex 3.16017 90.0667 -5
      vertex 3.20162 89.54 -4.08584
      vertex 3.16565 89.9971 -5
    endloop
  endfacet
  facet normal 0.996911 0.0785445 0
    outer loop
      vertex 3.205 89.4971 -1
      vertex 3.20162 89.54 -4.08584
      vertex 3.20162 89.54 -0.914163
    endloop
  endfacet
  facet normal 0.996911 0.0785445 0
    outer loop
      vertex 3.20162 89.54 -4.08584
      vertex 3.205 89.4971 -1
      vertex 3.205 89.4971 -4
    endloop
  endfacet
  facet normal 0.382728 -0.923861 0
    outer loop
      vertex 3.16017 90.0667 -5
      vertex 4.7893 90.7416 0
      vertex 3.16017 90.0667 0
    endloop
  endfacet
  facet normal 0.382728 -0.923861 0
    outer loop
      vertex 4.7893 90.7416 0
      vertex 3.16017 90.0667 -5
      vertex 4.7893 90.7416 -5
    endloop
  endfacet
  facet normal -0.951049 -0.30904 1.55564e-06
    outer loop
      vertex 1.06144 89.0603 -4
      vertex 0.881678 89.6135 -5
      vertex 0.899875 89.5575 -5
    endloop
  endfacet
  facet normal -0.951048 -0.309043 0
    outer loop
      vertex 0.881678 89.6135 -5
      vertex 1.06144 89.0603 -4
      vertex 0.881678 89.6135 0
    endloop
  endfacet
  facet normal -0.951048 -0.309043 -0
    outer loop
      vertex 1.06144 89.0603 -1
      vertex 0.881678 89.6135 0
      vertex 1.06144 89.0603 -4
    endloop
  endfacet
  facet normal -0.951049 -0.30904 -1.55564e-06
    outer loop
      vertex 0.881678 89.6135 0
      vertex 1.06144 89.0603 -1
      vertex 0.899875 89.5575 0
    endloop
  endfacet
  facet normal 0 -1 0
    outer loop
      vertex -0.881678 89.6135 -5
      vertex 0.881678 89.6135 0
      vertex -0.881678 89.6135 0
    endloop
  endfacet
  facet normal 0 -1 -0
    outer loop
      vertex 0.881678 89.6135 0
      vertex -0.881678 89.6135 -5
      vertex 0.881678 89.6135 -5
    endloop
  endfacet
  facet normal 0.951049 -0.30904 -1.55564e-06
    outer loop
      vertex -1.06144 89.0603 -1
      vertex -0.881678 89.6135 0
      vertex -0.899875 89.5575 0
    endloop
  endfacet
  facet normal 0.951048 -0.309043 0
    outer loop
      vertex -0.881678 89.6135 0
      vertex -1.06144 89.0603 -1
      vertex -0.881678 89.6135 -5
    endloop
  endfacet
  facet normal 0.951048 -0.309043 0
    outer loop
      vertex -1.06144 89.0603 -4
      vertex -0.881678 89.6135 -5
      vertex -1.06144 89.0603 -1
    endloop
  endfacet
  facet normal 0.951049 -0.30904 1.55564e-06
    outer loop
      vertex -0.881678 89.6135 -5
      vertex -1.06144 89.0603 -4
      vertex -0.899875 89.5575 -5
    endloop
  endfacet
  facet normal -0.382728 -0.923861 0
    outer loop
      vertex -4.7893 90.7416 -5
      vertex -3.16017 90.0667 0
      vertex -4.7893 90.7416 0
    endloop
  endfacet
  facet normal -0.382728 -0.923861 -0
    outer loop
      vertex -3.16017 90.0667 0
      vertex -4.7893 90.7416 -5
      vertex -3.16017 90.0667 -5
    endloop
  endfacet
  facet normal -0.996915 0.0784927 2.18732e-05
    outer loop
      vertex -3.20162 89.54 -4.08584
      vertex -3.16017 90.0667 -5
      vertex -3.16565 89.9971 -5
    endloop
  endfacet
  facet normal -0.996918 0.078455 0
    outer loop
      vertex -3.16017 90.0667 -5
      vertex -3.20162 89.54 -4.08584
      vertex -3.16017 90.0667 0
    endloop
  endfacet
  facet normal -0.996918 0.078455 0
    outer loop
      vertex -3.20162 89.54 -0.914163
      vertex -3.16017 90.0667 0
      vertex -3.20162 89.54 -4.08584
    endloop
  endfacet
  facet normal -0.996915 0.0784927 -2.18731e-05
    outer loop
      vertex -3.16017 90.0667 0
      vertex -3.20162 89.54 -0.914163
      vertex -3.16565 89.9971 0
    endloop
  endfacet
  facet normal -0.996911 0.0785445 0
    outer loop
      vertex -3.205 89.4971 -4
      vertex -3.20162 89.54 -0.914163
      vertex -3.20162 89.54 -4.08584
    endloop
  endfacet
  facet normal -0.996911 0.0785445 0
    outer loop
      vertex -3.20162 89.54 -0.914163
      vertex -3.205 89.4971 -4
      vertex -3.205 89.4971 -1
    endloop
  endfacet
  facet normal 0.761162 -0.648562 -0.00056287
    outer loop
      vertex -4.88113 90.634 -0.199299
      vertex -4.7893 90.7416 0
      vertex -4.81401 90.7126 0
    endloop
  endfacet
  facet normal 0.761483 -0.648185 -0.000914727
    outer loop
      vertex -5.15082 90.3183 -1
      vertex -4.7893 90.7416 0
      vertex -4.88113 90.634 -0.199299
    endloop
  endfacet
  facet normal 0.760417 -0.649435 0
    outer loop
      vertex -4.7893 90.7416 0
      vertex -5.15082 90.3183 -1
      vertex -4.7893 90.7416 -5
    endloop
  endfacet
  facet normal 0.761162 -0.648562 0.000562867
    outer loop
      vertex -4.7893 90.7416 -5
      vertex -4.88113 90.634 -4.8007
      vertex -4.81401 90.7126 -5
    endloop
  endfacet
  facet normal 0.760417 -0.649435 0
    outer loop
      vertex -5.15082 90.3183 -4
      vertex -4.7893 90.7416 -5
      vertex -5.15082 90.3183 -1
    endloop
  endfacet
  facet normal 0.761483 -0.648185 0.000914744
    outer loop
      vertex -4.7893 90.7416 -5
      vertex -5.15082 90.3183 -4
      vertex -4.88113 90.634 -4.8007
    endloop
  endfacet
  facet normal 0.453301 -0.891358 0.000407711
    outer loop
      vertex -8.30264 93.1085 -0.681555
      vertex -7.96779 93.2791 0
      vertex -7.99001 93.2678 0
    endloop
  endfacet
  facet normal 0.454347 -0.890825 0
    outer loop
      vertex -8.30264 93.1085 -4.31845
      vertex -8.30264 93.1085 -0.681555
      vertex -8.44871 93.034 -1
    endloop
  endfacet
  facet normal 0.454347 -0.890825 0
    outer loop
      vertex -8.30264 93.1085 -4.31845
      vertex -8.44871 93.034 -1
      vertex -8.44871 93.034 -4
    endloop
  endfacet
  facet normal 0.45396 -0.891022 0
    outer loop
      vertex -8.30264 93.1085 -0.681555
      vertex -8.30264 93.1085 -4.31845
      vertex -7.96779 93.2791 0
    endloop
  endfacet
  facet normal 0.453301 -0.891358 -0.000407714
    outer loop
      vertex -7.96779 93.2791 -5
      vertex -8.30264 93.1085 -4.31845
      vertex -7.99001 93.2678 -5
    endloop
  endfacet
  facet normal 0.45396 -0.891022 0
    outer loop
      vertex -8.30264 93.1085 -4.31845
      vertex -7.96779 93.2791 -5
      vertex -7.96779 93.2791 0
    endloop
  endfacet
  facet normal -0.707112 -0.707101 0
    outer loop
      vertex -6.72091 92.0322 -5
      vertex -7.96779 93.2791 0
      vertex -7.96779 93.2791 -5
    endloop
  endfacet
  facet normal -0.707112 -0.707101 0
    outer loop
      vertex -7.96779 93.2791 0
      vertex -6.72091 92.0322 -5
      vertex -6.72091 92.0322 0
    endloop
  endfacet
  facet normal -0.890783 0.454429 0.00026802
    outer loop
      vertex -6.92325 91.6351 -4.20716
      vertex -6.72091 92.0322 -5
      vertex -6.74203 91.9908 -5
    endloop
  endfacet
  facet normal -0.891 0.454004 0
    outer loop
      vertex -6.72091 92.0322 -5
      vertex -6.92325 91.6351 -4.20716
      vertex -6.72091 92.0322 0
    endloop
  endfacet
  facet normal -0.891 0.454004 0
    outer loop
      vertex -6.92325 91.6351 -0.792844
      vertex -6.72091 92.0322 0
      vertex -6.92325 91.6351 -4.20716
    endloop
  endfacet
  facet normal -0.890783 0.454429 -0.000268019
    outer loop
      vertex -6.72091 92.0322 0
      vertex -6.92325 91.6351 -0.792844
      vertex -6.74203 91.9908 0
    endloop
  endfacet
  facet normal -0.890987 0.454029 0
    outer loop
      vertex -6.97059 91.5422 -4
      vertex -6.92325 91.6351 -0.792844
      vertex -6.92325 91.6351 -4.20716
    endloop
  endfacet
  facet normal -0.890987 0.454029 0
    outer loop
      vertex -6.92325 91.6351 -0.792844
      vertex -6.97059 91.5422 -4
      vertex -6.97059 91.5422 -1
    endloop
  endfacet
  facet normal 0.077367 -0.997003 0.000464097
    outer loop
      vertex -10.1742 96.8209 -0.434765
      vertex -9.93325 96.8398 0
      vertex -9.95258 96.8383 0
    endloop
  endfacet
  facet normal 0.0785216 -0.996912 0
    outer loop
      vertex -10.1742 96.8209 -4.56524
      vertex -10.1742 96.8209 -0.434765
      vertex -10.4624 96.7982 -1
    endloop
  endfacet
  facet normal 0.0785216 -0.996912 0
    outer loop
      vertex -10.1742 96.8209 -4.56524
      vertex -10.4624 96.7982 -1
      vertex -10.4624 96.7982 -4
    endloop
  endfacet
  facet normal 0.0781993 -0.996938 0
    outer loop
      vertex -10.1742 96.8209 -0.434765
      vertex -10.1742 96.8209 -4.56524
      vertex -9.93325 96.8398 0
    endloop
  endfacet
  facet normal 0.077367 -0.997003 -0.000464102
    outer loop
      vertex -9.93325 96.8398 -5
      vertex -10.1742 96.8209 -4.56524
      vertex -9.95258 96.8383 -5
    endloop
  endfacet
  facet normal 0.0781993 -0.996938 0
    outer loop
      vertex -10.1742 96.8209 -4.56524
      vertex -9.93325 96.8398 -5
      vertex -9.93325 96.8398 0
    endloop
  endfacet
  facet normal -0.923879 -0.382686 0
    outer loop
      vertex -9.25845 95.2107 -5
      vertex -9.93325 96.8398 0
      vertex -9.93325 96.8398 -5
    endloop
  endfacet
  facet normal -0.923879 -0.382686 0
    outer loop
      vertex -9.93325 96.8398 0
      vertex -9.25845 95.2107 -5
      vertex -9.25845 95.2107 0
    endloop
  endfacet
  facet normal -0.65003 0.759908 0.000405946
    outer loop
      vertex -9.25845 95.2107 0
      vertex -9.54014 94.9701 -0.672616
      vertex -9.28148 95.191 0
    endloop
  endfacet
  facet normal -0.64947 0.760387 0
    outer loop
      vertex -9.54014 94.9701 -4.32738
      vertex -9.54014 94.9701 -0.672616
      vertex -9.25845 95.2107 0
    endloop
  endfacet
  facet normal -0.649348 0.760492 0
    outer loop
      vertex -9.54014 94.9701 -0.672616
      vertex -9.54014 94.9701 -4.32738
      vertex -9.66604 94.8626 -1
    endloop
  endfacet
  facet normal -0.649348 0.760492 0
    outer loop
      vertex -9.66604 94.8626 -1
      vertex -9.54014 94.9701 -4.32738
      vertex -9.66604 94.8626 -4
    endloop
  endfacet
  facet normal -0.64947 0.760387 0
    outer loop
      vertex -9.25845 95.2107 -5
      vertex -9.54014 94.9701 -4.32738
      vertex -9.25845 95.2107 0
    endloop
  endfacet
  facet normal -0.65003 0.759908 -0.000405943
    outer loop
      vertex -9.54014 94.9701 -4.32738
      vertex -9.25845 95.2107 -5
      vertex -9.28148 95.191 -5
    endloop
  endfacet
  facet normal -0.286014 -0.958146 -0.0123284
    outer loop
      vertex -10.6742 100.975 -0.553311
      vertex -10.3865 100.882 0
      vertex -10.4066 100.888 0
    endloop
  endfacet
  facet normal -0.308418 -0.951251 0
    outer loop
      vertex -10.6742 100.975 -4.44669
      vertex -10.6742 100.975 -0.553311
      vertex -10.8901 101.045 -1
    endloop
  endfacet
  facet normal -0.308418 -0.951251 0
    outer loop
      vertex -10.6742 100.975 -4.44669
      vertex -10.8901 101.045 -1
      vertex -10.8901 101.045 -4
    endloop
  endfacet
  facet normal -0.307583 -0.951521 -0
    outer loop
      vertex -10.6742 100.975 -0.553311
      vertex -10.6742 100.975 -4.44669
      vertex -10.3865 100.882 0
    endloop
  endfacet
  facet normal -0.286014 -0.958146 0.0123284
    outer loop
      vertex -10.3865 100.882 -5
      vertex -10.6742 100.975 -4.44669
      vertex -10.4066 100.888 -5
    endloop
  endfacet
  facet normal -0.307583 -0.951521 0
    outer loop
      vertex -10.6742 100.975 -4.44669
      vertex -10.3865 100.882 -5
      vertex -10.3865 100.882 0
    endloop
  endfacet
  facet normal -1 0 0
    outer loop
      vertex -10.3865 99.1183 -5
      vertex -10.3865 100.882 0
      vertex -10.3865 100.882 -5
    endloop
  endfacet
  facet normal -1 -0 0
    outer loop
      vertex -10.3865 100.882 0
      vertex -10.3865 99.1183 -5
      vertex -10.3865 99.1183 0
    endloop
  endfacet
  facet normal -0.307694 0.951485 -0.000795645
    outer loop
      vertex -10.3865 99.1183 0
      vertex -10.6742 99.0248 -0.553311
      vertex -10.4066 99.1118 0
    endloop
  endfacet
  facet normal -0.309079 0.951036 0
    outer loop
      vertex -10.6742 99.0248 -4.44669
      vertex -10.6742 99.0248 -0.553311
      vertex -10.3865 99.1183 0
    endloop
  endfacet
  facet normal -0.308817 0.951121 0
    outer loop
      vertex -10.6742 99.0248 -0.553311
      vertex -10.6742 99.0248 -4.44669
      vertex -10.8901 98.9547 -1
    endloop
  endfacet
  facet normal -0.308817 0.951121 0
    outer loop
      vertex -10.8901 98.9547 -1
      vertex -10.6742 99.0248 -4.44669
      vertex -10.8901 98.9547 -4
    endloop
  endfacet
  facet normal -0.309079 0.951036 0
    outer loop
      vertex -10.3865 99.1183 -5
      vertex -10.6742 99.0248 -4.44669
      vertex -10.3865 99.1183 0
    endloop
  endfacet
  facet normal -0.307694 0.951485 0.000795647
    outer loop
      vertex -10.6742 99.0248 -4.44669
      vertex -10.3865 99.1183 -5
      vertex -10.4066 99.1118 -5
    endloop
  endfacet
  facet normal -0.92387 0.382706 0
    outer loop
      vertex -9.93325 103.16 -5
      vertex -9.25845 104.789 0
      vertex -9.25845 104.789 -5
    endloop
  endfacet
  facet normal -0.92387 0.382706 0
    outer loop
      vertex -9.25845 104.789 0
      vertex -9.93325 103.16 -5
      vertex -9.93325 103.16 0
    endloop
  endfacet
  facet normal 0.102907 0.994598 -0.0135662
    outer loop
      vertex -9.93325 103.16 0
      vertex -10.1742 103.179 -0.434765
      vertex -9.95258 103.162 0
    endloop
  endfacet
  facet normal 0.0786105 0.996905 -0
    outer loop
      vertex -10.1742 103.179 -4.56524
      vertex -10.1742 103.179 -0.434765
      vertex -9.93325 103.16 0
    endloop
  endfacet
  facet normal 0.0795528 0.996831 0
    outer loop
      vertex -10.1742 103.179 -0.434765
      vertex -10.1742 103.179 -4.56524
      vertex -10.4624 103.202 -1
    endloop
  endfacet
  facet normal 0.0795528 0.996831 0
    outer loop
      vertex -10.4624 103.202 -1
      vertex -10.1742 103.179 -4.56524
      vertex -10.4624 103.202 -4
    endloop
  endfacet
  facet normal 0.0786105 0.996905 -0
    outer loop
      vertex -9.93325 103.16 -5
      vertex -10.1742 103.179 -4.56524
      vertex -9.93325 103.16 0
    endloop
  endfacet
  facet normal 0.102907 0.994598 0.0135664
    outer loop
      vertex -10.1742 103.179 -4.56524
      vertex -9.93325 103.16 -5
      vertex -9.95258 103.162 -5
    endloop
  endfacet
  facet normal -0.655686 -0.755023 0.00407333
    outer loop
      vertex -9.54014 105.03 -0.672616
      vertex -9.25845 104.789 0
      vertex -9.28148 104.809 0
    endloop
  endfacet
  facet normal -0.647596 -0.761984 0
    outer loop
      vertex -9.54014 105.03 -4.32738
      vertex -9.54014 105.03 -0.672616
      vertex -9.66604 105.137 -1
    endloop
  endfacet
  facet normal -0.647596 -0.761984 0
    outer loop
      vertex -9.54014 105.03 -4.32738
      vertex -9.66604 105.137 -1
      vertex -9.66604 105.137 -4
    endloop
  endfacet
  facet normal -0.650094 -0.759854 -0
    outer loop
      vertex -9.54014 105.03 -0.672616
      vertex -9.54014 105.03 -4.32738
      vertex -9.25845 104.789 0
    endloop
  endfacet
  facet normal -0.655686 -0.755023 -0.0040733
    outer loop
      vertex -9.25845 104.789 -5
      vertex -9.54014 105.03 -4.32738
      vertex -9.28148 104.809 -5
    endloop
  endfacet
  facet normal -0.650094 -0.759854 0
    outer loop
      vertex -9.54014 105.03 -4.32738
      vertex -9.25845 104.789 -5
      vertex -9.25845 104.789 0
    endloop
  endfacet
  facet normal -0.891184 -0.453642 0
    outer loop
      vertex -6.92325 108.365 -4.20716
      vertex -6.97059 108.458 -1
      vertex -6.97059 108.458 -4
    endloop
  endfacet
  facet normal -0.891184 -0.453642 0
    outer loop
      vertex -6.92325 108.365 -4.20716
      vertex -6.92325 108.365 -0.792844
      vertex -6.97059 108.458 -1
    endloop
  endfacet
  facet normal -0.888983 -0.457934 0.00242576
    outer loop
      vertex -6.72091 107.968 -5
      vertex -6.92325 108.365 -4.20716
      vertex -6.74203 108.009 -5
    endloop
  endfacet
  facet normal -0.890954 -0.454095 0
    outer loop
      vertex -6.92325 108.365 -4.20716
      vertex -6.72091 107.968 -5
      vertex -6.92325 108.365 -0.792844
    endloop
  endfacet
  facet normal -0.890954 -0.454095 -0
    outer loop
      vertex -6.72091 107.968 0
      vertex -6.92325 108.365 -0.792844
      vertex -6.72091 107.968 -5
    endloop
  endfacet
  facet normal -0.888983 -0.457934 -0.00242575
    outer loop
      vertex -6.92325 108.365 -0.792844
      vertex -6.72091 107.968 0
      vertex -6.74203 108.009 0
    endloop
  endfacet
  facet normal -0.707141 0.707073 0
    outer loop
      vertex -7.96779 106.721 -5
      vertex -6.72091 107.968 0
      vertex -6.72091 107.968 -5
    endloop
  endfacet
  facet normal -0.707141 0.707073 0
    outer loop
      vertex -6.72091 107.968 0
      vertex -7.96779 106.721 -5
      vertex -7.96779 106.721 0
    endloop
  endfacet
  facet normal 0.44365 0.896174 0.00688042
    outer loop
      vertex -7.96779 106.721 0
      vertex -8.30264 106.892 -0.681555
      vertex -7.99001 106.732 0
    endloop
  endfacet
  facet normal 0.454804 0.890592 -0
    outer loop
      vertex -8.30264 106.892 -4.31845
      vertex -8.30264 106.892 -0.681555
      vertex -7.96779 106.721 0
    endloop
  endfacet
  facet normal 0.451922 0.892057 0
    outer loop
      vertex -8.30264 106.892 -0.681555
      vertex -8.30264 106.892 -4.31845
      vertex -8.44871 106.966 -1
    endloop
  endfacet
  facet normal 0.451922 0.892057 0
    outer loop
      vertex -8.44871 106.966 -1
      vertex -8.30264 106.892 -4.31845
      vertex -8.44871 106.966 -4
    endloop
  endfacet
  facet normal 0.454804 0.890592 -0
    outer loop
      vertex -7.96779 106.721 -5
      vertex -8.30264 106.892 -4.31845
      vertex -7.96779 106.721 0
    endloop
  endfacet
  facet normal 0.44365 0.896174 -0.00688047
    outer loop
      vertex -8.30264 106.892 -4.31845
      vertex -7.96779 106.721 -5
      vertex -7.99001 106.732 -5
    endloop
  endfacet
  facet normal -0.996925 -0.0783629 0
    outer loop
      vertex -3.20162 110.46 -4.08584
      vertex -3.205 110.503 -1
      vertex -3.205 110.503 -4
    endloop
  endfacet
  facet normal -0.996925 -0.0783629 0
    outer loop
      vertex -3.20162 110.46 -4.08584
      vertex -3.20162 110.46 -0.914163
      vertex -3.205 110.503 -1
    endloop
  endfacet
  facet normal -0.99695 -0.0780469 -0.000210946
    outer loop
      vertex -3.16017 109.933 -5
      vertex -3.20162 110.46 -4.08584
      vertex -3.16565 110.003 -5
    endloop
  endfacet
  facet normal -0.996921 -0.0784106 0
    outer loop
      vertex -3.20162 110.46 -4.08584
      vertex -3.16017 109.933 -5
      vertex -3.20162 110.46 -0.914163
    endloop
  endfacet
  facet normal -0.996921 -0.0784106 -0
    outer loop
      vertex -3.16017 109.933 0
      vertex -3.20162 110.46 -0.914163
      vertex -3.16017 109.933 -5
    endloop
  endfacet
  facet normal -0.99695 -0.0780469 0.000210945
    outer loop
      vertex -3.20162 110.46 -0.914163
      vertex -3.16017 109.933 0
      vertex -3.16565 110.003 0
    endloop
  endfacet
  facet normal -0.382776 0.923841 0
    outer loop
      vertex -3.16017 109.933 -5
      vertex -4.7893 109.258 0
      vertex -3.16017 109.933 0
    endloop
  endfacet
  facet normal -0.382776 0.923841 0
    outer loop
      vertex -4.7893 109.258 0
      vertex -3.16017 109.933 -5
      vertex -4.7893 109.258 -5
    endloop
  endfacet
  facet normal 0.76503 0.643985 -0.00352411
    outer loop
      vertex -4.7893 109.258 0
      vertex -5.15082 109.682 -1
      vertex -4.88113 109.366 -0.199299
    endloop
  endfacet
  facet normal 0.760947 0.648815 0
    outer loop
      vertex -5.15082 109.682 -1
      vertex -4.7893 109.258 0
      vertex -5.15082 109.682 -4
    endloop
  endfacet
  facet normal 0.761161 0.648562 0.000738816
    outer loop
      vertex -4.7893 109.258 0
      vertex -4.88113 109.366 -0.199299
      vertex -4.81401 109.287 0
    endloop
  endfacet
  facet normal 0.760947 0.648815 -0
    outer loop
      vertex -4.7893 109.258 -5
      vertex -5.15082 109.682 -4
      vertex -4.7893 109.258 0
    endloop
  endfacet
  facet normal 0.76503 0.643985 0.00352418
    outer loop
      vertex -5.15082 109.682 -4
      vertex -4.7893 109.258 -5
      vertex -4.88113 109.366 -4.8007
    endloop
  endfacet
  facet normal 0.761161 0.648562 -0.000738813
    outer loop
      vertex -4.88113 109.366 -4.8007
      vertex -4.7893 109.258 -5
      vertex -4.81401 109.287 -5
    endloop
  endfacet
  facet normal -0.951049 0.30904 -0.000245676
    outer loop
      vertex 0.881678 110.386 -5
      vertex 1.06144 110.94 -4
      vertex 0.899875 110.442 -5
    endloop
  endfacet
  facet normal -0.951179 0.308639 0
    outer loop
      vertex 1.06144 110.94 -4
      vertex 0.881678 110.386 -5
      vertex 1.06144 110.94 -1
    endloop
  endfacet
  facet normal -0.951179 0.308639 0
    outer loop
      vertex 0.881678 110.386 0
      vertex 1.06144 110.94 -1
      vertex 0.881678 110.386 -5
    endloop
  endfacet
  facet normal -0.951049 0.30904 0.000245676
    outer loop
      vertex 1.06144 110.94 -1
      vertex 0.881678 110.386 0
      vertex 0.899875 110.442 0
    endloop
  endfacet
  facet normal 0 1 -0
    outer loop
      vertex 0.881678 110.386 -5
      vertex -0.881678 110.386 0
      vertex 0.881678 110.386 0
    endloop
  endfacet
  facet normal 0 1 0
    outer loop
      vertex -0.881678 110.386 0
      vertex 0.881678 110.386 -5
      vertex -0.881678 110.386 -5
    endloop
  endfacet
  facet normal 0.951049 0.30904 0.000245676
    outer loop
      vertex -0.881678 110.386 0
      vertex -1.06144 110.94 -1
      vertex -0.899875 110.442 0
    endloop
  endfacet
  facet normal 0.951179 0.308639 0
    outer loop
      vertex -1.06144 110.94 -1
      vertex -0.881678 110.386 0
      vertex -1.06144 110.94 -4
    endloop
  endfacet
  facet normal 0.951179 0.308639 -0
    outer loop
      vertex -0.881678 110.386 -5
      vertex -1.06144 110.94 -4
      vertex -0.881678 110.386 0
    endloop
  endfacet
  facet normal 0.951049 0.30904 -0.000245676
    outer loop
      vertex -1.06144 110.94 -4
      vertex -0.881678 110.386 -5
      vertex -0.899875 110.442 -5
    endloop
  endfacet
  facet normal 0.996925 -0.0783629 0
    outer loop
      vertex 3.20162 110.46 -0.914163
      vertex 3.205 110.503 -4
      vertex 3.205 110.503 -1
    endloop
  endfacet
  facet normal 0.996925 -0.0783629 0
    outer loop
      vertex 3.20162 110.46 -0.914163
      vertex 3.20162 110.46 -4.08584
      vertex 3.205 110.503 -4
    endloop
  endfacet
  facet normal 0.99695 -0.0780469 0.000210945
    outer loop
      vertex 3.16017 109.933 0
      vertex 3.20162 110.46 -0.914163
      vertex 3.16565 110.003 0
    endloop
  endfacet
  facet normal 0.996921 -0.0784106 0
    outer loop
      vertex 3.20162 110.46 -0.914163
      vertex 3.16017 109.933 0
      vertex 3.20162 110.46 -4.08584
    endloop
  endfacet
  facet normal 0.996921 -0.0784106 0
    outer loop
      vertex 3.16017 109.933 -5
      vertex 3.20162 110.46 -4.08584
      vertex 3.16017 109.933 0
    endloop
  endfacet
  facet normal 0.99695 -0.0780469 -0.000210946
    outer loop
      vertex 3.20162 110.46 -4.08584
      vertex 3.16017 109.933 -5
      vertex 3.16565 110.003 -5
    endloop
  endfacet
  facet normal -0.76503 0.643985 0.00352418
    outer loop
      vertex 4.7893 109.258 -5
      vertex 5.15082 109.682 -4
      vertex 4.88113 109.366 -4.8007
    endloop
  endfacet
  facet normal -0.760947 0.648815 0
    outer loop
      vertex 5.15082 109.682 -4
      vertex 4.7893 109.258 -5
      vertex 5.15082 109.682 -1
    endloop
  endfacet
  facet normal -0.761161 0.648562 -0.000738813
    outer loop
      vertex 4.7893 109.258 -5
      vertex 4.88113 109.366 -4.8007
      vertex 4.81401 109.287 -5
    endloop
  endfacet
  facet normal -0.760947 0.648815 0
    outer loop
      vertex 4.7893 109.258 0
      vertex 5.15082 109.682 -1
      vertex 4.7893 109.258 -5
    endloop
  endfacet
  facet normal -0.76503 0.643985 -0.00352411
    outer loop
      vertex 5.15082 109.682 -1
      vertex 4.7893 109.258 0
      vertex 4.88113 109.366 -0.199299
    endloop
  endfacet
  facet normal -0.761161 0.648562 0.000738816
    outer loop
      vertex 4.88113 109.366 -0.199299
      vertex 4.7893 109.258 0
      vertex 4.81401 109.287 0
    endloop
  endfacet
  facet normal 0.382776 0.923841 -0
    outer loop
      vertex 4.7893 109.258 -5
      vertex 3.16017 109.933 0
      vertex 4.7893 109.258 0
    endloop
  endfacet
  facet normal 0.382776 0.923841 0
    outer loop
      vertex 3.16017 109.933 0
      vertex 4.7893 109.258 -5
      vertex 3.16017 109.933 -5
    endloop
  endfacet
  facet normal 0.891184 -0.453642 0
    outer loop
      vertex 6.92325 108.365 -0.792844
      vertex 6.97059 108.458 -4
      vertex 6.97059 108.458 -1
    endloop
  endfacet
  facet normal 0.891184 -0.453642 0
    outer loop
      vertex 6.92325 108.365 -0.792844
      vertex 6.92325 108.365 -4.20716
      vertex 6.97059 108.458 -4
    endloop
  endfacet
  facet normal 0.888983 -0.457934 -0.00242575
    outer loop
      vertex 6.72091 107.968 0
      vertex 6.92325 108.365 -0.792844
      vertex 6.74203 108.009 0
    endloop
  endfacet
  facet normal 0.890954 -0.454095 0
    outer loop
      vertex 6.92325 108.365 -0.792844
      vertex 6.72091 107.968 0
      vertex 6.92325 108.365 -4.20716
    endloop
  endfacet
  facet normal 0.890954 -0.454095 0
    outer loop
      vertex 6.72091 107.968 -5
      vertex 6.92325 108.365 -4.20716
      vertex 6.72091 107.968 0
    endloop
  endfacet
  facet normal 0.888983 -0.457934 0.00242576
    outer loop
      vertex 6.92325 108.365 -4.20716
      vertex 6.72091 107.968 -5
      vertex 6.74203 108.009 -5
    endloop
  endfacet
  facet normal -0.44365 0.896174 0.00688042
    outer loop
      vertex 8.30264 106.892 -0.681555
      vertex 7.96779 106.721 0
      vertex 7.99001 106.732 0
    endloop
  endfacet
  facet normal -0.451922 0.892057 0
    outer loop
      vertex 8.30264 106.892 -4.31845
      vertex 8.30264 106.892 -0.681555
      vertex 8.44871 106.966 -1
    endloop
  endfacet
  facet normal -0.451922 0.892057 0
    outer loop
      vertex 8.30264 106.892 -4.31845
      vertex 8.44871 106.966 -1
      vertex 8.44871 106.966 -4
    endloop
  endfacet
  facet normal -0.454804 0.890592 0
    outer loop
      vertex 8.30264 106.892 -0.681555
      vertex 8.30264 106.892 -4.31845
      vertex 7.96779 106.721 0
    endloop
  endfacet
  facet normal -0.44365 0.896174 -0.00688047
    outer loop
      vertex 7.96779 106.721 -5
      vertex 8.30264 106.892 -4.31845
      vertex 7.99001 106.732 -5
    endloop
  endfacet
  facet normal -0.454804 0.890592 0
    outer loop
      vertex 8.30264 106.892 -4.31845
      vertex 7.96779 106.721 -5
      vertex 7.96779 106.721 0
    endloop
  endfacet
  facet normal 0.707141 0.707073 0
    outer loop
      vertex 7.96779 106.721 0
      vertex 6.72091 107.968 -5
      vertex 6.72091 107.968 0
    endloop
  endfacet
  facet normal 0.707141 0.707073 0
    outer loop
      vertex 6.72091 107.968 -5
      vertex 7.96779 106.721 0
      vertex 7.96779 106.721 -5
    endloop
  endfacet
  facet normal 0.655686 -0.755023 0.00407333
    outer loop
      vertex 9.25845 104.789 0
      vertex 9.54014 105.03 -0.672616
      vertex 9.28148 104.809 0
    endloop
  endfacet
  facet normal 0.650094 -0.759854 0
    outer loop
      vertex 9.54014 105.03 -4.32738
      vertex 9.54014 105.03 -0.672616
      vertex 9.25845 104.789 0
    endloop
  endfacet
  facet normal 0.647596 -0.761984 0
    outer loop
      vertex 9.54014 105.03 -0.672616
      vertex 9.54014 105.03 -4.32738
      vertex 9.66604 105.137 -1
    endloop
  endfacet
  facet normal 0.647596 -0.761984 0
    outer loop
      vertex 9.66604 105.137 -1
      vertex 9.54014 105.03 -4.32738
      vertex 9.66604 105.137 -4
    endloop
  endfacet
  facet normal 0.650094 -0.759854 0
    outer loop
      vertex 9.25845 104.789 -5
      vertex 9.54014 105.03 -4.32738
      vertex 9.25845 104.789 0
    endloop
  endfacet
  facet normal 0.655686 -0.755023 -0.0040733
    outer loop
      vertex 9.54014 105.03 -4.32738
      vertex 9.25845 104.789 -5
      vertex 9.28148 104.809 -5
    endloop
  endfacet
  facet normal -0.102907 0.994598 -0.0135662
    outer loop
      vertex 10.1742 103.179 -0.434765
      vertex 9.93325 103.16 0
      vertex 9.95258 103.162 0
    endloop
  endfacet
  facet normal -0.0795528 0.996831 0
    outer loop
      vertex 10.1742 103.179 -4.56524
      vertex 10.1742 103.179 -0.434765
      vertex 10.4624 103.202 -1
    endloop
  endfacet
  facet normal -0.0795528 0.996831 0
    outer loop
      vertex 10.1742 103.179 -4.56524
      vertex 10.4624 103.202 -1
      vertex 10.4624 103.202 -4
    endloop
  endfacet
  facet normal -0.0786105 0.996905 0
    outer loop
      vertex 10.1742 103.179 -0.434765
      vertex 10.1742 103.179 -4.56524
      vertex 9.93325 103.16 0
    endloop
  endfacet
  facet normal -0.102907 0.994598 0.0135664
    outer loop
      vertex 9.93325 103.16 -5
      vertex 10.1742 103.179 -4.56524
      vertex 9.95258 103.162 -5
    endloop
  endfacet
  facet normal -0.0786105 0.996905 0
    outer loop
      vertex 10.1742 103.179 -4.56524
      vertex 9.93325 103.16 -5
      vertex 9.93325 103.16 0
    endloop
  endfacet
  facet normal 0.92387 0.382706 0
    outer loop
      vertex 9.93325 103.16 0
      vertex 9.25845 104.789 -5
      vertex 9.25845 104.789 0
    endloop
  endfacet
  facet normal 0.92387 0.382706 0
    outer loop
      vertex 9.25845 104.789 -5
      vertex 9.93325 103.16 0
      vertex 9.93325 103.16 -5
    endloop
  endfacet
  facet normal 0.286014 -0.958146 -0.0123284
    outer loop
      vertex 10.3865 100.882 0
      vertex 10.6742 100.975 -0.553311
      vertex 10.4066 100.888 0
    endloop
  endfacet
  facet normal 0.307583 -0.951521 0
    outer loop
      vertex 10.6742 100.975 -4.44669
      vertex 10.6742 100.975 -0.553311
      vertex 10.3865 100.882 0
    endloop
  endfacet
  facet normal 0.308418 -0.951251 0
    outer loop
      vertex 10.6742 100.975 -0.553311
      vertex 10.6742 100.975 -4.44669
      vertex 10.8901 101.045 -1
    endloop
  endfacet
  facet normal 0.308418 -0.951251 0
    outer loop
      vertex 10.8901 101.045 -1
      vertex 10.6742 100.975 -4.44669
      vertex 10.8901 101.045 -4
    endloop
  endfacet
  facet normal 0.307583 -0.951521 0
    outer loop
      vertex 10.3865 100.882 -5
      vertex 10.6742 100.975 -4.44669
      vertex 10.3865 100.882 0
    endloop
  endfacet
  facet normal 0.286014 -0.958146 0.0123284
    outer loop
      vertex 10.6742 100.975 -4.44669
      vertex 10.3865 100.882 -5
      vertex 10.4066 100.888 -5
    endloop
  endfacet
  facet normal 0.307694 0.951485 -0.000795645
    outer loop
      vertex 10.6742 99.0248 -0.553311
      vertex 10.3865 99.1183 0
      vertex 10.4066 99.1118 0
    endloop
  endfacet
  facet normal 0.308817 0.951121 -0
    outer loop
      vertex 10.6742 99.0248 -4.44669
      vertex 10.6742 99.0248 -0.553311
      vertex 10.8901 98.9547 -1
    endloop
  endfacet
  facet normal 0.308817 0.951121 0
    outer loop
      vertex 10.6742 99.0248 -4.44669
      vertex 10.8901 98.9547 -1
      vertex 10.8901 98.9547 -4
    endloop
  endfacet
  facet normal 0.309079 0.951036 0
    outer loop
      vertex 10.6742 99.0248 -0.553311
      vertex 10.6742 99.0248 -4.44669
      vertex 10.3865 99.1183 0
    endloop
  endfacet
  facet normal 0.307694 0.951485 0.000795647
    outer loop
      vertex 10.3865 99.1183 -5
      vertex 10.6742 99.0248 -4.44669
      vertex 10.4066 99.1118 -5
    endloop
  endfacet
  facet normal 0.309079 0.951036 0
    outer loop
      vertex 10.6742 99.0248 -4.44669
      vertex 10.3865 99.1183 -5
      vertex 10.3865 99.1183 0
    endloop
  endfacet
  facet normal 1 -0 0
    outer loop
      vertex 10.3865 99.1183 0
      vertex 10.3865 100.882 -5
      vertex 10.3865 100.882 0
    endloop
  endfacet
  facet normal 1 0 0
    outer loop
      vertex 10.3865 100.882 -5
      vertex 10.3865 99.1183 0
      vertex 10.3865 99.1183 -5
    endloop
  endfacet
  facet normal 0.924035 -0.382307 0
    outer loop
      vertex -1.92168 101.396 -2.37467
      vertex -1.76777 101.768 -5
      vertex -1.76777 101.768 -2.19765
    endloop
  endfacet
  facet normal 0.923911 -0.382608 -4.98551e-05
    outer loop
      vertex -2.2977 100.488 -2.40097
      vertex -1.76777 101.768 -5
      vertex -1.92168 101.396 -2.37467
    endloop
  endfacet
  facet normal 0.92377 -0.382948 0
    outer loop
      vertex -2.5 100 -5
      vertex -2.2977 100.488 -2.40097
      vertex -2.5 100 -2.19415
    endloop
  endfacet
  facet normal 0.923898 -0.382639 -6.79912e-05
    outer loop
      vertex -2.2977 100.488 -2.40097
      vertex -2.5 100 -5
      vertex -1.76777 101.768 -5
    endloop
  endfacet
  facet normal -0.38263 0.923902 -3.43299e-06
    outer loop
      vertex 1.63953 98.1791 -2.29976
      vertex 1.76777 98.2322 -5
      vertex 0.715943 97.7966 -2.43316
    endloop
  endfacet
  facet normal -0.382568 0.923927 0
    outer loop
      vertex 1.76777 98.2322 -5
      vertex 1.63953 98.1791 -2.29976
      vertex 1.76777 98.2322 -2.22561
    endloop
  endfacet
  facet normal -0.382668 0.923886 -2.18099e-05
    outer loop
      vertex 0 97.5 -5
      vertex 0.715943 97.7966 -2.43316
      vertex 1.76777 98.2322 -5
    endloop
  endfacet
  facet normal -0.382735 0.923858 0
    outer loop
      vertex 0.715943 97.7966 -2.43316
      vertex 0 97.5 -5
      vertex 0 97.5 -2.20815
    endloop
  endfacet
  facet normal -0.923886 0.382668 0
    outer loop
      vertex 2.5 100 -5
      vertex 2.11074 99.0602 -2.43951
      vertex 2.5 100 -2.25
    endloop
  endfacet
  facet normal -0.923883 0.382676 3.25063e-06
    outer loop
      vertex 1.76777 98.2322 -5
      vertex 2.11074 99.0602 -2.43951
      vertex 2.5 100 -5
    endloop
  endfacet
  facet normal -0.923879 0.382685 0
    outer loop
      vertex 2.11074 99.0602 -2.43951
      vertex 1.76777 98.2322 -5
      vertex 1.76777 98.2322 -2.22561
    endloop
  endfacet
  facet normal -0.923879 -0.382685 0
    outer loop
      vertex 1.76777 101.768 -5
      vertex 2.11074 100.94 -2.43951
      vertex 1.76777 101.768 -2.22561
    endloop
  endfacet
  facet normal -0.923898 -0.382639 1.72496e-05
    outer loop
      vertex 2.5 100 -5
      vertex 2.11074 100.94 -2.43951
      vertex 1.76777 101.768 -5
    endloop
  endfacet
  facet normal -0.923915 -0.382599 0
    outer loop
      vertex 2.11074 100.94 -2.43951
      vertex 2.5 100 -5
      vertex 2.5 100 -2.25
    endloop
  endfacet
  facet normal 0.383005 -0.923746 0
    outer loop
      vertex -1.76777 101.768 -2.19765
      vertex -1.76777 101.768 -5
      vertex -1.16481 102.018 -2.42037
    endloop
  endfacet
  facet normal 0.382579 -0.923923 0.000116657
    outer loop
      vertex 0 102.5 -5
      vertex -1.16481 102.018 -2.42037
      vertex -1.76777 101.768 -5
    endloop
  endfacet
  facet normal 0.38252 -0.923947 8.54636e-05
    outer loop
      vertex -1.16481 102.018 -2.42037
      vertex 0 102.5 -5
      vertex -0.251798 102.396 -2.3411
    endloop
  endfacet
  facet normal 0.381749 -0.924266 0
    outer loop
      vertex -0.251798 102.396 -2.3411
      vertex 0 102.5 -5
      vertex 0 102.5 -2.20815
    endloop
  endfacet
  facet normal 0.382699 0.923873 1.07653e-06
    outer loop
      vertex -0.251798 97.6043 -2.3411
      vertex 0 97.5 -5
      vertex -1.16481 97.9825 -2.42037
    endloop
  endfacet
  facet normal 0.382689 0.923877 -0
    outer loop
      vertex 0 97.5 -5
      vertex -0.251798 97.6043 -2.3411
      vertex 0 97.5 -2.20815
    endloop
  endfacet
  facet normal 0.382668 0.923886 -1.52238e-05
    outer loop
      vertex -1.76777 98.2322 -5
      vertex -1.16481 97.9825 -2.42037
      vertex 0 97.5 -5
    endloop
  endfacet
  facet normal 0.382613 0.923909 0
    outer loop
      vertex -1.16481 97.9825 -2.42037
      vertex -1.76777 98.2322 -5
      vertex -1.76777 98.2322 -2.19765
    endloop
  endfacet
  facet normal 0.923881 0.38268 0
    outer loop
      vertex -2.2977 99.5116 -2.40097
      vertex -2.5 100 -5
      vertex -2.5 100 -2.19415
    endloop
  endfacet
  facet normal 0.923881 0.382681 -3.68078e-06
    outer loop
      vertex -1.76777 98.2322 -5
      vertex -2.2977 99.5116 -2.40097
      vertex -1.92168 98.6038 -2.37467
    endloop
  endfacet
  facet normal 0.92389 0.382658 -0
    outer loop
      vertex -1.76777 98.2322 -5
      vertex -1.92168 98.6038 -2.37467
      vertex -1.76777 98.2322 -2.19765
    endloop
  endfacet
  facet normal 0.923883 0.382676 -9.668e-07
    outer loop
      vertex -2.2977 99.5116 -2.40097
      vertex -1.76777 98.2322 -5
      vertex -2.5 100 -5
    endloop
  endfacet
  facet normal -0.383175 -0.923676 -0
    outer loop
      vertex 0 102.5 -2.20815
      vertex 0 102.5 -5
      vertex 0.715943 102.203 -2.43316
    endloop
  endfacet
  facet normal -0.382579 -0.923923 -0.000194944
    outer loop
      vertex 1.76777 101.768 -5
      vertex 0.715943 102.203 -2.43316
      vertex 0 102.5 -5
    endloop
  endfacet
  facet normal -0.382201 -0.924079 -1.38258e-05
    outer loop
      vertex 0.715943 102.203 -2.43316
      vertex 1.76777 101.768 -5
      vertex 1.63953 101.821 -2.29976
    endloop
  endfacet
  facet normal -0.381953 -0.924182 0
    outer loop
      vertex 1.63953 101.821 -2.29976
      vertex 1.76777 101.768 -5
      vertex 1.76777 101.768 -2.22561
    endloop
  endfacet
  facet normal -0.699253 0.148631 0.699253
    outer loop
      vertex 2.5 100 -2.25
      vertex 4.33934 98.068 0
      vertex 4.75 100 0
    endloop
  endfacet
  facet normal -0.699256 0.148625 0.69925
    outer loop
      vertex 4.33934 98.068 0
      vertex 2.5 100 -2.25
      vertex 2.11074 99.0602 -2.43951
    endloop
  endfacet
  facet normal 0.714875 3.0219e-07 0.699252
    outer loop
      vertex -4.6462 100.988 0
      vertex -2.5 100 -2.19415
      vertex -2.2977 100.488 -2.40097
    endloop
  endfacet
  facet normal 0.714875 -0 0.699252
    outer loop
      vertex -4.6462 99.0124 0
      vertex -2.5 100 -2.19415
      vertex -4.6462 100.988 0
    endloop
  endfacet
  facet normal 0.714875 -3.02002e-07 0.699252
    outer loop
      vertex -2.5 100 -2.19415
      vertex -4.6462 99.0124 0
      vertex -2.2977 99.5116 -2.40097
    endloop
  endfacet
  facet normal -0.0747388 0.710956 0.699254
    outer loop
      vertex 1.46783 95.4825 0
      vertex 0 97.5 -2.20815
      vertex -0.49651 95.276 0
    endloop
  endfacet
  facet normal -0.0747628 0.710946 0.699261
    outer loop
      vertex 0 97.5 -2.20815
      vertex 1.46783 95.4825 0
      vertex 0.715943 97.7966 -2.43316
    endloop
  endfacet
  facet normal -0.0747174 0.710955 0.699257
    outer loop
      vertex -0.49651 95.276 0
      vertex 0 97.5 -2.20815
      vertex -0.251798 97.6043 -2.3411
    endloop
  endfacet
  facet normal 0.65307 0.290766 0.699253
    outer loop
      vertex -4.6462 99.0124 0
      vertex -1.92168 98.6038 -2.37467
      vertex -2.2977 99.5116 -2.40097
    endloop
  endfacet
  facet normal 0.65307 0.290765 0.699253
    outer loop
      vertex -1.92168 98.6038 -2.37467
      vertex -4.6462 99.0124 0
      vertex -3.84283 97.208 0
    endloop
  endfacet
  facet normal -0.0745567 -0.710945 0.699284
    outer loop
      vertex -0.49651 104.724 0
      vertex 0 102.5 -2.20815
      vertex 1.46783 104.518 0
    endloop
  endfacet
  facet normal -0.0754793 -0.710999 0.699131
    outer loop
      vertex 0 102.5 -2.20815
      vertex -0.49651 104.724 0
      vertex -0.251798 102.396 -2.3411
    endloop
  endfacet
  facet normal -0.0750295 -0.710756 0.699426
    outer loop
      vertex 1.46783 104.518 0
      vertex 0 102.5 -2.20815
      vertex 0.715943 102.203 -2.43316
    endloop
  endfacet
  facet normal -0.578346 0.420199 0.699249
    outer loop
      vertex 1.76777 98.2322 -2.22561
      vertex 4.33934 98.068 0
      vertex 2.11074 99.0602 -2.43951
    endloop
  endfacet
  facet normal -0.578345 0.420202 0.699247
    outer loop
      vertex 4.33934 98.068 0
      vertex 1.76777 98.2322 -2.22561
      vertex 3.17837 96.4701 0
    endloop
  endfacet
  facet normal -0.57832 0.420229 0.699252
    outer loop
      vertex 3.17837 96.4701 0
      vertex 1.76777 98.2322 -2.22561
      vertex 1.63953 98.1791 -2.29976
    endloop
  endfacet
  facet normal 0.653029 -0.290812 0.699272
    outer loop
      vertex -4.6462 100.988 0
      vertex -1.92168 101.396 -2.37467
      vertex -3.84283 102.792 0
    endloop
  endfacet
  facet normal 0.653043 -0.290693 0.699308
    outer loop
      vertex -1.92168 101.396 -2.37467
      vertex -4.6462 100.988 0
      vertex -2.2977 100.488 -2.40097
    endloop
  endfacet
  facet normal 0.478307 0.531282 0.699258
    outer loop
      vertex -1.76777 98.2322 -2.19765
      vertex -2.375 95.8864 0
      vertex -1.16481 97.9825 -2.42037
    endloop
  endfacet
  facet normal 0.478362 0.531235 0.699256
    outer loop
      vertex -3.84283 97.208 0
      vertex -1.76777 98.2322 -2.19765
      vertex -1.92168 98.6038 -2.37467
    endloop
  endfacet
  facet normal 0.478339 0.531265 0.699249
    outer loop
      vertex -1.76777 98.2322 -2.19765
      vertex -3.84283 97.208 0
      vertex -2.375 95.8864 0
    endloop
  endfacet
  facet normal 0.220919 0.679882 0.699254
    outer loop
      vertex -2.375 95.8864 0
      vertex -0.251798 97.6043 -2.3411
      vertex -1.16481 97.9825 -2.42037
    endloop
  endfacet
  facet normal 0.220921 0.67988 0.699255
    outer loop
      vertex -0.251798 97.6043 -2.3411
      vertex -2.375 95.8864 0
      vertex -0.49651 95.276 0
    endloop
  endfacet
  facet normal -0.699253 -0.148631 0.699253
    outer loop
      vertex 4.33934 101.932 0
      vertex 2.5 100 -2.25
      vertex 4.75 100 0
    endloop
  endfacet
  facet normal -0.699271 -0.148601 0.699241
    outer loop
      vertex 2.5 100 -2.25
      vertex 4.33934 101.932 0
      vertex 2.11074 100.94 -2.43951
    endloop
  endfacet
  facet normal -0.578368 -0.420192 0.699235
    outer loop
      vertex 1.76777 101.768 -2.22561
      vertex 4.33934 101.932 0
      vertex 3.17837 103.53 0
    endloop
  endfacet
  facet normal -0.578364 -0.420202 0.699232
    outer loop
      vertex 4.33934 101.932 0
      vertex 1.76777 101.768 -2.22561
      vertex 2.11074 100.94 -2.43951
    endloop
  endfacet
  facet normal -0.578108 -0.420464 0.699286
    outer loop
      vertex 1.76777 101.768 -2.22561
      vertex 3.17837 103.53 0
      vertex 1.63953 101.821 -2.29976
    endloop
  endfacet
  facet normal -0.357446 0.619102 0.699246
    outer loop
      vertex 1.63953 98.1791 -2.29976
      vertex 1.46783 95.4825 0
      vertex 3.17837 96.4701 0
    endloop
  endfacet
  facet normal -0.357402 0.619112 0.69926
    outer loop
      vertex 1.46783 95.4825 0
      vertex 1.63953 98.1791 -2.29976
      vertex 0.715943 97.7966 -2.43316
    endloop
  endfacet
  facet normal -0.357548 -0.619028 0.699259
    outer loop
      vertex 1.46783 104.518 0
      vertex 1.63953 101.821 -2.29976
      vertex 3.17837 103.53 0
    endloop
  endfacet
  facet normal -0.357093 -0.619125 0.699406
    outer loop
      vertex 1.63953 101.821 -2.29976
      vertex 1.46783 104.518 0
      vertex 0.715943 102.203 -2.43316
    endloop
  endfacet
  facet normal 0.220799 -0.67995 0.699225
    outer loop
      vertex -2.375 104.114 0
      vertex -0.251798 102.396 -2.3411
      vertex -0.49651 104.724 0
    endloop
  endfacet
  facet normal 0.2208 -0.679949 0.699225
    outer loop
      vertex -0.251798 102.396 -2.3411
      vertex -2.375 104.114 0
      vertex -1.16481 102.018 -2.42037
    endloop
  endfacet
  facet normal 0.478504 -0.531152 0.699222
    outer loop
      vertex -2.375 104.114 0
      vertex -1.76777 101.768 -2.19765
      vertex -1.16481 102.018 -2.42037
    endloop
  endfacet
  facet normal 0.478421 -0.531196 0.699246
    outer loop
      vertex -3.84283 102.792 0
      vertex -1.76777 101.768 -2.19765
      vertex -2.375 104.114 0
    endloop
  endfacet
  facet normal 0.478691 -0.530837 0.699333
    outer loop
      vertex -1.76777 101.768 -2.19765
      vertex -3.84283 102.792 0
      vertex -1.92168 101.396 -2.37467
    endloop
  endfacet
  facet normal -0.743198 0.669072 0
    outer loop
      vertex 41.9098 105.878 -3.5
      vertex 42.2546 106.261 -1
      vertex 42.2546 106.261 -3.5
    endloop
  endfacet
  facet normal -0.743198 0.669072 0
    outer loop
      vertex 42.2546 106.261 -1
      vertex 41.9098 105.878 -3.5
      vertex 41.9098 105.878 -1
    endloop
  endfacet
  facet normal 0.951059 -0.309011 0
    outer loop
      vertex 59.541 97.1807 -1
      vertex 59.7815 97.9209 -3.5
      vertex 59.7815 97.9209 -1
    endloop
  endfacet
  facet normal 0.951059 -0.309011 0
    outer loop
      vertex 59.7815 97.9209 -3.5
      vertex 59.541 97.1807 -1
      vertex 59.541 97.1807 -3.5
    endloop
  endfacet
  facet normal 0.994528 -0.104474 0
    outer loop
      vertex 59.7815 97.9209 -1
      vertex 59.8901 98.9547 -3.5
      vertex 59.8901 98.9547 -1
    endloop
  endfacet
  facet normal 0.994528 -0.104474 0
    outer loop
      vertex 59.8901 98.9547 -3.5
      vertex 59.7815 97.9209 -1
      vertex 59.7815 97.9209 -3.5
    endloop
  endfacet
  facet normal 0.866037 -0.49998 0
    outer loop
      vertex 58.0902 94.1221 -1
      vertex 58.7398 95.2473 -3.5
      vertex 58.7398 95.2473 -1
    endloop
  endfacet
  facet normal 0.866037 -0.49998 0
    outer loop
      vertex 58.7398 95.2473 -3.5
      vertex 58.0902 94.1221 -1
      vertex 58.0902 94.1221 -3.5
    endloop
  endfacet
  facet normal 0.951034 0.309086 0
    outer loop
      vertex 59.7815 102.079 -1
      vertex 59.541 102.819 -3.5
      vertex 59.541 102.819 -1
    endloop
  endfacet
  facet normal 0.951034 0.309086 0
    outer loop
      vertex 59.541 102.819 -3.5
      vertex 59.7815 102.079 -1
      vertex 59.7815 102.079 -3.5
    endloop
  endfacet
  facet normal 0.587507 0.809219 -0
    outer loop
      vertex 56.2603 107.745 -3.5
      vertex 55 108.66 -1
      vertex 56.2603 107.745 -1
    endloop
  endfacet
  facet normal 0.587507 0.809219 0
    outer loop
      vertex 55 108.66 -1
      vertex 56.2603 107.745 -3.5
      vertex 55 108.66 -3.5
    endloop
  endfacet
  facet normal 0.743198 0.669072 0
    outer loop
      vertex 58.0902 105.878 -1
      vertex 57.7454 106.261 -3.5
      vertex 57.7454 106.261 -1
    endloop
  endfacet
  facet normal 0.743198 0.669072 0
    outer loop
      vertex 57.7454 106.261 -3.5
      vertex 58.0902 105.878 -1
      vertex 58.0902 105.878 -3.5
    endloop
  endfacet
  facet normal 0.99453 0.104454 0
    outer loop
      vertex 59.8901 101.045 -1
      vertex 59.7815 102.079 -3.5
      vertex 59.7815 102.079 -1
    endloop
  endfacet
  facet normal 0.99453 0.104454 0
    outer loop
      vertex 59.7815 102.079 -3.5
      vertex 59.8901 101.045 -1
      vertex 59.8901 101.045 -3.5
    endloop
  endfacet
  facet normal -0.40777 0.913085 0
    outer loop
      vertex 45.2284 108.762 -3.5
      vertex 45 108.66 -1
      vertex 45.2284 108.762 -1
    endloop
  endfacet
  facet normal -0.40777 0.913085 0
    outer loop
      vertex 45 108.66 -1
      vertex 45.2284 108.762 -3.5
      vertex 45 108.66 -3.5
    endloop
  endfacet
  facet normal 0.406435 -0.91368 0
    outer loop
      vertex 54.7716 91.2381 -3.5
      vertex 55 91.3397 -1
      vertex 54.7716 91.2381 -1
    endloop
  endfacet
  facet normal 0.406435 -0.91368 0
    outer loop
      vertex 55 91.3397 -1
      vertex 54.7716 91.2381 -3.5
      vertex 55 91.3397 -3.5
    endloop
  endfacet
  facet normal 0.743111 -0.669168 0
    outer loop
      vertex 57.7454 93.7392 -1
      vertex 58.0902 94.1221 -3.5
      vertex 58.0902 94.1221 -1
    endloop
  endfacet
  facet normal 0.743111 -0.669168 0
    outer loop
      vertex 58.0902 94.1221 -3.5
      vertex 57.7454 93.7392 -1
      vertex 57.7454 93.7392 -3.5
    endloop
  endfacet
  facet normal -0.587507 0.809219 0
    outer loop
      vertex 45 108.66 -3.5
      vertex 43.7397 107.745 -1
      vertex 45 108.66 -1
    endloop
  endfacet
  facet normal -0.587507 0.809219 0
    outer loop
      vertex 43.7397 107.745 -1
      vertex 45 108.66 -3.5
      vertex 43.7397 107.745 -3.5
    endloop
  endfacet
  facet normal -0.743111 -0.669168 0
    outer loop
      vertex 42.2546 93.7392 -3.5
      vertex 41.9098 94.1221 -1
      vertex 41.9098 94.1221 -3.5
    endloop
  endfacet
  facet normal -0.743111 -0.669168 0
    outer loop
      vertex 41.9098 94.1221 -1
      vertex 42.2546 93.7392 -3.5
      vertex 42.2546 93.7392 -1
    endloop
  endfacet
  facet normal 0.40777 0.913085 -0
    outer loop
      vertex 55 108.66 -3.5
      vertex 54.7716 108.762 -1
      vertex 55 108.66 -1
    endloop
  endfacet
  facet normal 0.40777 0.913085 0
    outer loop
      vertex 54.7716 108.762 -1
      vertex 55 108.66 -3.5
      vertex 54.7716 108.762 -3.5
    endloop
  endfacet
  facet normal 0.207938 0.978142 -0
    outer loop
      vertex 52.8214 109.568 -3.5
      vertex 51.0621 109.942 -1
      vertex 52.8214 109.568 -1
    endloop
  endfacet
  facet normal 0.207938 0.978142 0
    outer loop
      vertex 51.0621 109.942 -1
      vertex 52.8214 109.568 -3.5
      vertex 51.0621 109.942 -3.5
    endloop
  endfacet
  facet normal -0.951059 -0.309011 0
    outer loop
      vertex 40.459 97.1807 -3.5
      vertex 40.2185 97.9209 -1
      vertex 40.2185 97.9209 -3.5
    endloop
  endfacet
  facet normal -0.951059 -0.309011 0
    outer loop
      vertex 40.2185 97.9209 -1
      vertex 40.459 97.1807 -3.5
      vertex 40.459 97.1807 -1
    endloop
  endfacet
  facet normal -0.951034 0.309086 0
    outer loop
      vertex 40.2185 102.079 -3.5
      vertex 40.459 102.819 -1
      vertex 40.459 102.819 -3.5
    endloop
  endfacet
  facet normal -0.951034 0.309086 0
    outer loop
      vertex 40.459 102.819 -1
      vertex 40.2185 102.079 -3.5
      vertex 40.2185 102.079 -1
    endloop
  endfacet
  facet normal -0.406435 -0.91368 0
    outer loop
      vertex 45 91.3397 -3.5
      vertex 45.2284 91.2381 -1
      vertex 45 91.3397 -1
    endloop
  endfacet
  facet normal -0.406435 -0.91368 -0
    outer loop
      vertex 45.2284 91.2381 -1
      vertex 45 91.3397 -3.5
      vertex 45.2284 91.2381 -3.5
    endloop
  endfacet
  facet normal -0.207938 0.978142 0
    outer loop
      vertex 48.9379 109.942 -3.5
      vertex 47.1786 109.568 -1
      vertex 48.9379 109.942 -1
    endloop
  endfacet
  facet normal -0.207938 0.978142 0
    outer loop
      vertex 47.1786 109.568 -1
      vertex 48.9379 109.942 -3.5
      vertex 47.1786 109.568 -3.5
    endloop
  endfacet
  facet normal 0.207938 -0.978142 0
    outer loop
      vertex 51.0621 90.0583 -3.5
      vertex 52.8214 90.4323 -1
      vertex 51.0621 90.0583 -1
    endloop
  endfacet
  facet normal 0.207938 -0.978142 0
    outer loop
      vertex 52.8214 90.4323 -1
      vertex 51.0621 90.0583 -3.5
      vertex 52.8214 90.4323 -3.5
    endloop
  endfacet
  facet normal -0.99453 0.104454 0
    outer loop
      vertex 40.1099 101.045 -3.5
      vertex 40.2185 102.079 -1
      vertex 40.2185 102.079 -3.5
    endloop
  endfacet
  facet normal -0.99453 0.104454 0
    outer loop
      vertex 40.2185 102.079 -1
      vertex 40.1099 101.045 -3.5
      vertex 40.1099 101.045 -1
    endloop
  endfacet
  facet normal -0.865998 0.500047 0
    outer loop
      vertex 41.2602 104.753 -3.5
      vertex 41.9098 105.878 -1
      vertex 41.9098 105.878 -3.5
    endloop
  endfacet
  facet normal -0.865998 0.500047 0
    outer loop
      vertex 41.9098 105.878 -1
      vertex 41.2602 104.753 -3.5
      vertex 41.2602 104.753 -1
    endloop
  endfacet
  facet normal -0.866037 -0.49998 0
    outer loop
      vertex 41.9098 94.1221 -3.5
      vertex 41.2602 95.2473 -1
      vertex 41.2602 95.2473 -3.5
    endloop
  endfacet
  facet normal -0.866037 -0.49998 0
    outer loop
      vertex 41.2602 95.2473 -1
      vertex 41.9098 94.1221 -3.5
      vertex 41.9098 94.1221 -1
    endloop
  endfacet
  facet normal 0.865998 0.500047 0
    outer loop
      vertex 58.7398 104.753 -1
      vertex 58.0902 105.878 -3.5
      vertex 58.0902 105.878 -1
    endloop
  endfacet
  facet normal 0.865998 0.500047 0
    outer loop
      vertex 58.0902 105.878 -3.5
      vertex 58.7398 104.753 -1
      vertex 58.7398 104.753 -3.5
    endloop
  endfacet
  facet normal 0.587801 -0.809005 0
    outer loop
      vertex 55 91.3397 -3.5
      vertex 56.2603 92.2554 -1
      vertex 55 91.3397 -1
    endloop
  endfacet
  facet normal 0.587801 -0.809005 0
    outer loop
      vertex 56.2603 92.2554 -1
      vertex 55 91.3397 -3.5
      vertex 56.2603 92.2554 -3.5
    endloop
  endfacet
  facet normal -0.587801 -0.809005 0
    outer loop
      vertex 43.7397 92.2554 -3.5
      vertex 45 91.3397 -1
      vertex 43.7397 92.2554 -1
    endloop
  endfacet
  facet normal -0.587801 -0.809005 -0
    outer loop
      vertex 45 91.3397 -1
      vertex 43.7397 92.2554 -3.5
      vertex 45 91.3397 -3.5
    endloop
  endfacet
  facet normal -0.207938 -0.978142 0
    outer loop
      vertex 47.1786 90.4323 -3.5
      vertex 48.9379 90.0583 -1
      vertex 47.1786 90.4323 -1
    endloop
  endfacet
  facet normal -0.207938 -0.978142 -0
    outer loop
      vertex 48.9379 90.0583 -1
      vertex 47.1786 90.4323 -3.5
      vertex 48.9379 90.0583 -3.5
    endloop
  endfacet
  facet normal -0.994528 -0.104474 0
    outer loop
      vertex 40.2185 97.9209 -3.5
      vertex 40.1099 98.9547 -1
      vertex 40.1099 98.9547 -3.5
    endloop
  endfacet
  facet normal -0.994528 -0.104474 0
    outer loop
      vertex 40.1099 98.9547 -1
      vertex 40.2185 97.9209 -3.5
      vertex 40.2185 97.9209 -1
    endloop
  endfacet
  facet normal 0.186173 -0.875841 0.445244
    outer loop
      vertex 52.7821 90.9323 0
      vertex 50.993 90.552 0
      vertex 52.8163 90.4976 -0.869401
    endloop
  endfacet
  facet normal -0.52635 -0.724522 0.444999
    outer loop
      vertex 43.9214 92.6121 -0.204982
      vertex 45.25 91.7728 0
      vertex 43.9682 92.704 0
    endloop
  endfacet
  facet normal -0.526301 -0.724372 0.445301
    outer loop
      vertex 45.25 91.7728 0
      vertex 43.9214 92.6121 -0.204982
      vertex 45 91.3397 -1
    endloop
  endfacet
  facet normal -0.890579 0.0935366 0.445106
    outer loop
      vertex 40.2185 102.079 -1
      vertex 40.1099 101.045 -1
      vertex 40.3699 100.961 -0.462134
    endloop
  endfacet
  facet normal 0.890542 -0.0935508 0.445178
    outer loop
      vertex 59.8901 98.9547 -1
      vertex 59.6301 99.0392 -0.462134
      vertex 59.7815 97.9209 -1
    endloop
  endfacet
  facet normal 0.890458 -0.0935514 0.445345
    outer loop
      vertex 59.2924 98.0248 0
      vertex 59.6301 99.0392 -0.462134
      vertex 59.4066 99.1118 0
    endloop
  endfacet
  facet normal 0.890493 -0.0935995 0.445265
    outer loop
      vertex 59.6301 99.0392 -0.462134
      vertex 59.2924 98.0248 0
      vertex 59.7815 97.9209 -1
    endloop
  endfacet
  facet normal -0.890542 -0.0935508 0.445178
    outer loop
      vertex 40.3699 99.0392 -0.462134
      vertex 40.1099 98.9547 -1
      vertex 40.2185 97.9209 -1
    endloop
  endfacet
  facet normal -0.364364 -0.818003 0.445095
    outer loop
      vertex 45.5652 91.6324 0
      vertex 45.25 91.7728 0
      vertex 45.512 91.5702 -0.157863
    endloop
  endfacet
  facet normal 0.364255 -0.817974 0.445238
    outer loop
      vertex 54.7716 91.2381 -1
      vertex 54.75 91.7728 0
      vertex 54.488 91.5702 -0.157863
    endloop
  endfacet
  facet normal 0.363916 -0.818094 0.445295
    outer loop
      vertex 54.75 91.7728 0
      vertex 54.7716 91.2381 -1
      vertex 55 91.3397 -1
    endloop
  endfacet
  facet normal 0.890486 0.0936299 0.445274
    outer loop
      vertex 59.2924 101.975 0
      vertex 59.6301 100.961 -0.462134
      vertex 59.7815 102.079 -1
    endloop
  endfacet
  facet normal 0.890426 0.093548 0.44541
    outer loop
      vertex 59.6301 100.961 -0.462134
      vertex 59.2924 101.975 0
      vertex 59.4066 100.888 0
    endloop
  endfacet
  facet normal -0.665574 0.599191 0.444951
    outer loop
      vertex 42.2546 106.261 -1
      vertex 41.9098 105.878 -1
      vertex 42.3787 106.198 -0.729528
    endloop
  endfacet
  facet normal 0.851616 0.276775 0.445135
    outer loop
      vertex 59.541 102.819 -1
      vertex 59.3342 102.803 -0.594409
      vertex 59.7815 102.079 -1
    endloop
  endfacet
  facet normal 0 0.895255 0.445555
    outer loop
      vertex 49.0983 109.448 0
      vertex 48.9633 109.864 -0.83587
      vertex 49.007 109.448 0
    endloop
  endfacet
  facet normal 0 0.895255 0.445555
    outer loop
      vertex 51.0367 109.864 -0.83587
      vertex 50.9017 109.448 0
      vertex 50.993 109.448 0
    endloop
  endfacet
  facet normal 0.365797 0.817724 0.444432
    outer loop
      vertex 54.488 108.43 -0.157863
      vertex 54.4348 108.368 0
      vertex 54.75 108.227 0
    endloop
  endfacet
  facet normal 0.775515 0.447555 0.445277
    outer loop
      vertex 57.6857 105.584 0
      vertex 58.4831 104.533 -0.332413
      vertex 58.0902 105.878 -1
    endloop
  endfacet
  facet normal 0.775543 0.447609 0.445173
    outer loop
      vertex 58.4831 104.533 -0.332413
      vertex 57.6857 105.584 0
      vertex 58.3552 104.424 0
    endloop
  endfacet
  facet normal 0.18609 0.876142 0.444686
    outer loop
      vertex 52.8163 109.502 -0.869401
      vertex 50.993 109.448 0
      vertex 52.7821 109.068 0
    endloop
  endfacet
  facet normal 0.525976 0.724467 0.44553
    outer loop
      vertex 56.2603 107.745 -1
      vertex 55 108.66 -1
      vertex 56.0786 107.388 -0.204982
    endloop
  endfacet
  facet normal -0.526191 0.724459 0.445288
    outer loop
      vertex 45.25 108.227 0
      vertex 43.9214 107.388 -0.204982
      vertex 43.9682 107.296 0
    endloop
  endfacet
  facet normal -0.526197 0.724479 0.445249
    outer loop
      vertex 43.9214 107.388 -0.204982
      vertex 45.25 108.227 0
      vertex 45 108.66 -1
    endloop
  endfacet
  facet normal 0.186511 0.875621 0.445535
    outer loop
      vertex 52.8163 109.502 -0.869401
      vertex 51.0367 109.864 -0.83587
      vertex 50.993 109.448 0
    endloop
  endfacet
  facet normal 0.185804 0.874023 0.448955
    outer loop
      vertex 51.0621 109.942 -1
      vertex 52.8163 109.502 -0.869401
      vertex 52.8214 109.568 -1
    endloop
  endfacet
  facet normal 0.186546 0.875837 0.445096
    outer loop
      vertex 52.8163 109.502 -0.869401
      vertex 51.0621 109.942 -1
      vertex 51.0367 109.864 -0.83587
    endloop
  endfacet
  facet normal 0.775259 0.447652 0.445624
    outer loop
      vertex 58.7398 104.753 -1
      vertex 58.0902 105.878 -1
      vertex 58.4831 104.533 -0.332413
    endloop
  endfacet
  facet normal 0.890579 0.0935366 0.445106
    outer loop
      vertex 59.7815 102.079 -1
      vertex 59.6301 100.961 -0.462134
      vertex 59.8901 101.045 -1
    endloop
  endfacet
  facet normal 0.365113 0.817566 0.445284
    outer loop
      vertex 54.7716 108.762 -1
      vertex 54.75 108.227 0
      vertex 55 108.66 -1
    endloop
  endfacet
  facet normal 0.365153 0.817552 0.445278
    outer loop
      vertex 54.75 108.227 0
      vertex 54.7716 108.762 -1
      vertex 54.488 108.43 -0.157863
    endloop
  endfacet
  facet normal -0.665589 0.598908 0.44531
    outer loop
      vertex 42.3143 105.584 0
      vertex 42.3787 106.198 -0.729528
      vertex 41.9098 105.878 -1
    endloop
  endfacet
  facet normal -0.665218 0.599147 0.445543
    outer loop
      vertex 42.3787 106.198 -0.729528
      vertex 42.3143 105.584 0
      vertex 42.7133 106.027 0
    endloop
  endfacet
  facet normal -0.775458 -0.447687 0.445242
    outer loop
      vertex 41.5169 95.4666 -0.332413
      vertex 41.2602 95.2473 -1
      vertex 41.9098 94.1221 -1
    endloop
  endfacet
  facet normal 0.186159 -0.875859 0.445215
    outer loop
      vertex 51.0367 90.1364 -0.83587
      vertex 52.8163 90.4976 -0.869401
      vertex 50.993 90.552 0
    endloop
  endfacet
  facet normal 0.186135 -0.875715 0.445508
    outer loop
      vertex 51.0621 90.0583 -1
      vertex 52.8163 90.4976 -0.869401
      vertex 51.0367 90.1364 -0.83587
    endloop
  endfacet
  facet normal 0.186194 -0.875857 0.445203
    outer loop
      vertex 52.8163 90.4976 -0.869401
      vertex 51.0621 90.0583 -1
      vertex 52.8214 90.4323 -1
    endloop
  endfacet
  facet normal -0.66537 -0.599163 0.445294
    outer loop
      vertex 42.3787 93.8024 -0.729528
      vertex 41.9098 94.1221 -1
      vertex 42.2546 93.7392 -1
    endloop
  endfacet
  facet normal -0.890486 0.0936299 0.445274
    outer loop
      vertex 40.3699 100.961 -0.462134
      vertex 40.7076 101.975 0
      vertex 40.2185 102.079 -1
    endloop
  endfacet
  facet normal -0.890426 0.093548 0.44541
    outer loop
      vertex 40.7076 101.975 0
      vertex 40.3699 100.961 -0.462134
      vertex 40.5934 100.888 0
    endloop
  endfacet
  facet normal 0.851585 0.276659 0.445266
    outer loop
      vertex 59.2924 101.975 0
      vertex 59.3342 102.803 -0.594409
      vertex 59.0312 102.779 0
    endloop
  endfacet
  facet normal 0.851575 0.276669 0.445279
    outer loop
      vertex 59.3342 102.803 -0.594409
      vertex 59.2924 101.975 0
      vertex 59.7815 102.079 -1
    endloop
  endfacet
  facet normal -0.186511 0.875621 0.445535
    outer loop
      vertex 48.9633 109.864 -0.83587
      vertex 47.1837 109.502 -0.869401
      vertex 49.007 109.448 0
    endloop
  endfacet
  facet normal -0.186546 0.875837 0.445096
    outer loop
      vertex 48.9379 109.942 -1
      vertex 47.1837 109.502 -0.869401
      vertex 48.9633 109.864 -0.83587
    endloop
  endfacet
  facet normal -0.185804 0.874023 0.448955
    outer loop
      vertex 47.1837 109.502 -0.869401
      vertex 48.9379 109.942 -1
      vertex 47.1786 109.568 -1
    endloop
  endfacet
  facet normal -0.18609 0.876142 0.444686
    outer loop
      vertex 49.007 109.448 0
      vertex 47.1837 109.502 -0.869401
      vertex 47.2179 109.068 0
    endloop
  endfacet
  facet normal 0.66537 -0.599163 0.445294
    outer loop
      vertex 58.0902 94.1221 -1
      vertex 57.6213 93.8024 -0.729528
      vertex 57.7454 93.7392 -1
    endloop
  endfacet
  facet normal -0.775515 0.447555 0.445277
    outer loop
      vertex 41.5169 104.533 -0.332413
      vertex 42.3143 105.584 0
      vertex 41.9098 105.878 -1
    endloop
  endfacet
  facet normal -0.775543 0.447609 0.445173
    outer loop
      vertex 42.3143 105.584 0
      vertex 41.5169 104.533 -0.332413
      vertex 41.6448 104.424 0
    endloop
  endfacet
  facet normal 0.364364 -0.818003 0.445095
    outer loop
      vertex 54.75 91.7728 0
      vertex 54.4348 91.6324 0
      vertex 54.488 91.5702 -0.157863
    endloop
  endfacet
  facet normal 0 -0.895425 0.445211
    outer loop
      vertex 49.007 90.552 0
      vertex 48.9633 90.1364 -0.83587
      vertex 49.0983 90.552 0
    endloop
  endfacet
  facet normal 0 -0.895425 0.445211
    outer loop
      vertex 50.993 90.552 0
      vertex 50.9017 90.552 0
      vertex 51.0367 90.1364 -0.83587
    endloop
  endfacet
  facet normal 0.665218 0.599147 0.445543
    outer loop
      vertex 57.6857 105.584 0
      vertex 57.6213 106.198 -0.729528
      vertex 57.2867 106.027 0
    endloop
  endfacet
  facet normal 0.665589 0.598908 0.44531
    outer loop
      vertex 57.6213 106.198 -0.729528
      vertex 57.6857 105.584 0
      vertex 58.0902 105.878 -1
    endloop
  endfacet
  facet normal -0.775259 0.447652 0.445624
    outer loop
      vertex 41.9098 105.878 -1
      vertex 41.2602 104.753 -1
      vertex 41.5169 104.533 -0.332413
    endloop
  endfacet
  facet normal -0.525976 0.724467 0.44553
    outer loop
      vertex 45 108.66 -1
      vertex 43.7397 107.745 -1
      vertex 43.9214 107.388 -0.204982
    endloop
  endfacet
  facet normal -0.365153 0.817552 0.445278
    outer loop
      vertex 45.2284 108.762 -1
      vertex 45.25 108.227 0
      vertex 45.512 108.43 -0.157863
    endloop
  endfacet
  facet normal -0.365113 0.817566 0.445284
    outer loop
      vertex 45.25 108.227 0
      vertex 45.2284 108.762 -1
      vertex 45 108.66 -1
    endloop
  endfacet
  facet normal -0.363916 -0.818094 0.445295
    outer loop
      vertex 45.2284 91.2381 -1
      vertex 45.25 91.7728 0
      vertex 45 91.3397 -1
    endloop
  endfacet
  facet normal -0.364255 -0.817974 0.445238
    outer loop
      vertex 45.25 91.7728 0
      vertex 45.2284 91.2381 -1
      vertex 45.512 91.5702 -0.157863
    endloop
  endfacet
  facet normal -0.186173 -0.875841 0.445244
    outer loop
      vertex 47.2179 90.9323 0
      vertex 47.1837 90.4976 -0.869401
      vertex 49.007 90.552 0
    endloop
  endfacet
  facet normal -0.890458 -0.0935514 0.445345
    outer loop
      vertex 40.3699 99.0392 -0.462134
      vertex 40.7076 98.0248 0
      vertex 40.5934 99.1118 0
    endloop
  endfacet
  facet normal -0.890493 -0.0935995 0.445265
    outer loop
      vertex 40.7076 98.0248 0
      vertex 40.3699 99.0392 -0.462134
      vertex 40.2185 97.9209 -1
    endloop
  endfacet
  facet normal -0.851572 -0.276719 0.445255
    outer loop
      vertex 40.6658 97.197 -0.594409
      vertex 40.7076 98.0248 0
      vertex 40.2185 97.9209 -1
    endloop
  endfacet
  facet normal -0.851621 -0.276671 0.445191
    outer loop
      vertex 40.7076 98.0248 0
      vertex 40.6658 97.197 -0.594409
      vertex 40.9688 97.2208 0
    endloop
  endfacet
  facet normal 0.526191 0.724459 0.445288
    outer loop
      vertex 56.0786 107.388 -0.204982
      vertex 54.75 108.227 0
      vertex 56.0318 107.296 0
    endloop
  endfacet
  facet normal 0.526197 0.724479 0.445249
    outer loop
      vertex 54.75 108.227 0
      vertex 56.0786 107.388 -0.204982
      vertex 55 108.66 -1
    endloop
  endfacet
  facet normal 0.665574 0.599191 0.444951
    outer loop
      vertex 57.7454 106.261 -1
      vertex 57.6213 106.198 -0.729528
      vertex 58.0902 105.878 -1
    endloop
  endfacet
  facet normal -0.851558 -0.276681 0.445306
    outer loop
      vertex 40.6658 97.197 -0.594409
      vertex 40.2185 97.9209 -1
      vertex 40.459 97.1807 -1
    endloop
  endfacet
  facet normal 0.775415 -0.447612 0.445394
    outer loop
      vertex 57.6857 94.416 0
      vertex 58.4831 95.4666 -0.332413
      vertex 58.3552 95.5758 0
    endloop
  endfacet
  facet normal 0.775455 -0.447689 0.445247
    outer loop
      vertex 58.4831 95.4666 -0.332413
      vertex 57.6857 94.416 0
      vertex 58.0902 94.1221 -1
    endloop
  endfacet
  facet normal -0.851616 0.276775 0.445135
    outer loop
      vertex 40.459 102.819 -1
      vertex 40.2185 102.079 -1
      vertex 40.6658 102.803 -0.594409
    endloop
  endfacet
  facet normal -0.851575 0.276669 0.445279
    outer loop
      vertex 40.7076 101.975 0
      vertex 40.6658 102.803 -0.594409
      vertex 40.2185 102.079 -1
    endloop
  endfacet
  facet normal -0.851585 0.276659 0.445266
    outer loop
      vertex 40.6658 102.803 -0.594409
      vertex 40.7076 101.975 0
      vertex 40.9688 102.779 0
    endloop
  endfacet
  facet normal 0.526309 -0.724372 0.44529
    outer loop
      vertex 56.0786 92.6121 -0.204982
      vertex 55 91.3397 -1
      vertex 56.2603 92.2554 -1
    endloop
  endfacet
  facet normal -0.365797 0.817724 0.444432
    outer loop
      vertex 45.512 108.43 -0.157863
      vertex 45.25 108.227 0
      vertex 45.5652 108.368 0
    endloop
  endfacet
  facet normal -0.775415 -0.447612 0.445394
    outer loop
      vertex 41.5169 95.4666 -0.332413
      vertex 42.3143 94.416 0
      vertex 41.6448 95.5758 0
    endloop
  endfacet
  facet normal -0.775455 -0.447689 0.445247
    outer loop
      vertex 42.3143 94.416 0
      vertex 41.5169 95.4666 -0.332413
      vertex 41.9098 94.1221 -1
    endloop
  endfacet
  facet normal -0.186159 -0.875859 0.445215
    outer loop
      vertex 47.1837 90.4976 -0.869401
      vertex 48.9633 90.1364 -0.83587
      vertex 49.007 90.552 0
    endloop
  endfacet
  facet normal -0.186194 -0.875857 0.445203
    outer loop
      vertex 48.9379 90.0583 -1
      vertex 47.1837 90.4976 -0.869401
      vertex 47.1786 90.4323 -1
    endloop
  endfacet
  facet normal -0.186135 -0.875715 0.445508
    outer loop
      vertex 47.1837 90.4976 -0.869401
      vertex 48.9379 90.0583 -1
      vertex 48.9633 90.1364 -0.83587
    endloop
  endfacet
  facet normal -0.526309 -0.724372 0.44529
    outer loop
      vertex 43.9214 92.6121 -0.204982
      vertex 43.7397 92.2554 -1
      vertex 45 91.3397 -1
    endloop
  endfacet
  facet normal 0.775458 -0.447687 0.445242
    outer loop
      vertex 58.4831 95.4666 -0.332413
      vertex 58.0902 94.1221 -1
      vertex 58.7398 95.2473 -1
    endloop
  endfacet
  facet normal -0.665368 -0.5992 0.445246
    outer loop
      vertex 42.3787 93.8024 -0.729528
      vertex 42.3143 94.416 0
      vertex 41.9098 94.1221 -1
    endloop
  endfacet
  facet normal -0.665403 -0.599178 0.445224
    outer loop
      vertex 42.3143 94.416 0
      vertex 42.3787 93.8024 -0.729528
      vertex 42.7133 93.9729 0
    endloop
  endfacet
  facet normal 0.52635 -0.724522 0.444999
    outer loop
      vertex 54.75 91.7728 0
      vertex 56.0786 92.6121 -0.204982
      vertex 56.0318 92.704 0
    endloop
  endfacet
  facet normal 0.526301 -0.724372 0.445301
    outer loop
      vertex 56.0786 92.6121 -0.204982
      vertex 54.75 91.7728 0
      vertex 55 91.3397 -1
    endloop
  endfacet
  facet normal 0 0 1
    outer loop
      vertex 50.993 109.448 0
      vertex 52.7775 109.009 0
      vertex 52.7821 109.068 0
    endloop
  endfacet
  facet normal 0 0 1
    outer loop
      vertex 52.7775 109.009 0
      vertex 50.993 109.448 0
      vertex 50.8817 109.386 0
    endloop
  endfacet
  facet normal 0 0 1
    outer loop
      vertex 50.8817 109.386 0
      vertex 50.993 109.448 0
      vertex 50.9017 109.448 0
    endloop
  endfacet
  facet normal 0 0 1
    outer loop
      vertex 52.7775 109.009 0
      vertex 50.8817 109.386 0
      vertex 51.4678 104.518 0
    endloop
  endfacet
  facet normal 0 0 1
    outer loop
      vertex 50.8817 109.386 0
      vertex 49.5035 104.724 0
      vertex 51.4678 104.518 0
    endloop
  endfacet
  facet normal -0 0 1
    outer loop
      vertex 49.1183 109.386 0
      vertex 49.5035 104.724 0
      vertex 50.8817 109.386 0
    endloop
  endfacet
  facet normal -0 0 1
    outer loop
      vertex 49.007 109.448 0
      vertex 49.1183 109.386 0
      vertex 49.0983 109.448 0
    endloop
  endfacet
  facet normal 0 0 1
    outer loop
      vertex 47.2225 109.009 0
      vertex 49.1183 109.386 0
      vertex 49.007 109.448 0
    endloop
  endfacet
  facet normal 0 0 1
    outer loop
      vertex 49.1183 109.386 0
      vertex 47.2225 109.009 0
      vertex 49.5035 104.724 0
    endloop
  endfacet
  facet normal 0 0 1
    outer loop
      vertex 49.5035 104.724 0
      vertex 47.2225 109.009 0
      vertex 47.625 104.114 0
    endloop
  endfacet
  facet normal 0 -0 1
    outer loop
      vertex 47.2225 109.009 0
      vertex 49.007 109.448 0
      vertex 47.2179 109.068 0
    endloop
  endfacet
  facet normal 0 0 1
    outer loop
      vertex 53.1784 103.53 0
      vertex 54.75 108.227 0
      vertex 54.4066 108.335 0
    endloop
  endfacet
  facet normal 0 0 1
    outer loop
      vertex 54.75 108.227 0
      vertex 53.1784 103.53 0
      vertex 56.0138 107.261 0
    endloop
  endfacet
  facet normal 0 0 1
    outer loop
      vertex 56.0138 107.261 0
      vertex 54.3393 101.932 0
      vertex 54.75 100 0
    endloop
  endfacet
  facet normal 0 0 1
    outer loop
      vertex 56.0138 107.261 0
      vertex 53.1784 103.53 0
      vertex 54.3393 101.932 0
    endloop
  endfacet
  facet normal 0 0 1
    outer loop
      vertex 51.4678 104.518 0
      vertex 54.4066 108.335 0
      vertex 52.7775 109.009 0
    endloop
  endfacet
  facet normal 0 0 1
    outer loop
      vertex 54.4066 108.335 0
      vertex 51.4678 104.518 0
      vertex 53.1784 103.53 0
    endloop
  endfacet
  facet normal -0 0 1
    outer loop
      vertex 54.4066 108.335 0
      vertex 54.75 108.227 0
      vertex 54.4348 108.368 0
    endloop
  endfacet
  facet normal 0 0 1
    outer loop
      vertex 54.75 108.227 0
      vertex 56.0138 107.261 0
      vertex 56.0318 107.296 0
    endloop
  endfacet
  facet normal 0 0 1
    outer loop
      vertex 57.2607 106.014 0
      vertex 58.3346 104.407 0
      vertex 57.6857 105.584 0
    endloop
  endfacet
  facet normal 0 0 1
    outer loop
      vertex 57.6857 105.584 0
      vertex 58.3346 104.407 0
      vertex 58.3552 104.424 0
    endloop
  endfacet
  facet normal 0 0 1
    outer loop
      vertex 59.0094 102.777 0
      vertex 59.3865 100.882 0
      vertex 59.2924 101.975 0
    endloop
  endfacet
  facet normal 0 0 1
    outer loop
      vertex 59.2924 101.975 0
      vertex 59.3865 100.882 0
      vertex 59.4066 100.888 0
    endloop
  endfacet
  facet normal 0 0 1
    outer loop
      vertex 59.3865 99.1183 0
      vertex 59.2924 98.0248 0
      vertex 59.4066 99.1118 0
    endloop
  endfacet
  facet normal 0 0 1
    outer loop
      vertex 59.3865 100.882 0
      vertex 59.0094 102.777 0
      vertex 59.3865 99.1183 0
    endloop
  endfacet
  facet normal -0 0 1
    outer loop
      vertex 59.0094 102.777 0
      vertex 59.2924 101.975 0
      vertex 59.0312 102.779 0
    endloop
  endfacet
  facet normal 0 0 1
    outer loop
      vertex 59.0094 97.2225 0
      vertex 59.3865 99.1183 0
      vertex 59.0094 102.777 0
    endloop
  endfacet
  facet normal 0 0 1
    outer loop
      vertex 59.3865 99.1183 0
      vertex 59.0094 97.2225 0
      vertex 59.2924 98.0248 0
    endloop
  endfacet
  facet normal 0 0 1
    outer loop
      vertex 59.2924 98.0248 0
      vertex 59.0094 97.2225 0
      vertex 59.0312 97.2208 0
    endloop
  endfacet
  facet normal 0 0 1
    outer loop
      vertex 58.3346 104.407 0
      vertex 59.0094 97.2225 0
      vertex 59.0094 102.777 0
    endloop
  endfacet
  facet normal 0 0 1
    outer loop
      vertex 59.0094 97.2225 0
      vertex 58.3346 104.407 0
      vertex 58.3346 95.5934 0
    endloop
  endfacet
  facet normal 0 0 1
    outer loop
      vertex 58.3346 95.5934 0
      vertex 57.6857 94.416 0
      vertex 58.3552 95.5758 0
    endloop
  endfacet
  facet normal 0 0 1
    outer loop
      vertex 58.3346 104.407 0
      vertex 57.2607 106.014 0
      vertex 58.3346 95.5934 0
    endloop
  endfacet
  facet normal -0 0 1
    outer loop
      vertex 57.2607 106.014 0
      vertex 57.6857 105.584 0
      vertex 57.2867 106.027 0
    endloop
  endfacet
  facet normal 0 0 1
    outer loop
      vertex 57.2607 93.9862 0
      vertex 58.3346 95.5934 0
      vertex 57.2607 106.014 0
    endloop
  endfacet
  facet normal 0 0 1
    outer loop
      vertex 58.3346 95.5934 0
      vertex 57.2607 93.9862 0
      vertex 57.6857 94.416 0
    endloop
  endfacet
  facet normal 0 0 1
    outer loop
      vertex 57.6857 94.416 0
      vertex 57.2607 93.9862 0
      vertex 57.2867 93.9729 0
    endloop
  endfacet
  facet normal 0 0 1
    outer loop
      vertex 56.0138 107.261 0
      vertex 57.2607 93.9862 0
      vertex 57.2607 106.014 0
    endloop
  endfacet
  facet normal 0 0 1
    outer loop
      vertex 57.2607 93.9862 0
      vertex 56.0138 107.261 0
      vertex 56.0138 92.7393 0
    endloop
  endfacet
  facet normal 0 0 1
    outer loop
      vertex 56.0138 107.261 0
      vertex 54.75 100 0
      vertex 56.0138 92.7393 0
    endloop
  endfacet
  facet normal 0 0 1
    outer loop
      vertex 56.0138 92.7393 0
      vertex 54.75 91.7728 0
      vertex 56.0318 92.704 0
    endloop
  endfacet
  facet normal -0 0 1
    outer loop
      vertex 54.3393 98.068 0
      vertex 56.0138 92.7393 0
      vertex 54.75 100 0
    endloop
  endfacet
  facet normal -0 0 1
    outer loop
      vertex 53.1784 96.4701 0
      vertex 56.0138 92.7393 0
      vertex 54.3393 98.068 0
    endloop
  endfacet
  facet normal 0 0 1
    outer loop
      vertex 56.0138 92.7393 0
      vertex 53.1784 96.4701 0
      vertex 54.75 91.7728 0
    endloop
  endfacet
  facet normal 0 0 1
    outer loop
      vertex 54.75 91.7728 0
      vertex 54.4066 91.6654 0
      vertex 54.4348 91.6324 0
    endloop
  endfacet
  facet normal 0 0 1
    outer loop
      vertex 54.75 91.7728 0
      vertex 53.1784 96.4701 0
      vertex 54.4066 91.6654 0
    endloop
  endfacet
  facet normal -0 0 1
    outer loop
      vertex 51.4678 95.4825 0
      vertex 54.4066 91.6654 0
      vertex 53.1784 96.4701 0
    endloop
  endfacet
  facet normal 0 0 1
    outer loop
      vertex 54.4066 91.6654 0
      vertex 51.4678 95.4825 0
      vertex 52.7775 90.9906 0
    endloop
  endfacet
  facet normal 0 0 1
    outer loop
      vertex 50.8817 90.6135 0
      vertex 52.7775 90.9906 0
      vertex 51.4678 95.4825 0
    endloop
  endfacet
  facet normal 0 -0 1
    outer loop
      vertex 50.993 90.552 0
      vertex 52.7775 90.9906 0
      vertex 50.8817 90.6135 0
    endloop
  endfacet
  facet normal 0 0 1
    outer loop
      vertex 52.7775 90.9906 0
      vertex 50.993 90.552 0
      vertex 52.7821 90.9323 0
    endloop
  endfacet
  facet normal 0 0 1
    outer loop
      vertex 50.993 90.552 0
      vertex 50.8817 90.6135 0
      vertex 50.9017 90.552 0
    endloop
  endfacet
  facet normal -0 0 1
    outer loop
      vertex 49.5035 95.276 0
      vertex 50.8817 90.6135 0
      vertex 51.4678 95.4825 0
    endloop
  endfacet
  facet normal 0 0 1
    outer loop
      vertex 49.5035 95.276 0
      vertex 49.1183 90.6135 0
      vertex 50.8817 90.6135 0
    endloop
  endfacet
  facet normal -0 0 1
    outer loop
      vertex 47.2225 90.9906 0
      vertex 49.1183 90.6135 0
      vertex 49.5035 95.276 0
    endloop
  endfacet
  facet normal 0 0 1
    outer loop
      vertex 49.1183 90.6135 0
      vertex 49.007 90.552 0
      vertex 49.0983 90.552 0
    endloop
  endfacet
  facet normal 0 0 1
    outer loop
      vertex 47.2225 90.9906 0
      vertex 49.5035 95.276 0
      vertex 47.625 95.8864 0
    endloop
  endfacet
  facet normal 0 0 1
    outer loop
      vertex 49.1183 90.6135 0
      vertex 47.2225 90.9906 0
      vertex 49.007 90.552 0
    endloop
  endfacet
  facet normal 0 0 1
    outer loop
      vertex 49.007 90.552 0
      vertex 47.2225 90.9906 0
      vertex 47.2179 90.9323 0
    endloop
  endfacet
  facet normal 0 0 1
    outer loop
      vertex 40.6135 100.882 0
      vertex 45.3538 100.988 0
      vertex 40.7076 101.975 0
    endloop
  endfacet
  facet normal 0 0 1
    outer loop
      vertex 45.3538 99.0124 0
      vertex 40.9906 97.2225 0
      vertex 41.6654 95.5934 0
    endloop
  endfacet
  facet normal 0 0 1
    outer loop
      vertex 40.7076 101.975 0
      vertex 40.9906 102.777 0
      vertex 40.9688 102.779 0
    endloop
  endfacet
  facet normal -0 0 1
    outer loop
      vertex 40.6135 99.1183 0
      vertex 45.3538 99.0124 0
      vertex 40.6135 100.882 0
    endloop
  endfacet
  facet normal 0 0 1
    outer loop
      vertex 45.3538 100.988 0
      vertex 40.6135 100.882 0
      vertex 45.3538 99.0124 0
    endloop
  endfacet
  facet normal 0 -0 1
    outer loop
      vertex 40.7076 98.0248 0
      vertex 45.3538 99.0124 0
      vertex 40.6135 99.1183 0
    endloop
  endfacet
  facet normal 0 0 1
    outer loop
      vertex 45.3538 99.0124 0
      vertex 40.7076 98.0248 0
      vertex 40.9906 97.2225 0
    endloop
  endfacet
  facet normal 0 -0 1
    outer loop
      vertex 40.6135 100.882 0
      vertex 40.7076 101.975 0
      vertex 40.5934 100.888 0
    endloop
  endfacet
  facet normal -0 0 1
    outer loop
      vertex 40.9906 102.777 0
      vertex 45.3538 100.988 0
      vertex 41.6654 104.407 0
    endloop
  endfacet
  facet normal 0 0 1
    outer loop
      vertex 45.3538 99.0124 0
      vertex 42.7393 93.9862 0
      vertex 43.9862 92.7393 0
    endloop
  endfacet
  facet normal 0 0 1
    outer loop
      vertex 42.3143 105.584 0
      vertex 42.7393 106.014 0
      vertex 42.7133 106.027 0
    endloop
  endfacet
  facet normal -0 0 1
    outer loop
      vertex 40.7076 101.975 0
      vertex 45.3538 100.988 0
      vertex 40.9906 102.777 0
    endloop
  endfacet
  facet normal 0 0 1
    outer loop
      vertex 42.7393 106.014 0
      vertex 42.3143 105.584 0
      vertex 41.6654 104.407 0
    endloop
  endfacet
  facet normal 0 -0 1
    outer loop
      vertex 42.3143 94.416 0
      vertex 45.3538 99.0124 0
      vertex 41.6654 95.5934 0
    endloop
  endfacet
  facet normal 0 0 1
    outer loop
      vertex 45.3538 99.0124 0
      vertex 42.3143 94.416 0
      vertex 42.7393 93.9862 0
    endloop
  endfacet
  facet normal 0 -0 1
    outer loop
      vertex 41.6654 104.407 0
      vertex 42.3143 105.584 0
      vertex 41.6448 104.424 0
    endloop
  endfacet
  facet normal 0 0 1
    outer loop
      vertex 47.625 95.8864 0
      vertex 43.9862 92.7393 0
      vertex 45.25 91.7728 0
    endloop
  endfacet
  facet normal 0 0 1
    outer loop
      vertex 45.25 91.7728 0
      vertex 43.9862 92.7393 0
      vertex 43.9682 92.704 0
    endloop
  endfacet
  facet normal 0 0 1
    outer loop
      vertex 42.7393 93.9862 0
      vertex 42.3143 94.416 0
      vertex 42.7133 93.9729 0
    endloop
  endfacet
  facet normal 0 0 1
    outer loop
      vertex 42.3143 94.416 0
      vertex 41.6654 95.5934 0
      vertex 41.6448 95.5758 0
    endloop
  endfacet
  facet normal 0 0 1
    outer loop
      vertex 40.9906 97.2225 0
      vertex 40.7076 98.0248 0
      vertex 40.9688 97.2208 0
    endloop
  endfacet
  facet normal 0 0 1
    outer loop
      vertex 40.7076 98.0248 0
      vertex 40.6135 99.1183 0
      vertex 40.5934 99.1118 0
    endloop
  endfacet
  facet normal 0 0 1
    outer loop
      vertex 43.9862 92.7393 0
      vertex 47.625 95.8864 0
      vertex 46.1572 97.208 0
    endloop
  endfacet
  facet normal 0 0 1
    outer loop
      vertex 47.625 95.8864 0
      vertex 45.5934 91.6654 0
      vertex 47.2225 90.9906 0
    endloop
  endfacet
  facet normal 0 0 1
    outer loop
      vertex 47.625 95.8864 0
      vertex 45.25 91.7728 0
      vertex 45.5934 91.6654 0
    endloop
  endfacet
  facet normal 0 0 1
    outer loop
      vertex 43.9862 92.7393 0
      vertex 46.1572 97.208 0
      vertex 45.3538 99.0124 0
    endloop
  endfacet
  facet normal 0 0 1
    outer loop
      vertex 45.5934 91.6654 0
      vertex 45.25 91.7728 0
      vertex 45.5652 91.6324 0
    endloop
  endfacet
  facet normal -0 0 1
    outer loop
      vertex 41.6654 104.407 0
      vertex 46.1572 102.792 0
      vertex 42.7393 106.014 0
    endloop
  endfacet
  facet normal 0 0 1
    outer loop
      vertex 46.1572 102.792 0
      vertex 41.6654 104.407 0
      vertex 45.3538 100.988 0
    endloop
  endfacet
  facet normal 0 -0 1
    outer loop
      vertex 43.9862 107.261 0
      vertex 45.25 108.227 0
      vertex 43.9682 107.296 0
    endloop
  endfacet
  facet normal -0 0 1
    outer loop
      vertex 45.5934 108.335 0
      vertex 47.625 104.114 0
      vertex 47.2225 109.009 0
    endloop
  endfacet
  facet normal -0 0 1
    outer loop
      vertex 45.25 108.227 0
      vertex 47.625 104.114 0
      vertex 45.5934 108.335 0
    endloop
  endfacet
  facet normal 0 0 1
    outer loop
      vertex 45.25 108.227 0
      vertex 45.5934 108.335 0
      vertex 45.5652 108.368 0
    endloop
  endfacet
  facet normal -0 0 1
    outer loop
      vertex 43.9862 107.261 0
      vertex 47.625 104.114 0
      vertex 45.25 108.227 0
    endloop
  endfacet
  facet normal -0 0 1
    outer loop
      vertex 42.7393 106.014 0
      vertex 46.1572 102.792 0
      vertex 43.9862 107.261 0
    endloop
  endfacet
  facet normal 0 0 1
    outer loop
      vertex 47.625 104.114 0
      vertex 43.9862 107.261 0
      vertex 46.1572 102.792 0
    endloop
  endfacet
  facet normal 0.665403 -0.599178 0.445224
    outer loop
      vertex 57.6213 93.8024 -0.729528
      vertex 57.6857 94.416 0
      vertex 57.2867 93.9729 0
    endloop
  endfacet
  facet normal 0.665368 -0.5992 0.445246
    outer loop
      vertex 57.6857 94.416 0
      vertex 57.6213 93.8024 -0.729528
      vertex 58.0902 94.1221 -1
    endloop
  endfacet
  facet normal 0.851558 -0.276681 0.445306
    outer loop
      vertex 59.7815 97.9209 -1
      vertex 59.3342 97.197 -0.594409
      vertex 59.541 97.1807 -1
    endloop
  endfacet
  facet normal 0.851621 -0.276671 0.445191
    outer loop
      vertex 59.3342 97.197 -0.594409
      vertex 59.2924 98.0248 0
      vertex 59.0312 97.2208 0
    endloop
  endfacet
  facet normal 0.851572 -0.276719 0.445255
    outer loop
      vertex 59.2924 98.0248 0
      vertex 59.3342 97.197 -0.594409
      vertex 59.7815 97.9209 -1
    endloop
  endfacet
  facet normal 0.890543 -0.093551 -0.445175
    outer loop
      vertex 59.7815 97.9209 -3.5
      vertex 59.6301 99.0392 -4.03787
      vertex 59.8901 98.9547 -3.5
    endloop
  endfacet
  facet normal 0.77526 0.447652 -0.445622
    outer loop
      vertex 58.4831 104.533 -4.16759
      vertex 58.0902 105.878 -3.5
      vertex 58.7398 104.753 -3.5
    endloop
  endfacet
  facet normal -0.890543 -0.093551 -0.445175
    outer loop
      vertex 40.2185 97.9209 -3.5
      vertex 40.1099 98.9547 -3.5
      vertex 40.3699 99.0392 -4.03787
    endloop
  endfacet
  facet normal -0.665403 -0.599178 -0.445223
    outer loop
      vertex 42.3787 93.8024 -3.77047
      vertex 42.3143 94.416 -4.5
      vertex 42.7133 93.9729 -4.5
    endloop
  endfacet
  facet normal -0.665367 -0.599202 -0.445246
    outer loop
      vertex 42.3143 94.416 -4.5
      vertex 42.3787 93.8024 -3.77047
      vertex 41.9098 94.1221 -3.5
    endloop
  endfacet
  facet normal -0.185804 0.874024 -0.448953
    outer loop
      vertex 48.9379 109.942 -3.5
      vertex 47.1837 109.502 -3.6306
      vertex 47.1786 109.568 -3.5
    endloop
  endfacet
  facet normal -0.186546 0.875837 -0.445096
    outer loop
      vertex 48.9633 109.864 -3.66413
      vertex 47.1837 109.502 -3.6306
      vertex 48.9379 109.942 -3.5
    endloop
  endfacet
  facet normal -0.18651 0.875621 -0.445535
    outer loop
      vertex 47.1837 109.502 -3.6306
      vertex 48.9633 109.864 -3.66413
      vertex 49.007 109.448 -4.5
    endloop
  endfacet
  facet normal 0.665367 -0.599202 -0.445246
    outer loop
      vertex 57.6213 93.8024 -3.77047
      vertex 57.6857 94.416 -4.5
      vertex 58.0902 94.1221 -3.5
    endloop
  endfacet
  facet normal 0.665403 -0.599178 -0.445223
    outer loop
      vertex 57.6857 94.416 -4.5
      vertex 57.6213 93.8024 -3.77047
      vertex 57.2867 93.9729 -4.5
    endloop
  endfacet
  facet normal -0.775514 0.447555 -0.445277
    outer loop
      vertex 42.3143 105.584 -4.5
      vertex 41.5169 104.533 -4.16759
      vertex 41.9098 105.878 -3.5
    endloop
  endfacet
  facet normal -0.775542 0.447608 -0.445176
    outer loop
      vertex 41.5169 104.533 -4.16759
      vertex 42.3143 105.584 -4.5
      vertex 41.6448 104.424 -4.5
    endloop
  endfacet
  facet normal 0.526301 -0.724372 -0.445301
    outer loop
      vertex 54.75 91.7728 -4.5
      vertex 56.0786 92.6121 -4.29502
      vertex 55 91.3397 -3.5
    endloop
  endfacet
  facet normal 0.526349 -0.724521 -0.445002
    outer loop
      vertex 56.0786 92.6121 -4.29502
      vertex 54.75 91.7728 -4.5
      vertex 56.0318 92.704 -4.5
    endloop
  endfacet
  facet normal 0.89058 0.0935368 -0.445104
    outer loop
      vertex 59.8901 101.045 -3.5
      vertex 59.6301 100.961 -4.03787
      vertex 59.7815 102.079 -3.5
    endloop
  endfacet
  facet normal -0 -0.895425 -0.445211
    outer loop
      vertex 49.0983 90.552 -4.5
      vertex 48.9633 90.1364 -3.66413
      vertex 49.007 90.552 -4.5
    endloop
  endfacet
  facet normal 0 -0.895425 -0.445211
    outer loop
      vertex 51.0367 90.1364 -3.66413
      vertex 50.9017 90.552 -4.5
      vertex 50.993 90.552 -4.5
    endloop
  endfacet
  facet normal 0.851572 -0.276719 -0.445255
    outer loop
      vertex 59.3342 97.197 -3.90559
      vertex 59.2924 98.0248 -4.5
      vertex 59.7815 97.9209 -3.5
    endloop
  endfacet
  facet normal 0.851621 -0.276671 -0.445191
    outer loop
      vertex 59.2924 98.0248 -4.5
      vertex 59.3342 97.197 -3.90559
      vertex 59.0312 97.2208 -4.5
    endloop
  endfacet
  facet normal -0.851621 -0.276671 -0.445191
    outer loop
      vertex 40.6658 97.197 -3.90559
      vertex 40.7076 98.0248 -4.5
      vertex 40.9688 97.2208 -4.5
    endloop
  endfacet
  facet normal -0.851572 -0.276719 -0.445255
    outer loop
      vertex 40.7076 98.0248 -4.5
      vertex 40.6658 97.197 -3.90559
      vertex 40.2185 97.9209 -3.5
    endloop
  endfacet
  facet normal 0.52619 0.724458 -0.445291
    outer loop
      vertex 54.75 108.227 -4.5
      vertex 56.0786 107.388 -4.29502
      vertex 56.0318 107.296 -4.5
    endloop
  endfacet
  facet normal 0.526197 0.724479 -0.445249
    outer loop
      vertex 56.0786 107.388 -4.29502
      vertex 54.75 108.227 -4.5
      vertex 55 108.66 -3.5
    endloop
  endfacet
  facet normal -0.851616 0.276775 -0.445136
    outer loop
      vertex 40.6658 102.803 -3.90559
      vertex 40.2185 102.079 -3.5
      vertex 40.459 102.819 -3.5
    endloop
  endfacet
  facet normal -0.775459 -0.447688 -0.445241
    outer loop
      vertex 41.9098 94.1221 -3.5
      vertex 41.2602 95.2473 -3.5
      vertex 41.5169 95.4666 -4.16759
    endloop
  endfacet
  facet normal -0.525976 0.724467 -0.445529
    outer loop
      vertex 43.9214 107.388 -4.29502
      vertex 43.7397 107.745 -3.5
      vertex 45 108.66 -3.5
    endloop
  endfacet
  facet normal -0.665218 0.599147 -0.445542
    outer loop
      vertex 42.3143 105.584 -4.5
      vertex 42.3787 106.198 -3.77047
      vertex 42.7133 106.027 -4.5
    endloop
  endfacet
  facet normal -0.665587 0.59891 -0.44531
    outer loop
      vertex 42.3787 106.198 -3.77047
      vertex 42.3143 105.584 -4.5
      vertex 41.9098 105.878 -3.5
    endloop
  endfacet
  facet normal 0.851616 0.276775 -0.445136
    outer loop
      vertex 59.7815 102.079 -3.5
      vertex 59.3342 102.803 -3.90559
      vertex 59.541 102.819 -3.5
    endloop
  endfacet
  facet normal -0.890485 0.0936316 -0.445274
    outer loop
      vertex 40.7076 101.975 -4.5
      vertex 40.3699 100.961 -4.03787
      vertex 40.2185 102.079 -3.5
    endloop
  endfacet
  facet normal -0.890424 0.0935478 -0.445413
    outer loop
      vertex 40.3699 100.961 -4.03787
      vertex 40.7076 101.975 -4.5
      vertex 40.5934 100.888 -4.5
    endloop
  endfacet
  facet normal -0.365158 0.81755 -0.445277
    outer loop
      vertex 45.25 108.227 -4.5
      vertex 45.2284 108.762 -3.5
      vertex 45.512 108.43 -4.34214
    endloop
  endfacet
  facet normal -0.365113 0.817566 -0.445284
    outer loop
      vertex 45.2284 108.762 -3.5
      vertex 45.25 108.227 -4.5
      vertex 45 108.66 -3.5
    endloop
  endfacet
  facet normal 0.775413 -0.447611 -0.445397
    outer loop
      vertex 58.4831 95.4666 -4.16759
      vertex 57.6857 94.416 -4.5
      vertex 58.3552 95.5758 -4.5
    endloop
  endfacet
  facet normal 0.775454 -0.447689 -0.445247
    outer loop
      vertex 57.6857 94.416 -4.5
      vertex 58.4831 95.4666 -4.16759
      vertex 58.0902 94.1221 -3.5
    endloop
  endfacet
  facet normal -0.18609 0.876142 -0.444686
    outer loop
      vertex 47.2179 109.068 -4.5
      vertex 47.1837 109.502 -3.6306
      vertex 49.007 109.448 -4.5
    endloop
  endfacet
  facet normal -0.665573 0.59919 -0.444954
    outer loop
      vertex 42.3787 106.198 -3.77047
      vertex 41.9098 105.878 -3.5
      vertex 42.2546 106.261 -3.5
    endloop
  endfacet
  facet normal 0.890457 -0.0935512 -0.445348
    outer loop
      vertex 59.6301 99.0392 -4.03787
      vertex 59.2924 98.0248 -4.5
      vertex 59.4066 99.1118 -4.5
    endloop
  endfacet
  facet normal 0.890493 -0.0936012 -0.445265
    outer loop
      vertex 59.2924 98.0248 -4.5
      vertex 59.6301 99.0392 -4.03787
      vertex 59.7815 97.9209 -3.5
    endloop
  endfacet
  facet normal 0.18609 0.876142 -0.444686
    outer loop
      vertex 52.7821 109.068 -4.5
      vertex 50.993 109.448 -4.5
      vertex 52.8163 109.502 -3.6306
    endloop
  endfacet
  facet normal -0.89058 0.0935368 -0.445104
    outer loop
      vertex 40.3699 100.961 -4.03787
      vertex 40.1099 101.045 -3.5
      vertex 40.2185 102.079 -3.5
    endloop
  endfacet
  facet normal -0.365795 0.817721 -0.444438
    outer loop
      vertex 45.5652 108.368 -4.5
      vertex 45.25 108.227 -4.5
      vertex 45.512 108.43 -4.34214
    endloop
  endfacet
  facet normal 0 0 -1
    outer loop
      vertex 40.7076 98.0248 -4.5
      vertex 47.5 100 -4.5
      vertex 40.9906 97.2225 -4.5
    endloop
  endfacet
  facet normal 0 0 -1
    outer loop
      vertex 47.5 100 -4.5
      vertex 40.9906 102.777 -4.5
      vertex 41.6654 104.407 -4.5
    endloop
  endfacet
  facet normal 0 0 -1
    outer loop
      vertex 40.7076 98.0248 -4.5
      vertex 40.9906 97.2225 -4.5
      vertex 40.9688 97.2208 -4.5
    endloop
  endfacet
  facet normal 0 0 -1
    outer loop
      vertex 40.6135 100.882 -4.5
      vertex 47.5 100 -4.5
      vertex 40.6135 99.1183 -4.5
    endloop
  endfacet
  facet normal 0 0 -1
    outer loop
      vertex 47.5 100 -4.5
      vertex 40.7076 98.0248 -4.5
      vertex 40.6135 99.1183 -4.5
    endloop
  endfacet
  facet normal 0 -0 -1
    outer loop
      vertex 40.7076 101.975 -4.5
      vertex 47.5 100 -4.5
      vertex 40.6135 100.882 -4.5
    endloop
  endfacet
  facet normal 0 0 -1
    outer loop
      vertex 47.5 100 -4.5
      vertex 40.7076 101.975 -4.5
      vertex 40.9906 102.777 -4.5
    endloop
  endfacet
  facet normal 0 -0 -1
    outer loop
      vertex 40.6135 99.1183 -4.5
      vertex 40.7076 98.0248 -4.5
      vertex 40.5934 99.1118 -4.5
    endloop
  endfacet
  facet normal -0 0 -1
    outer loop
      vertex 48.2322 98.2322 -4.5
      vertex 41.6654 95.5934 -4.5
      vertex 47.5 100 -4.5
    endloop
  endfacet
  facet normal 0 0 -1
    outer loop
      vertex 47.5 100 -4.5
      vertex 42.7393 106.014 -4.5
      vertex 43.9862 107.261 -4.5
    endloop
  endfacet
  facet normal 0 0 -1
    outer loop
      vertex 42.3143 94.416 -4.5
      vertex 42.7393 93.9862 -4.5
      vertex 42.7133 93.9729 -4.5
    endloop
  endfacet
  facet normal 0 0 -1
    outer loop
      vertex 40.9906 97.2225 -4.5
      vertex 47.5 100 -4.5
      vertex 41.6654 95.5934 -4.5
    endloop
  endfacet
  facet normal 0 0 -1
    outer loop
      vertex 42.7393 93.9862 -4.5
      vertex 42.3143 94.416 -4.5
      vertex 41.6654 95.5934 -4.5
    endloop
  endfacet
  facet normal 0 0 -1
    outer loop
      vertex 47.5 100 -4.5
      vertex 41.6654 104.407 -4.5
      vertex 42.7393 106.014 -4.5
    endloop
  endfacet
  facet normal 0 -0 -1
    outer loop
      vertex 42.3143 105.584 -4.5
      vertex 42.7393 106.014 -4.5
      vertex 41.6654 104.407 -4.5
    endloop
  endfacet
  facet normal 0 -0 -1
    outer loop
      vertex 41.6654 95.5934 -4.5
      vertex 42.3143 94.416 -4.5
      vertex 41.6448 95.5758 -4.5
    endloop
  endfacet
  facet normal 0 0 -1
    outer loop
      vertex 42.7393 93.9862 -4.5
      vertex 48.2322 98.2322 -4.5
      vertex 43.9862 92.7393 -4.5
    endloop
  endfacet
  facet normal 0 0 -1
    outer loop
      vertex 47.5 100 -4.5
      vertex 45.5934 108.335 -4.5
      vertex 47.2225 109.009 -4.5
    endloop
  endfacet
  facet normal 0 0 -1
    outer loop
      vertex 45.25 91.7728 -4.5
      vertex 45.5934 91.6654 -4.5
      vertex 45.5652 91.6324 -4.5
    endloop
  endfacet
  facet normal 0 0 -1
    outer loop
      vertex 41.6654 95.5934 -4.5
      vertex 48.2322 98.2322 -4.5
      vertex 42.7393 93.9862 -4.5
    endloop
  endfacet
  facet normal 0 0 -1
    outer loop
      vertex 45.5934 91.6654 -4.5
      vertex 45.25 91.7728 -4.5
      vertex 43.9862 92.7393 -4.5
    endloop
  endfacet
  facet normal 0 0 -1
    outer loop
      vertex 47.5 100 -4.5
      vertex 43.9862 107.261 -4.5
      vertex 45.5934 108.335 -4.5
    endloop
  endfacet
  facet normal 0 -0 -1
    outer loop
      vertex 45.25 108.227 -4.5
      vertex 45.5934 108.335 -4.5
      vertex 43.9862 107.261 -4.5
    endloop
  endfacet
  facet normal 0 -0 -1
    outer loop
      vertex 43.9862 92.7393 -4.5
      vertex 45.25 91.7728 -4.5
      vertex 43.9682 92.704 -4.5
    endloop
  endfacet
  facet normal -0 0 -1
    outer loop
      vertex 56.0138 107.261 -4.5
      vertex 51.7678 101.768 -4.5
      vertex 54.4066 108.335 -4.5
    endloop
  endfacet
  facet normal 0 0 -1
    outer loop
      vertex 54.4066 91.6654 -4.5
      vertex 51.7678 98.2322 -4.5
      vertex 52.5 100 -4.5
    endloop
  endfacet
  facet normal 0 0 -1
    outer loop
      vertex 50.993 90.552 -4.5
      vertex 52.7775 90.9906 -4.5
      vertex 52.7821 90.9323 -4.5
    endloop
  endfacet
  facet normal 0 0 -1
    outer loop
      vertex 52.7775 90.9906 -4.5
      vertex 50.993 90.552 -4.5
      vertex 50.8817 90.6135 -4.5
    endloop
  endfacet
  facet normal 0 0 -1
    outer loop
      vertex 50.8817 90.6135 -4.5
      vertex 50.993 90.552 -4.5
      vertex 50.9017 90.552 -4.5
    endloop
  endfacet
  facet normal -0 0 -1
    outer loop
      vertex 52.7775 90.9906 -4.5
      vertex 50.8817 90.6135 -4.5
      vertex 50 97.5 -4.5
    endloop
  endfacet
  facet normal 0 0 -1
    outer loop
      vertex 52.7775 90.9906 -4.5
      vertex 50 97.5 -4.5
      vertex 51.7678 98.2322 -4.5
    endloop
  endfacet
  facet normal 0 0 -1
    outer loop
      vertex 49.1183 90.6135 -4.5
      vertex 50 97.5 -4.5
      vertex 50.8817 90.6135 -4.5
    endloop
  endfacet
  facet normal 0 0 -1
    outer loop
      vertex 49.007 90.552 -4.5
      vertex 49.1183 90.6135 -4.5
      vertex 49.0983 90.552 -4.5
    endloop
  endfacet
  facet normal 0 0 -1
    outer loop
      vertex 47.2225 90.9906 -4.5
      vertex 49.1183 90.6135 -4.5
      vertex 49.007 90.552 -4.5
    endloop
  endfacet
  facet normal 0 0 -1
    outer loop
      vertex 49.1183 90.6135 -4.5
      vertex 47.2225 90.9906 -4.5
      vertex 50 97.5 -4.5
    endloop
  endfacet
  facet normal -0 0 -1
    outer loop
      vertex 50 97.5 -4.5
      vertex 47.2225 90.9906 -4.5
      vertex 48.2322 98.2322 -4.5
    endloop
  endfacet
  facet normal 0 0 -1
    outer loop
      vertex 45.5934 91.6654 -4.5
      vertex 48.2322 98.2322 -4.5
      vertex 47.2225 90.9906 -4.5
    endloop
  endfacet
  facet normal 0 -0 -1
    outer loop
      vertex 47.2225 90.9906 -4.5
      vertex 49.007 90.552 -4.5
      vertex 47.2179 90.9323 -4.5
    endloop
  endfacet
  facet normal 0 0 -1
    outer loop
      vertex 54.4066 91.6654 -4.5
      vertex 56.0138 92.7393 -4.5
      vertex 54.75 91.7728 -4.5
    endloop
  endfacet
  facet normal 0 0 -1
    outer loop
      vertex 54.75 91.7728 -4.5
      vertex 56.0138 92.7393 -4.5
      vertex 56.0318 92.704 -4.5
    endloop
  endfacet
  facet normal 0 0 -1
    outer loop
      vertex 57.2607 93.9862 -4.5
      vertex 58.3346 95.5934 -4.5
      vertex 57.6857 94.416 -4.5
    endloop
  endfacet
  facet normal 0 0 -1
    outer loop
      vertex 57.6857 94.416 -4.5
      vertex 58.3346 95.5934 -4.5
      vertex 58.3552 95.5758 -4.5
    endloop
  endfacet
  facet normal 0 0 -1
    outer loop
      vertex 52.5 100 -4.5
      vertex 59.2924 98.0248 -4.5
      vertex 59.0094 97.2225 -4.5
    endloop
  endfacet
  facet normal 0 0 -1
    outer loop
      vertex 59.2924 98.0248 -4.5
      vertex 59.3865 99.1183 -4.5
      vertex 59.4066 99.1118 -4.5
    endloop
  endfacet
  facet normal 0 0 -1
    outer loop
      vertex 59.3865 100.882 -4.5
      vertex 59.2924 101.975 -4.5
      vertex 59.4066 100.888 -4.5
    endloop
  endfacet
  facet normal 0 0 -1
    outer loop
      vertex 59.2924 98.0248 -4.5
      vertex 52.5 100 -4.5
      vertex 59.3865 99.1183 -4.5
    endloop
  endfacet
  facet normal 0 0 -1
    outer loop
      vertex 59.0094 97.2225 -4.5
      vertex 59.2924 98.0248 -4.5
      vertex 59.0312 97.2208 -4.5
    endloop
  endfacet
  facet normal 0 0 -1
    outer loop
      vertex 59.3865 99.1183 -4.5
      vertex 52.5 100 -4.5
      vertex 59.3865 100.882 -4.5
    endloop
  endfacet
  facet normal 0 0 -1
    outer loop
      vertex 52.5 100 -4.5
      vertex 59.2924 101.975 -4.5
      vertex 59.3865 100.882 -4.5
    endloop
  endfacet
  facet normal 0 0 -1
    outer loop
      vertex 59.2924 101.975 -4.5
      vertex 59.0094 102.777 -4.5
      vertex 59.0312 102.779 -4.5
    endloop
  endfacet
  facet normal 0 0 -1
    outer loop
      vertex 52.5 100 -4.5
      vertex 59.0094 97.2225 -4.5
      vertex 58.3346 95.5934 -4.5
    endloop
  endfacet
  facet normal -0 0 -1
    outer loop
      vertex 59.2924 101.975 -4.5
      vertex 52.5 100 -4.5
      vertex 59.0094 102.777 -4.5
    endloop
  endfacet
  facet normal 0 0 -1
    outer loop
      vertex 58.3346 104.407 -4.5
      vertex 57.6857 105.584 -4.5
      vertex 58.3552 104.424 -4.5
    endloop
  endfacet
  facet normal 0 0 -1
    outer loop
      vertex 52.5 100 -4.5
      vertex 58.3346 95.5934 -4.5
      vertex 57.2607 93.9862 -4.5
    endloop
  endfacet
  facet normal 0 0 -1
    outer loop
      vertex 57.2607 93.9862 -4.5
      vertex 57.6857 94.416 -4.5
      vertex 57.2867 93.9729 -4.5
    endloop
  endfacet
  facet normal -0 0 -1
    outer loop
      vertex 59.0094 102.777 -4.5
      vertex 52.5 100 -4.5
      vertex 58.3346 104.407 -4.5
    endloop
  endfacet
  facet normal 0 0 -1
    outer loop
      vertex 58.3346 104.407 -4.5
      vertex 57.2607 106.014 -4.5
      vertex 57.6857 105.584 -4.5
    endloop
  endfacet
  facet normal 0 0 -1
    outer loop
      vertex 57.6857 105.584 -4.5
      vertex 57.2607 106.014 -4.5
      vertex 57.2867 106.027 -4.5
    endloop
  endfacet
  facet normal 0 0 -1
    outer loop
      vertex 52.5 100 -4.5
      vertex 57.2607 93.9862 -4.5
      vertex 56.0138 92.7393 -4.5
    endloop
  endfacet
  facet normal 0 0 -1
    outer loop
      vertex 51.7678 101.768 -4.5
      vertex 58.3346 104.407 -4.5
      vertex 52.5 100 -4.5
    endloop
  endfacet
  facet normal 0 0 -1
    outer loop
      vertex 56.0138 107.261 -4.5
      vertex 54.75 108.227 -4.5
      vertex 56.0318 107.296 -4.5
    endloop
  endfacet
  facet normal 0 0 -1
    outer loop
      vertex 52.5 100 -4.5
      vertex 56.0138 92.7393 -4.5
      vertex 54.4066 91.6654 -4.5
    endloop
  endfacet
  facet normal 0 0 -1
    outer loop
      vertex 54.4066 91.6654 -4.5
      vertex 54.75 91.7728 -4.5
      vertex 54.4348 91.6324 -4.5
    endloop
  endfacet
  facet normal -0 0 -1
    outer loop
      vertex 58.3346 104.407 -4.5
      vertex 51.7678 101.768 -4.5
      vertex 57.2607 106.014 -4.5
    endloop
  endfacet
  facet normal 0 0 -1
    outer loop
      vertex 56.0138 107.261 -4.5
      vertex 54.4066 108.335 -4.5
      vertex 54.75 108.227 -4.5
    endloop
  endfacet
  facet normal 0 0 -1
    outer loop
      vertex 54.75 108.227 -4.5
      vertex 54.4066 108.335 -4.5
      vertex 54.4348 108.368 -4.5
    endloop
  endfacet
  facet normal 0 0 -1
    outer loop
      vertex 51.7678 98.2322 -4.5
      vertex 54.4066 91.6654 -4.5
      vertex 52.7775 90.9906 -4.5
    endloop
  endfacet
  facet normal -0 0 -1
    outer loop
      vertex 57.2607 106.014 -4.5
      vertex 51.7678 101.768 -4.5
      vertex 56.0138 107.261 -4.5
    endloop
  endfacet
  facet normal -0 0 -1
    outer loop
      vertex 54.4066 108.335 -4.5
      vertex 51.7678 101.768 -4.5
      vertex 52.7775 109.009 -4.5
    endloop
  endfacet
  facet normal 0 0 -1
    outer loop
      vertex 50 102.5 -4.5
      vertex 52.7775 109.009 -4.5
      vertex 51.7678 101.768 -4.5
    endloop
  endfacet
  facet normal 0 -0 -1
    outer loop
      vertex 50.8817 109.386 -4.5
      vertex 52.7775 109.009 -4.5
      vertex 50 102.5 -4.5
    endloop
  endfacet
  facet normal 0 0 -1
    outer loop
      vertex 52.7775 109.009 -4.5
      vertex 50.993 109.448 -4.5
      vertex 52.7821 109.068 -4.5
    endloop
  endfacet
  facet normal -0 0 -1
    outer loop
      vertex 50.993 109.448 -4.5
      vertex 50.8817 109.386 -4.5
      vertex 50.9017 109.448 -4.5
    endloop
  endfacet
  facet normal 0 -0 -1
    outer loop
      vertex 50.993 109.448 -4.5
      vertex 52.7775 109.009 -4.5
      vertex 50.8817 109.386 -4.5
    endloop
  endfacet
  facet normal 0 0 -1
    outer loop
      vertex 50 102.5 -4.5
      vertex 49.1183 109.386 -4.5
      vertex 50.8817 109.386 -4.5
    endloop
  endfacet
  facet normal 0 0 -1
    outer loop
      vertex 47.2225 109.009 -4.5
      vertex 49.1183 109.386 -4.5
      vertex 50 102.5 -4.5
    endloop
  endfacet
  facet normal 0 0 -1
    outer loop
      vertex 49.1183 109.386 -4.5
      vertex 49.007 109.448 -4.5
      vertex 49.0983 109.448 -4.5
    endloop
  endfacet
  facet normal 0 0 -1
    outer loop
      vertex 47.2225 109.009 -4.5
      vertex 50 102.5 -4.5
      vertex 48.2322 101.768 -4.5
    endloop
  endfacet
  facet normal 0 0 -1
    outer loop
      vertex 47.2225 109.009 -4.5
      vertex 48.2322 101.768 -4.5
      vertex 47.5 100 -4.5
    endloop
  endfacet
  facet normal 0 0 -1
    outer loop
      vertex 43.9862 92.7393 -4.5
      vertex 48.2322 98.2322 -4.5
      vertex 45.5934 91.6654 -4.5
    endloop
  endfacet
  facet normal -0 0 -1
    outer loop
      vertex 49.1183 109.386 -4.5
      vertex 47.2225 109.009 -4.5
      vertex 49.007 109.448 -4.5
    endloop
  endfacet
  facet normal 0 0 -1
    outer loop
      vertex 49.007 109.448 -4.5
      vertex 47.2225 109.009 -4.5
      vertex 47.2179 109.068 -4.5
    endloop
  endfacet
  facet normal -0 0 -1
    outer loop
      vertex 45.5934 108.335 -4.5
      vertex 45.25 108.227 -4.5
      vertex 45.5652 108.368 -4.5
    endloop
  endfacet
  facet normal 0 0 -1
    outer loop
      vertex 45.25 108.227 -4.5
      vertex 43.9862 107.261 -4.5
      vertex 43.9682 107.296 -4.5
    endloop
  endfacet
  facet normal -0 0 -1
    outer loop
      vertex 42.7393 106.014 -4.5
      vertex 42.3143 105.584 -4.5
      vertex 42.7133 106.027 -4.5
    endloop
  endfacet
  facet normal 0 0 -1
    outer loop
      vertex 42.3143 105.584 -4.5
      vertex 41.6654 104.407 -4.5
      vertex 41.6448 104.424 -4.5
    endloop
  endfacet
  facet normal -0 0 -1
    outer loop
      vertex 40.9906 102.777 -4.5
      vertex 40.7076 101.975 -4.5
      vertex 40.9688 102.779 -4.5
    endloop
  endfacet
  facet normal 0 0 -1
    outer loop
      vertex 40.7076 101.975 -4.5
      vertex 40.6135 100.882 -4.5
      vertex 40.5934 100.888 -4.5
    endloop
  endfacet
  facet normal -0.186194 -0.875859 -0.4452
    outer loop
      vertex 47.1837 90.4976 -3.6306
      vertex 48.9379 90.0583 -3.5
      vertex 47.1786 90.4323 -3.5
    endloop
  endfacet
  facet normal -0.186135 -0.875715 -0.445508
    outer loop
      vertex 47.1837 90.4976 -3.6306
      vertex 48.9633 90.1364 -3.66413
      vertex 48.9379 90.0583 -3.5
    endloop
  endfacet
  facet normal -0.186159 -0.875859 -0.445215
    outer loop
      vertex 48.9633 90.1364 -3.66413
      vertex 47.1837 90.4976 -3.6306
      vertex 49.007 90.552 -4.5
    endloop
  endfacet
  facet normal -0.526349 -0.724521 -0.445002
    outer loop
      vertex 45.25 91.7728 -4.5
      vertex 43.9214 92.6121 -4.29502
      vertex 43.9682 92.704 -4.5
    endloop
  endfacet
  facet normal -0.526301 -0.724372 -0.445301
    outer loop
      vertex 43.9214 92.6121 -4.29502
      vertex 45.25 91.7728 -4.5
      vertex 45 91.3397 -3.5
    endloop
  endfacet
  facet normal -0.851586 0.276659 -0.445266
    outer loop
      vertex 40.7076 101.975 -4.5
      vertex 40.6658 102.803 -3.90559
      vertex 40.9688 102.779 -4.5
    endloop
  endfacet
  facet normal -0.851575 0.27667 -0.445279
    outer loop
      vertex 40.6658 102.803 -3.90559
      vertex 40.7076 101.975 -4.5
      vertex 40.2185 102.079 -3.5
    endloop
  endfacet
  facet normal 0.52631 -0.724372 -0.44529
    outer loop
      vertex 56.2603 92.2554 -3.5
      vertex 55 91.3397 -3.5
      vertex 56.0786 92.6121 -4.29502
    endloop
  endfacet
  facet normal 0 0.895255 -0.445555
    outer loop
      vertex 49.007 109.448 -4.5
      vertex 48.9633 109.864 -3.66413
      vertex 49.0983 109.448 -4.5
    endloop
  endfacet
  facet normal 0 0.895255 -0.445555
    outer loop
      vertex 50.993 109.448 -4.5
      vertex 50.9017 109.448 -4.5
      vertex 51.0367 109.864 -3.66413
    endloop
  endfacet
  facet normal -0.363916 -0.818094 -0.445295
    outer loop
      vertex 45.25 91.7728 -4.5
      vertex 45.2284 91.2381 -3.5
      vertex 45 91.3397 -3.5
    endloop
  endfacet
  facet normal -0.364259 -0.817972 -0.445238
    outer loop
      vertex 45.2284 91.2381 -3.5
      vertex 45.25 91.7728 -4.5
      vertex 45.512 91.5702 -4.34214
    endloop
  endfacet
  facet normal -0.186173 -0.875841 -0.445244
    outer loop
      vertex 49.007 90.552 -4.5
      vertex 47.1837 90.4976 -3.6306
      vertex 47.2179 90.9323 -4.5
    endloop
  endfacet
  facet normal 0.665587 0.59891 -0.44531
    outer loop
      vertex 57.6857 105.584 -4.5
      vertex 57.6213 106.198 -3.77047
      vertex 58.0902 105.878 -3.5
    endloop
  endfacet
  facet normal 0.665218 0.599147 -0.445542
    outer loop
      vertex 57.6213 106.198 -3.77047
      vertex 57.6857 105.584 -4.5
      vertex 57.2867 106.027 -4.5
    endloop
  endfacet
  facet normal 0.665369 -0.599162 -0.445296
    outer loop
      vertex 57.7454 93.7392 -3.5
      vertex 57.6213 93.8024 -3.77047
      vertex 58.0902 94.1221 -3.5
    endloop
  endfacet
  facet normal -0.851557 -0.276681 -0.445307
    outer loop
      vertex 40.459 97.1807 -3.5
      vertex 40.2185 97.9209 -3.5
      vertex 40.6658 97.197 -3.90559
    endloop
  endfacet
  facet normal 0.364363 -0.818 -0.445101
    outer loop
      vertex 54.488 91.5702 -4.34214
      vertex 54.4348 91.6324 -4.5
      vertex 54.75 91.7728 -4.5
    endloop
  endfacet
  facet normal 0.365795 0.817721 -0.444438
    outer loop
      vertex 54.75 108.227 -4.5
      vertex 54.4348 108.368 -4.5
      vertex 54.488 108.43 -4.34214
    endloop
  endfacet
  facet normal 0.775459 -0.447688 -0.445241
    outer loop
      vertex 58.7398 95.2473 -3.5
      vertex 58.0902 94.1221 -3.5
      vertex 58.4831 95.4666 -4.16759
    endloop
  endfacet
  facet normal 0.851557 -0.276681 -0.445307
    outer loop
      vertex 59.541 97.1807 -3.5
      vertex 59.3342 97.197 -3.90559
      vertex 59.7815 97.9209 -3.5
    endloop
  endfacet
  facet normal 0.665573 0.59919 -0.444954
    outer loop
      vertex 58.0902 105.878 -3.5
      vertex 57.6213 106.198 -3.77047
      vertex 57.7454 106.261 -3.5
    endloop
  endfacet
  facet normal 0.890485 0.0936316 -0.445274
    outer loop
      vertex 59.6301 100.961 -4.03787
      vertex 59.2924 101.975 -4.5
      vertex 59.7815 102.079 -3.5
    endloop
  endfacet
  facet normal 0.890424 0.0935478 -0.445413
    outer loop
      vertex 59.2924 101.975 -4.5
      vertex 59.6301 100.961 -4.03787
      vertex 59.4066 100.888 -4.5
    endloop
  endfacet
  facet normal -0.526197 0.724479 -0.445249
    outer loop
      vertex 45.25 108.227 -4.5
      vertex 43.9214 107.388 -4.29502
      vertex 45 108.66 -3.5
    endloop
  endfacet
  facet normal -0.52619 0.724458 -0.445291
    outer loop
      vertex 43.9214 107.388 -4.29502
      vertex 45.25 108.227 -4.5
      vertex 43.9682 107.296 -4.5
    endloop
  endfacet
  facet normal 0.365113 0.817566 -0.445284
    outer loop
      vertex 54.75 108.227 -4.5
      vertex 54.7716 108.762 -3.5
      vertex 55 108.66 -3.5
    endloop
  endfacet
  facet normal 0.365158 0.81755 -0.445277
    outer loop
      vertex 54.7716 108.762 -3.5
      vertex 54.75 108.227 -4.5
      vertex 54.488 108.43 -4.34214
    endloop
  endfacet
  facet normal -0.890457 -0.0935512 -0.445348
    outer loop
      vertex 40.7076 98.0248 -4.5
      vertex 40.3699 99.0392 -4.03787
      vertex 40.5934 99.1118 -4.5
    endloop
  endfacet
  facet normal -0.890493 -0.0936012 -0.445265
    outer loop
      vertex 40.3699 99.0392 -4.03787
      vertex 40.7076 98.0248 -4.5
      vertex 40.2185 97.9209 -3.5
    endloop
  endfacet
  facet normal -0.775413 -0.447611 -0.445397
    outer loop
      vertex 42.3143 94.416 -4.5
      vertex 41.5169 95.4666 -4.16759
      vertex 41.6448 95.5758 -4.5
    endloop
  endfacet
  facet normal -0.775454 -0.447689 -0.445247
    outer loop
      vertex 41.5169 95.4666 -4.16759
      vertex 42.3143 94.416 -4.5
      vertex 41.9098 94.1221 -3.5
    endloop
  endfacet
  facet normal 0.775514 0.447555 -0.445277
    outer loop
      vertex 58.4831 104.533 -4.16759
      vertex 57.6857 105.584 -4.5
      vertex 58.0902 105.878 -3.5
    endloop
  endfacet
  facet normal 0.775542 0.447608 -0.445176
    outer loop
      vertex 57.6857 105.584 -4.5
      vertex 58.4831 104.533 -4.16759
      vertex 58.3552 104.424 -4.5
    endloop
  endfacet
  facet normal -0.77526 0.447652 -0.445622
    outer loop
      vertex 41.5169 104.533 -4.16759
      vertex 41.2602 104.753 -3.5
      vertex 41.9098 105.878 -3.5
    endloop
  endfacet
  facet normal 0.364259 -0.817972 -0.445238
    outer loop
      vertex 54.75 91.7728 -4.5
      vertex 54.7716 91.2381 -3.5
      vertex 54.488 91.5702 -4.34214
    endloop
  endfacet
  facet normal 0.363916 -0.818094 -0.445295
    outer loop
      vertex 54.7716 91.2381 -3.5
      vertex 54.75 91.7728 -4.5
      vertex 55 91.3397 -3.5
    endloop
  endfacet
  facet normal -0.665369 -0.599162 -0.445296
    outer loop
      vertex 42.2546 93.7392 -3.5
      vertex 41.9098 94.1221 -3.5
      vertex 42.3787 93.8024 -3.77047
    endloop
  endfacet
  facet normal -0.52631 -0.724372 -0.44529
    outer loop
      vertex 45 91.3397 -3.5
      vertex 43.7397 92.2554 -3.5
      vertex 43.9214 92.6121 -4.29502
    endloop
  endfacet
  facet normal 0.185804 0.874024 -0.448953
    outer loop
      vertex 52.8163 109.502 -3.6306
      vertex 51.0621 109.942 -3.5
      vertex 52.8214 109.568 -3.5
    endloop
  endfacet
  facet normal 0.186546 0.875837 -0.445096
    outer loop
      vertex 52.8163 109.502 -3.6306
      vertex 51.0367 109.864 -3.66413
      vertex 51.0621 109.942 -3.5
    endloop
  endfacet
  facet normal 0.18651 0.875621 -0.445535
    outer loop
      vertex 51.0367 109.864 -3.66413
      vertex 52.8163 109.502 -3.6306
      vertex 50.993 109.448 -4.5
    endloop
  endfacet
  facet normal 0.186194 -0.875859 -0.4452
    outer loop
      vertex 51.0621 90.0583 -3.5
      vertex 52.8163 90.4976 -3.6306
      vertex 52.8214 90.4323 -3.5
    endloop
  endfacet
  facet normal 0.186135 -0.875715 -0.445508
    outer loop
      vertex 51.0367 90.1364 -3.66413
      vertex 52.8163 90.4976 -3.6306
      vertex 51.0621 90.0583 -3.5
    endloop
  endfacet
  facet normal 0.186159 -0.875859 -0.445215
    outer loop
      vertex 52.8163 90.4976 -3.6306
      vertex 51.0367 90.1364 -3.66413
      vertex 50.993 90.552 -4.5
    endloop
  endfacet
  facet normal 0.186173 -0.875841 -0.445244
    outer loop
      vertex 52.8163 90.4976 -3.6306
      vertex 50.993 90.552 -4.5
      vertex 52.7821 90.9323 -4.5
    endloop
  endfacet
  facet normal 0.525976 0.724467 -0.445529
    outer loop
      vertex 56.0786 107.388 -4.29502
      vertex 55 108.66 -3.5
      vertex 56.2603 107.745 -3.5
    endloop
  endfacet
  facet normal 0.851575 0.27667 -0.445279
    outer loop
      vertex 59.2924 101.975 -4.5
      vertex 59.3342 102.803 -3.90559
      vertex 59.7815 102.079 -3.5
    endloop
  endfacet
  facet normal 0.851586 0.276659 -0.445266
    outer loop
      vertex 59.3342 102.803 -3.90559
      vertex 59.2924 101.975 -4.5
      vertex 59.0312 102.779 -4.5
    endloop
  endfacet
  facet normal -0.364363 -0.818 -0.445101
    outer loop
      vertex 45.512 91.5702 -4.34214
      vertex 45.25 91.7728 -4.5
      vertex 45.5652 91.6324 -4.5
    endloop
  endfacet
  facet normal -0.0777456 -0.996973 0.000287749
    outer loop
      vertex 59.0094 97.2225 0
      vertex 59.3342 97.197 -0.594409
      vertex 59.0312 97.2208 0
    endloop
  endfacet
  facet normal -0.078269 -0.996932 0
    outer loop
      vertex 59.3342 97.197 -3.90559
      vertex 59.3342 97.197 -0.594409
      vertex 59.0094 97.2225 0
    endloop
  endfacet
  facet normal -0.0785764 -0.996908 -0
    outer loop
      vertex 59.3342 97.197 -0.594409
      vertex 59.3342 97.197 -3.90559
      vertex 59.541 97.1807 -1
    endloop
  endfacet
  facet normal -0.0785764 -0.996908 -0
    outer loop
      vertex 59.541 97.1807 -1
      vertex 59.3342 97.197 -3.90559
      vertex 59.541 97.1807 -3.5
    endloop
  endfacet
  facet normal -0.078269 -0.996932 0
    outer loop
      vertex 59.0094 97.2225 -4.5
      vertex 59.3342 97.197 -3.90559
      vertex 59.0094 97.2225 0
    endloop
  endfacet
  facet normal -0.0777456 -0.996973 -0.000287748
    outer loop
      vertex 59.3342 97.197 -3.90559
      vertex 59.0094 97.2225 -4.5
      vertex 59.0312 97.2208 -4.5
    endloop
  endfacet
  facet normal 0.649575 0.760298 0.000168765
    outer loop
      vertex 58.4831 95.4666 -0.332413
      vertex 58.3346 95.5934 0
      vertex 58.3552 95.5758 0
    endloop
  endfacet
  facet normal 0.649546 0.760322 -0
    outer loop
      vertex 58.4831 95.4666 -4.16759
      vertex 58.4831 95.4666 -0.332413
      vertex 58.7398 95.2473 -1
    endloop
  endfacet
  facet normal 0.649546 0.760322 0
    outer loop
      vertex 58.4831 95.4666 -4.16759
      vertex 58.7398 95.2473 -1
      vertex 58.7398 95.2473 -3.5
    endloop
  endfacet
  facet normal 0.649356 0.760484 0
    outer loop
      vertex 58.4831 95.4666 -0.332413
      vertex 58.4831 95.4666 -4.16759
      vertex 58.3346 95.5934 0
    endloop
  endfacet
  facet normal 0.649575 0.760298 -0.000168766
    outer loop
      vertex 58.3346 95.5934 -4.5
      vertex 58.4831 95.4666 -4.16759
      vertex 58.3552 95.5758 -4.5
    endloop
  endfacet
  facet normal 0.649356 0.760484 0
    outer loop
      vertex 58.4831 95.4666 -4.16759
      vertex 58.3346 95.5934 -4.5
      vertex 58.3346 95.5934 0
    endloop
  endfacet
  facet normal 0.923879 -0.382686 0
    outer loop
      vertex 58.3346 95.5934 0
      vertex 59.0094 97.2225 -4.5
      vertex 59.0094 97.2225 0
    endloop
  endfacet
  facet normal 0.923879 -0.382686 0
    outer loop
      vertex 59.0094 97.2225 -4.5
      vertex 58.3346 95.5934 0
      vertex 58.3346 95.5934 -4.5
    endloop
  endfacet
  facet normal -0.455413 -0.89028 -0.00080637
    outer loop
      vertex 57.2607 93.9862 0
      vertex 57.6213 93.8024 -0.729528
      vertex 57.2867 93.9729 0
    endloop
  endfacet
  facet normal -0.454118 -0.890941 0
    outer loop
      vertex 57.6213 93.8024 -3.77047
      vertex 57.6213 93.8024 -0.729528
      vertex 57.2607 93.9862 0
    endloop
  endfacet
  facet normal -0.453807 -0.8911 -0
    outer loop
      vertex 57.6213 93.8024 -0.729528
      vertex 57.6213 93.8024 -3.77047
      vertex 57.7454 93.7392 -1
    endloop
  endfacet
  facet normal -0.453807 -0.8911 -0
    outer loop
      vertex 57.7454 93.7392 -1
      vertex 57.6213 93.8024 -3.77047
      vertex 57.7454 93.7392 -3.5
    endloop
  endfacet
  facet normal -0.454118 -0.890941 0
    outer loop
      vertex 57.2607 93.9862 -4.5
      vertex 57.6213 93.8024 -3.77047
      vertex 57.2607 93.9862 0
    endloop
  endfacet
  facet normal -0.455413 -0.89028 0.000806368
    outer loop
      vertex 57.6213 93.8024 -3.77047
      vertex 57.2607 93.9862 -4.5
      vertex 57.2867 93.9729 -4.5
    endloop
  endfacet
  facet normal 0.890866 0.454266 -0.000265935
    outer loop
      vertex 56.0786 92.6121 -0.204982
      vertex 56.0138 92.7393 0
      vertex 56.0318 92.704 0
    endloop
  endfacet
  facet normal 0.891039 0.453926 0
    outer loop
      vertex 56.0138 92.7393 0
      vertex 56.0786 92.6121 -0.204982
      vertex 56.0138 92.7393 -4.5
    endloop
  endfacet
  facet normal 0.891039 0.453926 -0
    outer loop
      vertex 56.0786 92.6121 -4.29502
      vertex 56.0138 92.7393 -4.5
      vertex 56.0786 92.6121 -0.204982
    endloop
  endfacet
  facet normal 0.890866 0.454266 0.000265938
    outer loop
      vertex 56.0138 92.7393 -4.5
      vertex 56.0786 92.6121 -4.29502
      vertex 56.0318 92.704 -4.5
    endloop
  endfacet
  facet normal 0.891055 0.453896 0
    outer loop
      vertex 56.2603 92.2554 -1
      vertex 56.0786 92.6121 -4.29502
      vertex 56.0786 92.6121 -0.204982
    endloop
  endfacet
  facet normal 0.891055 0.453896 0
    outer loop
      vertex 56.0786 92.6121 -4.29502
      vertex 56.2603 92.2554 -1
      vertex 56.2603 92.2554 -3.5
    endloop
  endfacet
  facet normal 0.707107 -0.707107 0
    outer loop
      vertex 56.0138 92.7393 -4.5
      vertex 57.2607 93.9862 0
      vertex 56.0138 92.7393 0
    endloop
  endfacet
  facet normal 0.707107 -0.707107 0
    outer loop
      vertex 57.2607 93.9862 0
      vertex 56.0138 92.7393 -4.5
      vertex 57.2607 93.9862 -4.5
    endloop
  endfacet
  facet normal -0.760231 -0.649652 0.000227659
    outer loop
      vertex 54.488 91.5702 -4.34214
      vertex 54.4066 91.6654 -4.5
      vertex 54.4348 91.6324 -4.5
    endloop
  endfacet
  facet normal -0.759277 -0.650767 -0.000936426
    outer loop
      vertex 54.7716 91.2381 -3.5
      vertex 54.4066 91.6654 -4.5
      vertex 54.488 91.5702 -4.34214
    endloop
  endfacet
  facet normal -0.760361 -0.649501 0
    outer loop
      vertex 54.4066 91.6654 -4.5
      vertex 54.7716 91.2381 -3.5
      vertex 54.4066 91.6654 0
    endloop
  endfacet
  facet normal -0.760231 -0.649652 -0.000227654
    outer loop
      vertex 54.4066 91.6654 0
      vertex 54.488 91.5702 -0.157863
      vertex 54.4348 91.6324 0
    endloop
  endfacet
  facet normal -0.760361 -0.649501 -0
    outer loop
      vertex 54.7716 91.2381 -1
      vertex 54.4066 91.6654 0
      vertex 54.7716 91.2381 -3.5
    endloop
  endfacet
  facet normal -0.759277 -0.650767 0.000936469
    outer loop
      vertex 54.4066 91.6654 0
      vertex 54.7716 91.2381 -1
      vertex 54.488 91.5702 -0.157863
    endloop
  endfacet
  facet normal 0.996902 0.0786578 -0.000113289
    outer loop
      vertex 52.8163 90.4976 -0.869401
      vertex 52.7775 90.9906 0
      vertex 52.7821 90.9323 0
    endloop
  endfacet
  facet normal 0.996917 0.0784592 0
    outer loop
      vertex 52.7775 90.9906 0
      vertex 52.8163 90.4976 -0.869401
      vertex 52.7775 90.9906 -4.5
    endloop
  endfacet
  facet normal 0.996917 0.0784592 -0
    outer loop
      vertex 52.8163 90.4976 -3.6306
      vertex 52.7775 90.9906 -4.5
      vertex 52.8163 90.4976 -0.869401
    endloop
  endfacet
  facet normal 0.996902 0.0786578 0.000113289
    outer loop
      vertex 52.7775 90.9906 -4.5
      vertex 52.8163 90.4976 -3.6306
      vertex 52.7821 90.9323 -4.5
    endloop
  endfacet
  facet normal 0.996964 0.077864 0
    outer loop
      vertex 52.8214 90.4323 -1
      vertex 52.8163 90.4976 -3.6306
      vertex 52.8163 90.4976 -0.869401
    endloop
  endfacet
  facet normal 0.996964 0.077864 0
    outer loop
      vertex 52.8163 90.4976 -3.6306
      vertex 52.8214 90.4323 -1
      vertex 52.8214 90.4323 -3.5
    endloop
  endfacet
  facet normal 0.382686 -0.923879 0
    outer loop
      vertex 52.7775 90.9906 -4.5
      vertex 54.4066 91.6654 0
      vertex 52.7775 90.9906 0
    endloop
  endfacet
  facet normal 0.382686 -0.923879 0
    outer loop
      vertex 54.4066 91.6654 0
      vertex 52.7775 90.9906 -4.5
      vertex 54.4066 91.6654 -4.5
    endloop
  endfacet
  facet normal -0.950977 -0.309261 -0.000175744
    outer loop
      vertex 51.0367 90.1364 -3.66413
      vertex 50.8817 90.6135 -4.5
      vertex 50.9017 90.552 -4.5
    endloop
  endfacet
  facet normal -0.951068 -0.308982 0
    outer loop
      vertex 50.8817 90.6135 -4.5
      vertex 51.0367 90.1364 -3.66413
      vertex 50.8817 90.6135 0
    endloop
  endfacet
  facet normal -0.951068 -0.308982 -0
    outer loop
      vertex 51.0367 90.1364 -0.83587
      vertex 50.8817 90.6135 0
      vertex 51.0367 90.1364 -3.66413
    endloop
  endfacet
  facet normal -0.950977 -0.309261 0.000175744
    outer loop
      vertex 50.8817 90.6135 0
      vertex 51.0367 90.1364 -0.83587
      vertex 50.9017 90.552 0
    endloop
  endfacet
  facet normal -0.950971 -0.309279 0
    outer loop
      vertex 51.0621 90.0583 -3.5
      vertex 51.0367 90.1364 -0.83587
      vertex 51.0367 90.1364 -3.66413
    endloop
  endfacet
  facet normal -0.950971 -0.309279 0
    outer loop
      vertex 51.0367 90.1364 -0.83587
      vertex 51.0621 90.0583 -3.5
      vertex 51.0621 90.0583 -1
    endloop
  endfacet
  facet normal 0.950977 -0.309261 0.000175744
    outer loop
      vertex 48.9633 90.1364 -0.83587
      vertex 49.1183 90.6135 0
      vertex 49.0983 90.552 0
    endloop
  endfacet
  facet normal 0.951068 -0.308982 0
    outer loop
      vertex 49.1183 90.6135 0
      vertex 48.9633 90.1364 -0.83587
      vertex 49.1183 90.6135 -4.5
    endloop
  endfacet
  facet normal 0.951068 -0.308982 0
    outer loop
      vertex 48.9633 90.1364 -3.66413
      vertex 49.1183 90.6135 -4.5
      vertex 48.9633 90.1364 -0.83587
    endloop
  endfacet
  facet normal 0.950977 -0.309261 -0.000175744
    outer loop
      vertex 49.1183 90.6135 -4.5
      vertex 48.9633 90.1364 -3.66413
      vertex 49.0983 90.552 -4.5
    endloop
  endfacet
  facet normal 0.950971 -0.309279 0
    outer loop
      vertex 48.9379 90.0583 -1
      vertex 48.9633 90.1364 -3.66413
      vertex 48.9633 90.1364 -0.83587
    endloop
  endfacet
  facet normal 0.950971 -0.309279 0
    outer loop
      vertex 48.9633 90.1364 -3.66413
      vertex 48.9379 90.0583 -1
      vertex 48.9379 90.0583 -3.5
    endloop
  endfacet
  facet normal 0 -1 0
    outer loop
      vertex 49.1183 90.6135 -4.5
      vertex 50.8817 90.6135 0
      vertex 49.1183 90.6135 0
    endloop
  endfacet
  facet normal 0 -1 -0
    outer loop
      vertex 50.8817 90.6135 0
      vertex 49.1183 90.6135 -4.5
      vertex 50.8817 90.6135 -4.5
    endloop
  endfacet
  facet normal -0.382686 -0.923879 0
    outer loop
      vertex 45.5934 91.6654 -4.5
      vertex 47.2225 90.9906 0
      vertex 45.5934 91.6654 0
    endloop
  endfacet
  facet normal -0.382686 -0.923879 -0
    outer loop
      vertex 47.2225 90.9906 0
      vertex 45.5934 91.6654 -4.5
      vertex 47.2225 90.9906 -4.5
    endloop
  endfacet
  facet normal -0.996902 0.0786578 0.000113289
    outer loop
      vertex 47.1837 90.4976 -3.6306
      vertex 47.2225 90.9906 -4.5
      vertex 47.2179 90.9323 -4.5
    endloop
  endfacet
  facet normal -0.996917 0.0784592 0
    outer loop
      vertex 47.2225 90.9906 -4.5
      vertex 47.1837 90.4976 -3.6306
      vertex 47.2225 90.9906 0
    endloop
  endfacet
  facet normal -0.996917 0.0784592 0
    outer loop
      vertex 47.1837 90.4976 -0.869401
      vertex 47.2225 90.9906 0
      vertex 47.1837 90.4976 -3.6306
    endloop
  endfacet
  facet normal -0.996902 0.0786578 -0.000113289
    outer loop
      vertex 47.2225 90.9906 0
      vertex 47.1837 90.4976 -0.869401
      vertex 47.2179 90.9323 0
    endloop
  endfacet
  facet normal -0.996964 0.077864 0
    outer loop
      vertex 47.1786 90.4323 -3.5
      vertex 47.1837 90.4976 -0.869401
      vertex 47.1837 90.4976 -3.6306
    endloop
  endfacet
  facet normal -0.996964 0.077864 0
    outer loop
      vertex 47.1837 90.4976 -0.869401
      vertex 47.1786 90.4323 -3.5
      vertex 47.1786 90.4323 -1
    endloop
  endfacet
  facet normal 0.760231 -0.649652 -0.000227654
    outer loop
      vertex 45.512 91.5702 -0.157863
      vertex 45.5934 91.6654 0
      vertex 45.5652 91.6324 0
    endloop
  endfacet
  facet normal 0.759277 -0.650767 0.000936469
    outer loop
      vertex 45.2284 91.2381 -1
      vertex 45.5934 91.6654 0
      vertex 45.512 91.5702 -0.157863
    endloop
  endfacet
  facet normal 0.760361 -0.649501 0
    outer loop
      vertex 45.5934 91.6654 0
      vertex 45.2284 91.2381 -1
      vertex 45.5934 91.6654 -4.5
    endloop
  endfacet
  facet normal 0.760231 -0.649652 0.000227659
    outer loop
      vertex 45.5934 91.6654 -4.5
      vertex 45.512 91.5702 -4.34214
      vertex 45.5652 91.6324 -4.5
    endloop
  endfacet
  facet normal 0.760361 -0.649501 0
    outer loop
      vertex 45.2284 91.2381 -3.5
      vertex 45.5934 91.6654 -4.5
      vertex 45.2284 91.2381 -1
    endloop
  endfacet
  facet normal 0.759277 -0.650767 -0.000936426
    outer loop
      vertex 45.5934 91.6654 -4.5
      vertex 45.2284 91.2381 -3.5
      vertex 45.512 91.5702 -4.34214
    endloop
  endfacet
  facet normal -0.707107 -0.707107 0
    outer loop
      vertex 42.7393 93.9862 -4.5
      vertex 43.9862 92.7393 0
      vertex 42.7393 93.9862 0
    endloop
  endfacet
  facet normal -0.707107 -0.707107 -0
    outer loop
      vertex 43.9862 92.7393 0
      vertex 42.7393 93.9862 -4.5
      vertex 43.9862 92.7393 -4.5
    endloop
  endfacet
  facet normal -0.890866 0.454266 0.000265938
    outer loop
      vertex 43.9214 92.6121 -4.29502
      vertex 43.9862 92.7393 -4.5
      vertex 43.9682 92.704 -4.5
    endloop
  endfacet
  facet normal -0.891039 0.453926 0
    outer loop
      vertex 43.9862 92.7393 -4.5
      vertex 43.9214 92.6121 -4.29502
      vertex 43.9862 92.7393 0
    endloop
  endfacet
  facet normal -0.891039 0.453926 0
    outer loop
      vertex 43.9214 92.6121 -0.204982
      vertex 43.9862 92.7393 0
      vertex 43.9214 92.6121 -4.29502
    endloop
  endfacet
  facet normal -0.890866 0.454266 -0.000265935
    outer loop
      vertex 43.9862 92.7393 0
      vertex 43.9214 92.6121 -0.204982
      vertex 43.9682 92.704 0
    endloop
  endfacet
  facet normal -0.891055 0.453896 0
    outer loop
      vertex 43.7397 92.2554 -3.5
      vertex 43.9214 92.6121 -0.204982
      vertex 43.9214 92.6121 -4.29502
    endloop
  endfacet
  facet normal -0.891055 0.453896 0
    outer loop
      vertex 43.9214 92.6121 -0.204982
      vertex 43.7397 92.2554 -3.5
      vertex 43.7397 92.2554 -1
    endloop
  endfacet
  facet normal 0.455413 -0.89028 -0.00080637
    outer loop
      vertex 42.3787 93.8024 -0.729528
      vertex 42.7393 93.9862 0
      vertex 42.7133 93.9729 0
    endloop
  endfacet
  facet normal 0.453807 -0.8911 0
    outer loop
      vertex 42.3787 93.8024 -3.77047
      vertex 42.3787 93.8024 -0.729528
      vertex 42.2546 93.7392 -1
    endloop
  endfacet
  facet normal 0.453807 -0.8911 0
    outer loop
      vertex 42.3787 93.8024 -3.77047
      vertex 42.2546 93.7392 -1
      vertex 42.2546 93.7392 -3.5
    endloop
  endfacet
  facet normal 0.454118 -0.890941 0
    outer loop
      vertex 42.3787 93.8024 -0.729528
      vertex 42.3787 93.8024 -3.77047
      vertex 42.7393 93.9862 0
    endloop
  endfacet
  facet normal 0.455413 -0.89028 0.000806368
    outer loop
      vertex 42.7393 93.9862 -4.5
      vertex 42.3787 93.8024 -3.77047
      vertex 42.7133 93.9729 -4.5
    endloop
  endfacet
  facet normal 0.454118 -0.890941 0
    outer loop
      vertex 42.3787 93.8024 -3.77047
      vertex 42.7393 93.9862 -4.5
      vertex 42.7393 93.9862 0
    endloop
  endfacet
  facet normal -0.923879 -0.382686 0
    outer loop
      vertex 41.6654 95.5934 -4.5
      vertex 40.9906 97.2225 0
      vertex 40.9906 97.2225 -4.5
    endloop
  endfacet
  facet normal -0.923879 -0.382686 0
    outer loop
      vertex 40.9906 97.2225 0
      vertex 41.6654 95.5934 -4.5
      vertex 41.6654 95.5934 0
    endloop
  endfacet
  facet normal -0.649575 0.760298 0.000168765
    outer loop
      vertex 41.6654 95.5934 0
      vertex 41.5169 95.4666 -0.332413
      vertex 41.6448 95.5758 0
    endloop
  endfacet
  facet normal -0.649356 0.760484 0
    outer loop
      vertex 41.5169 95.4666 -4.16759
      vertex 41.5169 95.4666 -0.332413
      vertex 41.6654 95.5934 0
    endloop
  endfacet
  facet normal -0.649546 0.760322 0
    outer loop
      vertex 41.5169 95.4666 -0.332413
      vertex 41.5169 95.4666 -4.16759
      vertex 41.2602 95.2473 -1
    endloop
  endfacet
  facet normal -0.649546 0.760322 0
    outer loop
      vertex 41.2602 95.2473 -1
      vertex 41.5169 95.4666 -4.16759
      vertex 41.2602 95.2473 -3.5
    endloop
  endfacet
  facet normal -0.649356 0.760484 0
    outer loop
      vertex 41.6654 95.5934 -4.5
      vertex 41.5169 95.4666 -4.16759
      vertex 41.6654 95.5934 0
    endloop
  endfacet
  facet normal -0.649575 0.760298 -0.000168766
    outer loop
      vertex 41.5169 95.4666 -4.16759
      vertex 41.6654 95.5934 -4.5
      vertex 41.6448 95.5758 -4.5
    endloop
  endfacet
  facet normal 0.0777456 -0.996973 0.000287749
    outer loop
      vertex 40.6658 97.197 -0.594409
      vertex 40.9906 97.2225 0
      vertex 40.9688 97.2208 0
    endloop
  endfacet
  facet normal 0.0785764 -0.996908 0
    outer loop
      vertex 40.6658 97.197 -3.90559
      vertex 40.6658 97.197 -0.594409
      vertex 40.459 97.1807 -1
    endloop
  endfacet
  facet normal 0.0785764 -0.996908 0
    outer loop
      vertex 40.6658 97.197 -3.90559
      vertex 40.459 97.1807 -1
      vertex 40.459 97.1807 -3.5
    endloop
  endfacet
  facet normal 0.078269 -0.996932 0
    outer loop
      vertex 40.6658 97.197 -0.594409
      vertex 40.6658 97.197 -3.90559
      vertex 40.9906 97.2225 0
    endloop
  endfacet
  facet normal 0.0777456 -0.996973 -0.000287748
    outer loop
      vertex 40.9906 97.2225 -4.5
      vertex 40.6658 97.197 -3.90559
      vertex 40.9688 97.2208 -4.5
    endloop
  endfacet
  facet normal 0.078269 -0.996932 0
    outer loop
      vertex 40.6658 97.197 -3.90559
      vertex 40.9906 97.2225 -4.5
      vertex 40.9906 97.2225 0
    endloop
  endfacet
  facet normal -0.286011 -0.958138 -0.0130277
    outer loop
      vertex 40.3699 100.961 -0.462134
      vertex 40.6135 100.882 0
      vertex 40.5934 100.888 0
    endloop
  endfacet
  facet normal -0.30743 -0.951571 0
    outer loop
      vertex 40.3699 100.961 -4.03787
      vertex 40.3699 100.961 -0.462134
      vertex 40.1099 101.045 -1
    endloop
  endfacet
  facet normal -0.30743 -0.951571 0
    outer loop
      vertex 40.3699 100.961 -4.03787
      vertex 40.1099 101.045 -1
      vertex 40.1099 101.045 -3.5
    endloop
  endfacet
  facet normal -0.308486 -0.951229 -0
    outer loop
      vertex 40.3699 100.961 -0.462134
      vertex 40.3699 100.961 -4.03787
      vertex 40.6135 100.882 0
    endloop
  endfacet
  facet normal -0.286011 -0.958138 0.0130278
    outer loop
      vertex 40.6135 100.882 -4.5
      vertex 40.3699 100.961 -4.03787
      vertex 40.5934 100.888 -4.5
    endloop
  endfacet
  facet normal -0.308486 -0.951229 0
    outer loop
      vertex 40.3699 100.961 -4.03787
      vertex 40.6135 100.882 -4.5
      vertex 40.6135 100.882 0
    endloop
  endfacet
  facet normal -1 0 0
    outer loop
      vertex 40.6135 99.1183 -4.5
      vertex 40.6135 100.882 0
      vertex 40.6135 100.882 -4.5
    endloop
  endfacet
  facet normal -1 -0 0
    outer loop
      vertex 40.6135 100.882 0
      vertex 40.6135 99.1183 -4.5
      vertex 40.6135 99.1183 0
    endloop
  endfacet
  facet normal -0.307694 0.951485 -0.000666836
    outer loop
      vertex 40.6135 99.1183 0
      vertex 40.3699 99.0392 -0.462134
      vertex 40.5934 99.1118 0
    endloop
  endfacet
  facet normal -0.308839 0.951114 0
    outer loop
      vertex 40.3699 99.0392 -4.03787
      vertex 40.3699 99.0392 -0.462134
      vertex 40.6135 99.1183 0
    endloop
  endfacet
  facet normal -0.309086 0.951034 0
    outer loop
      vertex 40.3699 99.0392 -0.462134
      vertex 40.3699 99.0392 -4.03787
      vertex 40.1099 98.9547 -1
    endloop
  endfacet
  facet normal -0.309086 0.951034 0
    outer loop
      vertex 40.1099 98.9547 -1
      vertex 40.3699 99.0392 -4.03787
      vertex 40.1099 98.9547 -3.5
    endloop
  endfacet
  facet normal -0.308839 0.951114 0
    outer loop
      vertex 40.6135 99.1183 -4.5
      vertex 40.3699 99.0392 -4.03787
      vertex 40.6135 99.1183 0
    endloop
  endfacet
  facet normal -0.307694 0.951485 0.000666842
    outer loop
      vertex 40.3699 99.0392 -4.03787
      vertex 40.6135 99.1183 -4.5
      vertex 40.5934 99.1118 -4.5
    endloop
  endfacet
  facet normal -0.636474 -0.771257 -0.00800799
    outer loop
      vertex 41.5169 104.533 -0.332413
      vertex 41.6654 104.407 0
      vertex 41.6448 104.424 0
    endloop
  endfacet
  facet normal -0.650743 -0.759298 0
    outer loop
      vertex 41.5169 104.533 -4.16759
      vertex 41.5169 104.533 -0.332413
      vertex 41.2602 104.753 -1
    endloop
  endfacet
  facet normal -0.650743 -0.759298 0
    outer loop
      vertex 41.5169 104.533 -4.16759
      vertex 41.2602 104.753 -1
      vertex 41.2602 104.753 -3.5
    endloop
  endfacet
  facet normal -0.646977 -0.762509 -0
    outer loop
      vertex 41.5169 104.533 -0.332413
      vertex 41.5169 104.533 -4.16759
      vertex 41.6654 104.407 0
    endloop
  endfacet
  facet normal -0.636474 -0.771257 0.00800806
    outer loop
      vertex 41.6654 104.407 -4.5
      vertex 41.5169 104.533 -4.16759
      vertex 41.6448 104.424 -4.5
    endloop
  endfacet
  facet normal -0.646977 -0.762509 0
    outer loop
      vertex 41.5169 104.533 -4.16759
      vertex 41.6654 104.407 -4.5
      vertex 41.6654 104.407 0
    endloop
  endfacet
  facet normal -0.923953 0.382505 0
    outer loop
      vertex 40.9906 102.777 -4.5
      vertex 41.6654 104.407 0
      vertex 41.6654 104.407 -4.5
    endloop
  endfacet
  facet normal -0.923953 0.382505 0
    outer loop
      vertex 41.6654 104.407 0
      vertex 40.9906 102.777 -4.5
      vertex 40.9906 102.777 0
    endloop
  endfacet
  facet normal 0.0913576 0.995798 -0.00636297
    outer loop
      vertex 40.9906 102.777 0
      vertex 40.6658 102.803 -0.594409
      vertex 40.9688 102.779 0
    endloop
  endfacet
  facet normal 0.079794 0.996811 -0
    outer loop
      vertex 40.6658 102.803 -3.90559
      vertex 40.6658 102.803 -0.594409
      vertex 40.9906 102.777 0
    endloop
  endfacet
  facet normal 0.0771389 0.99702 0
    outer loop
      vertex 40.6658 102.803 -0.594409
      vertex 40.6658 102.803 -3.90559
      vertex 40.459 102.819 -1
    endloop
  endfacet
  facet normal 0.0771389 0.99702 0
    outer loop
      vertex 40.459 102.819 -1
      vertex 40.6658 102.803 -3.90559
      vertex 40.459 102.819 -3.5
    endloop
  endfacet
  facet normal 0.079794 0.996811 -0
    outer loop
      vertex 40.9906 102.777 -4.5
      vertex 40.6658 102.803 -3.90559
      vertex 40.9906 102.777 0
    endloop
  endfacet
  facet normal 0.0913576 0.995798 0.00636296
    outer loop
      vertex 40.6658 102.803 -3.90559
      vertex 40.9906 102.777 -4.5
      vertex 40.9688 102.779 -4.5
    endloop
  endfacet
  facet normal -0.891209 -0.453593 0
    outer loop
      vertex 43.9214 107.388 -4.29502
      vertex 43.7397 107.745 -1
      vertex 43.7397 107.745 -3.5
    endloop
  endfacet
  facet normal -0.891209 -0.453593 0
    outer loop
      vertex 43.9214 107.388 -4.29502
      vertex 43.9214 107.388 -0.204982
      vertex 43.7397 107.745 -1
    endloop
  endfacet
  facet normal -0.889286 -0.457347 0.00223118
    outer loop
      vertex 43.9862 107.261 -4.5
      vertex 43.9214 107.388 -4.29502
      vertex 43.9682 107.296 -4.5
    endloop
  endfacet
  facet normal -0.89075 -0.454493 0
    outer loop
      vertex 43.9214 107.388 -4.29502
      vertex 43.9862 107.261 -4.5
      vertex 43.9214 107.388 -0.204982
    endloop
  endfacet
  facet normal -0.89075 -0.454493 -0
    outer loop
      vertex 43.9862 107.261 0
      vertex 43.9214 107.388 -0.204982
      vertex 43.9862 107.261 -4.5
    endloop
  endfacet
  facet normal -0.889286 -0.457347 -0.00223116
    outer loop
      vertex 43.9214 107.388 -0.204982
      vertex 43.9862 107.261 0
      vertex 43.9682 107.296 0
    endloop
  endfacet
  facet normal -0.707135 0.707078 0
    outer loop
      vertex 43.9862 107.261 -4.5
      vertex 42.7393 106.014 0
      vertex 43.9862 107.261 0
    endloop
  endfacet
  facet normal -0.707135 0.707078 0
    outer loop
      vertex 42.7393 106.014 0
      vertex 43.9862 107.261 -4.5
      vertex 42.7393 106.014 -4.5
    endloop
  endfacet
  facet normal 0.447209 0.894418 0.00453628
    outer loop
      vertex 42.7393 106.014 0
      vertex 42.3787 106.198 -0.729528
      vertex 42.7133 106.027 0
    endloop
  endfacet
  facet normal 0.45451 0.890741 -0
    outer loop
      vertex 42.3787 106.198 -3.77047
      vertex 42.3787 106.198 -0.729528
      vertex 42.7393 106.014 0
    endloop
  endfacet
  facet normal 0.452666 0.89168 0
    outer loop
      vertex 42.3787 106.198 -0.729528
      vertex 42.3787 106.198 -3.77047
      vertex 42.2546 106.261 -1
    endloop
  endfacet
  facet normal 0.452666 0.89168 0
    outer loop
      vertex 42.2546 106.261 -1
      vertex 42.3787 106.198 -3.77047
      vertex 42.2546 106.261 -3.5
    endloop
  endfacet
  facet normal 0.45451 0.890741 -0
    outer loop
      vertex 42.7393 106.014 -4.5
      vertex 42.3787 106.198 -3.77047
      vertex 42.7393 106.014 0
    endloop
  endfacet
  facet normal 0.447209 0.894418 -0.00453627
    outer loop
      vertex 42.3787 106.198 -3.77047
      vertex 42.7393 106.014 -4.5
      vertex 42.7133 106.027 -4.5
    endloop
  endfacet
  facet normal -0.997028 -0.0770431 0
    outer loop
      vertex 47.1837 109.502 -3.6306
      vertex 47.1786 109.568 -1
      vertex 47.1786 109.568 -3.5
    endloop
  endfacet
  facet normal -0.997028 -0.0770431 0
    outer loop
      vertex 47.1837 109.502 -3.6306
      vertex 47.1837 109.502 -0.869401
      vertex 47.1786 109.568 -1
    endloop
  endfacet
  facet normal -0.996974 -0.0777302 -0.000415936
    outer loop
      vertex 47.2225 109.009 -4.5
      vertex 47.1837 109.502 -3.6306
      vertex 47.2179 109.068 -4.5
    endloop
  endfacet
  facet normal -0.996917 -0.0784592 0
    outer loop
      vertex 47.1837 109.502 -3.6306
      vertex 47.2225 109.009 -4.5
      vertex 47.1837 109.502 -0.869401
    endloop
  endfacet
  facet normal -0.996917 -0.0784592 -0
    outer loop
      vertex 47.2225 109.009 0
      vertex 47.1837 109.502 -0.869401
      vertex 47.2225 109.009 -4.5
    endloop
  endfacet
  facet normal -0.996974 -0.0777302 0.000415935
    outer loop
      vertex 47.1837 109.502 -0.869401
      vertex 47.2225 109.009 0
      vertex 47.2179 109.068 0
    endloop
  endfacet
  facet normal -0.382298 0.924039 0
    outer loop
      vertex 47.2225 109.009 -4.5
      vertex 45.5934 108.335 0
      vertex 47.2225 109.009 0
    endloop
  endfacet
  facet normal -0.382298 0.924039 0
    outer loop
      vertex 45.5934 108.335 0
      vertex 47.2225 109.009 -4.5
      vertex 45.5934 108.335 -4.5
    endloop
  endfacet
  facet normal 0.757498 0.652833 0.00227311
    outer loop
      vertex 45.5934 108.335 0
      vertex 45.2284 108.762 -1
      vertex 45.512 108.43 -0.157863
    endloop
  endfacet
  facet normal 0.760136 0.649765 0
    outer loop
      vertex 45.2284 108.762 -1
      vertex 45.5934 108.335 0
      vertex 45.2284 108.762 -3.5
    endloop
  endfacet
  facet normal 0.760231 0.649652 -0.00105071
    outer loop
      vertex 45.5934 108.335 0
      vertex 45.512 108.43 -0.157863
      vertex 45.5652 108.368 0
    endloop
  endfacet
  facet normal 0.760136 0.649765 -0
    outer loop
      vertex 45.5934 108.335 -4.5
      vertex 45.2284 108.762 -3.5
      vertex 45.5934 108.335 0
    endloop
  endfacet
  facet normal 0.757498 0.652833 -0.00227301
    outer loop
      vertex 45.2284 108.762 -3.5
      vertex 45.5934 108.335 -4.5
      vertex 45.512 108.43 -4.34214
    endloop
  endfacet
  facet normal 0.760231 0.649652 0.00105073
    outer loop
      vertex 45.512 108.43 -4.34214
      vertex 45.5934 108.335 -4.5
      vertex 45.5652 108.368 -4.5
    endloop
  endfacet
  facet normal -0.950855 0.309637 0
    outer loop
      vertex 51.0367 109.864 -3.66413
      vertex 51.0621 109.942 -1
      vertex 51.0621 109.942 -3.5
    endloop
  endfacet
  facet normal -0.950855 0.309637 0
    outer loop
      vertex 51.0367 109.864 -3.66413
      vertex 51.0367 109.864 -0.83587
      vertex 51.0621 109.942 -1
    endloop
  endfacet
  facet normal -0.951708 0.307003 0.000918213
    outer loop
      vertex 50.8817 109.386 -4.5
      vertex 51.0367 109.864 -3.66413
      vertex 50.9017 109.448 -4.5
    endloop
  endfacet
  facet normal -0.951239 0.308456 0
    outer loop
      vertex 51.0367 109.864 -3.66413
      vertex 50.8817 109.386 -4.5
      vertex 51.0367 109.864 -0.83587
    endloop
  endfacet
  facet normal -0.951239 0.308456 0
    outer loop
      vertex 50.8817 109.386 0
      vertex 51.0367 109.864 -0.83587
      vertex 50.8817 109.386 -4.5
    endloop
  endfacet
  facet normal -0.951708 0.307003 -0.000918213
    outer loop
      vertex 51.0367 109.864 -0.83587
      vertex 50.8817 109.386 0
      vertex 50.9017 109.448 0
    endloop
  endfacet
  facet normal 0 1 -0
    outer loop
      vertex 50.8817 109.386 -4.5
      vertex 49.1183 109.386 0
      vertex 50.8817 109.386 0
    endloop
  endfacet
  facet normal 0 1 0
    outer loop
      vertex 49.1183 109.386 0
      vertex 50.8817 109.386 -4.5
      vertex 49.1183 109.386 -4.5
    endloop
  endfacet
  facet normal 0.950855 0.309637 0
    outer loop
      vertex 48.9633 109.864 -0.83587
      vertex 48.9379 109.942 -3.5
      vertex 48.9379 109.942 -1
    endloop
  endfacet
  facet normal 0.950855 0.309637 0
    outer loop
      vertex 48.9633 109.864 -0.83587
      vertex 48.9633 109.864 -3.66413
      vertex 48.9379 109.942 -3.5
    endloop
  endfacet
  facet normal 0.951708 0.307003 -0.000918213
    outer loop
      vertex 49.1183 109.386 0
      vertex 48.9633 109.864 -0.83587
      vertex 49.0983 109.448 0
    endloop
  endfacet
  facet normal 0.951239 0.308456 0
    outer loop
      vertex 48.9633 109.864 -0.83587
      vertex 49.1183 109.386 0
      vertex 48.9633 109.864 -3.66413
    endloop
  endfacet
  facet normal 0.951239 0.308456 -0
    outer loop
      vertex 49.1183 109.386 -4.5
      vertex 48.9633 109.864 -3.66413
      vertex 49.1183 109.386 0
    endloop
  endfacet
  facet normal 0.951708 0.307003 0.000918213
    outer loop
      vertex 48.9633 109.864 -3.66413
      vertex 49.1183 109.386 -4.5
      vertex 49.0983 109.448 -4.5
    endloop
  endfacet
  facet normal 0.997028 -0.0770431 0
    outer loop
      vertex 52.8163 109.502 -0.869401
      vertex 52.8214 109.568 -3.5
      vertex 52.8214 109.568 -1
    endloop
  endfacet
  facet normal 0.997028 -0.0770431 0
    outer loop
      vertex 52.8163 109.502 -0.869401
      vertex 52.8163 109.502 -3.6306
      vertex 52.8214 109.568 -3.5
    endloop
  endfacet
  facet normal 0.996974 -0.0777302 0.000415935
    outer loop
      vertex 52.7775 109.009 0
      vertex 52.8163 109.502 -0.869401
      vertex 52.7821 109.068 0
    endloop
  endfacet
  facet normal 0.996917 -0.0784592 0
    outer loop
      vertex 52.8163 109.502 -0.869401
      vertex 52.7775 109.009 0
      vertex 52.8163 109.502 -3.6306
    endloop
  endfacet
  facet normal 0.996917 -0.0784592 0
    outer loop
      vertex 52.7775 109.009 -4.5
      vertex 52.8163 109.502 -3.6306
      vertex 52.7775 109.009 0
    endloop
  endfacet
  facet normal 0.996974 -0.0777302 -0.000415936
    outer loop
      vertex 52.8163 109.502 -3.6306
      vertex 52.7775 109.009 -4.5
      vertex 52.7821 109.068 -4.5
    endloop
  endfacet
  facet normal -0.757498 0.652833 -0.00227301
    outer loop
      vertex 54.4066 108.335 -4.5
      vertex 54.7716 108.762 -3.5
      vertex 54.488 108.43 -4.34214
    endloop
  endfacet
  facet normal -0.760136 0.649765 0
    outer loop
      vertex 54.7716 108.762 -3.5
      vertex 54.4066 108.335 -4.5
      vertex 54.7716 108.762 -1
    endloop
  endfacet
  facet normal -0.760231 0.649652 0.00105073
    outer loop
      vertex 54.4066 108.335 -4.5
      vertex 54.488 108.43 -4.34214
      vertex 54.4348 108.368 -4.5
    endloop
  endfacet
  facet normal -0.760136 0.649765 0
    outer loop
      vertex 54.4066 108.335 0
      vertex 54.7716 108.762 -1
      vertex 54.4066 108.335 -4.5
    endloop
  endfacet
  facet normal -0.757498 0.652833 0.00227311
    outer loop
      vertex 54.7716 108.762 -1
      vertex 54.4066 108.335 0
      vertex 54.488 108.43 -0.157863
    endloop
  endfacet
  facet normal -0.760231 0.649652 -0.00105071
    outer loop
      vertex 54.488 108.43 -0.157863
      vertex 54.4066 108.335 0
      vertex 54.4348 108.368 0
    endloop
  endfacet
  facet normal 0.382298 0.924039 -0
    outer loop
      vertex 54.4066 108.335 -4.5
      vertex 52.7775 109.009 0
      vertex 54.4066 108.335 0
    endloop
  endfacet
  facet normal 0.382298 0.924039 0
    outer loop
      vertex 52.7775 109.009 0
      vertex 54.4066 108.335 -4.5
      vertex 52.7775 109.009 -4.5
    endloop
  endfacet
  facet normal 0.891209 -0.453593 0
    outer loop
      vertex 56.0786 107.388 -0.204982
      vertex 56.2603 107.745 -3.5
      vertex 56.2603 107.745 -1
    endloop
  endfacet
  facet normal 0.891209 -0.453593 0
    outer loop
      vertex 56.0786 107.388 -0.204982
      vertex 56.0786 107.388 -4.29502
      vertex 56.2603 107.745 -3.5
    endloop
  endfacet
  facet normal 0.889286 -0.457347 -0.00223116
    outer loop
      vertex 56.0138 107.261 0
      vertex 56.0786 107.388 -0.204982
      vertex 56.0318 107.296 0
    endloop
  endfacet
  facet normal 0.89075 -0.454493 0
    outer loop
      vertex 56.0786 107.388 -0.204982
      vertex 56.0138 107.261 0
      vertex 56.0786 107.388 -4.29502
    endloop
  endfacet
  facet normal 0.89075 -0.454493 0
    outer loop
      vertex 56.0138 107.261 -4.5
      vertex 56.0786 107.388 -4.29502
      vertex 56.0138 107.261 0
    endloop
  endfacet
  facet normal 0.889286 -0.457347 0.00223118
    outer loop
      vertex 56.0786 107.388 -4.29502
      vertex 56.0138 107.261 -4.5
      vertex 56.0318 107.296 -4.5
    endloop
  endfacet
  facet normal -0.447209 0.894418 0.00453628
    outer loop
      vertex 57.6213 106.198 -0.729528
      vertex 57.2607 106.014 0
      vertex 57.2867 106.027 0
    endloop
  endfacet
  facet normal -0.452666 0.89168 0
    outer loop
      vertex 57.6213 106.198 -3.77047
      vertex 57.6213 106.198 -0.729528
      vertex 57.7454 106.261 -1
    endloop
  endfacet
  facet normal -0.452666 0.89168 0
    outer loop
      vertex 57.6213 106.198 -3.77047
      vertex 57.7454 106.261 -1
      vertex 57.7454 106.261 -3.5
    endloop
  endfacet
  facet normal -0.45451 0.890741 0
    outer loop
      vertex 57.6213 106.198 -0.729528
      vertex 57.6213 106.198 -3.77047
      vertex 57.2607 106.014 0
    endloop
  endfacet
  facet normal -0.447209 0.894418 -0.00453627
    outer loop
      vertex 57.2607 106.014 -4.5
      vertex 57.6213 106.198 -3.77047
      vertex 57.2867 106.027 -4.5
    endloop
  endfacet
  facet normal -0.45451 0.890741 0
    outer loop
      vertex 57.6213 106.198 -3.77047
      vertex 57.2607 106.014 -4.5
      vertex 57.2607 106.014 0
    endloop
  endfacet
  facet normal 0.707135 0.707078 -0
    outer loop
      vertex 57.2607 106.014 -4.5
      vertex 56.0138 107.261 0
      vertex 57.2607 106.014 0
    endloop
  endfacet
  facet normal 0.707135 0.707078 0
    outer loop
      vertex 56.0138 107.261 0
      vertex 57.2607 106.014 -4.5
      vertex 56.0138 107.261 -4.5
    endloop
  endfacet
  facet normal 0.636474 -0.771257 -0.00800799
    outer loop
      vertex 58.3346 104.407 0
      vertex 58.4831 104.533 -0.332413
      vertex 58.3552 104.424 0
    endloop
  endfacet
  facet normal 0.646977 -0.762509 0
    outer loop
      vertex 58.4831 104.533 -4.16759
      vertex 58.4831 104.533 -0.332413
      vertex 58.3346 104.407 0
    endloop
  endfacet
  facet normal 0.650743 -0.759298 0
    outer loop
      vertex 58.4831 104.533 -0.332413
      vertex 58.4831 104.533 -4.16759
      vertex 58.7398 104.753 -1
    endloop
  endfacet
  facet normal 0.650743 -0.759298 0
    outer loop
      vertex 58.7398 104.753 -1
      vertex 58.4831 104.533 -4.16759
      vertex 58.7398 104.753 -3.5
    endloop
  endfacet
  facet normal 0.646977 -0.762509 0
    outer loop
      vertex 58.3346 104.407 -4.5
      vertex 58.4831 104.533 -4.16759
      vertex 58.3346 104.407 0
    endloop
  endfacet
  facet normal 0.636474 -0.771257 0.00800806
    outer loop
      vertex 58.4831 104.533 -4.16759
      vertex 58.3346 104.407 -4.5
      vertex 58.3552 104.424 -4.5
    endloop
  endfacet
  facet normal -0.0913576 0.995798 -0.00636297
    outer loop
      vertex 59.3342 102.803 -0.594409
      vertex 59.0094 102.777 0
      vertex 59.0312 102.779 0
    endloop
  endfacet
  facet normal -0.0771389 0.99702 0
    outer loop
      vertex 59.3342 102.803 -3.90559
      vertex 59.3342 102.803 -0.594409
      vertex 59.541 102.819 -1
    endloop
  endfacet
  facet normal -0.0771389 0.99702 0
    outer loop
      vertex 59.3342 102.803 -3.90559
      vertex 59.541 102.819 -1
      vertex 59.541 102.819 -3.5
    endloop
  endfacet
  facet normal -0.079794 0.996811 0
    outer loop
      vertex 59.3342 102.803 -0.594409
      vertex 59.3342 102.803 -3.90559
      vertex 59.0094 102.777 0
    endloop
  endfacet
  facet normal -0.0913576 0.995798 0.00636296
    outer loop
      vertex 59.0094 102.777 -4.5
      vertex 59.3342 102.803 -3.90559
      vertex 59.0312 102.779 -4.5
    endloop
  endfacet
  facet normal -0.079794 0.996811 0
    outer loop
      vertex 59.3342 102.803 -3.90559
      vertex 59.0094 102.777 -4.5
      vertex 59.0094 102.777 0
    endloop
  endfacet
  facet normal 0.923953 0.382505 0
    outer loop
      vertex 59.0094 102.777 0
      vertex 58.3346 104.407 -4.5
      vertex 58.3346 104.407 0
    endloop
  endfacet
  facet normal 0.923953 0.382505 0
    outer loop
      vertex 58.3346 104.407 -4.5
      vertex 59.0094 102.777 0
      vertex 59.0094 102.777 -4.5
    endloop
  endfacet
  facet normal 0.286011 -0.958138 -0.0130277
    outer loop
      vertex 59.3865 100.882 0
      vertex 59.6301 100.961 -0.462134
      vertex 59.4066 100.888 0
    endloop
  endfacet
  facet normal 0.308486 -0.951229 0
    outer loop
      vertex 59.6301 100.961 -4.03787
      vertex 59.6301 100.961 -0.462134
      vertex 59.3865 100.882 0
    endloop
  endfacet
  facet normal 0.30743 -0.951571 0
    outer loop
      vertex 59.6301 100.961 -0.462134
      vertex 59.6301 100.961 -4.03787
      vertex 59.8901 101.045 -1
    endloop
  endfacet
  facet normal 0.30743 -0.951571 0
    outer loop
      vertex 59.8901 101.045 -1
      vertex 59.6301 100.961 -4.03787
      vertex 59.8901 101.045 -3.5
    endloop
  endfacet
  facet normal 0.308486 -0.951229 0
    outer loop
      vertex 59.3865 100.882 -4.5
      vertex 59.6301 100.961 -4.03787
      vertex 59.3865 100.882 0
    endloop
  endfacet
  facet normal 0.286011 -0.958138 0.0130278
    outer loop
      vertex 59.6301 100.961 -4.03787
      vertex 59.3865 100.882 -4.5
      vertex 59.4066 100.888 -4.5
    endloop
  endfacet
  facet normal 0.307694 0.951485 -0.000666836
    outer loop
      vertex 59.6301 99.0392 -0.462134
      vertex 59.3865 99.1183 0
      vertex 59.4066 99.1118 0
    endloop
  endfacet
  facet normal 0.309086 0.951034 -0
    outer loop
      vertex 59.6301 99.0392 -4.03787
      vertex 59.6301 99.0392 -0.462134
      vertex 59.8901 98.9547 -1
    endloop
  endfacet
  facet normal 0.309086 0.951034 0
    outer loop
      vertex 59.6301 99.0392 -4.03787
      vertex 59.8901 98.9547 -1
      vertex 59.8901 98.9547 -3.5
    endloop
  endfacet
  facet normal 0.308839 0.951114 0
    outer loop
      vertex 59.6301 99.0392 -0.462134
      vertex 59.6301 99.0392 -4.03787
      vertex 59.3865 99.1183 0
    endloop
  endfacet
  facet normal 0.307694 0.951485 0.000666842
    outer loop
      vertex 59.3865 99.1183 -4.5
      vertex 59.6301 99.0392 -4.03787
      vertex 59.4066 99.1118 -4.5
    endloop
  endfacet
  facet normal 0.308839 0.951114 0
    outer loop
      vertex 59.6301 99.0392 -4.03787
      vertex 59.3865 99.1183 -4.5
      vertex 59.3865 99.1183 0
    endloop
  endfacet
  facet normal 1 -0 0
    outer loop
      vertex 59.3865 99.1183 0
      vertex 59.3865 100.882 -4.5
      vertex 59.3865 100.882 0
    endloop
  endfacet
  facet normal 1 0 0
    outer loop
      vertex 59.3865 100.882 -4.5
      vertex 59.3865 99.1183 0
      vertex 59.3865 99.1183 -4.5
    endloop
  endfacet
  facet normal 0.924044 -0.382286 0
    outer loop
      vertex 48.0783 101.396 -2.37467
      vertex 48.2322 101.768 -4.5
      vertex 48.2322 101.768 -2.19765
    endloop
  endfacet
  facet normal 0.923918 -0.38259 -6.23064e-05
    outer loop
      vertex 47.7023 100.488 -2.40097
      vertex 48.2322 101.768 -4.5
      vertex 48.0783 101.396 -2.37467
    endloop
  endfacet
  facet normal 0.92377 -0.382948 0
    outer loop
      vertex 47.5 100 -4.5
      vertex 47.7023 100.488 -2.40097
      vertex 47.5 100 -2.19415
    endloop
  endfacet
  facet normal 0.923903 -0.382626 -8.78323e-05
    outer loop
      vertex 47.7023 100.488 -2.40097
      vertex 47.5 100 -4.5
      vertex 48.2322 101.768 -4.5
    endloop
  endfacet
  facet normal -0.382624 0.923904 -1.42423e-05
    outer loop
      vertex 51.6395 98.1791 -2.29976
      vertex 51.7678 98.2322 -4.5
      vertex 50.7159 97.7966 -2.43316
    endloop
  endfacet
  facet normal -0.382415 0.923991 0
    outer loop
      vertex 51.7678 98.2322 -4.5
      vertex 51.6395 98.1791 -2.29976
      vertex 51.7678 98.2322 -2.22561
    endloop
  endfacet
  facet normal -0.382663 0.923888 -3.72968e-05
    outer loop
      vertex 50 97.5 -4.5
      vertex 50.7159 97.7966 -2.43316
      vertex 51.7678 98.2322 -4.5
    endloop
  endfacet
  facet normal -0.382754 0.92385 0
    outer loop
      vertex 50.7159 97.7966 -2.43316
      vertex 50 97.5 -4.5
      vertex 50 97.5 -2.20815
    endloop
  endfacet
  facet normal -0.923872 0.382702 0
    outer loop
      vertex 52.5 100 -4.5
      vertex 52.1107 99.0602 -2.43951
      vertex 52.5 100 -2.25
    endloop
  endfacet
  facet normal -0.923888 0.382663 -2.1047e-05
    outer loop
      vertex 51.7678 98.2322 -4.5
      vertex 52.1107 99.0602 -2.43951
      vertex 52.5 100 -4.5
    endloop
  endfacet
  facet normal -0.923907 0.382618 0
    outer loop
      vertex 52.1107 99.0602 -2.43951
      vertex 51.7678 98.2322 -4.5
      vertex 51.7678 98.2322 -2.22561
    endloop
  endfacet
  facet normal -0.923907 -0.382618 0
    outer loop
      vertex 51.7678 101.768 -4.5
      vertex 52.1107 100.94 -2.43951
      vertex 51.7678 101.768 -2.22561
    endloop
  endfacet
  facet normal -0.923903 -0.382626 -3.65205e-06
    outer loop
      vertex 52.5 100 -4.5
      vertex 52.1107 100.94 -2.43951
      vertex 51.7678 101.768 -4.5
    endloop
  endfacet
  facet normal -0.923901 -0.382632 0
    outer loop
      vertex 52.1107 100.94 -2.43951
      vertex 52.5 100 -4.5
      vertex 52.5 100 -2.25
    endloop
  endfacet
  facet normal 0.382983 -0.923755 0
    outer loop
      vertex 48.2322 101.768 -2.19765
      vertex 48.2322 101.768 -4.5
      vertex 48.8352 102.018 -2.42037
    endloop
  endfacet
  facet normal 0.382573 -0.923925 0.000139228
    outer loop
      vertex 50 102.5 -4.5
      vertex 48.8352 102.018 -2.42037
      vertex 48.2322 101.768 -4.5
    endloop
  endfacet
  facet normal 0.382523 -0.923946 0.00010599
    outer loop
      vertex 48.8352 102.018 -2.42037
      vertex 50 102.5 -4.5
      vertex 49.7482 102.396 -2.3411
    endloop
  endfacet
  facet normal 0.381747 -0.924267 0
    outer loop
      vertex 49.7482 102.396 -2.3411
      vertex 50 102.5 -4.5
      vertex 50 102.5 -2.20815
    endloop
  endfacet
  facet normal 0.382703 0.923871 2.25511e-06
    outer loop
      vertex 49.7482 97.6043 -2.3411
      vertex 50 97.5 -4.5
      vertex 48.8352 97.9825 -2.42037
    endloop
  endfacet
  facet normal 0.382687 0.923878 -0
    outer loop
      vertex 50 97.5 -4.5
      vertex 49.7482 97.6043 -2.3411
      vertex 50 97.5 -2.20815
    endloop
  endfacet
  facet normal 0.382663 0.923888 -2.43615e-05
    outer loop
      vertex 48.2322 98.2322 -4.5
      vertex 48.8352 97.9825 -2.42037
      vertex 50 97.5 -4.5
    endloop
  endfacet
  facet normal 0.382591 0.923918 0
    outer loop
      vertex 48.8352 97.9825 -2.42037
      vertex 48.2322 98.2322 -4.5
      vertex 48.2322 98.2322 -2.19765
    endloop
  endfacet
  facet normal 0.923881 0.38268 0
    outer loop
      vertex 47.7023 99.5116 -2.40097
      vertex 47.5 100 -4.5
      vertex 47.5 100 -2.19415
    endloop
  endfacet
  facet normal 0.923888 0.382663 -5.3266e-06
    outer loop
      vertex 48.2322 98.2322 -4.5
      vertex 47.7023 99.5116 -2.40097
      vertex 48.0783 98.6038 -2.37467
    endloop
  endfacet
  facet normal 0.923899 0.382637 -0
    outer loop
      vertex 48.2322 98.2322 -4.5
      vertex 48.0783 98.6038 -2.37467
      vertex 48.2322 98.2322 -2.19765
    endloop
  endfacet
  facet normal 0.923888 0.382663 -4.84519e-06
    outer loop
      vertex 47.7023 99.5116 -2.40097
      vertex 48.2322 98.2322 -4.5
      vertex 47.5 100 -4.5
    endloop
  endfacet
  facet normal -0.383195 -0.923667 -0
    outer loop
      vertex 50 102.5 -2.20815
      vertex 50 102.5 -4.5
      vertex 50.7159 102.203 -2.43316
    endloop
  endfacet
  facet normal -0.382573 -0.923925 -0.000252313
    outer loop
      vertex 51.7678 101.768 -4.5
      vertex 50.7159 102.203 -2.43316
      vertex 50 102.5 -4.5
    endloop
  endfacet
  facet normal -0.382195 -0.924082 -2.69659e-05
    outer loop
      vertex 50.7159 102.203 -2.43316
      vertex 51.7678 101.768 -4.5
      vertex 51.6395 101.821 -2.29976
    endloop
  endfacet
  facet normal -0.3818 -0.924245 0
    outer loop
      vertex 51.6395 101.821 -2.29976
      vertex 51.7678 101.768 -4.5
      vertex 51.7678 101.768 -2.22561
    endloop
  endfacet
  facet normal -0.699251 0.148645 0.699251
    outer loop
      vertex 52.5 100 -2.25
      vertex 54.3393 98.068 0
      vertex 54.75 100 0
    endloop
  endfacet
  facet normal -0.699248 0.148651 0.699253
    outer loop
      vertex 54.3393 98.068 0
      vertex 52.5 100 -2.25
      vertex 52.1107 99.0602 -2.43951
    endloop
  endfacet
  facet normal 0.714875 3.0219e-07 0.699252
    outer loop
      vertex 45.3538 100.988 0
      vertex 47.5 100 -2.19415
      vertex 47.7023 100.488 -2.40097
    endloop
  endfacet
  facet normal 0.714875 -0 0.699252
    outer loop
      vertex 45.3538 99.0124 0
      vertex 47.5 100 -2.19415
      vertex 45.3538 100.988 0
    endloop
  endfacet
  facet normal 0.714875 -3.02002e-07 0.699252
    outer loop
      vertex 47.5 100 -2.19415
      vertex 45.3538 99.0124 0
      vertex 47.7023 99.5116 -2.40097
    endloop
  endfacet
  facet normal -0.0747403 0.710956 0.699254
    outer loop
      vertex 51.4678 95.4825 0
      vertex 50 97.5 -2.20815
      vertex 49.5035 95.276 0
    endloop
  endfacet
  facet normal -0.0747667 0.710945 0.699262
    outer loop
      vertex 50 97.5 -2.20815
      vertex 51.4678 95.4825 0
      vertex 50.7159 97.7966 -2.43316
    endloop
  endfacet
  facet normal -0.074717 0.710954 0.699258
    outer loop
      vertex 49.5035 95.276 0
      vertex 50 97.5 -2.20815
      vertex 49.7482 97.6043 -2.3411
    endloop
  endfacet
  facet normal 0.653074 0.290754 0.699254
    outer loop
      vertex 45.3538 99.0124 0
      vertex 48.0783 98.6038 -2.37467
      vertex 47.7023 99.5116 -2.40097
    endloop
  endfacet
  facet normal 0.653071 0.290777 0.699247
    outer loop
      vertex 48.0783 98.6038 -2.37467
      vertex 45.3538 99.0124 0
      vertex 46.1572 97.208 0
    endloop
  endfacet
  facet normal -0.0745582 -0.710945 0.699284
    outer loop
      vertex 49.5035 104.724 0
      vertex 50 102.5 -2.20815
      vertex 51.4678 104.518 0
    endloop
  endfacet
  facet normal -0.0754789 -0.710999 0.699131
    outer loop
      vertex 50 102.5 -2.20815
      vertex 49.5035 104.724 0
      vertex 49.7482 102.396 -2.3411
    endloop
  endfacet
  facet normal -0.0750334 -0.710755 0.699426
    outer loop
      vertex 51.4678 104.518 0
      vertex 50 102.5 -2.20815
      vertex 50.7159 102.203 -2.43316
    endloop
  endfacet
  facet normal -0.578369 0.42016 0.699253
    outer loop
      vertex 51.7678 98.2322 -2.22561
      vertex 54.3393 98.068 0
      vertex 52.1107 99.0602 -2.43951
    endloop
  endfacet
  facet normal -0.578359 0.420187 0.699245
    outer loop
      vertex 54.3393 98.068 0
      vertex 51.7678 98.2322 -2.22561
      vertex 53.1784 96.4701 0
    endloop
  endfacet
  facet normal -0.578145 0.420412 0.699287
    outer loop
      vertex 53.1784 96.4701 0
      vertex 51.7678 98.2322 -2.22561
      vertex 51.6395 98.1791 -2.29976
    endloop
  endfacet
  facet normal 0.653031 -0.290823 0.699266
    outer loop
      vertex 45.3538 100.988 0
      vertex 48.0783 101.396 -2.37467
      vertex 46.1572 102.792 0
    endloop
  endfacet
  facet normal 0.653047 -0.29068 0.69931
    outer loop
      vertex 48.0783 101.396 -2.37467
      vertex 45.3538 100.988 0
      vertex 47.7023 100.488 -2.40097
    endloop
  endfacet
  facet normal 0.478283 0.531298 0.699262
    outer loop
      vertex 48.2322 98.2322 -2.19765
      vertex 47.625 95.8864 0
      vertex 48.8352 97.9825 -2.42037
    endloop
  endfacet
  facet normal 0.478376 0.531227 0.699253
    outer loop
      vertex 46.1572 97.208 0
      vertex 48.2322 98.2322 -2.19765
      vertex 48.0783 98.6038 -2.37467
    endloop
  endfacet
  facet normal 0.478348 0.531264 0.699244
    outer loop
      vertex 48.2322 98.2322 -2.19765
      vertex 46.1572 97.208 0
      vertex 47.625 95.8864 0
    endloop
  endfacet
  facet normal 0.220921 0.67988 0.699255
    outer loop
      vertex 47.625 95.8864 0
      vertex 49.7482 97.6043 -2.3411
      vertex 48.8352 97.9825 -2.42037
    endloop
  endfacet
  facet normal 0.22092 0.67988 0.699254
    outer loop
      vertex 49.7482 97.6043 -2.3411
      vertex 47.625 95.8864 0
      vertex 49.5035 95.276 0
    endloop
  endfacet
  facet normal -0.699251 -0.148645 0.699251
    outer loop
      vertex 54.3393 101.932 0
      vertex 52.5 100 -2.25
      vertex 54.75 100 0
    endloop
  endfacet
  facet normal -0.699262 -0.148627 0.699244
    outer loop
      vertex 52.5 100 -2.25
      vertex 54.3393 101.932 0
      vertex 52.1107 100.94 -2.43951
    endloop
  endfacet
  facet normal -0.578382 -0.420177 0.699232
    outer loop
      vertex 51.7678 101.768 -2.22561
      vertex 54.3393 101.932 0
      vertex 53.1784 103.53 0
    endloop
  endfacet
  facet normal -0.578386 -0.420164 0.699236
    outer loop
      vertex 54.3393 101.932 0
      vertex 51.7678 101.768 -2.22561
      vertex 52.1107 100.94 -2.43951
    endloop
  endfacet
  facet normal -0.577934 -0.420647 0.69932
    outer loop
      vertex 51.7678 101.768 -2.22561
      vertex 53.1784 103.53 0
      vertex 51.6395 101.821 -2.29976
    endloop
  endfacet
  facet normal -0.357435 0.619105 0.69925
    outer loop
      vertex 51.6395 98.1791 -2.29976
      vertex 51.4678 95.4825 0
      vertex 53.1784 96.4701 0
    endloop
  endfacet
  facet normal -0.357397 0.619113 0.699262
    outer loop
      vertex 51.4678 95.4825 0
      vertex 51.6395 98.1791 -2.29976
      vertex 50.7159 97.7966 -2.43316
    endloop
  endfacet
  facet normal -0.357537 -0.619031 0.699263
    outer loop
      vertex 51.4678 104.518 0
      vertex 51.6395 101.821 -2.29976
      vertex 53.1784 103.53 0
    endloop
  endfacet
  facet normal -0.357089 -0.619126 0.699408
    outer loop
      vertex 51.6395 101.821 -2.29976
      vertex 51.4678 104.518 0
      vertex 50.7159 102.203 -2.43316
    endloop
  endfacet
  facet normal 0.220798 -0.679951 0.699225
    outer loop
      vertex 47.625 104.114 0
      vertex 49.7482 102.396 -2.3411
      vertex 49.5035 104.724 0
    endloop
  endfacet
  facet normal 0.220802 -0.679948 0.699226
    outer loop
      vertex 49.7482 102.396 -2.3411
      vertex 47.625 104.114 0
      vertex 48.8352 102.018 -2.42037
    endloop
  endfacet
  facet normal 0.47848 -0.531168 0.699226
    outer loop
      vertex 47.625 104.114 0
      vertex 48.2322 101.768 -2.19765
      vertex 48.8352 102.018 -2.42037
    endloop
  endfacet
  facet normal 0.47843 -0.531195 0.69924
    outer loop
      vertex 46.1572 102.792 0
      vertex 48.2322 101.768 -2.19765
      vertex 47.625 104.114 0
    endloop
  endfacet
  facet normal 0.478706 -0.530828 0.69933
    outer loop
      vertex 48.2322 101.768 -2.19765
      vertex 46.1572 102.792 0
      vertex 48.0783 101.396 -2.37467
    endloop
  endfacet
endsolid OpenSCAD_Model
